company_id,employee_id,ai_tool_id,license_type,assigned_date,expiration_date,license_status
C01,C01-E0157,T02,Enterprise,2025-07-09,,Ativa
C01,C01-E0023,T02,Enterprise,2025-07-02,2026-07-02,Expirada
C01,C01-E0219,T02,Professional,2025-06-25,,Ativa
C01,C01-E0064,T02,Enterprise,2025-07-14,2026-07-14,Ativa
C01,C01-E0156,T02,Enterprise,2025-06-29,2026-06-29,Expirada
C01,C01-E0161,T02,Standard,2025-07-11,2026-07-11,Expirada
C01,C01-E0304,T02,Standard,2025-07-22,2026-07-22,Expirada
C01,C01-E0176,T02,Professional,2025-06-16,2026-06-16,Expirada
C01,C01-E0122,T02,Enterprise,2025-07-06,2026-07-06,Expirada
C01,C01-E0345,T02,Professional,2025-06-23,2026-06-23,Expirada
C01,C01-E0202,T02,Enterprise,2025-07-22,2026-07-22,Ativa
C01,C01-E0076,T02,Enterprise,2025-06-07,2026-06-07,Expirada
C01,C01-E0159,T02,Standard,2025-07-09,2026-07-09,Expirada
C01,C01-E0303,T02,Enterprise,2025-07-21,,Ativa
C01,C01-E0338,T02,Professional,2025-07-27,2026-07-27,Expirada
C01,C01-E0251,T02,Standard,2025-08-05,2026-08-05,Ativa
C01,C01-E0163,T02,Standard,2025-06-29,2026-06-29,Ativa
C01,C01-E0106,T02,Professional,2025-06-17,2026-06-17,Ativa
C01,C01-E0203,T02,Standard,2025-07-25,2026-07-25,Expirada
C01,C01-E0337,T02,Professional,2025-07-04,2026-07-04,Expirada
C01,C01-E0287,T02,Professional,2025-07-15,2026-07-15,Ativa
C01,C01-E0293,T02,Standard,2025-07-30,,Ativa
C01,C01-E0044,T02,Standard,2025-06-13,,Ativa
C01,C01-E0086,T02,Enterprise,2025-07-15,2026-07-15,Expirada
C01,C01-E0136,T02,Standard,2025-07-11,2026-07-11,Expirada
C01,C01-E0253,T02,Standard,2025-06-17,,Ativa
C01,C01-E0099,T02,Standard,2025-06-26,2026-06-26,Expirada
C01,C01-E0101,T02,Professional,2025-06-23,2026-06-23,Expirada
C01,C01-E0201,T02,Standard,2025-06-27,,Ativa
C01,C01-E0320,T02,Standard,2025-07-19,,Ativa
C01,C01-E0226,T02,Enterprise,2025-07-25,2026-07-25,Expirada
C01,C01-E0319,T02,Enterprise,2025-06-27,2026-06-27,Ativa
C01,C01-E0046,T02,Enterprise,2025-07-05,,Ativa
C01,C01-E0168,T02,Enterprise,2025-07-26,2026-07-26,Expirada
C01,C01-E0047,T02,Enterprise,2025-07-29,2026-07-29,Ativa
C01,C01-E0276,T02,Standard,2025-07-10,2026-07-10,Ativa
C01,C01-E0236,T02,Professional,2025-06-27,2026-06-27,Expirada
C01,C01-E0351,T02,Enterprise,2025-07-18,2026-07-18,Expirada
C01,C01-E0274,T02,Standard,2025-07-09,2026-07-09,Expirada
C01,C01-E0068,T02,Professional,2025-06-11,,Ativa
C01,C01-E0116,T02,Enterprise,2025-07-11,,Ativa
C01,C01-E0140,T02,Enterprise,2025-07-03,2026-07-03,Expirada
C01,C01-E0277,T02,Professional,2025-06-24,2026-06-24,Ativa
C01,C01-E0340,T02,Standard,2025-07-07,2026-07-07,Expirada
C01,C01-E0306,T02,Professional,2025-07-12,2026-07-12,Expirada
C01,C01-E0264,T02,Enterprise,2025-07-12,2026-07-12,Ativa
C01,C01-E0040,T02,Standard,2025-07-14,2026-07-14,Expirada
C01,C01-E0155,T02,Enterprise,2025-08-04,,Ativa
C01,C01-E0325,T02,Enterprise,2025-07-02,2026-07-02,Ativa
C01,C01-E0314,T02,Standard,2025-07-25,,Ativa
C01,C01-E0145,T02,Professional,2025-07-26,2026-07-26,Expirada
C01,C01-E0073,T02,Standard,2025-07-16,2026-07-16,Ativa
C01,C01-E0090,T02,Standard,2025-06-23,2026-06-23,Ativa
C01,C01-E0186,T02,Enterprise,2025-07-28,2026-07-28,Expirada
C01,C01-E0224,T02,Standard,2025-06-16,,Ativa
C01,C01-E0071,T02,Professional,2025-07-28,2026-07-28,Expirada
C01,C01-E0160,T02,Standard,2025-07-21,2026-07-21,Ativa
C01,C01-E0102,T02,Enterprise,2025-07-07,2026-07-07,Ativa
C01,C01-E0134,T02,Enterprise,2025-06-25,2026-06-25,Expirada
C01,C01-E0301,T02,Professional,2025-08-01,2026-08-01,Ativa
C01,C01-E0089,T02,Enterprise,2025-06-24,2026-06-24,Expirada
C01,C01-E0244,T02,Enterprise,2025-07-02,2026-07-02,Ativa
C01,C01-E0154,T02,Enterprise,2025-06-05,2026-06-05,Expirada
C01,C01-E0129,T02,Standard,2025-06-30,2026-06-30,Expirada
C01,C01-E0017,T02,Enterprise,2025-06-21,2026-06-21,Expirada
C01,C01-E0331,T02,Enterprise,2025-07-03,2026-07-03,Expirada
C01,C01-E0316,T02,Enterprise,2025-07-04,2026-07-04,Ativa
C01,C01-E0357,T02,Enterprise,2025-06-21,,Ativa
C01,C01-E0070,T02,Standard,2025-07-17,2026-07-17,Expirada
C01,C01-E0177,T02,Professional,2025-06-29,2026-06-29,Expirada
C01,C01-E0308,T02,Enterprise,2025-07-23,2026-07-23,Expirada
C01,C01-E0033,T02,Enterprise,2025-06-09,2026-06-09,Ativa
C01,C01-E0060,T02,Standard,2025-07-30,2026-07-30,Ativa
C01,C01-E0354,T02,Standard,2025-06-27,,Ativa
C01,C01-E0007,T02,Enterprise,2025-06-27,2026-06-27,Expirada
C01,C01-E0330,T02,Professional,2025-06-18,,Ativa
C01,C01-E0256,T02,Enterprise,2025-07-12,,Ativa
C01,C01-E0225,T02,Professional,2025-07-14,2026-07-14,Ativa
C01,C01-E0333,T02,Standard,2025-08-09,2026-08-09,Ativa
C01,C01-E0169,T02,Professional,2025-07-06,,Ativa
C01,C01-E0343,T02,Professional,2025-07-11,2026-07-11,Ativa
C01,C01-E0098,T02,Professional,2025-07-11,2026-07-11,Ativa
C01,C01-E0175,T02,Standard,2025-08-06,,Ativa
C01,C01-E0341,T02,Professional,2025-06-23,,Ativa
C01,C01-E0043,T02,Standard,2025-07-17,2026-07-17,Expirada
C01,C01-E0103,T02,Professional,2025-07-19,2026-07-19,Expirada
C01,C01-E0344,T02,Professional,2025-06-03,2026-06-03,Ativa
C01,C01-E0282,T02,Enterprise,2025-07-18,2026-07-18,Expirada
C01,C01-E0234,T02,Enterprise,2025-07-28,2026-07-28,Expirada
C01,C01-E0205,T02,Standard,2025-06-13,,Ativa
C01,C01-E0329,T02,Professional,2025-06-23,2026-06-23,Expirada
C01,C01-E0128,T02,Enterprise,2025-07-22,2026-07-22,Expirada
C01,C01-E0121,T02,Standard,2025-08-03,2026-08-03,Ativa
C01,C01-E0213,T02,Professional,2025-06-17,2026-06-17,Ativa
C01,C01-E0092,T02,Standard,2025-07-05,2026-07-05,Ativa
C01,C01-E0009,T02,Standard,2025-08-03,,Ativa
C01,C01-E0305,T02,Professional,2025-06-19,2026-06-19,Expirada
C01,C01-E0051,T02,Professional,2025-07-28,,Ativa
C01,C01-E0222,T02,Professional,2025-07-26,2026-07-26,Ativa
C01,C01-E0184,T02,Standard,2025-06-24,,Ativa
C01,C01-E0110,T02,Professional,2025-07-03,2026-07-03,Expirada
C01,C01-E0135,T02,Professional,2025-06-26,2026-06-26,Ativa
C01,C01-E0254,T02,Standard,2025-07-07,2026-07-07,Expirada
C01,C01-E0194,T02,Standard,2025-07-12,2026-07-12,Expirada
C01,C01-E0075,T02,Professional,2025-07-30,2026-07-30,Expirada
C01,C01-E0162,T02,Standard,2025-06-14,,Ativa
C01,C01-E0029,T02,Standard,2025-06-08,2026-06-08,Expirada
C01,C01-E0289,T02,Professional,2025-07-22,2026-07-22,Expirada
C01,C01-E0152,T02,Enterprise,2025-06-30,2026-06-30,Ativa
C01,C01-E0019,T02,Standard,2025-07-19,2026-07-19,Ativa
C01,C01-E0263,T02,Standard,2025-07-07,,Ativa
C01,C01-E0008,T02,Standard,2025-06-25,,Ativa
C01,C01-E0059,T02,Enterprise,2025-07-26,2026-07-26,Expirada
C01,C01-E0321,T02,Enterprise,2025-08-10,2026-08-10,Ativa
C01,C01-E0137,T02,Standard,2025-07-04,2026-07-04,Expirada
C01,C01-E0174,T02,Professional,2025-06-18,,Ativa
C01,C01-E0271,T02,Standard,2025-06-28,2026-06-28,Expirada
C01,C01-E0015,T02,Standard,2025-07-23,2026-07-23,Ativa
C01,C01-E0113,T02,Standard,2025-07-06,2026-07-06,Ativa
C01,C01-E0206,T02,Standard,2025-07-17,,Ativa
C01,C01-E0138,T02,Professional,2025-07-30,2026-07-30,Ativa
C01,C01-E0058,T02,Standard,2025-07-08,2026-07-08,Ativa
C01,C01-E0259,T02,Professional,2025-06-13,2026-06-13,Expirada
C01,C01-E0052,T02,Standard,2025-07-17,,Ativa
C01,C01-E0014,T02,Standard,2025-08-06,,Ativa
C01,C01-E0028,T02,Enterprise,2025-06-28,2026-06-28,Ativa
C01,C01-E0233,T02,Standard,2025-06-18,2026-06-18,Expirada
C01,C01-E0003,T02,Standard,2025-07-03,,Ativa
C01,C01-E0349,T02,Professional,2025-06-30,2026-06-30,Expirada
C01,C01-E0261,T02,Professional,2025-08-01,,Ativa
C01,C01-E0038,T02,Professional,2025-07-13,2026-07-13,Expirada
C01,C01-E0355,T02,Professional,2025-08-11,2026-08-11,Ativa
C01,C01-E0173,T02,Enterprise,2025-06-28,2026-06-28,Ativa
C01,C01-E0150,T02,Professional,2025-07-08,2026-07-08,Expirada
C01,C01-E0027,T02,Professional,2025-07-03,2026-07-03,Ativa
C01,C01-E0011,T02,Enterprise,2025-06-30,2026-06-30,Ativa
C01,C01-E0323,T02,Standard,2025-07-03,2026-07-03,Expirada
C01,C01-E0054,T02,Professional,2025-07-04,2026-07-04,Expirada
C01,C01-E0195,T02,Enterprise,2025-07-06,2026-07-06,Expirada
C01,C01-E0127,T02,Enterprise,2025-07-06,2026-07-06,Ativa
C01,C01-E0196,T02,Professional,2025-06-22,,Ativa
C01,C01-E0072,T02,Standard,2025-07-03,2026-07-03,Ativa
C01,C01-E0302,T02,Enterprise,2025-07-11,2026-07-11,Expirada
C01,C01-E0141,T02,Enterprise,2025-07-02,2026-07-02,Expirada
C01,C01-E0025,T02,Enterprise,2025-06-05,2026-06-05,Expirada
C01,C01-E0356,T02,Enterprise,2025-07-10,,Ativa
C01,C01-E0013,T02,Professional,2025-07-30,2026-07-30,Ativa
C01,C01-E0037,T02,Enterprise,2025-07-16,,Revogada
C01,C01-E0228,T02,Professional,2025-06-08,2026-06-08,Expirada
C01,C01-E0167,T02,Standard,2025-06-17,2026-06-17,Ativa
C01,C01-E0006,T02,Professional,2025-06-29,2026-06-29,Ativa
C01,C01-E0032,T02,Enterprise,2025-07-18,2026-07-18,Expirada
C01,C01-E0124,T02,Professional,2025-07-24,2026-07-24,Ativa
C01,C01-E0172,T02,Standard,2025-07-11,,Ativa
C01,C01-E0214,T02,Enterprise,2025-08-01,,Ativa
C01,C01-E0079,T02,Standard,2025-07-01,2026-07-01,Expirada
C01,C01-E0104,T02,Enterprise,2025-06-20,,Ativa
C01,C01-E0273,T02,Enterprise,2025-07-15,2026-07-15,Expirada
C01,C01-E0077,T02,Professional,2025-08-01,2026-08-01,Ativa
C01,C01-E0210,T02,Enterprise,2025-07-29,2026-07-29,Ativa
C01,C01-E0363,T02,Professional,2025-08-05,2026-08-05,Expirada
C01,C01-E0250,T02,Standard,2025-06-11,,Ativa
C01,C01-E0105,T02,Standard,2025-06-05,2026-06-05,Expirada
C01,C01-E0218,T02,Enterprise,2025-06-29,,Ativa
C01,C01-E0030,T02,Enterprise,2025-07-16,,Ativa
C01,C01-E0149,T02,Professional,2025-08-01,,Ativa
C01,C01-E0265,T02,Professional,2025-07-24,,Ativa
C01,C01-E0286,T02,Standard,2025-06-08,,Ativa
C01,C01-E0031,T02,Professional,2025-08-07,2026-08-07,Expirada
C01,C01-E0358,T02,Enterprise,2025-06-17,2026-06-17,Expirada
C01,C01-E0100,T02,Professional,2025-06-20,,Ativa
C01,C01-E0288,T02,Enterprise,2025-06-23,,Revogada
C01,C01-E0083,T02,Professional,2025-08-12,2026-08-12,Ativa
C01,C01-E0362,T02,Enterprise,2025-07-29,2026-07-29,Expirada
C01,C01-E0292,T02,Standard,2025-07-29,2026-07-29,Expirada
C01,C01-E0258,T02,Enterprise,2025-07-11,2026-07-11,Expirada
C01,C01-E0004,T02,Professional,2025-08-02,2026-08-02,Expirada
C01,C01-E0085,T02,Standard,2025-07-23,,Ativa
C01,C01-E0216,T02,Standard,2025-07-20,2026-07-20,Ativa
C01,C01-E0272,T02,Professional,2025-07-20,2026-07-20,Expirada
C01,C01-E0117,T02,Enterprise,2025-07-05,2026-07-05,Ativa
C01,C01-E0151,T02,Standard,2025-07-10,2026-07-10,Expirada
C01,C01-E0078,T02,Professional,2025-06-24,2026-06-24,Expirada
C01,C01-E0139,T02,Standard,2025-07-10,,Ativa
C01,C01-E0181,T02,Enterprise,2025-08-01,2026-08-01,Expirada
C01,C01-E0249,T02,Standard,2025-08-12,2026-08-12,Ativa
C01,C01-E0313,T02,Professional,2025-07-17,2026-07-17,Expirada
C01,C01-E0241,T02,Professional,2025-07-27,2026-07-27,Expirada
C01,C01-E0115,T02,Standard,2025-07-26,2026-07-26,Expirada
C01,C01-E0318,T02,Enterprise,2025-07-03,,Ativa
C01,C01-E0170,T02,Standard,2025-07-15,2026-07-15,Ativa
C01,C01-E0179,T02,Standard,2025-06-17,2026-06-17,Expirada
C01,C01-E0311,T02,Professional,2025-07-22,2026-07-22,Expirada
C01,C01-E0045,T02,Standard,2025-06-25,,Ativa
C01,C01-E0166,T02,Professional,2025-06-23,2026-06-23,Ativa
C01,C01-E0281,T02,Enterprise,2025-07-02,,Ativa
C01,C01-E0208,T02,Standard,2025-06-06,2026-06-06,Expirada
C01,C01-E0094,T02,Standard,2025-07-04,,Ativa
C01,C01-E0183,T02,Professional,2025-07-02,2026-07-02,Expirada
C01,C01-E0291,T02,Enterprise,2025-06-27,2026-06-27,Expirada
C01,C01-E0247,T02,Enterprise,2025-06-18,2026-06-18,Ativa
C01,C01-E0002,T02,Standard,2025-08-01,,Ativa
C01,C01-E0191,T02,Standard,2025-07-28,2026-07-28,Expirada
C01,C01-E0339,T02,Standard,2025-07-13,2026-07-13,Expirada
C01,C01-E0112,T02,Standard,2025-08-01,,Ativa
C01,C01-E0336,T02,Standard,2025-07-16,,Ativa
C01,C01-E0353,T02,Professional,2025-07-23,,Ativa
C01,C01-E0171,T02,Professional,2025-07-21,2026-07-21,Expirada
C01,C01-E0111,T02,Professional,2025-06-30,,Ativa
C01,C01-E0188,T02,Standard,2025-06-19,,Ativa
C01,C01-E0142,T02,Standard,2025-07-11,2026-07-11,Ativa
C01,C01-E0053,T02,Enterprise,2025-07-08,2026-07-08,Ativa
C01,C01-E0312,T02,Enterprise,2025-06-11,,Ativa
C01,C01-E0084,T02,Enterprise,2025-07-21,2026-07-21,Expirada
C01,C01-E0260,T02,Enterprise,2025-06-17,2026-06-17,Expirada
C01,C01-E0050,T02,Professional,2025-06-28,,Revogada
C01,C01-E0235,T02,Enterprise,2025-07-10,2026-07-10,Expirada
C01,C01-E0230,T02,Standard,2025-08-08,2026-08-08,Expirada
C01,C01-E0223,T02,Enterprise,2025-06-24,2026-06-24,Expirada
C01,C01-E0328,T02,Standard,2025-07-29,2026-07-29,Ativa
C01,C01-E0297,T02,Standard,2025-07-01,2026-07-01,Expirada
C01,C01-E0262,T02,Standard,2025-06-17,2026-06-17,Expirada
C01,C01-E0056,T02,Enterprise,2025-08-02,,Ativa
C01,C01-E0237,T02,Enterprise,2025-07-12,2026-07-12,Ativa
C01,C01-E0197,T02,Professional,2025-08-01,2026-08-01,Ativa
C01,C01-E0185,T02,Professional,2025-07-26,2026-07-26,Ativa
C01,C01-E0026,T02,Standard,2025-07-14,2026-07-14,Expirada
C01,C01-E0227,T02,Enterprise,2025-07-14,2026-07-14,Expirada
C01,C01-E0295,T02,Professional,2025-07-09,2026-07-09,Ativa
C01,C01-E0055,T02,Enterprise,2025-07-04,2026-07-04,Expirada
C01,C01-E0158,T02,Enterprise,2025-08-04,2026-08-04,Ativa
C01,C01-E0120,T02,Standard,2025-07-23,2026-07-23,Ativa
C01,C01-E0067,T02,Enterprise,2025-07-18,,Ativa
C01,C01-E0144,T02,Enterprise,2025-07-05,2026-07-05,Expirada
C01,C01-E0278,T02,Enterprise,2025-07-07,2026-07-07,Ativa
C01,C01-E0283,T02,Enterprise,2025-06-23,,Ativa
C01,C01-E0130,T02,Enterprise,2025-07-13,2026-07-13,Expirada
C01,C01-E0080,T02,Enterprise,2025-06-07,,Ativa
C01,C01-E0324,T02,Professional,2025-07-05,,Ativa
C01,C01-E0022,T02,Standard,2025-07-21,2026-07-21,Expirada
C01,C01-E0231,T02,Professional,2025-06-27,2026-06-27,Expirada
C01,C01-E0309,T02,Standard,2025-07-23,2026-07-23,Expirada
C01,C01-E0207,T02,Professional,2025-08-05,2026-08-05,Ativa
C01,C01-E0248,T02,Professional,2025-07-16,2026-07-16,Ativa
C01,C01-E0200,T02,Enterprise,2025-06-26,2026-06-26,Ativa
C01,C01-E0361,T02,Enterprise,2025-08-03,2026-08-03,Expirada
C01,C01-E0182,T02,Standard,2025-07-26,2026-07-26,Expirada
C01,C01-E0275,T02,Enterprise,2025-07-01,,Revogada
C01,C01-E0310,T02,Professional,2025-08-01,,Ativa
C01,C01-E0255,T02,Enterprise,2025-07-02,,Ativa
C01,C01-E0193,T02,Professional,2025-07-01,2026-07-01,Expirada
C01,C01-E0132,T02,Professional,2025-06-21,,Ativa
C01,C01-E0246,T02,Standard,2025-07-23,,Ativa
C01,C01-E0147,T02,Professional,2025-06-22,2026-06-22,Expirada
C01,C01-E0041,T02,Professional,2025-06-26,2026-06-26,Ativa
C01,C01-E0018,T02,Professional,2025-07-24,2026-07-24,Expirada
C01,C01-E0095,T02,Enterprise,2025-07-14,2026-07-14,Expirada
C01,C01-E0061,T02,Professional,2025-07-12,2026-07-12,Ativa
C01,C01-E0187,T02,Standard,2025-07-20,2026-07-20,Ativa
C01,C01-E0153,T02,Professional,2025-06-25,2026-06-25,Expirada
C01,C01-E0087,T02,Enterprise,2025-07-20,2026-07-20,Expirada
C01,C01-E0212,T02,Professional,2025-07-18,,Ativa
C01,C01-E0211,T02,Professional,2025-06-12,2026-06-12,Ativa
C01,C01-E0001,T02,Professional,2025-07-07,2026-07-07,Ativa
C01,C01-E0011,T09,Enterprise,2025-07-18,,Ativa
C01,C01-E0171,T09,Professional,2025-06-12,2026-06-12,Expirada
C01,C01-E0281,T09,Standard,2025-06-28,2026-06-28,Ativa
C01,C01-E0207,T09,Professional,2025-07-12,2026-07-12,Ativa
C01,C01-E0212,T09,Enterprise,2025-07-17,,Ativa
C01,C01-E0097,T09,Professional,2025-06-16,,Ativa
C01,C01-E0179,T09,Enterprise,2025-06-05,2026-06-05,Expirada
C01,C01-E0265,T09,Professional,2025-07-16,2026-07-16,Expirada
C01,C01-E0144,T09,Enterprise,2025-07-20,2026-07-20,Ativa
C01,C01-E0332,T09,Standard,2025-08-04,,Ativa
C01,C01-E0280,T09,Professional,2025-07-27,2026-07-27,Ativa
C01,C01-E0141,T09,Enterprise,2025-07-20,,Ativa
C01,C01-E0351,T09,Enterprise,2025-06-16,2026-06-16,Expirada
C01,C01-E0340,T09,Professional,2025-07-16,2026-07-16,Expirada
C01,C01-E0240,T09,Enterprise,2025-07-15,,Ativa
C01,C01-E0244,T09,Enterprise,2025-07-27,2026-07-27,Ativa
C01,C01-E0293,T09,Enterprise,2025-06-13,2026-06-13,Expirada
C01,C01-E0226,T09,Enterprise,2025-08-05,2026-08-05,Expirada
C01,C01-E0302,T09,Standard,2025-07-15,2026-07-15,Expirada
C01,C01-E0276,T09,Standard,2025-07-24,2026-07-24,Expirada
C01,C01-E0057,T09,Professional,2025-07-22,,Revogada
C01,C01-E0025,T09,Enterprise,2025-06-18,,Ativa
C01,C01-E0336,T09,Standard,2025-06-07,,Ativa
C01,C01-E0317,T09,Enterprise,2025-07-23,2026-07-23,Expirada
C01,C01-E0267,T09,Enterprise,2025-06-20,2026-06-20,Expirada
C01,C01-E0069,T09,Professional,2025-07-06,2026-07-06,Ativa
C01,C01-E0017,T09,Standard,2025-06-29,2026-06-29,Expirada
C01,C01-E0101,T09,Professional,2025-06-15,2026-06-15,Expirada
C01,C01-E0273,T09,Standard,2025-06-29,,Revogada
C01,C01-E0189,T09,Standard,2025-06-28,,Ativa
C01,C01-E0229,T09,Professional,2025-06-14,,Ativa
C01,C01-E0151,T09,Professional,2025-07-02,,Ativa
C01,C01-E0344,T09,Professional,2025-06-07,2026-06-07,Expirada
C01,C01-E0297,T09,Professional,2025-06-19,2026-06-19,Expirada
C01,C01-E0098,T09,Standard,2025-07-19,,Ativa
C01,C01-E0327,T09,Enterprise,2025-06-14,,Ativa
C01,C01-E0027,T09,Enterprise,2025-07-04,2026-07-04,Expirada
C01,C01-E0007,T09,Professional,2025-06-20,,Ativa
C01,C01-E0292,T09,Professional,2025-07-20,2026-07-20,Expirada
C01,C01-E0114,T09,Standard,2025-06-27,2026-06-27,Ativa
C01,C01-E0085,T09,Enterprise,2025-07-14,2026-07-14,Ativa
C01,C01-E0158,T09,Enterprise,2025-06-19,2026-06-19,Expirada
C01,C01-E0109,T09,Professional,2025-07-04,2026-07-04,Expirada
C01,C01-E0043,T09,Enterprise,2025-06-20,2026-06-20,Ativa
C01,C01-E0218,T09,Standard,2025-06-16,2026-06-16,Ativa
C01,C01-E0203,T09,Professional,2025-07-11,2026-07-11,Expirada
C01,C01-E0324,T09,Standard,2025-08-04,2026-08-04,Expirada
C01,C01-E0199,T09,Enterprise,2025-07-26,2026-07-26,Expirada
C01,C01-E0182,T09,Standard,2025-07-21,2026-07-21,Expirada
C01,C01-E0183,T09,Professional,2025-07-02,,Revogada
C01,C01-E0140,T09,Professional,2025-08-09,2026-08-09,Ativa
C01,C01-E0005,T09,Enterprise,2025-08-06,,Ativa
C01,C01-E0161,T09,Enterprise,2025-06-12,,Ativa
C01,C01-E0360,T09,Professional,2025-06-23,2026-06-23,Expirada
C01,C01-E0284,T09,Enterprise,2025-06-30,2026-06-30,Ativa
C01,C01-E0008,T09,Standard,2025-07-05,2026-07-05,Expirada
C01,C01-E0254,T09,Professional,2025-07-22,2026-07-22,Expirada
C01,C01-E0155,T09,Enterprise,2025-08-11,2026-08-11,Ativa
C01,C01-E0313,T09,Standard,2025-07-24,2026-07-24,Expirada
C01,C01-E0012,T09,Professional,2025-07-12,2026-07-12,Expirada
C01,C01-E0188,T09,Enterprise,2025-07-11,,Ativa
C01,C01-E0081,T09,Enterprise,2025-07-16,2026-07-16,Ativa
C01,C01-E0080,T09,Enterprise,2025-06-16,2026-06-16,Ativa
C01,C01-E0339,T09,Enterprise,2025-07-02,2026-07-02,Expirada
C01,C01-E0018,T09,Enterprise,2025-07-24,2026-07-24,Ativa
C01,C01-E0175,T09,Enterprise,2025-07-14,2026-07-14,Expirada
C01,C01-E0204,T09,Standard,2025-07-13,2026-07-13,Expirada
C01,C01-E0100,T09,Professional,2025-07-06,2026-07-06,Ativa
C01,C01-E0289,T09,Enterprise,2025-06-24,2026-06-24,Expirada
C01,C01-E0132,T09,Standard,2025-06-08,2026-06-08,Expirada
C01,C01-E0253,T09,Standard,2025-06-15,,Ativa
C01,C01-E0142,T09,Enterprise,2025-07-12,2026-07-12,Ativa
C01,C01-E0245,T09,Enterprise,2025-06-24,,Ativa
C01,C01-E0193,T09,Standard,2025-07-10,2026-07-10,Expirada
C01,C01-E0198,T09,Standard,2025-07-09,2026-07-09,Expirada
C01,C01-E0073,T09,Enterprise,2025-07-10,2026-07-10,Expirada
C01,C01-E0222,T09,Enterprise,2025-07-03,,Ativa
C01,C01-E0359,T09,Enterprise,2025-06-20,2026-06-20,Expirada
C01,C01-E0153,T09,Standard,2025-07-18,,Ativa
C01,C01-E0237,T09,Enterprise,2025-07-28,2026-07-28,Expirada
C01,C01-E0294,T09,Standard,2025-06-30,,Ativa
C01,C01-E0126,T09,Enterprise,2025-06-28,,Ativa
C01,C01-E0127,T09,Enterprise,2025-07-12,2026-07-12,Expirada
C01,C01-E0196,T09,Enterprise,2025-07-13,,Revogada
C01,C01-E0115,T09,Enterprise,2025-07-15,2026-07-15,Expirada
C01,C01-E0315,T09,Professional,2025-07-22,2026-07-22,Ativa
C01,C01-E0071,T09,Enterprise,2025-06-28,2026-06-28,Ativa
C01,C01-E0316,T09,Professional,2025-06-22,2026-06-22,Ativa
C01,C01-E0035,T09,Professional,2025-06-16,2026-06-16,Expirada
C01,C01-E0270,T09,Standard,2025-07-09,2026-07-09,Ativa
C01,C01-E0001,T09,Professional,2025-07-13,,Ativa
C01,C01-E0042,T09,Professional,2025-07-16,2026-07-16,Expirada
C01,C01-E0206,T09,Enterprise,2025-06-28,,Ativa
C01,C01-E0227,T09,Standard,2025-06-27,2026-06-27,Expirada
C01,C01-E0355,T09,Standard,2025-07-20,2026-07-20,Expirada
C01,C01-E0214,T09,Standard,2025-06-17,2026-06-17,Expirada
C01,C01-E0363,T09,Professional,2025-07-31,,Ativa
C01,C01-E0269,T09,Enterprise,2025-06-15,2026-06-15,Ativa
C01,C01-E0084,T09,Standard,2025-07-21,2026-07-21,Expirada
C01,C01-E0066,T09,Professional,2025-07-04,,Ativa
C01,C01-E0068,T09,Enterprise,2025-06-30,2026-06-30,Ativa
C01,C01-E0165,T09,Enterprise,2025-07-11,2026-07-11,Expirada
C01,C01-E0029,T09,Enterprise,2025-07-18,2026-07-18,Ativa
C01,C01-E0335,T09,Standard,2025-07-22,,Revogada
C01,C01-E0040,T09,Enterprise,2025-07-02,2026-07-02,Expirada
C01,C01-E0248,T09,Professional,2025-06-11,,Ativa
C01,C01-E0105,T09,Professional,2025-06-21,2026-06-21,Ativa
C01,C01-E0238,T09,Enterprise,2025-06-09,2026-06-09,Ativa
C01,C01-E0325,T09,Professional,2025-06-20,2026-06-20,Ativa
C01,C01-E0167,T09,Standard,2025-07-13,2026-07-13,Expirada
C01,C01-E0045,T09,Enterprise,2025-08-05,2026-08-05,Ativa
C01,C01-E0187,T09,Professional,2025-06-30,2026-06-30,Expirada
C01,C01-E0159,T09,Professional,2025-08-07,2026-08-07,Expirada
C01,C01-E0091,T09,Professional,2025-08-03,2026-08-03,Expirada
C01,C01-E0250,T09,Standard,2025-07-08,2026-07-08,Expirada
C01,C01-E0310,T09,Standard,2025-06-04,2026-06-04,Ativa
C01,C01-E0154,T09,Standard,2025-07-01,2026-07-01,Ativa
C01,C01-E0130,T09,Professional,2025-07-23,,Ativa
C01,C01-E0274,T09,Standard,2025-07-25,2026-07-25,Expirada
C01,C01-E0343,T09,Professional,2025-06-07,,Ativa
C01,C01-E0049,T09,Enterprise,2025-07-16,2026-07-16,Ativa
C01,C01-E0006,T09,Enterprise,2025-07-17,2026-07-17,Expirada
C01,C01-E0054,T09,Professional,2025-07-04,,Revogada
C01,C01-E0093,T09,Standard,2025-07-11,,Ativa
C01,C01-E0050,T09,Standard,2025-07-24,2026-07-24,Ativa
C01,C01-E0286,T09,Enterprise,2025-06-17,2026-06-17,Expirada
C01,C01-E0275,T09,Standard,2025-07-01,2026-07-01,Ativa
C01,C01-E0157,T09,Standard,2025-07-17,2026-07-17,Ativa
C01,C01-E0125,T09,Enterprise,2025-06-23,2026-06-23,Expirada
C01,C01-E0078,T09,Professional,2025-07-22,2026-07-22,Ativa
C01,C01-E0092,T09,Professional,2025-08-04,2026-08-04,Expirada
C01,C01-E0301,T09,Standard,2025-07-09,2026-07-09,Expirada
C01,C01-E0322,T09,Standard,2025-07-03,2026-07-03,Ativa
C01,C01-E0072,T09,Enterprise,2025-06-30,2026-06-30,Ativa
C01,C01-E0288,T09,Enterprise,2025-07-22,,Ativa
C01,C01-E0106,T09,Professional,2025-06-22,2026-06-22,Expirada
C01,C01-E0290,T09,Standard,2025-07-20,,Ativa
C01,C01-E0256,T09,Standard,2025-06-27,2026-06-27,Ativa
C01,C01-E0321,T09,Standard,2025-06-13,2026-06-13,Expirada
C01,C01-E0272,T09,Enterprise,2025-07-08,,Ativa
C01,C01-E0088,T09,Standard,2025-07-23,,Ativa
C01,C01-E0239,T09,Standard,2025-06-19,,Ativa
C01,C01-E0231,T09,Professional,2025-07-15,2026-07-15,Ativa
C01,C01-E0028,T09,Standard,2025-08-02,,Ativa
C01,C01-E0350,T09,Standard,2025-06-12,2026-06-12,Expirada
C01,C01-E0266,T09,Enterprise,2025-07-14,,Ativa
C01,C01-E0172,T09,Standard,2025-07-03,2026-07-03,Expirada
C01,C01-E0184,T09,Professional,2025-07-09,,Ativa
C01,C01-E0149,T09,Enterprise,2025-07-02,2026-07-02,Expirada
C01,C01-E0169,T09,Standard,2025-07-26,2026-07-26,Expirada
C01,C01-E0328,T09,Standard,2025-06-13,2026-06-13,Ativa
C01,C01-E0264,T09,Professional,2025-07-08,,Ativa
C01,C01-E0232,T09,Professional,2025-07-16,2026-07-16,Expirada
C01,C01-E0118,T09,Enterprise,2025-07-06,2026-07-06,Ativa
C01,C01-E0349,T09,Professional,2025-07-01,2026-07-01,Ativa
C01,C01-E0036,T09,Standard,2025-07-05,2026-07-05,Expirada
C01,C01-E0170,T09,Enterprise,2025-07-08,2026-07-08,Expirada
C01,C01-E0039,T09,Standard,2025-07-20,,Ativa
C01,C01-E0354,T09,Enterprise,2025-07-26,2026-07-26,Expirada
C01,C01-E0285,T09,Enterprise,2025-06-13,2026-06-13,Ativa
C01,C01-E0305,T09,Enterprise,2025-07-27,2026-07-27,Ativa
C01,C01-E0083,T09,Professional,2025-06-26,2026-06-26,Expirada
C01,C01-E0168,T09,Professional,2025-07-31,2026-07-31,Ativa
C01,C01-E0150,T09,Enterprise,2025-07-03,2026-07-03,Ativa
C01,C01-E0225,T09,Standard,2025-08-06,2026-08-06,Expirada
C01,C01-E0311,T09,Standard,2025-06-20,2026-06-20,Expirada
C01,C01-E0061,T09,Professional,2025-06-26,2026-06-26,Ativa
C01,C01-E0026,T09,Professional,2025-06-29,2026-06-29,Ativa
C01,C01-E0128,T09,Standard,2025-07-14,,Ativa
C01,C01-E0287,T09,Standard,2025-07-08,2026-07-08,Ativa
C01,C01-E0333,T09,Enterprise,2025-06-21,2026-06-21,Expirada
C01,C01-E0357,T09,Professional,2025-07-08,2026-07-08,Expirada
C01,C01-E0213,T09,Professional,2025-07-07,2026-07-07,Expirada
C01,C01-E0362,T09,Professional,2025-07-03,,Ativa
C01,C01-E0347,T09,Professional,2025-06-24,2026-06-24,Ativa
C01,C01-E0307,T09,Enterprise,2025-07-04,,Revogada
C01,C01-E0329,T09,Professional,2025-07-21,2026-07-21,Ativa
C01,C01-E0200,T09,Standard,2025-07-14,,Ativa
C01,C01-E0009,T09,Professional,2025-06-14,2026-06-14,Expirada
C01,C01-E0233,T09,Professional,2025-07-20,2026-07-20,Expirada
C01,C01-E0197,T09,Standard,2025-08-06,2026-08-06,Expirada
C01,C01-E0033,T13,Enterprise,2025-07-20,2026-07-20,Ativa
C01,C01-E0226,T13,Enterprise,2025-07-16,,Revogada
C01,C01-E0280,T13,Enterprise,2025-06-28,2026-06-28,Expirada
C01,C01-E0115,T13,Enterprise,2025-07-21,2026-07-21,Expirada
C01,C01-E0328,T13,Enterprise,2025-08-03,2026-08-03,Expirada
C01,C01-E0237,T13,Enterprise,2025-07-01,2026-07-01,Expirada
C01,C01-E0106,T13,Enterprise,2025-07-04,2026-07-04,Ativa
C01,C01-E0214,T13,Enterprise,2025-06-22,2026-06-22,Expirada
C01,C01-E0120,T13,Enterprise,2025-07-07,,Ativa
C01,C01-E0009,T13,Enterprise,2025-07-24,2026-07-24,Ativa
C01,C01-E0242,T13,Enterprise,2025-07-23,2026-07-23,Ativa
C01,C01-E0049,T13,Enterprise,2025-06-23,2026-06-23,Ativa
C01,C01-E0354,T13,Enterprise,2025-07-28,2026-07-28,Expirada
C01,C01-E0125,T13,Enterprise,2025-07-13,2026-07-13,Ativa
C01,C01-E0088,T13,Enterprise,2025-06-24,,Ativa
C01,C01-E0013,T13,Enterprise,2025-07-06,2026-07-06,Expirada
C01,C01-E0355,T13,Enterprise,2025-06-24,2026-06-24,Expirada
C01,C01-E0225,T13,Enterprise,2025-07-14,2026-07-14,Ativa
C01,C01-E0271,T07,Enterprise,2025-07-17,2026-07-17,Expirada
C01,C01-E0082,T07,Standard,2025-07-07,2026-07-07,Ativa
C01,C01-E0091,T07,Standard,2025-06-21,2026-06-21,Expirada
C01,C01-E0052,T07,Enterprise,2025-07-17,2026-07-17,Ativa
C01,C01-E0281,T07,Professional,2025-08-07,2026-08-07,Expirada
C01,C01-E0074,T07,Standard,2025-06-26,2026-06-26,Expirada
C01,C01-E0062,T07,Standard,2025-07-12,,Ativa
C01,C01-E0211,T07,Enterprise,2025-07-17,2026-07-17,Expirada
C01,C01-E0232,T07,Standard,2025-07-18,,Ativa
C01,C01-E0026,T07,Enterprise,2025-07-27,,Ativa
C01,C01-E0189,T07,Standard,2025-07-21,,Ativa
C01,C01-E0219,T07,Standard,2025-06-27,,Ativa
C01,C01-E0249,T07,Professional,2025-07-22,2026-07-22,Ativa
C01,C01-E0077,T07,Standard,2025-06-25,2026-06-25,Expirada
C01,C01-E0084,T07,Standard,2025-07-07,2026-07-07,Expirada
C01,C01-E0241,T07,Enterprise,2025-07-09,2026-07-09,Expirada
C01,C01-E0024,T07,Standard,2025-06-27,2026-06-27,Ativa
C01,C01-E0345,T07,Enterprise,2025-06-18,2026-06-18,Ativa
C01,C01-E0242,T07,Enterprise,2025-07-22,,Ativa
C01,C01-E0296,T07,Enterprise,2025-07-17,,Revogada
C01,C01-E0220,T07,Standard,2025-07-21,,Ativa
C01,C01-E0201,T07,Professional,2025-07-03,,Ativa
C01,C01-E0014,T07,Enterprise,2025-07-05,2026-07-05,Ativa
C01,C01-E0102,T07,Enterprise,2025-07-30,2026-07-30,Expirada
C01,C01-E0181,T07,Professional,2025-06-07,,Ativa
C01,C01-E0309,T07,Professional,2025-07-26,2026-07-26,Expirada
C01,C01-E0075,T07,Standard,2025-07-22,2026-07-22,Ativa
C01,C01-E0080,T07,Enterprise,2025-06-29,,Ativa
C01,C01-E0164,T07,Enterprise,2025-07-21,2026-07-21,Ativa
C01,C01-E0286,T07,Professional,2025-07-20,2026-07-20,Expirada
C01,C01-E0039,T07,Standard,2025-06-25,,Ativa
C01,C01-E0068,T07,Enterprise,2025-07-19,2026-07-19,Expirada
C01,C01-E0275,T07,Enterprise,2025-07-04,2026-07-04,Ativa
C01,C01-E0320,T07,Professional,2025-07-12,2026-07-12,Ativa
C01,C01-E0097,T07,Professional,2025-07-30,,Ativa
C01,C01-E0253,T07,Professional,2025-06-09,2026-06-09,Ativa
C01,C01-E0312,T07,Standard,2025-07-12,,Ativa
C01,C01-E0276,T07,Standard,2025-06-19,2026-06-19,Ativa
C01,C01-E0303,T07,Professional,2025-08-04,2026-08-04,Ativa
C01,C01-E0326,T07,Standard,2025-07-04,2026-07-04,Expirada
C01,C01-E0011,T07,Standard,2025-06-15,,Revogada
C01,C01-E0044,T07,Enterprise,2025-07-01,2026-07-01,Expirada
C01,C01-E0038,T07,Standard,2025-07-16,2026-07-16,Expirada
C01,C01-E0204,T07,Professional,2025-07-30,,Ativa
C01,C01-E0090,T07,Standard,2025-07-05,2026-07-05,Ativa
C01,C01-E0150,T07,Standard,2025-06-07,2026-06-07,Expirada
C01,C01-E0354,T07,Professional,2025-06-17,2026-06-17,Expirada
C01,C01-E0022,T07,Standard,2025-06-10,2026-06-10,Ativa
C01,C01-E0134,T07,Professional,2025-07-09,,Ativa
C01,C01-E0356,T07,Enterprise,2025-06-19,2026-06-19,Ativa
C01,C01-E0353,T07,Standard,2025-07-01,2026-07-01,Ativa
C01,C01-E0056,T07,Enterprise,2025-08-06,2026-08-06,Expirada
C01,C01-E0149,T07,Standard,2025-08-06,2026-08-06,Expirada
C01,C01-E0350,T07,Standard,2025-07-27,2026-07-27,Expirada
C01,C01-E0117,T07,Professional,2025-06-20,,Ativa
C01,C01-E0173,T07,Professional,2025-07-07,2026-07-07,Ativa
C01,C01-E0005,T07,Standard,2025-07-15,,Revogada
C01,C01-E0132,T07,Professional,2025-06-15,2026-06-15,Expirada
C01,C01-E0342,T07,Standard,2025-07-09,2026-07-09,Expirada
C01,C01-E0331,T07,Enterprise,2025-06-14,2026-06-14,Expirada
C01,C01-E0108,T07,Enterprise,2025-06-16,,Ativa
C01,C01-E0230,T07,Enterprise,2025-06-24,2026-06-24,Ativa
C01,C01-E0195,T07,Enterprise,2025-07-16,,Ativa
C01,C01-E0272,T07,Standard,2025-07-10,,Ativa
C01,C01-E0208,T07,Standard,2025-06-26,2026-06-26,Ativa
C01,C01-E0020,T07,Professional,2025-07-24,2026-07-24,Expirada
C01,C01-E0358,T07,Enterprise,2025-07-06,,Ativa
C01,C01-E0243,T07,Professional,2025-07-14,2026-07-14,Ativa
C01,C01-E0037,T07,Professional,2025-06-06,2026-06-06,Ativa
C01,C01-E0294,T07,Standard,2025-07-18,2026-07-18,Expirada
C01,C01-E0116,T07,Enterprise,2025-07-27,2026-07-27,Ativa
C01,C01-E0292,T07,Enterprise,2025-06-22,2026-06-22,Expirada
C01,C01-E0184,T07,Enterprise,2025-07-21,2026-07-21,Ativa
C01,C01-E0120,T07,Standard,2025-08-13,,Ativa
C01,C01-E0274,T07,Enterprise,2025-08-04,2026-08-04,Expirada
C01,C01-E0071,T07,Enterprise,2025-06-20,2026-06-20,Expirada
C01,C01-E0216,T07,Enterprise,2025-08-06,2026-08-06,Ativa
C01,C01-E0183,T07,Enterprise,2025-07-05,2026-07-05,Expirada
C01,C01-E0169,T07,Standard,2025-06-15,,Ativa
C01,C01-E0079,T07,Standard,2025-06-25,2026-06-25,Ativa
C01,C01-E0076,T07,Professional,2025-06-25,,Ativa
C01,C01-E0193,T07,Professional,2025-07-04,,Ativa
C01,C01-E0316,T07,Enterprise,2025-07-18,,Ativa
C01,C01-E0138,T07,Professional,2025-07-18,2026-07-18,Expirada
C01,C01-E0301,T07,Standard,2025-06-22,2026-06-22,Expirada
C01,C01-E0246,T07,Professional,2025-07-13,2026-07-13,Expirada
C01,C01-E0221,T07,Enterprise,2025-06-26,,Ativa
C01,C01-E0131,T07,Enterprise,2025-07-02,,Ativa
C01,C01-E0175,T07,Enterprise,2025-07-14,2026-07-14,Expirada
C01,C01-E0341,T07,Professional,2025-07-07,2026-07-07,Expirada
C01,C01-E0302,T07,Enterprise,2025-07-07,,Ativa
C01,C01-E0322,T07,Standard,2025-06-05,2026-06-05,Expirada
C01,C01-E0041,T07,Standard,2025-06-10,2026-06-10,Expirada
C01,C01-E0347,T07,Enterprise,2025-06-15,,Ativa
C01,C01-E0191,T07,Standard,2025-07-01,,Ativa
C01,C01-E0222,T07,Enterprise,2025-07-13,2026-07-13,Expirada
C01,C01-E0122,T07,Enterprise,2025-06-22,2026-06-22,Expirada
C01,C01-E0055,T07,Professional,2025-06-27,,Ativa
C01,C01-E0273,T07,Professional,2025-07-03,,Ativa
C01,C01-E0099,T07,Standard,2025-06-26,2026-06-26,Expirada
C01,C01-E0332,T07,Enterprise,2025-07-14,2026-07-14,Ativa
C01,C01-E0128,T07,Professional,2025-07-21,2026-07-21,Ativa
C01,C01-E0064,T07,Standard,2025-06-25,2026-06-25,Ativa
C01,C01-E0021,T07,Standard,2025-07-14,2026-07-14,Ativa
C01,C01-E0092,T07,Professional,2025-06-29,,Revogada
C01,C01-E0123,T07,Enterprise,2025-07-09,,Ativa
C01,C01-E0333,T07,Standard,2025-07-20,,Ativa
C01,C01-E0110,T07,Standard,2025-07-23,,Ativa
C01,C01-E0266,T07,Enterprise,2025-06-01,2026-06-01,Expirada
C01,C01-E0036,T07,Professional,2025-07-17,2026-07-17,Expirada
C01,C01-E0030,T07,Professional,2025-07-06,2026-07-06,Expirada
C01,C01-E0215,T07,Standard,2025-07-28,,Revogada
C01,C01-E0228,T07,Enterprise,2025-07-07,2026-07-07,Expirada
C01,C01-E0018,T07,Professional,2025-06-18,2026-06-18,Ativa
C01,C01-E0267,T07,Professional,2025-07-17,2026-07-17,Expirada
C01,C01-E0280,T07,Standard,2025-08-04,2026-08-04,Expirada
C01,C01-E0291,T07,Enterprise,2025-07-15,2026-07-15,Expirada
C01,C01-E0237,T07,Professional,2025-06-23,2026-06-23,Expirada
C01,C01-E0209,T07,Enterprise,2025-08-05,2026-08-05,Expirada
C01,C01-E0260,T07,Enterprise,2025-08-02,,Ativa
C01,C01-E0330,T07,Standard,2025-07-28,,Ativa
C01,C01-E0263,T07,Standard,2025-07-27,2026-07-27,Expirada
C01,C01-E0127,T07,Enterprise,2025-06-08,2026-06-08,Ativa
C01,C01-E0105,T07,Enterprise,2025-07-17,2026-07-17,Expirada
C01,C01-E0094,T07,Standard,2025-07-04,2026-07-04,Expirada
C01,C01-E0083,T07,Professional,2025-07-26,,Ativa
C01,C01-E0361,T07,Enterprise,2025-07-23,2026-07-23,Expirada
C01,C01-E0160,T07,Enterprise,2025-07-16,2026-07-16,Expirada
C01,C01-E0067,T07,Enterprise,2025-06-19,,Ativa
C01,C01-E0124,T07,Professional,2025-07-17,2026-07-17,Expirada
C01,C01-E0360,T07,Professional,2025-07-07,2026-07-07,Ativa
C01,C01-E0229,T07,Standard,2025-07-12,,Ativa
C01,C01-E0210,T07,Standard,2025-07-28,,Ativa
C01,C01-E0344,T07,Professional,2025-08-08,2026-08-08,Expirada
C01,C01-E0340,T07,Standard,2025-07-09,2026-07-09,Expirada
C01,C01-E0185,T07,Standard,2025-06-29,,Ativa
C01,C01-E0317,T07,Standard,2025-07-08,,Ativa
C01,C01-E0258,T07,Standard,2025-07-21,2026-07-21,Ativa
C01,C01-E0012,T07,Standard,2025-06-10,2026-06-10,Expirada
C01,C01-E0054,T07,Enterprise,2025-07-05,2026-07-05,Ativa
C01,C01-E0277,T07,Professional,2025-07-14,,Ativa
C01,C01-E0025,T07,Standard,2025-06-27,,Ativa
C01,C01-E0101,T07,Professional,2025-06-12,2026-06-12,Ativa
C01,C01-E0168,T07,Standard,2025-07-29,2026-07-29,Ativa
C01,C01-E0148,T07,Standard,2025-06-19,2026-06-19,Expirada
C01,C01-E0142,T07,Standard,2025-07-29,2026-07-29,Expirada
C01,C01-E0128,T05,Enterprise,2025-06-17,2026-06-17,Ativa
C01,C01-E0122,T05,Professional,2025-07-12,2026-07-12,Expirada
C01,C01-E0029,T05,Professional,2025-07-16,2026-07-16,Expirada
C01,C01-E0199,T05,Professional,2025-07-25,2026-07-25,Expirada
C01,C01-E0219,T05,Enterprise,2025-07-12,2026-07-12,Ativa
C01,C01-E0223,T05,Professional,2025-07-07,2026-07-07,Expirada
C01,C01-E0154,T05,Standard,2025-07-19,2026-07-19,Ativa
C01,C01-E0213,T05,Standard,2025-07-29,2026-07-29,Ativa
C01,C01-E0245,T05,Enterprise,2025-07-09,,Ativa
C01,C01-E0322,T05,Standard,2025-07-23,2026-07-23,Ativa
C01,C01-E0328,T05,Enterprise,2025-07-10,2026-07-10,Expirada
C01,C01-E0156,T05,Enterprise,2025-07-28,2026-07-28,Ativa
C01,C01-E0316,T05,Professional,2025-06-07,2026-06-07,Expirada
C01,C01-E0273,T05,Standard,2025-07-11,2026-07-11,Ativa
C01,C01-E0067,T05,Standard,2025-07-16,2026-07-16,Ativa
C01,C01-E0229,T05,Enterprise,2025-07-21,2026-07-21,Ativa
C01,C01-E0169,T05,Professional,2025-07-01,2026-07-01,Ativa
C01,C01-E0313,T05,Enterprise,2025-08-05,2026-08-05,Expirada
C01,C01-E0142,T05,Enterprise,2025-07-01,2026-07-01,Expirada
C01,C01-E0192,T05,Enterprise,2025-07-08,2026-07-08,Ativa
C01,C01-E0289,T05,Standard,2025-06-19,,Ativa
C01,C01-E0317,T05,Professional,2025-07-23,2026-07-23,Expirada
C01,C01-E0148,T05,Professional,2025-07-04,2026-07-04,Expirada
C01,C01-E0254,T05,Standard,2025-07-26,,Ativa
C01,C01-E0292,T05,Standard,2025-07-18,2026-07-18,Expirada
C01,C01-E0129,T05,Professional,2025-07-29,,Ativa
C01,C01-E0232,T05,Standard,2025-07-23,2026-07-23,Ativa
C01,C01-E0259,T05,Enterprise,2025-07-10,2026-07-10,Expirada
C01,C01-E0335,T05,Enterprise,2025-07-16,,Revogada
C01,C01-E0115,T05,Enterprise,2025-07-22,,Ativa
C01,C01-E0248,T05,Enterprise,2025-06-25,2026-06-25,Expirada
C01,C01-E0104,T05,Enterprise,2025-07-14,2026-07-14,Ativa
C01,C01-E0194,T05,Enterprise,2025-07-18,2026-07-18,Ativa
C01,C01-E0161,T05,Standard,2025-07-25,2026-07-25,Expirada
C01,C01-E0183,T05,Standard,2025-06-16,,Revogada
C01,C01-E0074,T05,Standard,2025-06-24,2026-06-24,Ativa
C01,C01-E0358,T05,Standard,2025-07-01,2026-07-01,Expirada
C01,C01-E0263,T05,Enterprise,2025-07-18,2026-07-18,Expirada
C01,C01-E0266,T05,Enterprise,2025-06-24,2026-06-24,Ativa
C01,C01-E0160,T05,Professional,2025-06-30,2026-06-30,Expirada
C01,C01-E0042,T05,Standard,2025-07-04,2026-07-04,Expirada
C01,C01-E0305,T05,Standard,2025-07-29,2026-07-29,Ativa
C01,C01-E0309,T05,Professional,2025-06-29,,Ativa
C01,C01-E0216,T05,Professional,2025-06-20,2026-06-20,Expirada
C01,C01-E0002,T05,Professional,2025-07-11,2026-07-11,Expirada
C01,C01-E0016,T05,Enterprise,2025-07-13,,Ativa
C01,C01-E0018,T05,Professional,2025-08-05,,Ativa
C01,C01-E0085,T05,Standard,2025-07-12,2026-07-12,Expirada
C01,C01-E0349,T05,Enterprise,2025-07-24,2026-07-24,Expirada
C01,C01-E0339,T05,Enterprise,2025-07-10,2026-07-10,Expirada
C01,C01-E0188,T05,Professional,2025-06-16,2026-06-16,Ativa
C01,C01-E0264,T05,Enterprise,2025-07-20,,Ativa
C01,C01-E0005,T05,Standard,2025-07-14,2026-07-14,Expirada
C01,C01-E0346,T05,Enterprise,2025-07-11,2026-07-11,Ativa
C01,C01-E0227,T05,Enterprise,2025-07-02,2026-07-02,Ativa
C01,C01-E0307,T05,Enterprise,2025-07-10,2026-07-10,Ativa
C01,C01-E0275,T05,Professional,2025-07-04,2026-07-04,Expirada
C01,C01-E0291,T05,Enterprise,2025-07-07,2026-07-07,Expirada
C01,C01-E0079,T05,Standard,2025-07-12,,Ativa
C01,C01-E0195,T05,Standard,2025-07-28,2026-07-28,Expirada
C01,C01-E0086,T05,Standard,2025-07-18,2026-07-18,Expirada
C01,C01-E0298,T05,Enterprise,2025-08-12,2026-08-12,Ativa
C01,C01-E0155,T05,Enterprise,2025-07-12,,Revogada
C01,C01-E0047,T05,Standard,2025-07-04,2026-07-04,Expirada
C01,C01-E0333,T05,Standard,2025-06-19,2026-06-19,Ativa
C01,C01-E0355,T05,Standard,2025-07-18,,Ativa
C01,C01-E0233,T05,Standard,2025-07-10,2026-07-10,Ativa
C01,C01-E0009,T05,Professional,2025-07-03,,Ativa
C01,C01-E0325,T05,Enterprise,2025-06-09,,Ativa
C01,C01-E0170,T05,Standard,2025-07-12,2026-07-12,Expirada
C01,C01-E0336,T05,Standard,2025-07-16,,Ativa
C01,C01-E0226,T05,Enterprise,2025-07-03,2026-07-03,Expirada
C01,C01-E0283,T05,Professional,2025-07-01,2026-07-01,Expirada
C01,C01-E0214,T05,Enterprise,2025-08-08,2026-08-08,Ativa
C01,C01-E0041,T05,Enterprise,2025-06-27,2026-06-27,Expirada
C01,C01-E0186,T05,Professional,2025-06-30,2026-06-30,Ativa
C01,C01-E0175,T05,Standard,2025-06-12,,Ativa
C01,C01-E0064,T05,Enterprise,2025-07-05,2026-07-05,Ativa
C01,C01-E0014,T05,Enterprise,2025-06-09,2026-06-09,Expirada
C01,C01-E0343,T05,Standard,2025-07-03,2026-07-03,Expirada
C01,C01-E0001,T05,Professional,2025-08-02,,Ativa
C01,C01-E0157,T05,Enterprise,2025-08-04,2026-08-04,Expirada
C01,C01-E0012,T05,Enterprise,2025-06-11,2026-06-11,Ativa
C01,C01-E0013,T05,Enterprise,2025-08-03,,Ativa
C01,C01-E0342,T05,Enterprise,2025-06-26,2026-06-26,Expirada
C01,C01-E0224,T05,Enterprise,2025-07-29,2026-07-29,Expirada
C01,C01-E0032,T05,Enterprise,2025-08-03,2026-08-03,Expirada
C01,C01-E0288,T05,Standard,2025-06-17,2026-06-17,Expirada
C01,C01-E0051,T05,Standard,2025-07-14,2026-07-14,Ativa
C01,C01-E0117,T05,Standard,2025-07-16,2026-07-16,Expirada
C01,C01-E0091,T05,Enterprise,2025-06-10,2026-06-10,Expirada
C01,C01-E0297,T05,Standard,2025-06-11,2026-06-11,Expirada
C01,C01-E0357,T05,Professional,2025-06-10,2026-06-10,Expirada
C01,C01-E0256,T05,Enterprise,2025-06-28,2026-06-28,Expirada
C01,C01-E0340,T05,Enterprise,2025-06-16,2026-06-16,Expirada
C01,C01-E0178,T05,Professional,2025-07-17,2026-07-17,Expirada
C01,C01-E0011,T05,Professional,2025-07-11,2026-07-11,Expirada
C01,C01-E0087,T05,Enterprise,2025-07-09,2026-07-09,Expirada
C01,C01-E0302,T05,Standard,2025-07-21,,Ativa
C01,C01-E0108,T05,Professional,2025-06-10,,Ativa
C01,C01-E0225,T05,Enterprise,2025-07-11,2026-07-11,Expirada
C01,C01-E0136,T05,Professional,2025-07-01,2026-07-01,Expirada
C01,C01-E0070,T05,Enterprise,2025-07-14,2026-07-14,Expirada
C01,C01-E0318,T05,Standard,2025-06-25,2026-06-25,Expirada
C01,C01-E0299,T05,Professional,2025-07-12,,Ativa
C01,C01-E0127,T05,Standard,2025-07-19,2026-07-19,Ativa
C01,C01-E0093,T05,Enterprise,2025-07-01,,Ativa
C01,C01-E0290,T05,Standard,2025-07-19,2026-07-19,Ativa
C01,C01-E0348,T05,Enterprise,2025-07-16,2026-07-16,Expirada
C01,C01-E0174,T05,Professional,2025-07-29,2026-07-29,Expirada
C01,C01-E0044,T05,Professional,2025-07-06,2026-07-06,Ativa
C01,C01-E0294,T05,Standard,2025-06-14,2026-06-14,Ativa
C01,C01-E0244,T05,Standard,2025-06-20,,Revogada
C01,C01-E0241,T08,Standard,2025-06-18,2026-06-18,Expirada
C01,C01-E0075,T08,Standard,2025-07-03,2026-07-03,Expirada
C01,C01-E0202,T08,Standard,2025-07-12,,Ativa
C01,C01-E0035,T08,Standard,2025-06-27,2026-06-27,Expirada
C01,C01-E0115,T08,Enterprise,2025-07-03,,Ativa
C01,C01-E0029,T08,Professional,2025-07-18,2026-07-18,Expirada
C01,C01-E0336,T08,Enterprise,2025-07-07,2026-07-07,Expirada
C01,C01-E0330,T08,Enterprise,2025-07-16,2026-07-16,Expirada
C01,C01-E0056,T08,Professional,2025-06-07,,Ativa
C01,C01-E0087,T08,Enterprise,2025-06-28,2026-06-28,Expirada
C01,C01-E0247,T08,Professional,2025-07-30,2026-07-30,Ativa
C01,C01-E0189,T08,Standard,2025-07-23,,Ativa
C01,C01-E0079,T08,Enterprise,2025-07-24,2026-07-24,Expirada
C01,C01-E0049,T08,Enterprise,2025-06-14,2026-06-14,Expirada
C01,C01-E0091,T08,Enterprise,2025-06-12,2026-06-12,Ativa
C01,C01-E0218,T08,Enterprise,2025-07-27,2026-07-27,Expirada
C01,C01-E0231,T08,Standard,2025-07-16,2026-07-16,Expirada
C01,C01-E0069,T08,Enterprise,2025-07-07,2026-07-07,Expirada
C01,C01-E0286,T08,Enterprise,2025-06-27,2026-06-27,Expirada
C01,C01-E0263,T08,Standard,2025-07-07,2026-07-07,Expirada
C01,C01-E0296,T08,Standard,2025-07-06,2026-07-06,Ativa
C01,C01-E0120,T08,Standard,2025-06-26,,Ativa
C01,C01-E0351,T08,Standard,2025-06-13,2026-06-13,Expirada
C01,C01-E0025,T08,Professional,2025-07-12,2026-07-12,Ativa
C01,C01-E0309,T08,Professional,2025-06-26,2026-06-26,Ativa
C01,C01-E0094,T08,Standard,2025-07-24,2026-07-24,Ativa
C01,C01-E0122,T08,Enterprise,2025-07-17,2026-07-17,Ativa
C01,C01-E0318,T08,Professional,2025-08-02,2026-08-02,Ativa
C01,C01-E0182,T08,Enterprise,2025-07-10,,Ativa
C01,C01-E0156,T08,Enterprise,2025-07-16,2026-07-16,Expirada
C01,C01-E0260,T08,Enterprise,2025-07-16,,Ativa
C01,C01-E0062,T08,Standard,2025-07-25,2026-07-25,Ativa
C01,C01-E0212,T08,Enterprise,2025-07-18,2026-07-18,Expirada
C01,C01-E0100,T08,Standard,2025-08-02,2026-08-02,Expirada
C01,C01-E0169,T08,Enterprise,2025-06-26,2026-06-26,Expirada
C01,C01-E0050,T08,Professional,2025-06-15,2026-06-15,Ativa
C01,C01-E0167,T08,Professional,2025-06-29,2026-06-29,Ativa
C01,C01-E0053,T08,Enterprise,2025-08-12,,Ativa
C01,C01-E0173,T08,Professional,2025-07-05,,Ativa
C01,C01-E0249,T08,Enterprise,2025-06-26,,Ativa
C01,C01-E0003,T08,Professional,2025-07-27,2026-07-27,Expirada
C01,C01-E0357,T08,Standard,2025-08-10,2026-08-10,Ativa
C01,C01-E0242,T08,Professional,2025-07-29,2026-07-29,Expirada
C01,C01-E0290,T08,Professional,2025-06-24,,Revogada
C01,C01-E0096,T08,Standard,2025-06-30,2026-06-30,Expirada
C01,C01-E0219,T08,Standard,2025-06-23,2026-06-23,Expirada
C01,C01-E0358,T08,Standard,2025-07-01,2026-07-01,Ativa
C01,C01-E0168,T08,Professional,2025-07-19,2026-07-19,Expirada
C01,C01-E0262,T08,Enterprise,2025-07-05,,Ativa
C01,C01-E0153,T08,Professional,2025-06-23,2026-06-23,Expirada
C01,C01-E0284,T08,Standard,2025-07-03,2026-07-03,Ativa
C01,C01-E0123,T08,Professional,2025-07-05,,Ativa
C01,C01-E0054,T08,Professional,2025-07-20,,Ativa
C01,C01-E0232,T08,Enterprise,2025-07-21,,Revogada
C01,C01-E0220,T08,Standard,2025-06-14,,Ativa
C01,C01-E0288,T08,Professional,2025-06-30,2026-06-30,Ativa
C01,C01-E0148,T08,Standard,2025-07-01,,Ativa
C01,C01-E0124,T08,Standard,2025-07-28,2026-07-28,Ativa
C01,C01-E0042,T08,Enterprise,2025-07-15,2026-07-15,Ativa
C01,C01-E0081,T08,Professional,2025-07-01,2026-07-01,Ativa
C01,C01-E0175,T08,Standard,2025-07-11,,Ativa
C01,C01-E0026,T08,Professional,2025-06-27,,Ativa
C01,C01-E0126,T08,Standard,2025-06-17,2026-06-17,Expirada
C01,C01-E0200,T08,Professional,2025-07-15,2026-07-15,Expirada
C01,C01-E0239,T08,Professional,2025-06-20,2026-06-20,Ativa
C01,C01-E0036,T08,Professional,2025-07-11,,Ativa
C01,C01-E0171,T08,Enterprise,2025-07-17,,Ativa
C01,C01-E0130,T08,Standard,2025-06-21,,Ativa
C01,C01-E0338,T08,Standard,2025-07-14,2026-07-14,Expirada
C01,C01-E0317,T08,Enterprise,2025-07-19,,Ativa
C01,C01-E0045,T08,Enterprise,2025-07-02,2026-07-02,Ativa
C01,C01-E0227,T08,Enterprise,2025-07-01,,Ativa
C01,C01-E0068,T08,Standard,2025-07-31,,Ativa
C01,C01-E0028,T08,Standard,2025-06-30,,Ativa
C01,C01-E0283,T08,Enterprise,2025-07-09,2026-07-09,Expirada
C01,C01-E0353,T08,Professional,2025-06-12,2026-06-12,Ativa
C01,C01-E0102,T08,Enterprise,2025-07-17,2026-07-17,Expirada
C01,C01-E0209,T08,Professional,2025-06-22,2026-06-22,Ativa
C01,C01-E0033,T08,Standard,2025-07-04,2026-07-04,Expirada
C01,C01-E0074,T08,Professional,2025-06-17,,Ativa
C01,C01-E0295,T08,Professional,2025-07-27,2026-07-27,Ativa
C01,C01-E0020,T08,Standard,2025-07-02,,Ativa
C01,C01-E0113,T08,Standard,2025-07-14,2026-07-14,Expirada
C01,C01-E0170,T08,Enterprise,2025-07-10,,Ativa
C01,C01-E0236,T08,Professional,2025-07-01,,Ativa
C01,C01-E0221,T08,Standard,2025-07-03,2026-07-03,Ativa
C01,C01-E0015,T08,Standard,2025-06-22,2026-06-22,Expirada
C01,C01-E0270,T08,Professional,2025-07-04,2026-07-04,Expirada
C01,C01-E0164,T08,Professional,2025-07-31,2026-07-31,Ativa
C01,C01-E0043,T08,Enterprise,2025-07-19,,Ativa
C01,C01-E0276,T08,Standard,2025-06-18,2026-06-18,Expirada
C01,C01-E0078,T08,Enterprise,2025-07-29,,Ativa
C01,C01-E0108,T08,Standard,2025-08-10,2026-08-10,Revogada
C01,C01-E0199,T08,Standard,2025-07-21,2026-07-21,Expirada
C01,C01-E0230,T08,Enterprise,2025-07-27,2026-07-27,Ativa
C01,C01-E0159,T08,Standard,2025-06-28,2026-06-28,Expirada
C01,C01-E0337,T08,Enterprise,2025-06-10,,Ativa
C01,C01-E0222,T08,Enterprise,2025-07-09,2026-07-09,Expirada
C01,C01-E0016,T08,Enterprise,2025-07-05,2026-07-05,Expirada
C01,C01-E0257,T08,Professional,2025-07-01,,Ativa
C01,C01-E0005,T08,Standard,2025-07-19,2026-07-19,Ativa
C01,C01-E0325,T08,Standard,2025-07-07,2026-07-07,Ativa
C01,C01-E0345,T08,Standard,2025-06-12,2026-06-12,Ativa
C01,C01-E0080,T08,Professional,2025-08-09,,Ativa
C01,C01-E0129,T08,Enterprise,2025-07-29,2026-07-29,Expirada
C01,C01-E0090,T08,Enterprise,2025-06-13,2026-06-13,Expirada
C01,C01-E0335,T08,Professional,2025-07-18,2026-07-18,Ativa
C01,C01-E0258,T08,Standard,2025-07-07,,Ativa
C01,C01-E0021,T08,Enterprise,2025-07-12,,Revogada
C01,C01-E0195,T08,Enterprise,2025-07-03,2026-07-03,Expirada
C01,C01-E0233,T08,Standard,2025-07-27,,Ativa
C01,C01-E0086,T08,Standard,2025-07-25,,Ativa
C01,C01-E0154,T08,Standard,2025-06-20,,Ativa
C01,C01-E0051,T08,Professional,2025-06-12,2026-06-12,Ativa
C01,C01-E0238,T08,Standard,2025-07-08,,Ativa
C01,C01-E0359,T08,Standard,2025-07-06,2026-07-06,Ativa
C01,C01-E0332,T08,Professional,2025-06-25,,Ativa
C01,C01-E0206,T08,Professional,2025-07-29,2026-07-29,Expirada
C01,C01-E0250,T08,Professional,2025-07-18,2026-07-18,Ativa
C01,C01-E0266,T08,Enterprise,2025-07-02,2026-07-02,Ativa
C01,C01-E0185,T08,Enterprise,2025-06-30,2026-06-30,Ativa
C01,C01-E0340,T08,Standard,2025-06-27,2026-06-27,Expirada
C01,C01-E0350,T08,Standard,2025-07-11,,Ativa
C01,C01-E0207,T08,Enterprise,2025-07-30,2026-07-30,Ativa
C01,C01-E0172,T08,Enterprise,2025-07-18,2026-07-18,Ativa
C01,C01-E0203,T08,Enterprise,2025-07-19,2026-07-19,Expirada
C01,C01-E0039,T08,Professional,2025-07-05,,Ativa
C01,C01-E0355,T08,Professional,2025-07-14,2026-07-14,Expirada
C01,C01-E0128,T08,Enterprise,2025-07-03,,Ativa
C01,C01-E0147,T08,Professional,2025-07-07,,Ativa
C01,C01-E0310,T08,Standard,2025-07-04,,Ativa
C01,C01-E0088,T08,Professional,2025-07-08,,Ativa
C01,C01-E0248,T08,Standard,2025-07-05,2026-07-05,Ativa
C01,C01-E0038,T08,Professional,2025-06-20,2026-06-20,Expirada
C01,C01-E0362,T08,Standard,2025-07-30,,Ativa
C01,C01-E0311,T08,Enterprise,2025-06-30,,Ativa
C01,C01-E0161,T08,Standard,2025-06-19,2026-06-19,Expirada
C01,C01-E0307,T08,Professional,2025-06-24,2026-06-24,Ativa
C01,C01-E0346,T08,Standard,2025-06-14,,Ativa
C01,C01-E0061,T08,Standard,2025-08-05,2026-08-05,Expirada
C01,C01-E0076,T08,Enterprise,2025-06-13,,Ativa
C01,C01-E0251,T08,Standard,2025-06-20,2026-06-20,Expirada
C01,C01-E0160,T08,Professional,2025-07-02,2026-07-02,Expirada
C01,C01-E0201,T08,Standard,2025-08-12,,Ativa
C01,C01-E0344,T08,Standard,2025-07-22,2026-07-22,Ativa
C01,C01-E0072,T08,Standard,2025-07-01,2026-07-01,Ativa
C01,C01-E0197,T08,Enterprise,2025-07-06,2026-07-06,Expirada
C01,C01-E0214,T08,Standard,2025-06-25,,Ativa
C01,C01-E0052,T08,Enterprise,2025-07-08,,Ativa
C01,C01-E0334,T08,Standard,2025-07-25,,Ativa
C01,C01-E0012,T08,Standard,2025-06-15,2026-06-15,Expirada
C01,C01-E0348,T08,Enterprise,2025-07-23,,Ativa
C01,C01-E0106,T08,Standard,2025-07-26,2026-07-26,Ativa
C01,C01-E0280,T08,Standard,2025-06-26,2026-06-26,Expirada
C01,C01-E0292,T08,Enterprise,2025-06-22,2026-06-22,Ativa
C01,C01-E0055,T08,Standard,2025-06-18,2026-06-18,Expirada
C01,C01-E0321,T08,Standard,2025-07-01,2026-07-01,Expirada
C01,C01-E0255,T08,Standard,2025-07-17,2026-07-17,Ativa
C01,C01-E0217,T08,Enterprise,2025-07-19,,Ativa
C01,C01-E0031,T08,Professional,2025-07-11,2026-07-11,Expirada
C01,C01-E0059,T08,Professional,2025-06-18,,Ativa
C01,C01-E0145,T08,Enterprise,2025-07-15,2026-07-15,Expirada
C01,C01-E0347,T08,Standard,2025-06-30,2026-06-30,Ativa
C01,C01-E0084,T08,Standard,2025-08-05,,Ativa
C01,C01-E0174,T08,Professional,2025-07-11,2026-07-11,Expirada
C01,C01-E0211,T08,Professional,2025-07-01,,Ativa
C01,C01-E0304,T08,Professional,2025-07-11,,Ativa
C01,C01-E0223,T08,Professional,2025-06-16,2026-06-16,Expirada
C01,C01-E0183,T08,Enterprise,2025-07-12,2026-07-12,Expirada
C01,C01-E0360,T08,Professional,2025-07-22,2026-07-22,Expirada
C01,C01-E0149,T08,Professional,2025-07-16,2026-07-16,Expirada
C01,C01-E0342,T08,Enterprise,2025-07-19,2026-07-19,Expirada
C01,C01-E0294,T08,Standard,2025-07-20,2026-07-20,Ativa
C01,C01-E0099,T08,Professional,2025-06-18,2026-06-18,Expirada
C01,C01-E0298,T08,Enterprise,2025-07-23,2026-07-23,Expirada
C01,C01-E0274,T08,Professional,2025-07-22,,Ativa
C01,C01-E0119,T08,Standard,2025-06-14,2026-06-14,Expirada
C01,C01-E0237,T08,Standard,2025-07-17,2026-07-17,Ativa
C01,C01-E0192,T08,Professional,2025-07-07,,Ativa
C01,C01-E0132,T08,Standard,2025-06-20,,Ativa
C01,C01-E0285,T08,Professional,2025-08-01,2026-08-01,Expirada
C01,C01-E0253,T08,Standard,2025-06-21,2026-06-21,Expirada
C01,C01-E0093,T08,Enterprise,2025-07-02,,Ativa
C01,C01-E0057,T08,Standard,2025-07-02,2026-07-02,Expirada
C01,C01-E0014,T08,Enterprise,2025-07-20,2026-07-20,Expirada
C01,C01-E0179,T08,Professional,2025-07-16,2026-07-16,Expirada
C01,C01-E0017,T08,Standard,2025-08-04,2026-08-04,Expirada
C01,C01-E0117,T08,Standard,2025-06-28,,Ativa
C01,C01-E0103,T08,Professional,2025-06-03,2026-06-03,Expirada
C01,C01-E0265,T08,Standard,2025-06-16,2026-06-16,Ativa
C01,C01-E0329,T08,Professional,2025-07-27,2026-07-27,Expirada
C01,C01-E0190,T08,Professional,2025-07-12,2026-07-12,Ativa
C01,C01-E0331,T08,Professional,2025-08-06,2026-08-06,Expirada
C01,C01-E0300,T08,Enterprise,2025-06-13,,Ativa
C01,C01-E0146,T08,Enterprise,2025-07-10,2026-07-10,Expirada
C01,C01-E0155,T08,Professional,2025-06-06,2026-06-06,Ativa
C01,C01-E0141,T08,Professional,2025-07-21,2026-07-21,Expirada
C01,C01-E0235,T08,Enterprise,2025-08-05,2026-08-05,Expirada
C01,C01-E0264,T08,Professional,2025-07-05,2026-07-05,Ativa
C01,C01-E0127,T08,Standard,2025-07-06,2026-07-06,Expirada
C01,C01-E0278,T08,Standard,2025-07-07,2026-07-07,Expirada
C01,C01-E0166,T08,Enterprise,2025-07-03,,Ativa
C01,C01-E0339,T08,Enterprise,2025-07-26,2026-07-26,Expirada
C01,C01-E0282,T08,Enterprise,2025-07-15,2026-07-15,Expirada
C01,C01-E0356,T08,Professional,2025-07-07,,Ativa
C01,C01-E0308,T08,Standard,2025-07-18,,Ativa
C01,C01-E0316,T08,Professional,2025-06-08,2026-06-08,Expirada
C01,C01-E0293,T08,Enterprise,2025-06-16,,Ativa
C01,C01-E0226,T08,Standard,2025-06-08,,Ativa
C01,C01-E0089,T08,Standard,2025-07-14,,Ativa
C01,C01-E0104,T08,Standard,2025-06-23,,Ativa
C01,C01-E0071,T08,Professional,2025-07-25,,Ativa
C01,C01-E0163,T08,Professional,2025-06-05,2026-06-05,Ativa
C01,C01-E0140,T08,Professional,2025-06-23,2026-06-23,Ativa
C01,C01-E0343,T08,Professional,2025-06-29,2026-06-29,Ativa
C01,C01-E0299,T08,Enterprise,2025-07-16,2026-07-16,Ativa
C01,C01-E0064,T08,Enterprise,2025-06-28,2026-06-28,Ativa
C01,C01-E0105,T08,Standard,2025-06-23,2026-06-23,Expirada
C01,C01-E0186,T08,Professional,2025-07-08,2026-07-08,Expirada
C01,C01-E0111,T08,Standard,2025-06-21,,Ativa
C01,C01-E0095,T08,Enterprise,2025-07-21,,Revogada
C01,C01-E0341,T08,Standard,2025-07-18,,Revogada
C01,C01-E0152,T08,Enterprise,2025-08-08,2026-08-08,Ativa
C01,C01-E0121,T08,Enterprise,2025-07-08,2026-07-08,Ativa
C01,C01-E0216,T08,Professional,2025-07-31,2026-07-31,Ativa
C01,C01-E0006,T08,Professional,2025-06-23,2026-06-23,Expirada
C01,C01-E0215,T08,Enterprise,2025-07-17,,Ativa
C01,C01-E0176,T08,Standard,2025-08-07,2026-08-07,Expirada
C01,C01-E0277,T08,Standard,2025-07-28,,Ativa
C01,C01-E0273,T08,Standard,2025-07-29,2026-07-29,Expirada
C01,C01-E0178,T08,Professional,2025-06-26,,Ativa
C01,C01-E0138,T08,Professional,2025-06-23,2026-06-23,Ativa
C01,C01-E0010,T08,Standard,2025-06-21,2026-06-21,Expirada
C01,C01-E0204,T08,Professional,2025-06-20,2026-06-20,Ativa
C01,C01-E0063,T08,Professional,2025-06-07,,Ativa
C01,C01-E0009,T08,Professional,2025-07-09,2026-07-09,Expirada
C01,C01-E0109,T08,Enterprise,2025-06-29,2026-06-29,Ativa
C01,C01-E0363,T08,Professional,2025-06-18,2026-06-18,Ativa
C01,C01-E0001,T08,Enterprise,2025-07-09,2026-07-09,Expirada
C01,C01-E0323,T08,Enterprise,2025-07-03,2026-07-03,Expirada
C01,C01-E0004,T08,Professional,2025-07-04,,Ativa
C01,C01-E0269,T08,Enterprise,2025-07-15,,Revogada
C01,C01-E0024,T08,Standard,2025-07-11,2026-07-11,Ativa
C01,C01-E0291,T08,Enterprise,2025-07-09,2026-07-09,Expirada
C01,C01-E0070,T08,Professional,2025-06-10,2026-06-10,Expirada
C01,C01-E0187,T08,Standard,2025-06-23,2026-06-23,Ativa
C01,C01-E0046,T08,Enterprise,2025-07-02,2026-07-02,Ativa
C01,C01-E0228,T08,Enterprise,2025-06-25,2026-06-25,Ativa
C01,C01-E0101,T08,Standard,2025-07-17,,Ativa
C01,C01-E0243,T08,Professional,2025-06-30,2026-06-30,Ativa
C01,C01-E0208,T08,Professional,2025-07-22,,Ativa
C01,C01-E0034,T08,Enterprise,2025-06-23,2026-06-23,Ativa
C01,C01-E0134,T08,Professional,2025-06-29,2026-06-29,Expirada
C01,C01-E0048,T08,Enterprise,2025-06-21,2026-06-21,Ativa
C01,C01-E0254,T08,Standard,2025-07-05,,Ativa
C01,C01-E0142,T08,Enterprise,2025-07-17,,Ativa
C01,C01-E0135,T08,Professional,2025-07-19,,Ativa
C01,C01-E0312,T08,Standard,2025-07-23,2026-07-23,Expirada
C01,C01-E0326,T08,Enterprise,2025-06-15,2026-06-15,Expirada
C01,C01-E0137,T08,Standard,2025-07-01,,Ativa
C01,C01-E0205,T08,Professional,2025-06-12,,Ativa
C01,C01-E0315,T08,Professional,2025-06-22,2026-06-22,Expirada
C01,C01-E0191,T08,Enterprise,2025-07-24,2026-07-24,Expirada
C01,C01-E0244,T08,Standard,2025-07-15,,Ativa
C01,C01-E0289,T08,Professional,2025-06-30,2026-06-30,Expirada
C01,C01-E0246,T08,Professional,2025-06-18,2026-06-18,Expirada
C01,C01-E0092,T08,Standard,2025-07-16,2026-07-16,Ativa
C01,C01-E0013,T08,Enterprise,2025-07-20,2026-07-20,Expirada
C01,C01-E0067,T08,Enterprise,2025-07-13,2026-07-13,Expirada
C01,C01-E0279,T08,Enterprise,2025-08-03,,Ativa
C01,C01-E0077,T08,Professional,2025-07-29,2026-07-29,Expirada
C01,C01-E0181,T08,Professional,2025-07-12,,Ativa
C01,C01-E0044,T08,Professional,2025-07-09,2026-07-09,Expirada
C01,C01-E0267,T08,Enterprise,2025-07-17,2026-07-17,Ativa
C01,C01-E0252,T08,Standard,2025-06-24,2026-06-24,Expirada
C01,C01-E0292,T12,Enterprise,2025-07-28,,Revogada
C01,C01-E0110,T12,Enterprise,2025-06-19,2026-06-19,Expirada
C01,C01-E0100,T12,Enterprise,2025-06-28,2026-06-28,Expirada
C01,C01-E0152,T12,Enterprise,2025-06-29,,Ativa
C01,C01-E0247,T12,Enterprise,2025-07-20,2026-07-20,Ativa
C01,C01-E0004,T12,Enterprise,2025-06-24,2026-06-24,Ativa
C01,C01-E0124,T12,Enterprise,2025-06-20,2026-06-20,Expirada
C01,C01-E0254,T12,Enterprise,2025-06-24,2026-06-24,Expirada
C01,C01-E0158,T12,Enterprise,2025-07-20,2026-07-20,Ativa
C01,C01-E0294,T12,Enterprise,2025-07-04,2026-07-04,Ativa
C01,C01-E0315,T12,Enterprise,2025-07-17,2026-07-17,Expirada
C01,C01-E0052,T12,Enterprise,2025-06-18,2026-06-18,Ativa
C01,C01-E0167,T12,Enterprise,2025-07-12,2026-07-12,Ativa
C01,C01-E0028,T12,Enterprise,2025-07-26,,Ativa
C01,C01-E0248,T12,Enterprise,2025-07-08,,Ativa
C01,C01-E0104,T12,Enterprise,2025-08-05,2026-08-05,Expirada
C01,C01-E0175,T12,Enterprise,2025-07-09,2026-07-09,Expirada
C02,C02-E0053,T09,Standard,2025-07-05,2026-07-05,Expirada
C02,C02-E0116,T09,Professional,2025-07-14,,Ativa
C02,C02-E0101,T09,Enterprise,2025-07-05,2026-07-05,Ativa
C02,C02-E0037,T09,Professional,2025-08-03,,Ativa
C02,C02-E0030,T09,Enterprise,2025-07-24,2026-07-24,Expirada
C02,C02-E0042,T09,Professional,2025-07-06,,Ativa
C02,C02-E0013,T09,Professional,2025-07-12,,Ativa
C02,C02-E0005,T09,Professional,2025-06-26,2026-06-26,Expirada
C02,C02-E0106,T09,Enterprise,2025-07-25,2026-07-25,Ativa
C02,C02-E0027,T09,Standard,2025-06-13,2026-06-13,Expirada
C02,C02-E0071,T09,Enterprise,2025-07-05,,Ativa
C02,C02-E0102,T09,Professional,2025-06-28,2026-06-28,Expirada
C02,C02-E0075,T09,Professional,2025-07-07,,Ativa
C02,C02-E0079,T09,Professional,2025-06-02,,Ativa
C02,C02-E0045,T09,Enterprise,2025-07-30,2026-07-30,Ativa
C02,C02-E0100,T09,Enterprise,2025-07-02,,Ativa
C02,C02-E0050,T09,Professional,2025-06-29,2026-06-29,Expirada
C02,C02-E0099,T09,Standard,2025-07-16,2026-07-16,Ativa
C02,C02-E0090,T09,Enterprise,2025-08-01,2026-08-01,Ativa
C02,C02-E0032,T09,Professional,2025-06-24,2026-06-24,Ativa
C02,C02-E0014,T09,Standard,2025-06-27,2026-06-27,Ativa
C02,C02-E0076,T09,Enterprise,2025-07-01,2026-07-01,Expirada
C02,C02-E0078,T09,Enterprise,2025-07-14,2026-07-14,Ativa
C02,C02-E0055,T09,Standard,2025-07-16,2026-07-16,Expirada
C02,C02-E0103,T09,Standard,2025-06-24,,Ativa
C02,C02-E0039,T09,Enterprise,2025-06-14,2026-06-14,Ativa
C02,C02-E0026,T09,Enterprise,2025-06-06,2026-06-06,Ativa
C02,C02-E0008,T09,Standard,2025-07-05,2026-07-05,Ativa
C02,C02-E0089,T09,Enterprise,2025-07-02,2026-07-02,Expirada
C02,C02-E0086,T09,Enterprise,2025-07-13,,Ativa
C02,C02-E0104,T09,Enterprise,2025-07-13,,Ativa
C02,C02-E0118,T09,Professional,2025-07-12,2026-07-12,Ativa
C02,C02-E0081,T09,Professional,2025-07-11,2026-07-11,Expirada
C02,C02-E0044,T09,Enterprise,2025-06-12,2026-06-12,Ativa
C02,C02-E0072,T09,Enterprise,2025-06-25,,Ativa
C02,C02-E0003,T09,Professional,2025-06-10,,Ativa
C02,C02-E0040,T09,Professional,2025-07-10,,Ativa
C02,C02-E0119,T09,Standard,2025-07-21,2026-07-21,Expirada
C02,C02-E0067,T09,Standard,2025-06-19,2026-06-19,Expirada
C02,C02-E0009,T09,Enterprise,2025-06-18,2026-06-18,Ativa
C02,C02-E0023,T09,Professional,2025-06-16,2026-06-16,Expirada
C02,C02-E0066,T09,Professional,2025-07-19,2026-07-19,Ativa
C02,C02-E0017,T09,Standard,2025-07-06,,Ativa
C02,C02-E0094,T09,Enterprise,2025-07-10,2026-07-10,Expirada
C02,C02-E0120,T09,Professional,2025-06-22,,Ativa
C02,C02-E0082,T09,Enterprise,2025-07-12,2026-07-12,Expirada
C02,C02-E0012,T09,Enterprise,2025-06-18,,Revogada
C02,C02-E0038,T09,Standard,2025-06-16,,Ativa
C02,C02-E0111,T09,Standard,2025-06-19,2026-06-19,Ativa
C02,C02-E0070,T09,Standard,2025-06-30,,Ativa
C02,C02-E0006,T09,Standard,2025-06-21,,Ativa
C02,C02-E0057,T09,Professional,2025-08-07,2026-08-07,Expirada
C02,C02-E0018,T09,Standard,2025-07-09,,Ativa
C02,C02-E0019,T09,Professional,2025-07-27,2026-07-27,Expirada
C02,C02-E0031,T09,Professional,2025-07-16,2026-07-16,Ativa
C02,C02-E0059,T09,Standard,2025-07-12,,Ativa
C02,C02-E0060,T09,Professional,2025-08-06,,Ativa
C02,C02-E0010,T09,Enterprise,2025-07-11,2026-07-11,Ativa
C02,C02-E0077,T09,Enterprise,2025-06-20,2026-06-20,Expirada
C02,C02-E0049,T09,Professional,2025-07-13,2026-07-13,Expirada
C02,C02-E0007,T09,Enterprise,2025-07-07,2026-07-07,Expirada
C02,C02-E0028,T09,Standard,2025-07-12,2026-07-12,Expirada
C02,C02-E0085,T09,Enterprise,2025-07-11,2026-07-11,Expirada
C02,C02-E0115,T09,Standard,2025-07-01,2026-07-01,Ativa
C02,C02-E0024,T09,Professional,2025-07-03,2026-07-03,Expirada
C02,C02-E0114,T09,Enterprise,2025-07-31,2026-07-31,Ativa
C02,C02-E0096,T09,Standard,2025-07-07,,Revogada
C02,C02-E0068,T09,Standard,2025-07-16,2026-07-16,Expirada
C02,C02-E0098,T09,Enterprise,2025-06-27,,Ativa
C02,C02-E0117,T09,Professional,2025-07-05,,Ativa
C02,C02-E0035,T09,Standard,2025-06-04,2026-06-04,Ativa
C02,C02-E0083,T09,Enterprise,2025-07-14,,Ativa
C02,C02-E0105,T09,Enterprise,2025-07-16,2026-07-16,Ativa
C02,C02-E0002,T09,Standard,2025-06-27,,Revogada
C02,C02-E0048,T09,Professional,2025-06-30,,Ativa
C02,C02-E0113,T09,Enterprise,2025-07-31,2026-07-31,Ativa
C02,C02-E0092,T09,Professional,2025-07-09,2026-07-09,Expirada
C02,C02-E0084,T09,Professional,2025-07-19,2026-07-19,Expirada
C02,C02-E0020,T09,Professional,2025-06-19,,Ativa
C02,C02-E0088,T09,Professional,2025-06-18,2026-06-18,Expirada
C02,C02-E0097,T09,Enterprise,2025-06-11,2026-06-11,Ativa
C02,C02-E0041,T09,Enterprise,2025-07-18,2026-07-18,Expirada
C02,C02-E0016,T09,Enterprise,2025-06-19,,Ativa
C02,C02-E0080,T09,Professional,2025-06-30,,Ativa
C02,C02-E0025,T09,Standard,2025-07-06,2026-07-06,Expirada
C02,C02-E0047,T09,Professional,2025-07-22,,Ativa
C02,C02-E0091,T09,Professional,2025-06-30,2026-06-30,Expirada
C02,C02-E0069,T09,Enterprise,2025-07-03,2026-07-03,Expirada
C02,C02-E0112,T09,Standard,2025-07-15,2026-07-15,Expirada
C02,C02-E0052,T09,Professional,2025-07-02,2026-07-02,Expirada
C02,C02-E0029,T09,Standard,2025-07-27,2026-07-27,Expirada
C02,C02-E0036,T09,Standard,2025-07-20,2026-07-20,Expirada
C02,C02-E0015,T09,Standard,2025-06-15,,Ativa
C02,C02-E0063,T09,Enterprise,2025-06-11,2026-06-11,Expirada
C02,C02-E0074,T09,Standard,2025-07-21,,Revogada
C02,C02-E0051,T09,Enterprise,2025-06-30,2026-06-30,Expirada
C02,C02-E0065,T09,Professional,2025-07-15,2026-07-15,Expirada
C02,C02-E0004,T09,Professional,2025-07-01,,Ativa
C02,C02-E0054,T09,Enterprise,2025-06-19,2026-06-19,Ativa
C02,C02-E0022,T09,Standard,2025-07-20,,Ativa
C02,C02-E0108,T09,Standard,2025-07-08,2026-07-08,Ativa
C02,C02-E0109,T09,Enterprise,2025-06-25,2026-06-25,Expirada
C02,C02-E0056,T09,Enterprise,2025-07-25,2026-07-25,Expirada
C02,C02-E0073,T09,Enterprise,2025-07-07,2026-07-07,Ativa
C02,C02-E0087,T09,Professional,2025-07-28,2026-07-28,Expirada
C02,C02-E0064,T09,Professional,2025-07-11,,Ativa
C02,C02-E0110,T09,Professional,2025-07-13,2026-07-13,Ativa
C02,C02-E0021,T09,Enterprise,2025-07-03,2026-07-03,Ativa
C02,C02-E0001,T09,Standard,2025-07-11,2026-07-11,Ativa
C02,C02-E0062,T09,Enterprise,2025-06-19,,Ativa
C02,C02-E0061,T09,Standard,2025-07-06,2026-07-06,Ativa
C02,C02-E0046,T09,Enterprise,2025-06-22,2026-06-22,Ativa
C02,C02-E0058,T09,Professional,2025-07-28,2026-07-28,Expirada
C02,C02-E0033,T09,Enterprise,2025-07-14,2026-07-14,Ativa
C02,C02-E0011,T09,Standard,2025-07-07,,Ativa
C02,C02-E0043,T09,Professional,2025-07-01,2026-07-01,Expirada
C02,C02-E0087,T01,Standard,2025-06-29,2026-06-29,Ativa
C02,C02-E0117,T01,Enterprise,2025-06-20,2026-06-20,Expirada
C02,C02-E0026,T01,Standard,2025-07-16,2026-07-16,Expirada
C02,C02-E0061,T01,Standard,2025-06-21,2026-06-21,Expirada
C02,C02-E0058,T01,Standard,2025-06-30,,Ativa
C02,C02-E0065,T01,Professional,2025-07-28,2026-07-28,Ativa
C02,C02-E0075,T01,Standard,2025-06-16,2026-06-16,Expirada
C02,C02-E0004,T01,Professional,2025-07-09,,Ativa
C02,C02-E0090,T01,Standard,2025-07-14,2026-07-14,Expirada
C02,C02-E0080,T01,Standard,2025-07-02,2026-07-02,Ativa
C02,C02-E0032,T01,Professional,2025-07-15,2026-07-15,Ativa
C02,C02-E0031,T01,Standard,2025-06-25,,Ativa
C02,C02-E0093,T01,Professional,2025-07-07,2026-07-07,Expirada
C02,C02-E0034,T01,Standard,2025-07-14,,Ativa
C02,C02-E0033,T01,Standard,2025-07-06,2026-07-06,Expirada
C02,C02-E0030,T01,Enterprise,2025-06-07,2026-06-07,Ativa
C02,C02-E0118,T01,Standard,2025-06-24,,Revogada
C02,C02-E0016,T01,Enterprise,2025-06-23,2026-06-23,Expirada
C02,C02-E0039,T01,Standard,2025-07-18,2026-07-18,Expirada
C02,C02-E0021,T01,Standard,2025-07-22,,Ativa
C02,C02-E0115,T01,Professional,2025-06-19,2026-06-19,Expirada
C02,C02-E0001,T01,Standard,2025-07-31,,Ativa
C02,C02-E0086,T01,Enterprise,2025-06-15,2026-06-15,Ativa
C02,C02-E0074,T01,Enterprise,2025-07-20,2026-07-20,Expirada
C02,C02-E0040,T01,Standard,2025-06-18,2026-06-18,Ativa
C02,C02-E0027,T01,Professional,2025-06-17,2026-06-17,Ativa
C02,C02-E0029,T01,Professional,2025-06-05,2026-06-05,Ativa
C02,C02-E0082,T01,Professional,2025-06-12,,Ativa
C02,C02-E0014,T01,Standard,2025-07-03,,Ativa
C02,C02-E0094,T01,Enterprise,2025-07-12,2026-07-12,Expirada
C02,C02-E0048,T01,Professional,2025-07-02,2026-07-02,Expirada
C02,C02-E0024,T01,Enterprise,2025-06-06,2026-06-06,Ativa
C02,C02-E0083,T01,Enterprise,2025-07-10,2026-07-10,Expirada
C02,C02-E0042,T01,Standard,2025-06-27,2026-06-27,Expirada
C02,C02-E0005,T01,Professional,2025-06-23,2026-06-23,Expirada
C02,C02-E0044,T01,Enterprise,2025-07-16,2026-07-16,Ativa
C02,C02-E0002,T01,Professional,2025-07-21,2026-07-21,Expirada
C02,C02-E0102,T01,Professional,2025-06-15,2026-06-15,Expirada
C02,C02-E0037,T01,Enterprise,2025-07-14,2026-07-14,Expirada
C02,C02-E0020,T01,Professional,2025-08-05,2026-08-05,Expirada
C02,C02-E0071,T01,Standard,2025-07-25,2026-07-25,Ativa
C02,C02-E0007,T01,Enterprise,2025-07-01,2026-07-01,Expirada
C02,C02-E0006,T01,Standard,2025-06-27,2026-06-27,Ativa
C02,C02-E0022,T01,Professional,2025-08-02,2026-08-02,Expirada
C02,C02-E0084,T01,Professional,2025-06-12,,Ativa
C02,C02-E0015,T01,Enterprise,2025-06-27,2026-06-27,Expirada
C02,C02-E0064,T01,Professional,2025-07-26,2026-07-26,Expirada
C02,C02-E0112,T01,Enterprise,2025-08-01,,Ativa
C02,C02-E0017,T01,Professional,2025-07-03,2026-07-03,Expirada
C02,C02-E0035,T01,Enterprise,2025-06-28,,Ativa
C02,C02-E0079,T01,Enterprise,2025-07-31,2026-07-31,Expirada
C02,C02-E0077,T01,Enterprise,2025-07-01,2026-07-01,Ativa
C02,C02-E0095,T01,Standard,2025-07-18,,Ativa
C02,C02-E0085,T01,Enterprise,2025-07-29,,Ativa
C02,C02-E0110,T01,Enterprise,2025-07-08,2026-07-08,Expirada
C02,C02-E0068,T01,Professional,2025-07-30,,Revogada
C02,C02-E0043,T01,Standard,2025-06-14,2026-06-14,Ativa
C02,C02-E0105,T01,Enterprise,2025-06-17,,Ativa
C02,C02-E0036,T01,Standard,2025-06-07,2026-06-07,Expirada
C02,C02-E0047,T01,Standard,2025-07-06,2026-07-06,Expirada
C02,C02-E0069,T01,Professional,2025-06-18,,Ativa
C02,C02-E0078,T01,Enterprise,2025-07-28,2026-07-28,Expirada
C02,C02-E0088,T01,Standard,2025-06-10,2026-06-10,Expirada
C02,C02-E0028,T01,Standard,2025-07-06,2026-07-06,Ativa
C02,C02-E0038,T01,Professional,2025-06-24,,Ativa
C02,C02-E0096,T01,Professional,2025-07-21,2026-07-21,Ativa
C02,C02-E0076,T01,Professional,2025-06-19,2026-06-19,Expirada
C02,C02-E0119,T01,Professional,2025-07-09,,Ativa
C02,C02-E0025,T01,Standard,2025-07-12,2026-07-12,Expirada
C02,C02-E0055,T01,Professional,2025-07-04,,Ativa
C02,C02-E0056,T01,Standard,2025-06-30,2026-06-30,Expirada
C02,C02-E0011,T01,Professional,2025-07-16,2026-07-16,Expirada
C02,C02-E0091,T01,Professional,2025-06-29,2026-06-29,Ativa
C02,C02-E0023,T01,Enterprise,2025-06-12,2026-06-12,Expirada
C02,C02-E0049,T01,Enterprise,2025-07-13,2026-07-13,Expirada
C02,C02-E0109,T01,Professional,2025-07-11,2026-07-11,Expirada
C02,C02-E0018,T01,Enterprise,2025-07-10,2026-07-10,Ativa
C02,C02-E0010,T01,Standard,2025-06-27,,Ativa
C02,C02-E0046,T01,Enterprise,2025-07-09,2026-07-09,Ativa
C02,C02-E0067,T01,Enterprise,2025-07-10,,Ativa
C02,C02-E0019,T01,Standard,2025-08-04,2026-08-04,Expirada
C02,C02-E0103,T01,Enterprise,2025-07-20,,Ativa
C02,C02-E0107,T01,Enterprise,2025-06-30,2026-06-30,Expirada
C02,C02-E0081,T01,Professional,2025-06-18,,Ativa
C02,C02-E0097,T01,Enterprise,2025-08-07,,Ativa
C02,C02-E0053,T01,Enterprise,2025-06-22,2026-06-22,Expirada
C02,C02-E0045,T01,Enterprise,2025-06-14,,Ativa
C02,C02-E0101,T01,Standard,2025-07-24,2026-07-24,Expirada
C02,C02-E0062,T01,Enterprise,2025-07-06,2026-07-06,Ativa
C02,C02-E0116,T01,Enterprise,2025-07-25,,Ativa
C02,C02-E0089,T01,Professional,2025-06-30,2026-06-30,Expirada
C02,C02-E0099,T01,Enterprise,2025-06-24,2026-06-24,Expirada
C02,C02-E0111,T01,Standard,2025-07-05,,Ativa
C02,C02-E0073,T01,Enterprise,2025-07-13,2026-07-13,Ativa
C02,C02-E0003,T01,Professional,2025-06-19,,Ativa
C02,C02-E0072,T01,Standard,2025-07-03,2026-07-03,Expirada
C02,C02-E0100,T01,Professional,2025-07-07,,Ativa
C02,C02-E0060,T01,Enterprise,2025-06-21,2026-06-21,Expirada
C02,C02-E0009,T01,Enterprise,2025-07-18,2026-07-18,Ativa
C02,C02-E0063,T01,Enterprise,2025-06-27,2026-06-27,Ativa
C02,C02-E0008,T01,Enterprise,2025-06-12,,Ativa
C02,C02-E0066,T01,Enterprise,2025-07-07,,Ativa
C02,C02-E0120,T01,Professional,2025-07-27,,Ativa
C02,C02-E0106,T01,Enterprise,2025-06-28,2026-06-28,Expirada
C02,C02-E0108,T01,Professional,2025-07-09,2026-07-09,Ativa
C02,C02-E0057,T01,Professional,2025-07-27,2026-07-27,Expirada
C02,C02-E0104,T01,Professional,2025-07-11,,Ativa
C02,C02-E0050,T01,Standard,2025-06-22,2026-06-22,Expirada
C02,C02-E0012,T01,Enterprise,2025-07-08,,Ativa
C02,C02-E0041,T01,Standard,2025-08-10,2026-08-10,Ativa
C02,C02-E0013,T01,Professional,2025-07-22,2026-07-22,Expirada
C02,C02-E0059,T01,Standard,2025-07-28,,Revogada
C02,C02-E0037,T07,Enterprise,2025-07-30,,Ativa
C02,C02-E0012,T07,Standard,2025-07-11,2026-07-11,Ativa
C02,C02-E0036,T07,Enterprise,2025-06-30,2026-06-30,Expirada
C02,C02-E0044,T07,Standard,2025-07-10,2026-07-10,Ativa
C02,C02-E0063,T07,Professional,2025-07-21,2026-07-21,Ativa
C02,C02-E0064,T07,Professional,2025-07-14,2026-07-14,Expirada
C02,C02-E0117,T07,Enterprise,2025-08-01,,Ativa
C02,C02-E0042,T07,Enterprise,2025-08-01,2026-08-01,Ativa
C02,C02-E0089,T07,Enterprise,2025-06-17,2026-06-17,Expirada
C02,C02-E0074,T07,Professional,2025-07-11,2026-07-11,Ativa
C02,C02-E0061,T07,Enterprise,2025-06-05,,Ativa
C02,C02-E0086,T07,Standard,2025-06-20,,Ativa
C02,C02-E0029,T07,Standard,2025-07-29,2026-07-29,Ativa
C02,C02-E0050,T07,Standard,2025-07-10,,Ativa
C02,C02-E0088,T07,Professional,2025-07-18,2026-07-18,Ativa
C02,C02-E0033,T07,Professional,2025-07-04,,Ativa
C02,C02-E0096,T07,Standard,2025-06-06,2026-06-06,Expirada
C02,C02-E0053,T07,Standard,2025-07-08,2026-07-08,Expirada
C02,C02-E0113,T07,Enterprise,2025-07-11,2026-07-11,Ativa
C02,C02-E0049,T07,Enterprise,2025-07-09,,Ativa
C02,C02-E0094,T07,Professional,2025-07-24,,Ativa
C02,C02-E0057,T07,Standard,2025-07-14,2026-07-14,Ativa
C02,C02-E0015,T07,Enterprise,2025-06-17,2026-06-17,Expirada
C02,C02-E0085,T07,Standard,2025-07-08,,Ativa
C02,C02-E0087,T07,Standard,2025-08-02,,Ativa
C02,C02-E0097,T07,Professional,2025-07-04,2026-07-04,Expirada
C02,C02-E0103,T07,Standard,2025-07-21,2026-07-21,Ativa
C02,C02-E0023,T07,Enterprise,2025-06-22,2026-06-22,Expirada
C02,C02-E0069,T07,Standard,2025-07-24,2026-07-24,Expirada
C02,C02-E0014,T07,Professional,2025-07-19,2026-07-19,Ativa
C02,C02-E0002,T07,Standard,2025-07-25,2026-07-25,Ativa
C02,C02-E0090,T07,Standard,2025-07-12,2026-07-12,Expirada
C02,C02-E0026,T07,Enterprise,2025-06-24,,Ativa
C02,C02-E0107,T07,Standard,2025-06-16,,Ativa
C02,C02-E0068,T07,Standard,2025-07-10,2026-07-10,Ativa
C02,C02-E0045,T07,Professional,2025-06-26,2026-06-26,Expirada
C02,C02-E0007,T07,Standard,2025-07-28,2026-07-28,Expirada
C02,C02-E0108,T07,Standard,2025-06-14,2026-06-14,Ativa
C02,C02-E0040,T07,Enterprise,2025-07-31,2026-07-31,Expirada
C02,C02-E0030,T07,Enterprise,2025-07-05,2026-07-05,Expirada
C02,C02-E0072,T07,Professional,2025-06-30,2026-06-30,Ativa
C02,C02-E0060,T07,Professional,2025-06-22,,Ativa
C02,C02-E0106,T07,Standard,2025-06-21,2026-06-21,Expirada
C02,C02-E0016,T07,Enterprise,2025-06-18,2026-06-18,Ativa
C02,C02-E0020,T07,Standard,2025-07-23,2026-07-23,Ativa
C02,C02-E0071,T07,Enterprise,2025-07-09,,Ativa
C02,C02-E0017,T07,Standard,2025-08-07,2026-08-07,Expirada
C02,C02-E0082,T07,Enterprise,2025-06-16,2026-06-16,Ativa
C02,C02-E0065,T07,Enterprise,2025-08-02,2026-08-02,Ativa
C02,C02-E0004,T07,Standard,2025-06-24,,Ativa
C02,C02-E0046,T07,Standard,2025-06-06,2026-06-06,Expirada
C02,C02-E0028,T07,Professional,2025-07-13,2026-07-13,Ativa
C02,C02-E0073,T07,Standard,2025-07-10,,Ativa
C02,C02-E0047,T07,Professional,2025-06-13,2026-06-13,Ativa
C02,C02-E0114,T07,Enterprise,2025-08-04,2026-08-04,Ativa
C02,C02-E0066,T05,Professional,2025-07-07,2026-07-07,Expirada
C02,C02-E0064,T05,Standard,2025-07-20,2026-07-20,Ativa
C02,C02-E0015,T05,Professional,2025-06-22,2026-06-22,Ativa
C02,C02-E0028,T05,Standard,2025-06-24,2026-06-24,Expirada
C02,C02-E0023,T05,Standard,2025-06-22,,Ativa
C02,C02-E0110,T05,Enterprise,2025-07-04,2026-07-04,Expirada
C02,C02-E0021,T05,Standard,2025-06-21,2026-06-21,Expirada
C02,C02-E0100,T05,Standard,2025-07-13,2026-07-13,Expirada
C02,C02-E0113,T05,Professional,2025-06-10,2026-06-10,Expirada
C02,C02-E0071,T05,Enterprise,2025-06-22,2026-06-22,Expirada
C02,C02-E0055,T05,Standard,2025-07-14,2026-07-14,Expirada
C02,C02-E0038,T05,Standard,2025-07-15,2026-07-15,Ativa
C02,C02-E0011,T05,Enterprise,2025-06-26,,Ativa
C02,C02-E0001,T05,Professional,2025-07-08,2026-07-08,Expirada
C02,C02-E0029,T05,Professional,2025-07-13,2026-07-13,Expirada
C02,C02-E0007,T05,Enterprise,2025-07-17,,Revogada
C02,C02-E0104,T05,Professional,2025-07-11,2026-07-11,Ativa
C02,C02-E0017,T05,Standard,2025-07-27,2026-07-27,Ativa
C02,C02-E0048,T05,Enterprise,2025-07-08,2026-07-08,Expirada
C02,C02-E0050,T05,Standard,2025-07-03,,Ativa
C02,C02-E0098,T05,Enterprise,2025-07-30,,Ativa
C02,C02-E0057,T05,Enterprise,2025-07-01,,Ativa
C02,C02-E0120,T05,Standard,2025-07-06,,Ativa
C02,C02-E0043,T05,Professional,2025-07-21,2026-07-21,Ativa
C02,C02-E0008,T05,Standard,2025-06-05,2026-06-05,Ativa
C02,C02-E0089,T05,Professional,2025-06-26,2026-06-26,Ativa
C02,C02-E0026,T05,Enterprise,2025-07-02,,Ativa
C02,C02-E0118,T05,Professional,2025-07-14,,Ativa
C02,C02-E0075,T05,Standard,2025-07-11,,Ativa
C02,C02-E0109,T05,Enterprise,2025-06-24,2026-06-24,Expirada
C02,C02-E0053,T05,Enterprise,2025-07-14,2026-07-14,Ativa
C02,C02-E0046,T05,Enterprise,2025-07-17,2026-07-17,Expirada
C02,C02-E0035,T05,Professional,2025-07-16,2026-07-16,Ativa
C02,C02-E0115,T05,Standard,2025-08-02,,Ativa
C02,C02-E0006,T05,Professional,2025-07-20,2026-07-20,Expirada
C02,C02-E0032,T05,Enterprise,2025-06-29,2026-06-29,Expirada
C02,C02-E0092,T05,Enterprise,2025-07-26,,Ativa
C02,C02-E0090,T05,Enterprise,2025-07-12,2026-07-12,Ativa
C02,C02-E0073,T05,Professional,2025-07-28,,Ativa
C02,C02-E0081,T05,Standard,2025-06-30,,Ativa
C02,C02-E0061,T05,Standard,2025-07-22,2026-07-22,Expirada
C02,C02-E0042,T05,Enterprise,2025-07-12,,Ativa
C02,C02-E0079,T05,Professional,2025-06-15,2026-06-15,Expirada
C02,C02-E0056,T05,Enterprise,2025-07-21,,Ativa
C02,C02-E0052,T05,Professional,2025-08-03,,Ativa
C02,C02-E0030,T05,Professional,2025-07-31,2026-07-31,Expirada
C02,C02-E0085,T05,Standard,2025-07-09,2026-07-09,Expirada
C02,C02-E0062,T05,Professional,2025-06-15,2026-06-15,Expirada
C02,C02-E0093,T05,Standard,2025-07-26,2026-07-26,Expirada
C02,C02-E0009,T05,Standard,2025-06-17,2026-06-17,Expirada
C02,C02-E0112,T05,Standard,2025-07-18,2026-07-18,Expirada
C02,C02-E0019,T05,Professional,2025-06-26,,Ativa
C02,C02-E0102,T05,Enterprise,2025-07-10,,Ativa
C02,C02-E0084,T05,Enterprise,2025-06-15,2026-06-15,Expirada
C02,C02-E0099,T05,Standard,2025-06-16,,Ativa
C02,C02-E0041,T05,Professional,2025-07-19,2026-07-19,Ativa
C02,C02-E0106,T05,Enterprise,2025-07-09,,Ativa
C02,C02-E0059,T05,Professional,2025-06-11,2026-06-11,Expirada
C02,C02-E0002,T05,Professional,2025-06-10,2026-06-10,Expirada
C02,C02-E0107,T05,Standard,2025-08-02,,Ativa
C02,C02-E0102,T08,Enterprise,2025-07-05,2026-07-05,Expirada
C02,C02-E0093,T08,Enterprise,2025-06-18,,Ativa
C02,C02-E0105,T08,Enterprise,2025-07-25,2026-07-25,Ativa
C02,C02-E0005,T08,Professional,2025-07-02,,Ativa
C02,C02-E0015,T08,Professional,2025-07-13,2026-07-13,Ativa
C02,C02-E0018,T08,Professional,2025-08-09,2026-08-09,Expirada
C02,C02-E0012,T08,Standard,2025-06-21,,Ativa
C02,C02-E0011,T08,Standard,2025-06-19,2026-06-19,Ativa
C02,C02-E0028,T08,Professional,2025-07-12,,Ativa
C02,C02-E0045,T08,Enterprise,2025-08-01,2026-08-01,Expirada
C02,C02-E0024,T08,Standard,2025-08-02,2026-08-02,Expirada
C02,C02-E0118,T08,Enterprise,2025-07-20,,Ativa
C02,C02-E0027,T08,Enterprise,2025-06-29,2026-06-29,Expirada
C02,C02-E0008,T08,Standard,2025-06-07,2026-06-07,Ativa
C02,C02-E0035,T08,Enterprise,2025-07-21,2026-07-21,Expirada
C02,C02-E0064,T08,Standard,2025-07-14,2026-07-14,Ativa
C02,C02-E0079,T08,Enterprise,2025-07-31,2026-07-31,Ativa
C02,C02-E0048,T08,Professional,2025-07-28,2026-07-28,Expirada
C02,C02-E0067,T08,Enterprise,2025-06-28,,Ativa
C02,C02-E0060,T08,Professional,2025-06-25,2026-06-25,Ativa
C02,C02-E0013,T08,Standard,2025-07-07,2026-07-07,Ativa
C02,C02-E0029,T08,Professional,2025-07-08,2026-07-08,Expirada
C02,C02-E0078,T08,Enterprise,2025-06-17,2026-06-17,Ativa
C02,C02-E0062,T08,Enterprise,2025-06-26,2026-06-26,Ativa
C02,C02-E0051,T08,Standard,2025-07-06,2026-07-06,Ativa
C02,C02-E0117,T08,Standard,2025-06-27,2026-06-27,Ativa
C02,C02-E0046,T08,Enterprise,2025-07-21,2026-07-21,Expirada
C02,C02-E0053,T08,Professional,2025-07-13,,Revogada
C02,C02-E0112,T08,Professional,2025-07-01,,Ativa
C02,C02-E0025,T08,Enterprise,2025-07-16,2026-07-16,Expirada
C02,C02-E0041,T08,Standard,2025-07-26,2026-07-26,Expirada
C02,C02-E0019,T08,Standard,2025-07-10,2026-07-10,Expirada
C02,C02-E0033,T08,Enterprise,2025-06-13,2026-06-13,Expirada
C02,C02-E0057,T08,Standard,2025-07-23,2026-07-23,Expirada
C02,C02-E0010,T08,Standard,2025-06-30,2026-06-30,Expirada
C02,C02-E0115,T08,Standard,2025-07-03,2026-07-03,Ativa
C02,C02-E0039,T08,Professional,2025-07-20,2026-07-20,Expirada
C02,C02-E0055,T08,Enterprise,2025-06-20,2026-06-20,Expirada
C02,C02-E0043,T08,Professional,2025-07-23,,Ativa
C02,C02-E0073,T08,Enterprise,2025-07-20,2026-07-20,Expirada
C02,C02-E0065,T08,Professional,2025-06-06,,Ativa
C02,C02-E0098,T08,Enterprise,2025-07-11,2026-07-11,Expirada
C02,C02-E0031,T08,Professional,2025-07-24,,Revogada
C02,C02-E0004,T08,Enterprise,2025-07-01,2026-07-01,Ativa
C02,C02-E0116,T08,Enterprise,2025-08-01,2026-08-01,Ativa
C02,C02-E0036,T08,Enterprise,2025-06-12,2026-06-12,Expirada
C02,C02-E0096,T08,Professional,2025-07-12,2026-07-12,Expirada
C02,C02-E0069,T08,Enterprise,2025-07-03,2026-07-03,Expirada
C02,C02-E0077,T08,Standard,2025-07-31,,Ativa
C02,C02-E0052,T08,Standard,2025-06-27,2026-06-27,Expirada
C02,C02-E0001,T08,Enterprise,2025-07-22,2026-07-22,Expirada
C02,C02-E0110,T08,Professional,2025-07-14,,Ativa
C02,C02-E0076,T08,Standard,2025-06-22,2026-06-22,Expirada
C02,C02-E0071,T08,Professional,2025-07-10,2026-07-10,Ativa
C02,C02-E0056,T08,Professional,2025-07-28,2026-07-28,Ativa
C02,C02-E0088,T08,Professional,2025-06-20,,Ativa
C02,C02-E0058,T08,Standard,2025-07-14,,Ativa
C02,C02-E0030,T08,Standard,2025-06-26,2026-06-26,Ativa
C02,C02-E0050,T08,Standard,2025-07-14,2026-07-14,Ativa
C02,C02-E0103,T08,Enterprise,2025-06-17,2026-06-17,Ativa
C02,C02-E0108,T08,Standard,2025-07-05,,Ativa
C02,C02-E0009,T08,Standard,2025-08-02,2026-08-02,Expirada
C02,C02-E0003,T08,Standard,2025-07-02,2026-07-02,Ativa
C02,C02-E0099,T08,Enterprise,2025-06-25,,Ativa
C02,C02-E0014,T08,Professional,2025-07-12,2026-07-12,Ativa
C02,C02-E0095,T08,Standard,2025-06-17,2026-06-17,Ativa
C02,C02-E0120,T08,Standard,2025-07-12,2026-07-12,Expirada
C02,C02-E0083,T08,Enterprise,2025-07-06,2026-07-06,Expirada
C02,C02-E0007,T08,Standard,2025-06-29,2026-06-29,Expirada
C02,C02-E0063,T08,Professional,2025-07-08,2026-07-08,Ativa
C02,C02-E0081,T08,Professional,2025-07-08,2026-07-08,Ativa
C02,C02-E0074,T08,Standard,2025-07-23,2026-07-23,Expirada
C02,C02-E0075,T08,Standard,2025-08-06,2026-08-06,Expirada
C02,C02-E0061,T08,Enterprise,2025-06-20,2026-06-20,Expirada
C02,C02-E0049,T08,Enterprise,2025-06-23,2026-06-23,Ativa
C02,C02-E0111,T08,Enterprise,2025-08-06,,Ativa
C02,C02-E0084,T08,Enterprise,2025-06-21,,Ativa
C02,C02-E0080,T08,Professional,2025-06-27,2026-06-27,Ativa
C02,C02-E0038,T08,Standard,2025-06-25,2026-06-25,Expirada
C02,C02-E0017,T08,Standard,2025-07-25,,Ativa
C02,C02-E0032,T08,Enterprise,2025-06-26,2026-06-26,Expirada
C02,C02-E0114,T14,Enterprise,2025-06-28,,Ativa
C02,C02-E0110,T14,Enterprise,2025-07-27,,Revogada
C02,C02-E0033,T14,Enterprise,2025-06-08,2026-06-08,Ativa
C02,C02-E0039,T14,Enterprise,2025-07-18,2026-07-18,Ativa
C02,C02-E0049,T14,Enterprise,2025-07-04,2026-07-04,Ativa
C02,C02-E0083,T14,Enterprise,2025-07-19,2026-07-19,Expirada
C02,C02-E0007,T14,Enterprise,2025-06-25,2026-06-25,Expirada
C02,C02-E0113,T14,Enterprise,2025-07-17,2026-07-17,Expirada
C02,C02-E0048,T14,Enterprise,2025-07-26,2026-07-26,Expirada
C02,C02-E0082,T14,Enterprise,2025-07-16,2026-07-16,Ativa
C02,C02-E0003,T14,Enterprise,2025-06-18,,Ativa
C02,C02-E0112,T12,Enterprise,2025-07-13,2026-07-13,Expirada
C02,C02-E0053,T12,Enterprise,2025-07-05,,Ativa
C02,C02-E0001,T12,Enterprise,2025-06-21,,Revogada
C02,C02-E0029,T12,Enterprise,2025-07-23,,Ativa
C02,C02-E0012,T12,Enterprise,2025-07-18,2026-07-18,Expirada
C02,C02-E0039,T12,Enterprise,2025-07-25,2026-07-25,Expirada
C02,C02-E0109,T12,Enterprise,2025-07-29,2026-07-29,Expirada
C02,C02-E0049,T12,Enterprise,2025-07-07,,Ativa
C02,C02-E0014,T12,Enterprise,2025-07-11,,Ativa
C02,C02-E0043,T12,Enterprise,2025-07-24,,Ativa
C02,C02-E0011,T12,Enterprise,2025-07-15,,Ativa
C02,C02-E0088,T12,Enterprise,2025-07-07,2026-07-07,Expirada
C03,C03-E0006,T02,Professional,2025-08-29,2026-08-29,Ativa
C03,C03-E0001,T02,Standard,2025-08-30,2026-08-30,Ativa
C03,C03-E0013,T02,Enterprise,2025-09-07,2026-09-07,Revogada
C03,C03-E0026,T02,Enterprise,2025-09-08,2026-09-08,Ativa
C03,C03-E0004,T02,Standard,2025-09-12,2026-09-12,Ativa
C03,C03-E0011,T02,Enterprise,2025-09-23,,Ativa
C03,C03-E0019,T02,Enterprise,2025-08-25,,Ativa
C03,C03-E0002,T02,Enterprise,2025-09-02,2026-09-02,Ativa
C03,C03-E0027,T02,Standard,2025-09-13,,Ativa
C03,C03-E0025,T02,Standard,2025-09-15,,Ativa
C03,C03-E0010,T02,Enterprise,2025-09-30,2026-09-30,Ativa
C03,C03-E0015,T02,Professional,2025-08-26,2026-08-26,Ativa
C03,C03-E0008,T02,Enterprise,2025-09-06,,Ativa
C03,C03-E0035,T02,Standard,2025-08-08,,Ativa
C03,C03-E0032,T02,Professional,2025-09-27,,Ativa
C03,C03-E0014,T02,Professional,2025-09-26,,Ativa
C03,C03-E0024,T02,Enterprise,2025-08-11,,Ativa
C03,C03-E0017,T02,Standard,2025-08-10,,Ativa
C03,C03-E0021,T02,Standard,2025-09-20,2026-09-20,Ativa
C03,C03-E0005,T02,Standard,2025-09-13,2026-09-13,Ativa
C03,C03-E0031,T02,Enterprise,2025-09-04,2026-09-04,Ativa
C03,C03-E0016,T02,Enterprise,2025-08-15,,Ativa
C03,C03-E0022,T02,Enterprise,2025-08-29,,Ativa
C03,C03-E0028,T02,Enterprise,2025-09-20,,Revogada
C03,C03-E0003,T02,Professional,2025-09-16,2026-09-16,Ativa
C03,C03-E0012,T02,Professional,2025-08-18,2026-08-18,Ativa
C03,C03-E0034,T02,Enterprise,2025-08-13,,Ativa
C03,C03-E0023,T02,Professional,2025-09-18,2026-09-18,Ativa
C03,C03-E0019,T09,Professional,2025-09-26,2026-09-26,Ativa
C03,C03-E0009,T09,Standard,2025-09-23,2026-09-23,Ativa
C03,C03-E0013,T09,Enterprise,2025-08-14,2026-08-14,Ativa
C03,C03-E0033,T09,Enterprise,2025-09-05,2026-09-05,Ativa
C03,C03-E0004,T09,Standard,2025-09-01,,Ativa
C03,C03-E0030,T09,Professional,2025-08-27,2026-08-27,Ativa
C03,C03-E0025,T09,Professional,2025-08-25,2026-08-25,Ativa
C03,C03-E0008,T09,Standard,2025-09-14,2026-09-14,Ativa
C03,C03-E0021,T09,Professional,2025-08-28,,Revogada
C03,C03-E0016,T09,Professional,2025-09-03,,Ativa
C03,C03-E0005,T09,Enterprise,2025-09-19,2026-09-19,Ativa
C03,C03-E0014,T09,Professional,2025-09-08,,Ativa
C03,C03-E0011,T09,Professional,2025-09-04,2026-09-04,Ativa
C03,C03-E0034,T09,Enterprise,2025-09-05,,Ativa
C03,C03-E0015,T09,Standard,2025-09-26,2026-09-26,Ativa
C03,C03-E0035,T09,Enterprise,2025-09-22,,Ativa
C03,C03-E0026,T09,Professional,2025-09-26,2026-09-26,Ativa
C03,C03-E0031,T09,Professional,2025-10-11,,Ativa
C03,C03-E0023,T09,Enterprise,2025-09-22,2026-09-22,Ativa
C03,C03-E0006,T09,Professional,2025-08-29,2026-08-29,Ativa
C03,C03-E0018,T09,Standard,2025-08-27,2026-08-27,Ativa
C03,C03-E0016,T07,Professional,2025-08-31,,Revogada
C03,C03-E0026,T07,Professional,2025-09-04,,Ativa
C03,C03-E0007,T07,Enterprise,2025-08-26,2026-08-26,Ativa
C03,C03-E0019,T07,Enterprise,2025-08-24,2026-08-24,Ativa
C03,C03-E0010,T07,Standard,2025-09-08,,Revogada
C03,C03-E0012,T07,Enterprise,2025-09-01,2026-09-01,Ativa
C03,C03-E0005,T07,Professional,2025-09-11,2026-09-11,Ativa
C03,C03-E0003,T07,Professional,2025-09-29,,Ativa
C03,C03-E0018,T07,Enterprise,2025-09-29,,Ativa
C03,C03-E0009,T07,Enterprise,2025-10-15,2026-10-15,Ativa
C03,C03-E0025,T07,Professional,2025-09-08,2026-09-08,Ativa
C03,C03-E0001,T07,Enterprise,2025-09-07,,Ativa
C03,C03-E0017,T07,Professional,2025-09-26,,Ativa
C03,C03-E0035,T07,Standard,2025-08-15,2026-08-15,Ativa
C03,C03-E0016,T05,Enterprise,2025-08-19,2026-08-19,Ativa
C03,C03-E0014,T05,Enterprise,2025-09-05,,Ativa
C03,C03-E0019,T05,Professional,2025-09-22,,Ativa
C03,C03-E0002,T05,Professional,2025-09-25,2026-09-25,Ativa
C03,C03-E0001,T05,Professional,2025-08-21,2026-08-21,Ativa
C03,C03-E0011,T05,Professional,2025-09-06,2026-09-06,Ativa
C03,C03-E0034,T05,Professional,2025-09-20,2026-09-20,Ativa
C03,C03-E0031,T05,Standard,2025-09-21,2026-09-21,Ativa
C03,C03-E0003,T05,Enterprise,2025-09-09,,Ativa
C03,C03-E0004,T05,Enterprise,2025-08-24,,Ativa
C03,C03-E0006,T05,Enterprise,2025-08-12,2026-08-12,Ativa
C03,C03-E0012,T05,Enterprise,2025-09-14,2026-09-14,Ativa
C03,C03-E0008,T05,Enterprise,2025-09-06,2026-09-06,Ativa
C03,C03-E0021,T05,Professional,2025-10-06,2026-10-06,Ativa
C03,C03-E0033,T05,Standard,2025-08-17,,Ativa
C03,C03-E0017,T05,Enterprise,2025-08-12,2026-08-12,Ativa
C03,C03-E0025,T08,Professional,2025-09-05,2026-09-05,Ativa
C03,C03-E0016,T08,Professional,2025-08-06,,Ativa
C03,C03-E0001,T08,Professional,2025-09-25,2026-09-25,Ativa
C03,C03-E0005,T08,Professional,2025-08-24,,Ativa
C03,C03-E0008,T08,Professional,2025-09-06,2026-09-06,Ativa
C03,C03-E0033,T08,Standard,2025-09-12,2026-09-12,Ativa
C03,C03-E0009,T08,Standard,2025-10-06,2026-10-06,Ativa
C03,C03-E0032,T08,Enterprise,2025-10-10,2026-10-10,Ativa
C03,C03-E0014,T08,Professional,2025-09-01,2026-09-01,Ativa
C03,C03-E0002,T08,Enterprise,2025-09-08,2026-09-08,Ativa
C03,C03-E0031,T08,Standard,2025-09-25,2026-09-25,Ativa
C03,C03-E0010,T08,Enterprise,2025-08-24,2026-08-24,Ativa
C03,C03-E0020,T08,Enterprise,2025-09-08,,Ativa
C03,C03-E0013,T08,Standard,2025-09-10,2026-09-10,Ativa
C03,C03-E0035,T08,Professional,2025-08-30,,Ativa
C03,C03-E0011,T08,Professional,2025-08-29,,Ativa
C03,C03-E0021,T08,Professional,2025-08-17,2026-08-17,Ativa
C03,C03-E0012,T08,Standard,2025-08-17,2026-08-17,Ativa
C03,C03-E0029,T08,Professional,2025-09-07,2026-09-07,Ativa
C03,C03-E0015,T08,Professional,2025-09-15,2026-09-15,Ativa
C03,C03-E0027,T08,Standard,2025-08-24,2026-08-24,Ativa
C03,C03-E0022,T08,Enterprise,2025-10-12,2026-10-12,Ativa
C03,C03-E0017,T14,Enterprise,2025-08-27,2026-08-27,Ativa
C03,C03-E0009,T14,Enterprise,2025-10-08,2026-10-08,Revogada
C03,C03-E0020,T14,Enterprise,2025-09-01,,Ativa
C04,C04-E0065,T09,Enterprise,2025-08-13,,Ativa
C04,C04-E0067,T09,Standard,2025-06-14,,Ativa
C04,C04-E0018,T09,Standard,2025-06-30,2026-06-30,Expirada
C04,C04-E0104,T09,Professional,2025-06-17,2026-06-17,Ativa
C04,C04-E0040,T09,Enterprise,2025-07-10,2026-07-10,Ativa
C04,C04-E0026,T09,Professional,2025-06-22,2026-06-22,Expirada
C04,C04-E0099,T09,Enterprise,2025-08-13,,Ativa
C04,C04-E0083,T09,Enterprise,2025-07-17,2026-07-17,Expirada
C04,C04-E0012,T09,Enterprise,2025-07-09,2026-07-09,Expirada
C04,C04-E0084,T09,Enterprise,2025-06-06,,Ativa
C04,C04-E0075,T09,Professional,2025-06-22,,Ativa
C04,C04-E0093,T09,Enterprise,2025-06-19,2026-06-19,Expirada
C04,C04-E0047,T09,Enterprise,2025-07-13,,Ativa
C04,C04-E0035,T09,Enterprise,2025-06-27,2026-06-27,Ativa
C04,C04-E0101,T09,Enterprise,2025-06-19,2026-06-19,Expirada
C04,C04-E0045,T09,Professional,2025-08-10,,Ativa
C04,C04-E0029,T09,Standard,2025-06-10,2026-06-10,Expirada
C04,C04-E0023,T09,Enterprise,2025-06-29,,Ativa
C04,C04-E0082,T09,Standard,2025-06-22,2026-06-22,Expirada
C04,C04-E0049,T09,Standard,2025-07-17,2026-07-17,Ativa
C04,C04-E0076,T09,Enterprise,2025-07-14,2026-07-14,Expirada
C04,C04-E0062,T09,Enterprise,2025-07-03,2026-07-03,Ativa
C04,C04-E0019,T09,Enterprise,2025-06-24,,Ativa
C04,C04-E0013,T09,Enterprise,2025-06-21,,Ativa
C04,C04-E0100,T09,Standard,2025-07-07,,Ativa
C04,C04-E0024,T09,Professional,2025-06-21,,Ativa
C04,C04-E0004,T09,Standard,2025-07-23,2026-07-23,Ativa
C04,C04-E0069,T09,Professional,2025-07-08,2026-07-08,Expirada
C04,C04-E0016,T09,Enterprise,2025-08-05,2026-08-05,Expirada
C04,C04-E0028,T09,Enterprise,2025-07-02,,Ativa
C04,C04-E0052,T09,Standard,2025-06-22,2026-06-22,Expirada
C04,C04-E0063,T09,Enterprise,2025-07-20,2026-07-20,Ativa
C04,C04-E0044,T09,Enterprise,2025-07-14,,Ativa
C04,C04-E0017,T09,Professional,2025-07-22,2026-07-22,Expirada
C04,C04-E0031,T09,Professional,2025-07-05,2026-07-05,Expirada
C04,C04-E0071,T09,Standard,2025-07-06,,Ativa
C04,C04-E0009,T09,Professional,2025-07-29,2026-07-29,Ativa
C04,C04-E0027,T09,Professional,2025-07-04,2026-07-04,Expirada
C04,C04-E0036,T09,Standard,2025-07-13,2026-07-13,Expirada
C04,C04-E0068,T09,Professional,2025-07-25,,Ativa
C04,C04-E0055,T09,Professional,2025-06-28,,Ativa
C04,C04-E0081,T09,Standard,2025-07-02,2026-07-02,Expirada
C04,C04-E0059,T09,Professional,2025-06-28,2026-06-28,Ativa
C04,C04-E0021,T09,Professional,2025-06-29,2026-06-29,Expirada
C04,C04-E0010,T09,Enterprise,2025-08-04,2026-08-04,Expirada
C04,C04-E0098,T09,Professional,2025-07-20,2026-07-20,Expirada
C04,C04-E0070,T09,Professional,2025-07-12,,Ativa
C04,C04-E0064,T09,Professional,2025-07-11,2026-07-11,Ativa
C04,C04-E0053,T09,Standard,2025-06-12,2026-06-12,Ativa
C04,C04-E0095,T09,Professional,2025-07-27,,Ativa
C04,C04-E0058,T09,Professional,2025-07-12,2026-07-12,Expirada
C04,C04-E0088,T09,Standard,2025-06-20,,Ativa
C04,C04-E0058,T01,Enterprise,2025-08-06,2026-08-06,Expirada
C04,C04-E0078,T01,Standard,2025-07-13,2026-07-13,Expirada
C04,C04-E0027,T01,Standard,2025-07-13,2026-07-13,Ativa
C04,C04-E0045,T01,Standard,2025-06-22,2026-06-22,Expirada
C04,C04-E0083,T01,Standard,2025-07-18,2026-07-18,Ativa
C04,C04-E0085,T01,Standard,2025-06-15,2026-06-15,Expirada
C04,C04-E0060,T01,Standard,2025-07-10,2026-07-10,Ativa
C04,C04-E0007,T01,Professional,2025-06-21,2026-06-21,Ativa
C04,C04-E0037,T01,Enterprise,2025-06-18,,Ativa
C04,C04-E0031,T01,Standard,2025-07-21,,Ativa
C04,C04-E0069,T01,Enterprise,2025-06-18,2026-06-18,Ativa
C04,C04-E0051,T01,Professional,2025-07-27,,Ativa
C04,C04-E0097,T01,Enterprise,2025-07-16,2026-07-16,Expirada
C04,C04-E0074,T01,Professional,2025-06-14,2026-06-14,Ativa
C04,C04-E0047,T01,Professional,2025-07-03,2026-07-03,Expirada
C04,C04-E0067,T01,Enterprise,2025-07-17,2026-07-17,Expirada
C04,C04-E0100,T01,Enterprise,2025-07-25,2026-07-25,Expirada
C04,C04-E0013,T01,Enterprise,2025-06-25,2026-06-25,Ativa
C04,C04-E0021,T01,Enterprise,2025-06-20,,Ativa
C04,C04-E0039,T01,Professional,2025-06-21,2026-06-21,Expirada
C04,C04-E0052,T01,Professional,2025-06-17,2026-06-17,Ativa
C04,C04-E0105,T01,Standard,2025-07-04,2026-07-04,Expirada
C04,C04-E0073,T01,Professional,2025-06-28,,Ativa
C04,C04-E0080,T01,Enterprise,2025-06-19,2026-06-19,Expirada
C04,C04-E0059,T01,Professional,2025-07-03,,Ativa
C04,C04-E0026,T01,Standard,2025-07-26,2026-07-26,Expirada
C04,C04-E0092,T01,Professional,2025-07-05,,Ativa
C04,C04-E0038,T01,Professional,2025-07-25,2026-07-25,Ativa
C04,C04-E0057,T01,Enterprise,2025-07-01,2026-07-01,Ativa
C04,C04-E0070,T01,Standard,2025-07-15,2026-07-15,Ativa
C04,C04-E0044,T01,Enterprise,2025-06-26,,Ativa
C04,C04-E0049,T01,Professional,2025-07-26,2026-07-26,Expirada
C04,C04-E0093,T01,Standard,2025-08-02,2026-08-02,Ativa
C04,C04-E0055,T01,Enterprise,2025-07-07,,Ativa
C04,C04-E0006,T01,Professional,2025-07-12,2026-07-12,Expirada
C04,C04-E0004,T01,Enterprise,2025-07-10,2026-07-10,Expirada
C04,C04-E0056,T01,Standard,2025-07-15,2026-07-15,Expirada
C04,C04-E0099,T01,Enterprise,2025-07-07,2026-07-07,Expirada
C04,C04-E0009,T01,Standard,2025-07-19,2026-07-19,Expirada
C04,C04-E0072,T01,Enterprise,2025-06-05,2026-06-05,Expirada
C04,C04-E0053,T01,Enterprise,2025-07-05,,Ativa
C04,C04-E0062,T01,Professional,2025-07-23,2026-07-23,Expirada
C04,C04-E0050,T01,Professional,2025-06-12,,Ativa
C04,C04-E0077,T01,Enterprise,2025-07-08,,Ativa
C04,C04-E0102,T01,Professional,2025-07-15,,Ativa
C04,C04-E0029,T01,Standard,2025-07-10,2026-07-10,Ativa
C04,C04-E0095,T01,Professional,2025-07-05,,Ativa
C04,C04-E0040,T01,Professional,2025-06-15,2026-06-15,Expirada
C04,C04-E0090,T01,Professional,2025-06-23,2026-06-23,Ativa
C04,C04-E0089,T01,Professional,2025-06-26,2026-06-26,Ativa
C04,C04-E0104,T01,Standard,2025-06-19,,Ativa
C04,C04-E0012,T01,Professional,2025-06-14,2026-06-14,Expirada
C04,C04-E0030,T01,Professional,2025-07-16,2026-07-16,Expirada
C04,C04-E0042,T01,Enterprise,2025-08-01,,Ativa
C04,C04-E0087,T01,Standard,2025-07-30,2026-07-30,Expirada
C04,C04-E0019,T01,Standard,2025-06-23,2026-06-23,Ativa
C04,C04-E0054,T01,Standard,2025-07-30,2026-07-30,Expirada
C04,C04-E0001,T01,Standard,2025-07-15,2026-07-15,Ativa
C04,C04-E0005,T01,Professional,2025-07-21,2026-07-21,Ativa
C04,C04-E0003,T01,Enterprise,2025-06-14,,Ativa
C04,C04-E0041,T01,Standard,2025-07-20,2026-07-20,Ativa
C04,C04-E0063,T01,Standard,2025-07-24,2026-07-24,Ativa
C04,C04-E0036,T01,Enterprise,2025-07-05,2026-07-05,Expirada
C04,C04-E0025,T01,Standard,2025-07-21,2026-07-21,Ativa
C04,C04-E0098,T01,Professional,2025-06-26,2026-06-26,Ativa
C04,C04-E0065,T01,Enterprise,2025-07-04,,Ativa
C04,C04-E0096,T01,Enterprise,2025-07-06,,Ativa
C04,C04-E0066,T01,Standard,2025-07-10,2026-07-10,Ativa
C04,C04-E0024,T01,Professional,2025-07-10,,Ativa
C04,C04-E0022,T01,Enterprise,2025-06-08,2026-06-08,Expirada
C04,C04-E0008,T01,Enterprise,2025-06-22,,Ativa
C04,C04-E0035,T01,Standard,2025-08-05,2026-08-05,Expirada
C04,C04-E0048,T01,Standard,2025-06-09,2026-06-09,Expirada
C04,C04-E0028,T01,Enterprise,2025-07-12,,Ativa
C04,C04-E0084,T01,Enterprise,2025-07-19,2026-07-19,Expirada
C04,C04-E0046,T01,Professional,2025-07-11,2026-07-11,Ativa
C04,C04-E0011,T01,Professional,2025-08-04,,Ativa
C04,C04-E0020,T01,Standard,2025-07-03,2026-07-03,Expirada
C04,C04-E0075,T01,Enterprise,2025-07-16,,Ativa
C04,C04-E0061,T01,Professional,2025-07-19,2026-07-19,Expirada
C04,C04-E0086,T01,Standard,2025-07-14,2026-07-14,Expirada
C04,C04-E0018,T01,Professional,2025-07-22,2026-07-22,Expirada
C04,C04-E0088,T01,Enterprise,2025-06-16,2026-06-16,Expirada
C04,C04-E0064,T01,Professional,2025-07-01,,Ativa
C04,C04-E0043,T01,Standard,2025-07-28,2026-07-28,Expirada
C04,C04-E0068,T01,Professional,2025-07-27,,Ativa
C04,C04-E0033,T01,Standard,2025-07-16,2026-07-16,Expirada
C04,C04-E0071,T01,Professional,2025-07-13,2026-07-13,Expirada
C04,C04-E0091,T01,Standard,2025-07-02,2026-07-02,Expirada
C04,C04-E0094,T01,Standard,2025-07-21,2026-07-21,Ativa
C04,C04-E0034,T01,Standard,2025-06-29,,Ativa
C04,C04-E0103,T01,Standard,2025-07-07,,Ativa
C04,C04-E0032,T01,Professional,2025-07-20,2026-07-20,Expirada
C04,C04-E0016,T01,Enterprise,2025-07-08,2026-07-08,Ativa
C04,C04-E0101,T01,Enterprise,2025-06-29,2026-06-29,Expirada
C04,C04-E0079,T01,Enterprise,2025-07-16,2026-07-16,Ativa
C04,C04-E0081,T01,Enterprise,2025-08-04,2026-08-04,Ativa
C04,C04-E0001,T11,Enterprise,2025-07-03,2026-07-03,Ativa
C04,C04-E0009,T11,Enterprise,2025-07-03,2026-07-03,Ativa
C04,C04-E0054,T11,Enterprise,2025-06-25,2026-06-25,Expirada
C04,C04-E0059,T11,Enterprise,2025-07-01,,Ativa
C04,C04-E0090,T11,Enterprise,2025-07-09,2026-07-09,Ativa
C04,C04-E0089,T04,Enterprise,2025-06-28,2026-06-28,Expirada
C04,C04-E0095,T04,Enterprise,2025-07-10,2026-07-10,Expirada
C04,C04-E0042,T04,Enterprise,2025-07-10,,Ativa
C04,C04-E0101,T04,Enterprise,2025-07-22,2026-07-22,Expirada
C04,C04-E0078,T04,Professional,2025-07-15,2026-07-15,Expirada
C04,C04-E0058,T04,Enterprise,2025-07-05,,Ativa
C04,C04-E0069,T04,Professional,2025-07-29,,Ativa
C04,C04-E0063,T04,Enterprise,2025-07-09,2026-07-09,Expirada
C04,C04-E0040,T04,Standard,2025-07-18,2026-07-18,Ativa
C04,C04-E0072,T04,Enterprise,2025-07-08,2026-07-08,Expirada
C04,C04-E0075,T04,Enterprise,2025-07-13,,Ativa
C04,C04-E0049,T04,Professional,2025-07-12,2026-07-12,Expirada
C04,C04-E0029,T04,Professional,2025-06-04,,Ativa
C04,C04-E0047,T04,Professional,2025-06-30,2026-06-30,Expirada
C04,C04-E0046,T04,Enterprise,2025-06-19,2026-06-19,Expirada
C04,C04-E0001,T04,Professional,2025-06-28,2026-06-28,Ativa
C04,C04-E0060,T04,Enterprise,2025-07-08,,Ativa
C04,C04-E0064,T04,Enterprise,2025-06-03,2026-06-03,Ativa
C04,C04-E0083,T04,Professional,2025-07-18,2026-07-18,Ativa
C04,C04-E0007,T04,Professional,2025-07-22,,Ativa
C04,C04-E0043,T04,Enterprise,2025-07-24,2026-07-24,Ativa
C04,C04-E0018,T04,Enterprise,2025-08-02,2026-08-02,Ativa
C04,C04-E0057,T04,Enterprise,2025-06-24,2026-06-24,Expirada
C04,C04-E0080,T04,Enterprise,2025-06-20,2026-06-20,Ativa
C04,C04-E0062,T04,Enterprise,2025-06-27,2026-06-27,Ativa
C04,C04-E0025,T04,Professional,2025-08-01,2026-08-01,Expirada
C04,C04-E0041,T04,Professional,2025-06-21,,Ativa
C04,C04-E0100,T04,Standard,2025-08-01,2026-08-01,Expirada
C04,C04-E0051,T04,Enterprise,2025-07-04,2026-07-04,Ativa
C04,C04-E0033,T04,Professional,2025-06-20,2026-06-20,Ativa
C04,C04-E0020,T04,Enterprise,2025-06-23,,Ativa
C04,C04-E0056,T04,Enterprise,2025-06-27,2026-06-27,Expirada
C04,C04-E0016,T04,Professional,2025-07-01,2026-07-01,Expirada
C04,C04-E0091,T04,Professional,2025-07-24,2026-07-24,Ativa
C04,C04-E0011,T04,Enterprise,2025-07-09,2026-07-09,Expirada
C04,C04-E0079,T04,Professional,2025-06-10,,Ativa
C04,C04-E0013,T04,Enterprise,2025-06-15,2026-06-15,Ativa
C04,C04-E0009,T04,Enterprise,2025-07-27,,Ativa
C04,C04-E0084,T04,Professional,2025-07-12,2026-07-12,Expirada
C04,C04-E0052,T04,Standard,2025-07-21,2026-07-21,Expirada
C04,C04-E0054,T04,Enterprise,2025-08-07,,Ativa
C04,C04-E0048,T04,Standard,2025-07-04,,Ativa
C04,C04-E0006,T04,Standard,2025-06-14,2026-06-14,Ativa
C04,C04-E0096,T04,Enterprise,2025-06-19,,Ativa
C04,C04-E0021,T04,Enterprise,2025-07-20,2026-07-20,Expirada
C04,C04-E0019,T04,Enterprise,2025-07-09,2026-07-09,Ativa
C04,C04-E0031,T04,Professional,2025-07-12,2026-07-12,Expirada
C04,C04-E0032,T04,Professional,2025-07-10,2026-07-10,Ativa
C04,C04-E0053,T04,Professional,2025-07-01,2026-07-01,Expirada
C04,C04-E0104,T04,Standard,2025-07-06,2026-07-06,Expirada
C04,C04-E0028,T04,Professional,2025-06-26,2026-06-26,Expirada
C04,C04-E0024,T04,Enterprise,2025-06-21,,Ativa
C04,C04-E0077,T04,Professional,2025-07-02,2026-07-02,Ativa
C04,C04-E0106,T04,Enterprise,2025-07-15,2026-07-15,Expirada
C04,C04-E0076,T04,Enterprise,2025-06-30,2026-06-30,Ativa
C04,C04-E0103,T04,Professional,2025-07-13,2026-07-13,Expirada
C04,C04-E0045,T04,Standard,2025-06-24,2026-06-24,Expirada
C04,C04-E0067,T04,Enterprise,2025-07-13,,Ativa
C04,C04-E0066,T04,Standard,2025-07-22,2026-07-22,Expirada
C04,C04-E0070,T04,Standard,2025-07-21,2026-07-21,Expirada
C04,C04-E0004,T04,Enterprise,2025-06-20,2026-06-20,Ativa
C04,C04-E0030,T04,Enterprise,2025-07-13,,Ativa
C04,C04-E0005,T04,Enterprise,2025-06-26,,Ativa
C04,C04-E0105,T04,Enterprise,2025-07-14,,Ativa
C04,C04-E0074,T04,Standard,2025-06-11,2026-06-11,Expirada
C04,C04-E0039,T04,Standard,2025-07-06,,Ativa
C04,C04-E0035,T04,Professional,2025-07-15,2026-07-15,Ativa
C04,C04-E0090,T04,Standard,2025-06-21,2026-06-21,Expirada
C04,C04-E0093,T04,Professional,2025-07-21,,Ativa
C04,C04-E0015,T04,Standard,2025-07-02,,Revogada
C04,C04-E0012,T04,Enterprise,2025-07-08,2026-07-08,Expirada
C04,C04-E0050,T04,Enterprise,2025-07-05,2026-07-05,Expirada
C04,C04-E0102,T04,Professional,2025-06-21,2026-06-21,Expirada
C04,C04-E0055,T04,Enterprise,2025-08-05,,Ativa
C04,C04-E0061,T04,Professional,2025-07-19,2026-07-19,Expirada
C04,C04-E0065,T04,Professional,2025-07-21,2026-07-21,Ativa
C04,C04-E0044,T04,Professional,2025-07-02,2026-07-02,Ativa
C04,C04-E0023,T04,Professional,2025-07-05,2026-07-05,Ativa
C04,C04-E0014,T04,Professional,2025-07-13,,Ativa
C04,C04-E0068,T04,Enterprise,2025-07-27,2026-07-27,Ativa
C04,C04-E0022,T04,Standard,2025-06-22,2026-06-22,Expirada
C04,C04-E0071,T04,Enterprise,2025-06-16,2026-06-16,Expirada
C04,C04-E0037,T04,Standard,2025-07-17,,Ativa
C04,C04-E0010,T13,Enterprise,2025-07-11,,Ativa
C04,C04-E0088,T13,Enterprise,2025-07-26,2026-07-26,Expirada
C04,C04-E0012,T13,Enterprise,2025-07-26,2026-07-26,Expirada
C04,C04-E0081,T13,Enterprise,2025-06-13,2026-06-13,Expirada
C04,C04-E0059,T13,Enterprise,2025-06-26,2026-06-26,Expirada
C04,C04-E0053,T13,Enterprise,2025-07-14,2026-07-14,Ativa
C04,C04-E0102,T06,Enterprise,2025-08-08,,Ativa
C04,C04-E0101,T06,Professional,2025-06-25,,Ativa
C04,C04-E0068,T06,Enterprise,2025-07-06,2026-07-06,Expirada
C04,C04-E0087,T06,Enterprise,2025-07-02,2026-07-02,Ativa
C04,C04-E0042,T06,Professional,2025-07-27,2026-07-27,Expirada
C04,C04-E0041,T06,Professional,2025-07-12,,Ativa
C04,C04-E0009,T06,Professional,2025-07-05,2026-07-05,Expirada
C04,C04-E0062,T06,Professional,2025-07-03,2026-07-03,Expirada
C04,C04-E0093,T06,Professional,2025-07-04,2026-07-04,Expirada
C04,C04-E0104,T06,Professional,2025-07-21,,Ativa
C04,C04-E0011,T06,Standard,2025-06-28,2026-06-28,Ativa
C04,C04-E0033,T06,Enterprise,2025-07-02,,Ativa
C04,C04-E0095,T06,Professional,2025-06-20,2026-06-20,Ativa
C04,C04-E0056,T06,Professional,2025-07-03,,Ativa
C04,C04-E0005,T06,Enterprise,2025-07-20,2026-07-20,Ativa
C04,C04-E0060,T06,Enterprise,2025-07-06,2026-07-06,Expirada
C04,C04-E0092,T06,Standard,2025-07-15,2026-07-15,Expirada
C04,C04-E0078,T06,Enterprise,2025-06-18,,Ativa
C04,C04-E0103,T06,Standard,2025-07-23,2026-07-23,Expirada
C04,C04-E0085,T06,Enterprise,2025-08-06,2026-08-06,Expirada
C04,C04-E0046,T06,Enterprise,2025-07-01,,Ativa
C04,C04-E0024,T06,Standard,2025-07-13,,Ativa
C04,C04-E0106,T06,Professional,2025-07-12,,Ativa
C04,C04-E0034,T06,Standard,2025-07-03,,Ativa
C04,C04-E0064,T06,Enterprise,2025-07-03,2026-07-03,Expirada
C04,C04-E0044,T06,Enterprise,2025-06-23,2026-06-23,Expirada
C04,C04-E0079,T06,Standard,2025-07-16,,Ativa
C04,C04-E0080,T06,Enterprise,2025-06-30,2026-06-30,Expirada
C04,C04-E0003,T06,Enterprise,2025-08-06,,Ativa
C04,C04-E0038,T06,Standard,2025-07-15,2026-07-15,Ativa
C04,C04-E0082,T06,Enterprise,2025-06-29,2026-06-29,Ativa
C04,C04-E0076,T06,Professional,2025-07-13,2026-07-13,Ativa
C04,C04-E0007,T06,Standard,2025-07-27,2026-07-27,Expirada
C04,C04-E0047,T06,Professional,2025-06-26,2026-06-26,Expirada
C04,C04-E0053,T06,Enterprise,2025-07-03,,Revogada
C04,C04-E0059,T06,Standard,2025-06-25,2026-06-25,Expirada
C04,C04-E0040,T06,Professional,2025-06-12,2026-06-12,Expirada
C04,C04-E0032,T06,Enterprise,2025-07-14,2026-07-14,Ativa
C04,C04-E0004,T06,Enterprise,2025-07-04,2026-07-04,Expirada
C04,C04-E0094,T06,Professional,2025-06-16,2026-06-16,Expirada
C04,C04-E0067,T06,Enterprise,2025-07-30,2026-07-30,Expirada
C04,C04-E0037,T06,Standard,2025-07-21,,Ativa
C04,C04-E0001,T06,Standard,2025-06-24,2026-06-24,Expirada
C04,C04-E0039,T06,Standard,2025-06-28,2026-06-28,Ativa
C04,C04-E0022,T06,Standard,2025-07-18,2026-07-18,Ativa
C04,C04-E0072,T06,Professional,2025-06-29,2026-06-29,Ativa
C04,C04-E0012,T06,Enterprise,2025-07-14,2026-07-14,Expirada
C04,C04-E0028,T06,Standard,2025-07-16,2026-07-16,Expirada
C04,C04-E0045,T06,Enterprise,2025-07-27,2026-07-27,Expirada
C04,C04-E0017,T06,Professional,2025-08-08,2026-08-08,Expirada
C04,C04-E0076,T05,Enterprise,2025-07-19,,Ativa
C04,C04-E0020,T05,Standard,2025-07-21,,Ativa
C04,C04-E0028,T05,Standard,2025-07-08,,Ativa
C04,C04-E0049,T05,Enterprise,2025-08-01,2026-08-01,Expirada
C04,C04-E0013,T05,Enterprise,2025-07-26,2026-07-26,Expirada
C04,C04-E0036,T05,Enterprise,2025-07-22,2026-07-22,Ativa
C04,C04-E0097,T05,Standard,2025-08-03,,Ativa
C04,C04-E0058,T05,Standard,2025-06-26,,Ativa
C04,C04-E0073,T05,Standard,2025-07-26,2026-07-26,Expirada
C04,C04-E0102,T05,Standard,2025-07-03,2026-07-03,Ativa
C04,C04-E0039,T05,Enterprise,2025-07-01,2026-07-01,Expirada
C04,C04-E0078,T05,Professional,2025-06-19,2026-06-19,Ativa
C04,C04-E0004,T05,Standard,2025-06-23,2026-06-23,Ativa
C04,C04-E0056,T05,Professional,2025-07-17,,Ativa
C04,C04-E0009,T05,Enterprise,2025-06-28,,Revogada
C04,C04-E0026,T05,Professional,2025-07-11,2026-07-11,Ativa
C04,C04-E0041,T05,Professional,2025-07-10,,Ativa
C04,C04-E0012,T05,Standard,2025-06-26,,Ativa
C04,C04-E0065,T05,Standard,2025-07-24,2026-07-24,Expirada
C04,C04-E0017,T05,Professional,2025-06-19,,Ativa
C04,C04-E0032,T05,Professional,2025-08-01,2026-08-01,Ativa
C04,C04-E0080,T05,Standard,2025-06-26,,Ativa
C04,C04-E0055,T05,Professional,2025-07-28,2026-07-28,Ativa
C04,C04-E0021,T05,Standard,2025-06-24,2026-06-24,Expirada
C04,C04-E0104,T05,Professional,2025-06-25,2026-06-25,Expirada
C04,C04-E0048,T05,Professional,2025-07-04,2026-07-04,Ativa
C04,C04-E0061,T05,Enterprise,2025-07-01,2026-07-01,Expirada
C04,C04-E0088,T05,Standard,2025-06-24,2026-06-24,Ativa
C04,C04-E0019,T05,Professional,2025-08-01,2026-08-01,Ativa
C04,C04-E0075,T05,Professional,2025-06-18,2026-06-18,Expirada
C04,C04-E0057,T05,Standard,2025-06-11,2026-06-11,Expirada
C04,C04-E0074,T05,Standard,2025-06-19,,Ativa
C04,C04-E0030,T05,Standard,2025-07-19,2026-07-19,Ativa
C04,C04-E0046,T05,Enterprise,2025-07-10,2026-07-10,Ativa
C04,C04-E0087,T05,Professional,2025-07-10,2026-07-10,Expirada
C04,C04-E0098,T05,Standard,2025-07-07,2026-07-07,Ativa
C04,C04-E0037,T05,Enterprise,2025-08-02,2026-08-02,Expirada
C04,C04-E0091,T05,Standard,2025-08-07,,Ativa
C04,C04-E0063,T05,Standard,2025-07-06,,Ativa
C04,C04-E0053,T05,Professional,2025-07-05,2026-07-05,Ativa
C04,C04-E0024,T05,Standard,2025-07-10,,Ativa
C04,C04-E0011,T05,Standard,2025-06-12,2026-06-12,Expirada
C04,C04-E0047,T05,Standard,2025-07-03,2026-07-03,Ativa
C04,C04-E0033,T05,Enterprise,2025-07-12,2026-07-12,Expirada
C04,C04-E0071,T05,Standard,2025-06-27,,Ativa
C04,C04-E0006,T05,Standard,2025-06-26,,Ativa
C04,C04-E0100,T05,Professional,2025-07-04,2026-07-04,Ativa
C04,C04-E0096,T05,Enterprise,2025-08-01,2026-08-01,Ativa
C04,C04-E0008,T05,Professional,2025-08-05,,Ativa
C04,C04-E0034,T05,Enterprise,2025-07-02,,Ativa
C04,C04-E0005,T05,Enterprise,2025-07-11,2026-07-11,Ativa
C04,C04-E0043,T05,Enterprise,2025-06-29,2026-06-29,Ativa
C04,C04-E0095,T05,Standard,2025-08-02,,Ativa
C04,C04-E0029,T05,Standard,2025-06-25,2026-06-25,Expirada
C04,C04-E0003,T05,Standard,2025-07-20,,Ativa
C04,C04-E0105,T05,Enterprise,2025-07-18,,Ativa
C04,C04-E0051,T05,Standard,2025-06-19,,Ativa
C05,C05-E0026,T02,Professional,2025-12-31,2026-12-31,Ativa
C05,C05-E0027,T02,Enterprise,2026-01-28,2027-01-28,Ativa
C05,C05-E0015,T02,Standard,2026-01-15,2027-01-15,Ativa
C05,C05-E0022,T02,Standard,2026-01-07,2027-01-07,Ativa
C05,C05-E0018,T02,Professional,2025-12-21,2026-12-21,Ativa
C05,C05-E0013,T02,Standard,2025-12-24,2026-12-24,Revogada
C05,C05-E0007,T02,Standard,2025-12-10,2026-12-10,Ativa
C05,C05-E0020,T02,Enterprise,2025-12-31,2026-12-31,Ativa
C05,C05-E0001,T02,Standard,2026-01-15,2027-01-15,Ativa
C05,C05-E0028,T02,Standard,2026-01-26,2027-01-26,Ativa
C05,C05-E0024,T02,Professional,2026-01-23,,Revogada
C05,C05-E0017,T02,Enterprise,2025-12-21,2026-12-21,Ativa
C05,C05-E0025,T02,Standard,2026-01-20,2027-01-20,Ativa
C05,C05-E0002,T02,Professional,2025-12-30,2026-12-30,Ativa
C05,C05-E0004,T02,Standard,2026-01-29,2027-01-29,Ativa
C05,C05-E0021,T02,Professional,2026-01-12,2027-01-12,Ativa
C05,C05-E0014,T02,Standard,2025-12-26,2026-12-26,Ativa
C05,C05-E0016,T02,Standard,2026-02-03,,Ativa
C05,C05-E0019,T02,Enterprise,2025-12-22,,Ativa
C05,C05-E0006,T02,Professional,2025-12-18,2026-12-18,Ativa
C05,C05-E0029,T02,Standard,2026-01-11,2027-01-11,Ativa
C05,C05-E0009,T02,Enterprise,2026-02-01,,Ativa
C05,C05-E0023,T02,Standard,2025-12-16,2026-12-16,Ativa
C05,C05-E0003,T02,Enterprise,2025-12-26,,Ativa
C05,C05-E0010,T02,Standard,2026-01-14,2027-01-14,Ativa
C05,C05-E0011,T02,Enterprise,2026-01-21,2027-01-21,Ativa
C05,C05-E0005,T02,Enterprise,2026-01-15,,Ativa
C05,C05-E0008,T02,Enterprise,2025-12-29,,Revogada
C05,C05-E0012,T02,Enterprise,2026-01-15,2027-01-15,Ativa
C05,C05-E0018,T04,Enterprise,2026-02-13,,Ativa
C05,C05-E0013,T04,Professional,2025-12-26,,Ativa
C05,C05-E0029,T04,Professional,2026-01-03,2027-01-03,Ativa
C05,C05-E0001,T04,Standard,2026-01-28,2027-01-28,Ativa
C05,C05-E0002,T04,Professional,2026-01-12,,Ativa
C05,C05-E0017,T04,Standard,2026-01-27,2027-01-27,Ativa
C05,C05-E0004,T04,Standard,2026-02-07,2027-02-07,Revogada
C05,C05-E0012,T04,Professional,2025-12-28,,Ativa
C05,C05-E0027,T04,Standard,2026-01-06,2027-01-06,Ativa
C05,C05-E0023,T04,Professional,2025-12-23,2026-12-23,Ativa
C05,C05-E0026,T04,Professional,2025-12-31,,Ativa
C05,C05-E0025,T04,Professional,2025-12-17,2026-12-17,Ativa
C05,C05-E0015,T04,Enterprise,2025-12-30,,Ativa
C05,C05-E0003,T04,Professional,2026-01-31,,Ativa
C05,C05-E0006,T04,Professional,2026-01-17,,Ativa
C05,C05-E0005,T04,Professional,2026-01-10,,Ativa
C05,C05-E0011,T04,Enterprise,2025-12-23,2026-12-23,Ativa
C05,C05-E0007,T04,Professional,2025-12-30,2026-12-30,Ativa
C05,C05-E0008,T04,Enterprise,2026-01-03,2027-01-03,Ativa
C05,C05-E0022,T04,Enterprise,2025-12-24,,Ativa
C05,C05-E0024,T04,Standard,2025-12-28,2026-12-28,Ativa
C05,C05-E0020,T04,Professional,2025-12-29,,Ativa
C05,C05-E0009,T04,Enterprise,2026-01-20,,Ativa
C05,C05-E0016,T04,Standard,2026-01-23,2027-01-23,Ativa
C05,C05-E0019,T04,Enterprise,2025-12-23,,Ativa
C05,C05-E0010,T04,Standard,2026-01-27,2027-01-27,Ativa
C05,C05-E0028,T04,Enterprise,2026-02-08,2027-02-08,Ativa
C05,C05-E0014,T04,Enterprise,2026-01-27,2027-01-27,Ativa
C05,C05-E0021,T04,Enterprise,2025-12-21,2026-12-21,Ativa
C05,C05-E0017,T05,Professional,2026-01-18,2027-01-18,Ativa
C05,C05-E0015,T05,Standard,2026-01-07,2027-01-07,Revogada
C05,C05-E0024,T05,Professional,2025-12-07,2026-12-07,Ativa
C05,C05-E0028,T05,Enterprise,2026-01-14,2027-01-14,Ativa
C05,C05-E0007,T05,Enterprise,2026-01-25,,Ativa
C05,C05-E0029,T05,Enterprise,2026-01-20,2027-01-20,Ativa
C05,C05-E0004,T05,Enterprise,2026-01-20,2027-01-20,Ativa
C05,C05-E0006,T05,Enterprise,2025-12-15,2026-12-15,Ativa
C05,C05-E0023,T05,Enterprise,2026-02-06,2027-02-06,Ativa
C05,C05-E0010,T05,Standard,2025-12-11,2026-12-11,Ativa
C05,C05-E0025,T05,Enterprise,2026-01-18,2027-01-18,Ativa
C05,C05-E0026,T05,Standard,2026-01-08,2027-01-08,Revogada
C05,C05-E0001,T05,Professional,2026-01-22,2027-01-22,Ativa
C05,C05-E0003,T05,Professional,2026-01-21,,Ativa
C05,C05-E0013,T05,Professional,2026-02-05,2027-02-05,Ativa
C05,C05-E0011,T05,Standard,2025-12-23,,Ativa
C05,C05-E0021,T05,Standard,2026-01-10,2027-01-10,Ativa
C05,C05-E0019,T05,Enterprise,2026-01-05,2027-01-05,Ativa
C05,C05-E0018,T05,Enterprise,2025-12-31,2026-12-31,Ativa
C05,C05-E0020,T05,Standard,2026-01-03,2027-01-03,Ativa
C05,C05-E0022,T05,Professional,2026-01-06,2027-01-06,Ativa
C05,C05-E0005,T05,Professional,2026-01-28,2027-01-28,Ativa
C05,C05-E0027,T05,Enterprise,2026-01-04,,Ativa
C05,C05-E0014,T05,Professional,2026-01-10,2027-01-10,Ativa
C06,C06-E0115,T03,Professional,2025-08-06,2026-08-06,Ativa
C06,C06-E0026,T03,Standard,2025-08-20,2026-08-20,Ativa
C06,C06-E0034,T03,Enterprise,2025-07-30,,Ativa
C06,C06-E0182,T03,Enterprise,2025-08-12,2026-08-12,Revogada
C06,C06-E0088,T03,Professional,2025-08-25,,Ativa
C06,C06-E0288,T03,Professional,2025-07-23,2026-07-23,Expirada
C06,C06-E0113,T03,Professional,2025-08-02,2026-08-02,Expirada
C06,C06-E0076,T03,Professional,2025-08-04,2026-08-04,Expirada
C06,C06-E0049,T03,Professional,2025-07-08,,Ativa
C06,C06-E0064,T03,Enterprise,2025-08-31,2026-08-31,Ativa
C06,C06-E0055,T03,Professional,2025-08-14,2026-08-14,Ativa
C06,C06-E0178,T03,Standard,2025-09-02,,Ativa
C06,C06-E0156,T03,Enterprise,2025-08-17,2026-08-17,Ativa
C06,C06-E0220,T03,Professional,2025-07-29,,Ativa
C06,C06-E0212,T03,Professional,2025-08-09,2026-08-09,Expirada
C06,C06-E0264,T03,Standard,2025-07-22,2026-07-22,Ativa
C06,C06-E0323,T03,Standard,2025-07-25,2026-07-25,Expirada
C06,C06-E0290,T03,Professional,2025-08-12,,Ativa
C06,C06-E0269,T03,Enterprise,2025-08-01,,Revogada
C06,C06-E0247,T03,Professional,2025-07-23,2026-07-23,Expirada
C06,C06-E0002,T03,Professional,2025-08-03,,Ativa
C06,C06-E0319,T03,Professional,2025-07-09,2026-07-09,Ativa
C06,C06-E0098,T03,Enterprise,2025-08-24,2026-08-24,Ativa
C06,C06-E0225,T03,Enterprise,2025-07-31,2026-07-31,Expirada
C06,C06-E0188,T03,Professional,2025-08-13,2026-08-13,Ativa
C06,C06-E0258,T03,Professional,2025-08-09,2026-08-09,Expirada
C06,C06-E0043,T03,Professional,2025-08-11,2026-08-11,Ativa
C06,C06-E0118,T03,Professional,2025-08-13,2026-08-13,Ativa
C06,C06-E0315,T03,Enterprise,2025-08-16,,Ativa
C06,C06-E0317,T03,Standard,2025-08-11,2026-08-11,Ativa
C06,C06-E0297,T03,Enterprise,2025-08-31,2026-08-31,Ativa
C06,C06-E0056,T03,Enterprise,2025-07-17,2026-07-17,Expirada
C06,C06-E0284,T03,Enterprise,2025-07-30,2026-07-30,Expirada
C06,C06-E0349,T03,Enterprise,2025-08-01,2026-08-01,Ativa
C06,C06-E0114,T03,Professional,2025-07-30,2026-07-30,Ativa
C06,C06-E0209,T03,Standard,2025-08-22,2026-08-22,Ativa
C06,C06-E0158,T03,Enterprise,2025-08-05,2026-08-05,Expirada
C06,C06-E0119,T03,Enterprise,2025-07-24,2026-07-24,Ativa
C06,C06-E0020,T03,Standard,2025-07-09,2026-07-09,Ativa
C06,C06-E0041,T03,Enterprise,2025-08-17,2026-08-17,Ativa
C06,C06-E0040,T03,Professional,2025-08-15,2026-08-15,Ativa
C06,C06-E0074,T03,Standard,2025-07-31,2026-07-31,Expirada
C06,C06-E0278,T03,Enterprise,2025-08-19,2026-08-19,Ativa
C06,C06-E0051,T03,Enterprise,2025-08-10,2026-08-10,Ativa
C06,C06-E0240,T03,Standard,2025-08-27,2026-08-27,Ativa
C06,C06-E0032,T03,Enterprise,2025-08-28,2026-08-28,Ativa
C06,C06-E0136,T03,Standard,2025-07-11,2026-07-11,Expirada
C06,C06-E0322,T03,Standard,2025-08-14,2026-08-14,Ativa
C06,C06-E0062,T03,Enterprise,2025-07-24,2026-07-24,Expirada
C06,C06-E0189,T03,Enterprise,2025-07-18,,Ativa
C06,C06-E0232,T03,Standard,2025-08-05,2026-08-05,Ativa
C06,C06-E0087,T03,Professional,2025-08-21,2026-08-21,Ativa
C06,C06-E0295,T03,Enterprise,2025-07-09,2026-07-09,Ativa
C06,C06-E0024,T03,Professional,2025-09-04,2026-09-04,Revogada
C06,C06-E0193,T03,Professional,2025-08-26,2026-08-26,Ativa
C06,C06-E0334,T03,Standard,2025-07-12,2026-07-12,Ativa
C06,C06-E0107,T03,Professional,2025-08-19,2026-08-19,Ativa
C06,C06-E0187,T03,Standard,2025-07-14,,Ativa
C06,C06-E0270,T03,Enterprise,2025-07-30,2026-07-30,Ativa
C06,C06-E0198,T03,Standard,2025-07-24,2026-07-24,Expirada
C06,C06-E0159,T03,Enterprise,2025-08-02,,Ativa
C06,C06-E0235,T03,Professional,2025-08-06,,Ativa
C06,C06-E0021,T03,Enterprise,2025-07-14,,Ativa
C06,C06-E0086,T03,Professional,2025-07-01,2026-07-01,Expirada
C06,C06-E0318,T03,Standard,2025-08-06,2026-08-06,Expirada
C06,C06-E0095,T03,Enterprise,2025-08-11,,Ativa
C06,C06-E0101,T03,Professional,2025-07-27,2026-07-27,Expirada
C06,C06-E0203,T03,Enterprise,2025-08-16,2026-08-16,Ativa
C06,C06-E0106,T03,Professional,2025-08-17,,Ativa
C06,C06-E0237,T03,Professional,2025-08-03,2026-08-03,Expirada
C06,C06-E0257,T03,Enterprise,2025-08-09,,Ativa
C06,C06-E0286,T03,Professional,2025-08-05,2026-08-05,Ativa
C06,C06-E0109,T03,Enterprise,2025-08-17,,Ativa
C06,C06-E0157,T03,Standard,2025-08-12,2026-08-12,Ativa
C06,C06-E0305,T03,Enterprise,2025-07-28,2026-07-28,Expirada
C06,C06-E0330,T03,Enterprise,2025-08-20,2026-08-20,Ativa
C06,C06-E0197,T03,Standard,2025-08-11,2026-08-11,Ativa
C06,C06-E0256,T03,Standard,2025-08-26,,Ativa
C06,C06-E0022,T03,Professional,2025-07-21,,Ativa
C06,C06-E0009,T03,Standard,2025-08-01,,Ativa
C06,C06-E0218,T03,Enterprise,2025-08-29,2026-08-29,Ativa
C06,C06-E0253,T03,Enterprise,2025-08-29,,Ativa
C06,C06-E0121,T03,Enterprise,2025-08-14,2026-08-14,Ativa
C06,C06-E0268,T03,Enterprise,2025-08-24,2026-08-24,Ativa
C06,C06-E0174,T03,Professional,2025-08-16,2026-08-16,Revogada
C06,C06-E0078,T03,Standard,2025-07-19,2026-07-19,Expirada
C06,C06-E0167,T03,Professional,2025-08-19,2026-08-19,Ativa
C06,C06-E0340,T03,Professional,2025-07-18,2026-07-18,Expirada
C06,C06-E0230,T03,Enterprise,2025-07-24,2026-07-24,Ativa
C06,C06-E0331,T03,Professional,2025-08-01,2026-08-01,Ativa
C06,C06-E0176,T03,Enterprise,2025-09-06,2026-09-06,Ativa
C06,C06-E0357,T03,Standard,2025-07-29,,Ativa
C06,C06-E0251,T03,Enterprise,2025-08-16,2026-08-16,Ativa
C06,C06-E0245,T03,Enterprise,2025-07-29,2026-07-29,Ativa
C06,C06-E0239,T03,Professional,2025-08-05,,Ativa
C06,C06-E0071,T03,Enterprise,2025-07-25,2026-07-25,Expirada
C06,C06-E0110,T03,Enterprise,2025-08-14,2026-08-14,Ativa
C06,C06-E0228,T03,Enterprise,2025-08-19,2026-08-19,Ativa
C06,C06-E0310,T03,Standard,2025-08-24,2026-08-24,Revogada
C06,C06-E0275,T03,Standard,2025-08-02,2026-08-02,Expirada
C06,C06-E0177,T03,Standard,2025-08-12,,Ativa
C06,C06-E0129,T03,Enterprise,2025-07-29,2026-07-29,Ativa
C06,C06-E0327,T03,Standard,2025-07-03,2026-07-03,Expirada
C06,C06-E0028,T03,Professional,2025-09-11,,Ativa
C06,C06-E0226,T03,Professional,2025-07-16,2026-07-16,Expirada
C06,C06-E0006,T03,Professional,2025-07-30,2026-07-30,Expirada
C06,C06-E0279,T03,Standard,2025-08-24,,Ativa
C06,C06-E0164,T03,Professional,2025-08-04,2026-08-04,Expirada
C06,C06-E0139,T03,Enterprise,2025-08-25,2026-08-25,Ativa
C06,C06-E0248,T03,Enterprise,2025-09-06,2026-09-06,Ativa
C06,C06-E0008,T03,Standard,2025-08-10,2026-08-10,Ativa
C06,C06-E0054,T03,Standard,2025-08-09,2026-08-09,Expirada
C06,C06-E0195,T03,Standard,2025-08-27,,Ativa
C06,C06-E0339,T03,Enterprise,2025-09-03,2026-09-03,Ativa
C06,C06-E0105,T03,Enterprise,2025-08-22,,Ativa
C06,C06-E0344,T03,Standard,2025-07-12,2026-07-12,Expirada
C06,C06-E0090,T03,Enterprise,2025-08-06,,Ativa
C06,C06-E0277,T03,Professional,2025-07-21,2026-07-21,Ativa
C06,C06-E0353,T03,Enterprise,2025-09-12,2026-09-12,Ativa
C06,C06-E0047,T03,Professional,2025-07-31,2026-07-31,Expirada
C06,C06-E0053,T03,Standard,2025-09-02,,Ativa
C06,C06-E0145,T03,Enterprise,2025-07-25,2026-07-25,Ativa
C06,C06-E0227,T03,Enterprise,2025-08-28,,Ativa
C06,C06-E0345,T03,Standard,2025-08-01,2026-08-01,Expirada
C06,C06-E0169,T03,Standard,2025-07-10,2026-07-10,Expirada
C06,C06-E0125,T03,Standard,2025-08-16,2026-08-16,Ativa
C06,C06-E0211,T03,Enterprise,2025-08-22,2026-08-22,Ativa
C06,C06-E0120,T03,Standard,2025-08-02,2026-08-02,Ativa
C06,C06-E0236,T03,Standard,2025-08-23,2026-08-23,Ativa
C06,C06-E0343,T03,Standard,2025-08-07,2026-08-07,Ativa
C06,C06-E0063,T03,Professional,2025-07-19,2026-07-19,Expirada
C06,C06-E0050,T03,Professional,2025-08-13,2026-08-13,Ativa
C06,C06-E0060,T03,Standard,2025-07-27,2026-07-27,Expirada
C06,C06-E0354,T03,Professional,2025-08-06,,Ativa
C06,C06-E0263,T03,Enterprise,2025-07-21,,Ativa
C06,C06-E0207,T03,Professional,2025-07-28,2026-07-28,Ativa
C06,C06-E0133,T03,Standard,2025-07-29,,Ativa
C06,C06-E0336,T03,Standard,2025-08-22,,Ativa
C06,C06-E0036,T03,Standard,2025-08-09,2026-08-09,Ativa
C06,C06-E0229,T03,Enterprise,2025-08-16,,Ativa
C06,C06-E0208,T03,Standard,2025-07-19,2026-07-19,Ativa
C06,C06-E0214,T03,Standard,2025-08-13,2026-08-13,Ativa
C06,C06-E0015,T03,Standard,2025-08-04,2026-08-04,Ativa
C06,C06-E0151,T03,Professional,2025-07-13,2026-07-13,Ativa
C06,C06-E0326,T03,Standard,2025-08-30,,Ativa
C06,C06-E0126,T03,Enterprise,2025-09-03,,Ativa
C06,C06-E0196,T03,Professional,2025-07-04,2026-07-04,Expirada
C06,C06-E0184,T03,Professional,2025-09-04,2026-09-04,Ativa
C06,C06-E0271,T03,Enterprise,2025-08-30,2026-08-30,Ativa
C06,C06-E0183,T03,Professional,2025-08-20,2026-08-20,Ativa
C06,C06-E0307,T03,Standard,2025-08-21,2026-08-21,Ativa
C06,C06-E0355,T03,Standard,2025-08-18,2026-08-18,Ativa
C06,C06-E0335,T03,Standard,2025-07-23,2026-07-23,Expirada
C06,C06-E0281,T03,Standard,2025-08-24,2026-08-24,Ativa
C06,C06-E0059,T03,Professional,2025-07-13,2026-07-13,Expirada
C06,C06-E0272,T03,Enterprise,2025-07-07,2026-07-07,Expirada
C06,C06-E0154,T03,Professional,2025-09-01,2026-09-01,Ativa
C06,C06-E0244,T03,Professional,2025-08-14,2026-08-14,Ativa
C06,C06-E0191,T03,Professional,2025-08-09,2026-08-09,Ativa
C06,C06-E0141,T03,Professional,2025-08-08,2026-08-08,Expirada
C06,C06-E0103,T03,Enterprise,2025-08-22,2026-08-22,Ativa
C06,C06-E0325,T03,Enterprise,2025-07-30,,Ativa
C06,C06-E0309,T03,Enterprise,2025-08-12,,Ativa
C06,C06-E0259,T03,Professional,2025-08-30,2026-08-30,Ativa
C06,C06-E0111,T03,Professional,2025-08-13,2026-08-13,Ativa
C06,C06-E0160,T03,Standard,2025-08-01,,Ativa
C06,C06-E0069,T03,Enterprise,2025-08-28,2026-08-28,Ativa
C06,C06-E0299,T03,Professional,2025-07-17,,Ativa
C06,C06-E0075,T03,Enterprise,2025-07-28,2026-07-28,Ativa
C06,C06-E0238,T03,Standard,2025-07-25,2026-07-25,Expirada
C06,C06-E0332,T03,Enterprise,2025-08-05,2026-08-05,Expirada
C06,C06-E0029,T03,Enterprise,2025-07-23,2026-07-23,Expirada
C06,C06-E0171,T03,Enterprise,2025-07-28,2026-07-28,Ativa
C06,C06-E0254,T03,Professional,2025-08-07,,Ativa
C06,C06-E0131,T03,Standard,2025-07-30,2026-07-30,Expirada
C06,C06-E0123,T03,Enterprise,2025-08-25,2026-08-25,Ativa
C06,C06-E0030,T03,Enterprise,2025-08-26,2026-08-26,Ativa
C06,C06-E0347,T03,Standard,2025-07-08,,Ativa
C06,C06-E0092,T03,Standard,2025-08-02,2026-08-02,Expirada
C06,C06-E0080,T03,Standard,2025-08-02,,Ativa
C06,C06-E0180,T03,Standard,2025-08-13,2026-08-13,Ativa
C06,C06-E0346,T03,Enterprise,2025-08-20,2026-08-20,Ativa
C06,C06-E0031,T03,Enterprise,2025-08-26,2026-08-26,Ativa
C06,C06-E0173,T03,Enterprise,2025-07-24,2026-07-24,Ativa
C06,C06-E0170,T03,Standard,2025-07-15,,Ativa
C06,C06-E0192,T03,Enterprise,2025-08-26,2026-08-26,Ativa
C06,C06-E0313,T03,Professional,2025-08-27,2026-08-27,Revogada
C06,C06-E0342,T03,Enterprise,2025-08-07,2026-08-07,Expirada
C06,C06-E0185,T03,Standard,2025-08-09,2026-08-09,Expirada
C06,C06-E0017,T03,Professional,2025-07-27,,Ativa
C06,C06-E0249,T03,Standard,2025-08-09,2026-08-09,Expirada
C06,C06-E0153,T03,Professional,2025-09-01,2026-09-01,Ativa
C06,C06-E0333,T03,Standard,2025-08-27,2026-08-27,Ativa
C06,C06-E0065,T03,Enterprise,2025-07-16,2026-07-16,Expirada
C06,C06-E0023,T03,Standard,2025-08-10,2026-08-10,Revogada
C06,C06-E0104,T03,Standard,2025-08-21,,Ativa
C06,C06-E0314,T03,Standard,2025-08-08,2026-08-08,Ativa
C06,C06-E0035,T03,Enterprise,2025-08-15,,Ativa
C06,C06-E0010,T03,Standard,2025-07-29,2026-07-29,Expirada
C06,C06-E0082,T03,Professional,2025-08-19,2026-08-19,Ativa
C06,C06-E0311,T03,Professional,2025-08-09,2026-08-09,Expirada
C06,C06-E0300,T03,Standard,2025-07-29,2026-07-29,Ativa
C06,C06-E0004,T03,Standard,2025-08-03,2026-08-03,Expirada
C06,C06-E0352,T03,Standard,2025-08-05,2026-08-05,Expirada
C06,C06-E0166,T03,Professional,2025-08-05,2026-08-05,Expirada
C06,C06-E0142,T03,Professional,2025-08-11,2026-08-11,Ativa
C06,C06-E0291,T03,Standard,2025-09-04,2026-09-04,Ativa
C06,C06-E0122,T03,Enterprise,2025-08-15,,Revogada
C06,C06-E0096,T03,Professional,2025-08-06,,Ativa
C06,C06-E0161,T03,Standard,2025-08-06,2026-08-06,Ativa
C06,C06-E0356,T03,Professional,2025-09-04,,Ativa
C06,C06-E0246,T03,Professional,2025-08-03,2026-08-03,Expirada
C06,C06-E0128,T03,Professional,2025-08-28,2026-08-28,Ativa
C06,C06-E0089,T03,Professional,2025-08-09,2026-08-09,Expirada
C06,C06-E0303,T03,Professional,2025-07-27,,Revogada
C06,C06-E0199,T03,Enterprise,2025-09-10,,Ativa
C06,C06-E0085,T03,Standard,2025-08-19,2026-08-19,Revogada
C06,C06-E0155,T03,Standard,2025-07-09,2026-07-09,Ativa
C06,C06-E0007,T03,Standard,2025-07-12,,Ativa
C06,C06-E0260,T03,Standard,2025-08-10,2026-08-10,Ativa
C06,C06-E0048,T03,Standard,2025-08-01,,Ativa
C06,C06-E0027,T03,Enterprise,2025-08-14,2026-08-14,Ativa
C06,C06-E0252,T03,Professional,2025-07-12,2026-07-12,Expirada
C06,C06-E0124,T03,Standard,2025-08-11,2026-08-11,Ativa
C06,C06-E0329,T03,Standard,2025-07-27,,Ativa
C06,C06-E0283,T03,Enterprise,2025-07-12,,Ativa
C06,C06-E0302,T03,Enterprise,2025-08-05,,Ativa
C06,C06-E0243,T03,Standard,2025-07-21,,Ativa
C06,C06-E0162,T03,Standard,2025-08-02,2026-08-02,Expirada
C06,C06-E0350,T03,Professional,2025-07-28,2026-07-28,Expirada
C06,C06-E0276,T03,Professional,2025-09-03,,Ativa
C06,C06-E0206,T03,Standard,2025-09-05,2026-09-05,Ativa
C06,C06-E0265,T03,Standard,2025-07-26,2026-07-26,Expirada
C06,C06-E0219,T03,Enterprise,2025-07-18,,Revogada
C06,C06-E0037,T03,Enterprise,2025-07-31,2026-07-31,Ativa
C06,C06-E0038,T03,Professional,2025-07-29,,Ativa
C06,C06-E0019,T03,Enterprise,2025-08-08,,Ativa
C06,C06-E0210,T03,Professional,2025-09-02,,Ativa
C06,C06-E0046,T03,Professional,2025-08-26,,Revogada
C06,C06-E0204,T03,Enterprise,2025-07-31,2026-07-31,Ativa
C06,C06-E0138,T03,Enterprise,2025-08-11,2026-08-11,Ativa
C06,C06-E0294,T03,Standard,2025-07-27,2026-07-27,Expirada
C06,C06-E0130,T03,Enterprise,2025-07-06,2026-07-06,Expirada
C06,C06-E0172,T03,Professional,2025-08-10,2026-08-10,Ativa
C06,C06-E0147,T03,Enterprise,2025-08-15,2026-08-15,Ativa
C06,C06-E0287,T03,Enterprise,2025-07-15,2026-07-15,Ativa
C06,C06-E0144,T03,Professional,2025-07-23,2026-07-23,Expirada
C06,C06-E0348,T03,Standard,2025-09-04,2026-09-04,Ativa
C06,C06-E0181,T03,Professional,2025-08-04,2026-08-04,Expirada
C06,C06-E0165,T03,Professional,2025-08-06,2026-08-06,Ativa
C06,C06-E0201,T03,Professional,2025-08-12,2026-08-12,Ativa
C06,C06-E0224,T03,Standard,2025-08-14,2026-08-14,Ativa
C06,C06-E0093,T03,Enterprise,2025-08-14,,Ativa
C06,C06-E0070,T03,Professional,2025-08-07,2026-08-07,Expirada
C06,C06-E0321,T03,Professional,2025-08-05,2026-08-05,Ativa
C06,C06-E0223,T03,Professional,2025-07-24,,Ativa
C06,C06-E0296,T03,Professional,2025-07-15,2026-07-15,Ativa
C06,C06-E0285,T03,Professional,2025-08-22,,Ativa
C06,C06-E0084,T03,Enterprise,2025-07-28,2026-07-28,Expirada
C06,C06-E0094,T03,Standard,2025-08-09,,Ativa
C06,C06-E0108,T03,Professional,2025-07-13,,Revogada
C06,C06-E0306,T03,Standard,2025-07-22,2026-07-22,Ativa
C06,C06-E0328,T03,Enterprise,2025-08-10,,Ativa
C06,C06-E0039,T03,Enterprise,2025-07-23,,Ativa
C06,C06-E0262,T03,Standard,2025-08-24,2026-08-24,Ativa
C06,C06-E0221,T03,Standard,2025-08-27,,Ativa
C06,C06-E0320,T03,Enterprise,2025-07-23,2026-07-23,Expirada
C06,C06-E0234,T03,Professional,2025-07-19,,Ativa
C06,C06-E0077,T03,Standard,2025-08-08,2026-08-08,Ativa
C06,C06-E0042,T03,Professional,2025-08-19,2026-08-19,Ativa
C06,C06-E0091,T03,Professional,2025-08-09,2026-08-09,Expirada
C06,C06-E0293,T03,Enterprise,2025-07-27,2026-07-27,Expirada
C06,C06-E0067,T03,Enterprise,2025-07-31,2026-07-31,Expirada
C06,C06-E0255,T03,Professional,2025-08-05,2026-08-05,Ativa
C06,C06-E0289,T03,Professional,2025-07-04,2026-07-04,Expirada
C06,C06-E0045,T03,Enterprise,2025-07-21,2026-07-21,Expirada
C06,C06-E0241,T03,Professional,2025-07-28,2026-07-28,Ativa
C06,C06-E0217,T03,Enterprise,2025-08-12,2026-08-12,Ativa
C06,C06-E0163,T03,Standard,2025-08-16,2026-08-16,Ativa
C06,C06-E0011,T03,Enterprise,2025-08-20,2026-08-20,Ativa
C06,C06-E0012,T03,Enterprise,2025-08-13,2026-08-13,Ativa
C06,C06-E0215,T03,Professional,2025-07-23,2026-07-23,Ativa
C06,C06-E0097,T03,Standard,2025-07-30,2026-07-30,Expirada
C06,C06-E0341,T03,Standard,2025-07-22,2026-07-22,Ativa
C06,C06-E0058,T03,Enterprise,2025-08-17,2026-08-17,Revogada
C06,C06-E0242,T03,Standard,2025-07-13,2026-07-13,Ativa
C06,C06-E0018,T03,Professional,2025-08-12,2026-08-12,Ativa
C06,C06-E0061,T03,Standard,2025-07-31,2026-07-31,Expirada
C06,C06-E0081,T03,Enterprise,2025-07-21,2026-07-21,Expirada
C06,C06-E0072,T03,Professional,2025-08-20,,Ativa
C06,C06-E0025,T03,Professional,2025-08-20,2026-08-20,Ativa
C06,C06-E0186,T03,Enterprise,2025-08-23,,Ativa
C06,C06-E0102,T03,Professional,2025-08-14,2026-08-14,Ativa
C06,C06-E0292,T03,Standard,2025-07-27,2026-07-27,Expirada
C06,C06-E0150,T03,Professional,2025-08-18,,Ativa
C06,C06-E0016,T03,Standard,2025-08-27,2026-08-27,Ativa
C06,C06-E0068,T03,Professional,2025-07-26,,Ativa
C06,C06-E0033,T03,Professional,2025-07-02,2026-07-02,Expirada
C06,C06-E0231,T03,Standard,2025-07-26,2026-07-26,Ativa
C06,C06-E0261,T03,Standard,2025-08-24,2026-08-24,Ativa
C06,C06-E0073,T03,Standard,2025-08-17,2026-08-17,Ativa
C06,C06-E0044,T03,Standard,2025-08-16,2026-08-16,Ativa
C06,C06-E0233,T03,Standard,2025-08-30,2026-08-30,Ativa
C06,C06-E0273,T03,Standard,2025-07-27,2026-07-27,Ativa
C06,C06-E0013,T03,Enterprise,2025-07-07,2026-07-07,Ativa
C06,C06-E0308,T03,Enterprise,2025-08-08,,Ativa
C06,C06-E0135,T03,Professional,2025-08-17,,Ativa
C06,C06-E0112,T03,Professional,2025-08-10,2026-08-10,Ativa
C06,C06-E0052,T03,Professional,2025-07-22,2026-07-22,Ativa
C06,C06-E0301,T03,Enterprise,2025-08-24,,Ativa
C06,C06-E0190,T03,Professional,2025-08-16,2026-08-16,Ativa
C06,C06-E0143,T03,Standard,2025-07-07,,Ativa
C06,C06-E0213,T03,Standard,2025-07-27,2026-07-27,Ativa
C06,C06-E0099,T03,Professional,2025-07-26,2026-07-26,Expirada
C06,C06-E0250,T03,Standard,2025-07-29,2026-07-29,Ativa
C06,C06-E0200,T03,Enterprise,2025-08-10,2026-08-10,Ativa
C06,C06-E0079,T03,Enterprise,2025-08-24,2026-08-24,Ativa
C06,C06-E0222,T03,Standard,2025-08-09,2026-08-09,Expirada
C06,C06-E0152,T03,Professional,2025-07-25,,Ativa
C06,C06-E0337,T03,Enterprise,2025-07-23,,Ativa
C06,C06-E0266,T03,Enterprise,2025-07-19,,Ativa
C06,C06-E0146,T03,Standard,2025-08-07,,Ativa
C06,C06-E0140,T03,Standard,2025-08-08,2026-08-08,Ativa
C06,C06-E0202,T03,Enterprise,2025-08-06,2026-08-06,Expirada
C06,C06-E0116,T03,Professional,2025-08-16,,Ativa
C06,C06-E0001,T03,Enterprise,2025-07-17,2026-07-17,Expirada
C06,C06-E0132,T03,Standard,2025-08-18,,Ativa
C06,C06-E0338,T03,Enterprise,2025-07-21,,Ativa
C06,C06-E0083,T03,Standard,2025-07-16,2026-07-16,Ativa
C06,C06-E0100,T03,Standard,2025-08-11,2026-08-11,Revogada
C06,C06-E0137,T03,Standard,2025-07-26,,Ativa
C06,C06-E0003,T03,Professional,2025-09-08,2026-09-08,Ativa
C06,C06-E0316,T03,Professional,2025-08-13,2026-08-13,Ativa
C06,C06-E0175,T03,Professional,2025-07-18,2026-07-18,Ativa
C06,C06-E0216,T03,Professional,2025-07-23,2026-07-23,Expirada
C06,C06-E0304,T03,Professional,2025-07-20,2026-07-20,Ativa
C06,C06-E0324,T03,Enterprise,2025-07-29,2026-07-29,Expirada
C06,C06-E0280,T03,Standard,2025-08-23,2026-08-23,Ativa
C06,C06-E0014,T03,Standard,2025-07-13,,Ativa
C06,C06-E0005,T03,Enterprise,2025-08-06,,Ativa
C06,C06-E0057,T03,Enterprise,2025-08-12,2026-08-12,Ativa
C06,C06-E0148,T03,Professional,2025-08-13,2026-08-13,Ativa
C06,C06-E0179,T03,Standard,2025-07-18,2026-07-18,Ativa
C06,C06-E0312,T03,Standard,2025-08-04,,Ativa
C06,C06-E0168,T03,Standard,2025-07-10,,Ativa
C06,C06-E0194,T03,Enterprise,2025-08-18,,Ativa
C06,C06-E0149,T03,Professional,2025-08-02,2026-08-02,Expirada
C06,C06-E0282,T03,Professional,2025-07-30,2026-07-30,Expirada
C06,C06-E0267,T03,Enterprise,2025-08-25,,Ativa
C06,C06-E0117,T03,Standard,2025-08-12,,Ativa
C06,C06-E0298,T03,Enterprise,2025-07-29,2026-07-29,Expirada
C06,C06-E0205,T03,Standard,2025-07-02,2026-07-02,Ativa
C06,C06-E0127,T03,Enterprise,2025-08-07,2026-08-07,Ativa
C06,C06-E0066,T03,Professional,2025-08-10,,Ativa
C06,C06-E0134,T03,Professional,2025-08-17,,Ativa
C06,C06-E0351,T03,Professional,2025-08-16,,Ativa
C06,C06-E0274,T03,Standard,2025-07-22,,Revogada
C06,C06-E0203,T08,Standard,2025-07-19,,Ativa
C06,C06-E0015,T08,Enterprise,2025-08-13,2026-08-13,Ativa
C06,C06-E0190,T08,Professional,2025-07-27,2026-07-27,Ativa
C06,C06-E0177,T08,Enterprise,2025-07-06,,Ativa
C06,C06-E0049,T08,Enterprise,2025-08-06,2026-08-06,Expirada
C06,C06-E0131,T08,Standard,2025-08-27,,Ativa
C06,C06-E0343,T08,Enterprise,2025-08-28,2026-08-28,Ativa
C06,C06-E0094,T08,Professional,2025-08-01,,Ativa
C06,C06-E0253,T08,Professional,2025-08-15,,Ativa
C06,C06-E0060,T08,Standard,2025-08-12,2026-08-12,Ativa
C06,C06-E0266,T08,Professional,2025-07-21,2026-07-21,Ativa
C06,C06-E0122,T08,Standard,2025-08-10,2026-08-10,Ativa
C06,C06-E0008,T08,Professional,2025-08-12,,Ativa
C06,C06-E0207,T08,Professional,2025-08-12,,Ativa
C06,C06-E0157,T08,Standard,2025-07-26,2026-07-26,Expirada
C06,C06-E0175,T08,Professional,2025-09-02,2026-09-02,Ativa
C06,C06-E0218,T08,Standard,2025-08-31,2026-08-31,Ativa
C06,C06-E0337,T08,Standard,2025-07-26,,Ativa
C06,C06-E0172,T08,Professional,2025-08-12,2026-08-12,Ativa
C06,C06-E0074,T08,Professional,2025-07-28,2026-07-28,Expirada
C06,C06-E0194,T08,Professional,2025-08-28,2026-08-28,Ativa
C06,C06-E0023,T08,Standard,2025-09-02,2026-09-02,Ativa
C06,C06-E0185,T08,Professional,2025-08-13,2026-08-13,Ativa
C06,C06-E0081,T08,Enterprise,2025-08-12,,Ativa
C06,C06-E0134,T08,Professional,2025-08-25,2026-08-25,Ativa
C06,C06-E0087,T08,Professional,2025-08-08,,Ativa
C06,C06-E0327,T08,Professional,2025-08-06,2026-08-06,Expirada
C06,C06-E0004,T08,Enterprise,2025-08-19,2026-08-19,Ativa
C06,C06-E0269,T08,Standard,2025-09-09,,Ativa
C06,C06-E0144,T08,Enterprise,2025-08-12,2026-08-12,Ativa
C06,C06-E0331,T08,Enterprise,2025-08-12,2026-08-12,Ativa
C06,C06-E0267,T08,Enterprise,2025-08-06,2026-08-06,Expirada
C06,C06-E0176,T08,Professional,2025-07-18,2026-07-18,Expirada
C06,C06-E0325,T08,Enterprise,2025-07-29,2026-07-29,Ativa
C06,C06-E0246,T08,Enterprise,2025-07-20,2026-07-20,Expirada
C06,C06-E0323,T08,Enterprise,2025-07-17,2026-07-17,Expirada
C06,C06-E0232,T08,Enterprise,2025-08-10,2026-08-10,Ativa
C06,C06-E0024,T08,Professional,2025-08-13,2026-08-13,Ativa
C06,C06-E0116,T08,Professional,2025-08-16,2026-08-16,Ativa
C06,C06-E0178,T08,Standard,2025-08-28,2026-08-28,Ativa
C06,C06-E0085,T08,Enterprise,2025-08-10,2026-08-10,Ativa
C06,C06-E0315,T08,Enterprise,2025-07-31,,Ativa
C06,C06-E0086,T08,Standard,2025-07-24,2026-07-24,Ativa
C06,C06-E0055,T08,Enterprise,2025-07-23,2026-07-23,Expirada
C06,C06-E0106,T08,Standard,2025-08-01,2026-08-01,Expirada
C06,C06-E0215,T08,Professional,2025-08-11,,Ativa
C06,C06-E0046,T08,Standard,2025-07-23,2026-07-23,Ativa
C06,C06-E0231,T08,Standard,2025-08-12,,Ativa
C06,C06-E0082,T08,Enterprise,2025-07-17,,Ativa
C06,C06-E0149,T08,Standard,2025-07-07,,Revogada
C06,C06-E0183,T08,Standard,2025-08-05,2026-08-05,Ativa
C06,C06-E0127,T08,Professional,2025-08-30,2026-08-30,Ativa
C06,C06-E0019,T08,Enterprise,2025-07-25,2026-07-25,Expirada
C06,C06-E0285,T08,Enterprise,2025-08-18,2026-08-18,Ativa
C06,C06-E0065,T08,Standard,2025-08-14,2026-08-14,Ativa
C06,C06-E0058,T08,Professional,2025-08-05,2026-08-05,Expirada
C06,C06-E0220,T08,Professional,2025-08-22,2026-08-22,Ativa
C06,C06-E0282,T08,Professional,2025-08-28,2026-08-28,Ativa
C06,C06-E0126,T08,Professional,2025-08-29,2026-08-29,Ativa
C06,C06-E0226,T08,Standard,2025-09-12,2026-09-12,Ativa
C06,C06-E0120,T08,Standard,2025-07-15,2026-07-15,Expirada
C06,C06-E0201,T08,Standard,2025-08-01,2026-08-01,Ativa
C06,C06-E0018,T08,Standard,2025-08-22,2026-08-22,Ativa
C06,C06-E0300,T08,Standard,2025-08-08,2026-08-08,Ativa
C06,C06-E0243,T08,Professional,2025-08-19,,Revogada
C06,C06-E0326,T08,Standard,2025-09-01,2026-09-01,Ativa
C06,C06-E0319,T08,Enterprise,2025-08-15,,Ativa
C06,C06-E0289,T08,Standard,2025-08-11,2026-08-11,Ativa
C06,C06-E0032,T08,Enterprise,2025-08-31,2026-08-31,Ativa
C06,C06-E0166,T08,Enterprise,2025-08-04,,Ativa
C06,C06-E0322,T08,Standard,2025-08-16,2026-08-16,Ativa
C06,C06-E0054,T08,Enterprise,2025-08-15,,Ativa
C06,C06-E0141,T08,Professional,2025-07-27,2026-07-27,Ativa
C06,C06-E0336,T08,Enterprise,2025-08-07,,Ativa
C06,C06-E0188,T08,Standard,2025-08-07,,Ativa
C06,C06-E0137,T08,Professional,2025-08-04,,Ativa
C06,C06-E0118,T08,Enterprise,2025-07-08,2026-07-08,Expirada
C06,C06-E0003,T08,Professional,2025-09-05,2026-09-05,Ativa
C06,C06-E0041,T08,Professional,2025-07-21,,Ativa
C06,C06-E0302,T08,Professional,2025-09-09,2026-09-09,Ativa
C06,C06-E0047,T08,Enterprise,2025-08-22,2026-08-22,Ativa
C06,C06-E0113,T08,Standard,2025-08-07,,Ativa
C06,C06-E0229,T08,Professional,2025-08-12,2026-08-12,Ativa
C06,C06-E0348,T08,Professional,2025-08-08,2026-08-08,Expirada
C06,C06-E0092,T08,Enterprise,2025-08-15,2026-08-15,Ativa
C06,C06-E0163,T08,Professional,2025-08-21,2026-08-21,Ativa
C06,C06-E0025,T08,Enterprise,2025-07-18,,Ativa
C06,C06-E0075,T08,Standard,2025-08-19,,Ativa
C06,C06-E0014,T08,Professional,2025-08-20,2026-08-20,Ativa
C06,C06-E0097,T08,Standard,2025-08-01,2026-08-01,Expirada
C06,C06-E0279,T08,Enterprise,2025-07-05,,Ativa
C06,C06-E0145,T08,Enterprise,2025-08-17,,Revogada
C06,C06-E0164,T08,Professional,2025-08-10,2026-08-10,Ativa
C06,C06-E0330,T08,Professional,2025-08-14,,Ativa
C06,C06-E0236,T08,Standard,2025-08-08,,Ativa
C06,C06-E0271,T08,Enterprise,2025-07-24,,Ativa
C06,C06-E0037,T08,Enterprise,2025-07-13,2026-07-13,Expirada
C06,C06-E0173,T08,Enterprise,2025-07-26,,Ativa
C06,C06-E0209,T08,Professional,2025-08-15,2026-08-15,Ativa
C06,C06-E0200,T08,Standard,2025-08-06,2026-08-06,Expirada
C06,C06-E0230,T08,Standard,2025-08-27,2026-08-27,Ativa
C06,C06-E0138,T08,Standard,2025-08-21,2026-08-21,Ativa
C06,C06-E0013,T08,Enterprise,2025-07-15,2026-07-15,Ativa
C06,C06-E0351,T08,Standard,2025-08-24,2026-08-24,Ativa
C06,C06-E0339,T08,Enterprise,2025-08-16,,Ativa
C06,C06-E0180,T08,Standard,2025-07-09,2026-07-09,Ativa
C06,C06-E0211,T08,Professional,2025-07-29,,Ativa
C06,C06-E0182,T08,Standard,2025-09-05,2026-09-05,Ativa
C06,C06-E0114,T08,Professional,2025-08-12,2026-08-12,Ativa
C06,C06-E0112,T08,Standard,2025-07-22,2026-07-22,Ativa
C06,C06-E0103,T08,Professional,2025-08-18,2026-08-18,Ativa
C06,C06-E0292,T08,Standard,2025-08-10,2026-08-10,Ativa
C06,C06-E0216,T08,Enterprise,2025-08-01,2026-08-01,Expirada
C06,C06-E0206,T08,Enterprise,2025-08-24,2026-08-24,Ativa
C06,C06-E0040,T08,Professional,2025-07-21,2026-07-21,Expirada
C06,C06-E0128,T08,Standard,2025-07-20,2026-07-20,Expirada
C06,C06-E0244,T08,Enterprise,2025-07-18,2026-07-18,Ativa
C06,C06-E0142,T08,Standard,2025-08-07,2026-08-07,Expirada
C06,C06-E0304,T08,Professional,2025-07-29,2026-07-29,Ativa
C06,C06-E0108,T08,Enterprise,2025-08-11,2026-08-11,Ativa
C06,C06-E0043,T08,Professional,2025-08-09,2026-08-09,Expirada
C06,C06-E0275,T08,Enterprise,2025-08-17,2026-08-17,Ativa
C06,C06-E0132,T08,Enterprise,2025-09-01,2026-09-01,Ativa
C06,C06-E0078,T08,Enterprise,2025-08-27,2026-08-27,Revogada
C06,C06-E0125,T08,Enterprise,2025-08-04,2026-08-04,Expirada
C06,C06-E0311,T08,Enterprise,2025-08-06,2026-08-06,Expirada
C06,C06-E0056,T08,Professional,2025-07-25,,Ativa
C06,C06-E0346,T08,Enterprise,2025-08-16,2026-08-16,Revogada
C06,C06-E0250,T08,Professional,2025-07-31,2026-07-31,Ativa
C06,C06-E0080,T08,Professional,2025-08-14,2026-08-14,Ativa
C06,C06-E0088,T08,Enterprise,2025-07-22,2026-07-22,Expirada
C06,C06-E0198,T08,Enterprise,2025-08-17,,Ativa
C06,C06-E0115,T08,Enterprise,2025-08-25,2026-08-25,Ativa
C06,C06-E0130,T08,Enterprise,2025-08-06,2026-08-06,Ativa
C06,C06-E0312,T08,Professional,2025-07-22,2026-07-22,Ativa
C06,C06-E0278,T08,Standard,2025-08-26,2026-08-26,Ativa
C06,C06-E0258,T08,Standard,2025-08-24,2026-08-24,Ativa
C06,C06-E0063,T08,Standard,2025-07-22,2026-07-22,Expirada
C06,C06-E0257,T08,Standard,2025-08-29,2026-08-29,Ativa
C06,C06-E0288,T08,Professional,2025-09-08,2026-09-08,Ativa
C06,C06-E0263,T08,Professional,2025-08-02,2026-08-02,Expirada
C06,C06-E0334,T08,Professional,2025-09-04,2026-09-04,Ativa
C06,C06-E0344,T08,Professional,2025-07-21,2026-07-21,Expirada
C06,C06-E0117,T08,Professional,2025-07-28,2026-07-28,Ativa
C06,C06-E0193,T08,Professional,2025-07-05,,Ativa
C06,C06-E0297,T08,Enterprise,2025-08-30,2026-08-30,Ativa
C06,C06-E0307,T08,Professional,2025-08-05,2026-08-05,Expirada
C06,C06-E0044,T08,Professional,2025-07-24,,Ativa
C06,C06-E0096,T08,Professional,2025-08-21,2026-08-21,Ativa
C06,C06-E0224,T08,Standard,2025-08-07,2026-08-07,Ativa
C06,C06-E0143,T08,Standard,2025-07-13,2026-07-13,Expirada
C06,C06-E0273,T08,Enterprise,2025-07-06,,Ativa
C06,C06-E0280,T08,Standard,2025-08-04,,Ativa
C06,C06-E0265,T08,Standard,2025-09-11,2026-09-11,Ativa
C06,C06-E0347,T08,Standard,2025-09-09,2026-09-09,Ativa
C06,C06-E0317,T08,Enterprise,2025-07-25,2026-07-25,Ativa
C06,C06-E0102,T08,Standard,2025-07-27,2026-07-27,Ativa
C06,C06-E0321,T08,Professional,2025-08-16,2026-08-16,Ativa
C06,C06-E0247,T08,Standard,2025-09-03,2026-09-03,Ativa
C06,C06-E0123,T08,Professional,2025-07-06,2026-07-06,Expirada
C06,C06-E0306,T08,Professional,2025-08-08,,Ativa
C06,C06-E0062,T08,Standard,2025-08-10,2026-08-10,Ativa
C06,C06-E0262,T08,Professional,2025-08-08,2026-08-08,Ativa
C06,C06-E0228,T08,Standard,2025-08-26,,Ativa
C06,C06-E0184,T08,Professional,2025-08-23,,Ativa
C06,C06-E0053,T08,Standard,2025-07-30,2026-07-30,Expirada
C06,C06-E0011,T08,Enterprise,2025-07-15,,Ativa
C06,C06-E0195,T08,Enterprise,2025-08-06,2026-08-06,Expirada
C06,C06-E0268,T08,Standard,2025-08-21,2026-08-21,Ativa
C06,C06-E0270,T08,Professional,2025-07-09,2026-07-09,Expirada
C06,C06-E0098,T08,Professional,2025-07-24,2026-07-24,Expirada
C06,C06-E0355,T08,Standard,2025-09-05,2026-09-05,Ativa
C06,C06-E0133,T08,Enterprise,2025-08-04,,Ativa
C06,C06-E0026,T08,Enterprise,2025-08-12,2026-08-12,Ativa
C06,C06-E0212,T08,Enterprise,2025-07-31,,Ativa
C06,C06-E0205,T08,Enterprise,2025-08-13,2026-08-13,Ativa
C06,C06-E0153,T08,Standard,2025-07-30,,Revogada
C06,C06-E0293,T08,Standard,2025-09-02,2026-09-02,Ativa
C06,C06-E0109,T08,Professional,2025-08-20,,Ativa
C06,C06-E0208,T08,Enterprise,2025-08-06,,Ativa
C06,C06-E0052,T08,Professional,2025-07-24,2026-07-24,Ativa
C06,C06-E0349,T08,Enterprise,2025-08-01,2026-08-01,Expirada
C06,C06-E0272,T08,Professional,2025-08-18,2026-08-18,Ativa
C06,C06-E0169,T08,Professional,2025-07-24,2026-07-24,Ativa
C06,C06-E0318,T08,Professional,2025-08-05,,Ativa
C06,C06-E0091,T08,Standard,2025-08-21,2026-08-21,Ativa
C06,C06-E0124,T08,Professional,2025-07-30,2026-07-30,Expirada
C06,C06-E0007,T08,Standard,2025-07-28,2026-07-28,Expirada
C06,C06-E0170,T08,Enterprise,2025-08-14,2026-08-14,Ativa
C06,C06-E0261,T08,Professional,2025-07-29,2026-07-29,Ativa
C06,C06-E0168,T08,Standard,2025-07-15,2026-07-15,Expirada
C06,C06-E0295,T08,Enterprise,2025-08-02,,Ativa
C06,C06-E0286,T08,Enterprise,2025-07-21,,Revogada
C06,C06-E0298,T08,Professional,2025-08-15,2026-08-15,Ativa
C06,C06-E0017,T08,Standard,2025-08-01,,Ativa
C06,C06-E0068,T08,Enterprise,2025-08-03,2026-08-03,Expirada
C06,C06-E0281,T08,Enterprise,2025-07-17,2026-07-17,Ativa
C06,C06-E0045,T08,Enterprise,2025-08-07,2026-08-07,Ativa
C06,C06-E0217,T08,Professional,2025-07-24,2026-07-24,Ativa
C06,C06-E0287,T08,Standard,2025-08-08,,Ativa
C06,C06-E0100,T08,Standard,2025-09-03,,Ativa
C06,C06-E0222,T08,Professional,2025-07-20,2026-07-20,Ativa
C06,C06-E0161,T08,Standard,2025-08-10,2026-08-10,Ativa
C06,C06-E0238,T08,Standard,2025-07-29,,Ativa
C06,C06-E0352,T08,Enterprise,2025-07-21,2026-07-21,Ativa
C06,C06-E0341,T08,Standard,2025-07-28,2026-07-28,Expirada
C06,C06-E0181,T08,Professional,2025-07-21,,Ativa
C06,C06-E0006,T08,Enterprise,2025-07-13,,Ativa
C06,C06-E0333,T08,Professional,2025-08-19,2026-08-19,Ativa
C06,C06-E0148,T08,Enterprise,2025-07-30,2026-07-30,Ativa
C06,C06-E0202,T08,Enterprise,2025-08-18,,Ativa
C06,C06-E0010,T08,Professional,2025-07-22,,Ativa
C06,C06-E0328,T08,Enterprise,2025-07-05,,Ativa
C06,C06-E0110,T08,Professional,2025-08-26,2026-08-26,Ativa
C06,C06-E0240,T08,Enterprise,2025-08-21,2026-08-21,Ativa
C06,C06-E0083,T08,Professional,2025-08-25,2026-08-25,Ativa
C06,C06-E0035,T08,Enterprise,2025-09-02,2026-09-02,Ativa
C06,C06-E0073,T08,Professional,2025-07-29,2026-07-29,Ativa
C06,C06-E0099,T08,Standard,2025-08-07,2026-08-07,Expirada
C06,C06-E0342,T08,Enterprise,2025-07-28,,Ativa
C06,C06-E0171,T08,Professional,2025-07-31,,Revogada
C06,C06-E0067,T08,Standard,2025-08-06,,Ativa
C06,C06-E0005,T08,Standard,2025-08-11,,Ativa
C06,C06-E0345,T08,Standard,2025-08-03,2026-08-03,Ativa
C06,C06-E0079,T08,Enterprise,2025-08-21,2026-08-21,Ativa
C06,C06-E0290,T08,Professional,2025-08-15,2026-08-15,Ativa
C06,C06-E0066,T08,Standard,2025-07-17,,Ativa
C06,C06-E0353,T08,Professional,2025-08-26,,Revogada
C06,C06-E0042,T08,Standard,2025-08-29,2026-08-29,Ativa
C06,C06-E0332,T08,Standard,2025-07-23,2026-07-23,Ativa
C06,C06-E0034,T08,Standard,2025-07-17,2026-07-17,Expirada
C06,C06-E0020,T08,Professional,2025-08-02,,Ativa
C06,C06-E0072,T08,Professional,2025-08-23,2026-08-23,Ativa
C06,C06-E0283,T08,Enterprise,2025-08-10,,Ativa
C06,C06-E0251,T08,Professional,2025-08-17,,Ativa
C06,C06-E0139,T08,Professional,2025-07-25,2026-07-25,Ativa
C06,C06-E0356,T08,Standard,2025-08-31,,Revogada
C06,C06-E0038,T08,Standard,2025-08-19,2026-08-19,Revogada
C06,C06-E0069,T08,Enterprise,2025-08-02,,Ativa
C06,C06-E0245,T08,Professional,2025-07-13,2026-07-13,Ativa
C06,C06-E0095,T08,Enterprise,2025-09-03,2026-09-03,Ativa
C06,C06-E0320,T08,Enterprise,2025-07-29,2026-07-29,Ativa
C06,C06-E0152,T08,Professional,2025-07-26,2026-07-26,Expirada
C06,C06-E0033,T08,Enterprise,2025-08-15,,Ativa
C06,C06-E0335,T08,Standard,2025-08-29,2026-08-29,Revogada
C06,C06-E0199,T08,Enterprise,2025-08-23,2026-08-23,Revogada
C06,C06-E0090,T08,Standard,2025-08-24,,Ativa
C06,C06-E0197,T08,Professional,2025-08-06,,Ativa
C06,C06-E0235,T08,Standard,2025-08-03,,Ativa
C06,C06-E0259,T08,Standard,2025-07-10,2026-07-10,Ativa
C06,C06-E0160,T08,Standard,2025-08-19,,Ativa
C06,C06-E0140,T08,Standard,2025-08-18,2026-08-18,Ativa
C06,C06-E0154,T08,Standard,2025-07-05,,Ativa
C06,C06-E0189,T08,Standard,2025-08-08,2026-08-08,Expirada
C06,C06-E0022,T08,Professional,2025-07-25,2026-07-25,Ativa
C06,C06-E0242,T08,Professional,2025-07-09,2026-07-09,Expirada
C06,C06-E0191,T08,Professional,2025-08-12,2026-08-12,Ativa
C06,C06-E0167,T08,Enterprise,2025-08-23,2026-08-23,Ativa
C06,C06-E0009,T08,Enterprise,2025-08-20,2026-08-20,Ativa
C06,C06-E0059,T08,Enterprise,2025-08-16,2026-08-16,Ativa
C06,C06-E0030,T08,Enterprise,2025-08-21,2026-08-21,Ativa
C06,C06-E0340,T08,Standard,2025-08-09,,Ativa
C06,C06-E0204,T08,Enterprise,2025-08-13,,Ativa
C06,C06-E0264,T08,Professional,2025-08-10,2026-08-10,Ativa
C06,C06-E0179,T08,Professional,2025-08-08,2026-08-08,Ativa
C06,C06-E0146,T08,Standard,2025-07-13,2026-07-13,Expirada
C06,C06-E0135,T08,Standard,2025-08-13,2026-08-13,Ativa
C06,C06-E0303,T08,Enterprise,2025-08-05,2026-08-05,Ativa
C06,C06-E0002,T08,Professional,2025-08-07,2026-08-07,Expirada
C06,C06-E0071,T08,Standard,2025-08-09,,Ativa
C06,C06-E0031,T08,Enterprise,2025-08-14,2026-08-14,Ativa
C06,C06-E0162,T08,Standard,2025-07-23,2026-07-23,Ativa
C06,C06-E0276,T08,Standard,2025-08-08,2026-08-08,Expirada
C06,C06-E0061,T08,Professional,2025-08-13,2026-08-13,Ativa
C06,C06-E0324,T08,Standard,2025-08-23,,Ativa
C06,C06-E0260,T08,Professional,2025-08-16,2026-08-16,Ativa
C06,C06-E0338,T08,Standard,2025-08-01,2026-08-01,Ativa
C06,C06-E0151,T08,Standard,2025-07-25,2026-07-25,Expirada
C06,C06-E0156,T08,Enterprise,2025-07-21,2026-07-21,Ativa
C06,C06-E0301,T08,Standard,2025-07-18,,Ativa
C06,C06-E0150,T08,Professional,2025-07-26,,Revogada
C06,C06-E0048,T08,Enterprise,2025-07-21,2026-07-21,Ativa
C06,C06-E0064,T08,Standard,2025-07-30,2026-07-30,Expirada
C06,C06-E0165,T08,Professional,2025-07-27,,Ativa
C06,C06-E0119,T08,Enterprise,2025-08-19,2026-08-19,Ativa
C06,C06-E0057,T08,Standard,2025-08-23,2026-08-23,Ativa
C06,C06-E0299,T08,Standard,2025-07-25,2026-07-25,Expirada
C06,C06-E0027,T08,Enterprise,2025-07-24,2026-07-24,Ativa
C06,C06-E0155,T08,Professional,2025-07-13,2026-07-13,Ativa
C06,C06-E0021,T08,Enterprise,2025-08-27,,Ativa
C06,C06-E0213,T08,Standard,2025-08-18,2026-08-18,Revogada
C06,C06-E0305,T08,Standard,2025-09-04,,Ativa
C06,C06-E0192,T08,Standard,2025-08-22,2026-08-22,Ativa
C06,C06-E0028,T08,Professional,2025-09-03,2026-09-03,Ativa
C06,C06-E0241,T08,Standard,2025-08-03,2026-08-03,Expirada
C06,C06-E0313,T08,Enterprise,2025-08-03,2026-08-03,Expirada
C06,C06-E0121,T08,Enterprise,2025-08-13,2026-08-13,Ativa
C06,C06-E0223,T08,Professional,2025-07-28,2026-07-28,Expirada
C06,C06-E0357,T08,Professional,2025-07-29,2026-07-29,Ativa
C06,C06-E0233,T08,Professional,2025-08-11,,Ativa
C06,C06-E0158,T08,Standard,2025-08-19,,Ativa
C06,C06-E0210,T08,Standard,2025-08-08,2026-08-08,Ativa
C06,C06-E0050,T08,Enterprise,2025-08-01,,Ativa
C06,C06-E0255,T08,Enterprise,2025-07-21,2026-07-21,Ativa
C06,C06-E0249,T08,Professional,2025-08-17,,Ativa
C06,C06-E0309,T08,Enterprise,2025-08-09,,Ativa
C06,C06-E0084,T08,Enterprise,2025-09-02,2026-09-02,Ativa
C06,C06-E0227,T08,Professional,2025-08-24,,Ativa
C06,C06-E0076,T08,Professional,2025-07-23,2026-07-23,Expirada
C06,C06-E0221,T08,Standard,2025-07-29,,Ativa
C06,C06-E0105,T08,Professional,2025-08-12,2026-08-12,Ativa
C06,C06-E0354,T08,Enterprise,2025-08-26,2026-08-26,Revogada
C06,C06-E0107,T08,Professional,2025-08-17,2026-08-17,Ativa
C06,C06-E0101,T08,Professional,2025-09-07,2026-09-07,Ativa
C06,C06-E0284,T08,Standard,2025-09-05,2026-09-05,Ativa
C06,C06-E0350,T08,Professional,2025-07-11,2026-07-11,Expirada
C06,C06-E0314,T08,Professional,2025-08-03,2026-08-03,Expirada
C06,C06-E0147,T08,Standard,2025-07-07,2026-07-07,Ativa
C06,C06-E0051,T08,Professional,2025-08-24,2026-08-24,Ativa
C06,C06-E0089,T08,Professional,2025-08-11,2026-08-11,Ativa
C06,C06-E0029,T08,Enterprise,2025-07-02,2026-07-02,Expirada
C06,C06-E0104,T08,Standard,2025-08-19,2026-08-19,Ativa
C06,C06-E0239,T08,Enterprise,2025-08-03,2026-08-03,Ativa
C06,C06-E0256,T08,Enterprise,2025-07-20,,Ativa
C06,C06-E0186,T08,Professional,2025-08-23,,Ativa
C06,C06-E0159,T08,Enterprise,2025-08-31,2026-08-31,Ativa
C06,C06-E0316,T08,Enterprise,2025-09-07,,Ativa
C06,C06-E0039,T08,Enterprise,2025-07-28,2026-07-28,Ativa
C06,C06-E0093,T08,Professional,2025-08-23,,Ativa
C06,C06-E0129,T08,Professional,2025-07-20,2026-07-20,Expirada
C06,C06-E0277,T08,Standard,2025-08-28,2026-08-28,Ativa
C06,C06-E0111,T08,Enterprise,2025-08-11,2026-08-11,Ativa
C06,C06-E0001,T08,Enterprise,2025-08-02,2026-08-02,Ativa
C06,C06-E0219,T08,Enterprise,2025-08-05,,Ativa
C06,C06-E0310,T08,Enterprise,2025-07-30,2026-07-30,Ativa
C06,C06-E0012,T08,Professional,2025-09-04,,Ativa
C06,C06-E0274,T08,Standard,2025-08-03,,Ativa
C06,C06-E0225,T08,Standard,2025-08-28,,Ativa
C06,C06-E0294,T08,Professional,2025-07-17,2026-07-17,Expirada
C06,C06-E0187,T08,Standard,2025-08-21,2026-08-21,Ativa
C06,C06-E0174,T08,Enterprise,2025-08-26,2026-08-26,Ativa
C06,C06-E0016,T08,Enterprise,2025-07-25,2026-07-25,Expirada
C06,C06-E0329,T08,Professional,2025-08-10,2026-08-10,Ativa
C06,C06-E0234,T08,Professional,2025-08-01,2026-08-01,Ativa
C06,C06-E0070,T08,Enterprise,2025-08-08,,Ativa
C06,C06-E0252,T08,Standard,2025-07-07,2026-07-07,Ativa
C06,C06-E0214,T08,Professional,2025-08-21,,Ativa
C06,C06-E0254,T08,Enterprise,2025-07-07,,Ativa
C06,C06-E0248,T08,Professional,2025-08-09,,Ativa
C06,C06-E0036,T08,Professional,2025-08-07,2026-08-07,Expirada
C06,C06-E0296,T08,Professional,2025-07-17,2026-07-17,Expirada
C06,C06-E0308,T08,Enterprise,2025-08-13,2026-08-13,Ativa
C06,C06-E0136,T08,Standard,2025-07-07,2026-07-07,Ativa
C06,C06-E0291,T08,Standard,2025-07-28,2026-07-28,Ativa
C06,C06-E0196,T08,Standard,2025-08-11,2026-08-11,Ativa
C06,C06-E0237,T08,Enterprise,2025-08-22,2026-08-22,Revogada
C06,C06-E0077,T08,Standard,2025-08-28,2026-08-28,Revogada
C07,C07-E0038,T02,Professional,2026-03-09,2027-03-09,Ativa
C07,C07-E0052,T02,Professional,2026-03-03,2027-03-03,Ativa
C07,C07-E0035,T02,Professional,2026-03-10,2027-03-10,Ativa
C07,C07-E0013,T02,Enterprise,2026-02-25,2027-02-25,Ativa
C07,C07-E0050,T02,Standard,2026-03-03,2027-03-03,Ativa
C07,C07-E0025,T02,Enterprise,2026-02-26,,Ativa
C07,C07-E0028,T02,Enterprise,2026-03-02,2027-03-02,Ativa
C07,C07-E0057,T02,Professional,2026-02-13,2027-02-13,Ativa
C07,C07-E0006,T02,Enterprise,2026-03-25,,Ativa
C07,C07-E0048,T02,Standard,2026-03-22,,Ativa
C07,C07-E0064,T02,Enterprise,2026-04-01,2027-04-01,Ativa
C07,C07-E0044,T02,Enterprise,2026-04-09,,Ativa
C07,C07-E0031,T02,Professional,2026-03-22,2027-03-22,Ativa
C07,C07-E0046,T02,Enterprise,2026-03-19,2027-03-19,Ativa
C07,C07-E0060,T02,Standard,2026-02-24,2027-02-24,Ativa
C07,C07-E0027,T02,Professional,2026-02-27,,Ativa
C07,C07-E0070,T02,Enterprise,2026-03-15,2027-03-15,Ativa
C07,C07-E0015,T02,Standard,2026-03-09,2027-03-09,Revogada
C07,C07-E0069,T02,Standard,2026-03-12,,Ativa
C07,C07-E0040,T02,Standard,2026-03-25,2027-03-25,Ativa
C07,C07-E0033,T02,Enterprise,2026-02-27,2027-02-27,Ativa
C07,C07-E0023,T02,Standard,2026-03-11,,Revogada
C07,C07-E0054,T02,Professional,2026-04-07,2027-04-07,Ativa
C07,C07-E0043,T02,Standard,2026-03-17,,Ativa
C07,C07-E0019,T02,Standard,2026-02-21,2027-02-21,Ativa
C07,C07-E0068,T02,Standard,2026-03-11,2027-03-11,Ativa
C07,C07-E0034,T02,Standard,2026-03-02,2027-03-02,Ativa
C07,C07-E0058,T02,Professional,2026-03-12,,Ativa
C07,C07-E0001,T02,Standard,2026-03-15,2027-03-15,Ativa
C07,C07-E0073,T02,Standard,2026-03-02,,Ativa
C07,C07-E0041,T02,Enterprise,2026-03-08,2027-03-08,Ativa
C07,C07-E0053,T02,Standard,2026-02-26,2027-02-26,Ativa
C07,C07-E0009,T02,Standard,2026-03-02,2027-03-02,Ativa
C07,C07-E0029,T02,Standard,2026-03-14,,Ativa
C07,C07-E0045,T02,Enterprise,2026-02-11,,Ativa
C07,C07-E0072,T02,Standard,2026-03-31,2027-03-31,Ativa
C07,C07-E0049,T02,Enterprise,2026-04-12,2027-04-12,Ativa
C07,C07-E0007,T02,Enterprise,2026-04-13,2027-04-13,Ativa
C07,C07-E0005,T02,Professional,2026-03-13,,Ativa
C07,C07-E0021,T02,Professional,2026-02-27,2027-02-27,Ativa
C07,C07-E0063,T02,Enterprise,2026-03-17,2027-03-17,Ativa
C07,C07-E0062,T02,Enterprise,2026-02-10,,Ativa
C07,C07-E0037,T02,Standard,2026-02-07,2027-02-07,Ativa
C07,C07-E0003,T02,Standard,2026-03-11,2027-03-11,Ativa
C07,C07-E0022,T02,Enterprise,2026-02-19,2027-02-19,Ativa
C07,C07-E0024,T02,Standard,2026-03-13,,Ativa
C07,C07-E0055,T02,Enterprise,2026-03-19,2027-03-19,Ativa
C07,C07-E0039,T02,Standard,2026-03-06,2027-03-06,Ativa
C07,C07-E0004,T02,Standard,2026-03-01,2027-03-01,Ativa
C07,C07-E0059,T02,Professional,2026-03-21,2027-03-21,Ativa
C07,C07-E0030,T02,Professional,2026-03-16,2027-03-16,Ativa
C07,C07-E0047,T02,Standard,2026-03-03,2027-03-03,Ativa
C07,C07-E0026,T02,Enterprise,2026-03-01,,Ativa
C07,C07-E0014,T02,Professional,2026-02-25,2027-02-25,Ativa
C07,C07-E0011,T02,Enterprise,2026-02-20,2027-02-20,Ativa
C07,C07-E0010,T02,Standard,2026-03-23,,Ativa
C07,C07-E0051,T02,Professional,2026-02-27,2027-02-27,Ativa
C07,C07-E0067,T02,Standard,2026-03-31,2027-03-31,Ativa
C07,C07-E0042,T02,Professional,2026-03-22,,Ativa
C07,C07-E0032,T02,Enterprise,2026-03-03,2027-03-03,Ativa
C07,C07-E0012,T02,Standard,2026-02-26,2027-02-26,Ativa
C07,C07-E0002,T02,Standard,2026-03-22,,Ativa
C07,C07-E0061,T02,Enterprise,2026-02-26,2027-02-26,Ativa
C07,C07-E0065,T02,Professional,2026-02-21,2027-02-21,Ativa
C07,C07-E0071,T02,Standard,2026-03-12,,Revogada
C07,C07-E0018,T02,Standard,2026-03-02,2027-03-02,Ativa
C07,C07-E0008,T02,Professional,2026-02-20,2027-02-20,Ativa
C07,C07-E0020,T02,Standard,2026-02-14,2027-02-14,Ativa
C07,C07-E0017,T02,Professional,2026-03-23,2027-03-23,Ativa
C07,C07-E0056,T02,Professional,2026-03-27,2027-03-27,Ativa
C07,C07-E0066,T02,Enterprise,2026-03-29,,Ativa
C07,C07-E0036,T02,Standard,2026-02-18,2027-02-18,Ativa
C07,C07-E0016,T02,Enterprise,2026-04-11,2027-04-11,Ativa
C07,C07-E0048,T04,Professional,2026-03-05,2027-03-05,Ativa
C07,C07-E0021,T04,Standard,2026-02-28,2027-02-28,Ativa
C07,C07-E0014,T04,Enterprise,2026-03-01,2027-03-01,Ativa
C07,C07-E0059,T04,Professional,2026-02-23,2027-02-23,Ativa
C07,C07-E0004,T04,Professional,2026-02-23,,Ativa
C07,C07-E0072,T04,Enterprise,2026-02-25,2027-02-25,Ativa
C07,C07-E0054,T04,Professional,2026-03-12,2027-03-12,Ativa
C07,C07-E0067,T04,Enterprise,2026-03-07,2027-03-07,Ativa
C07,C07-E0012,T04,Professional,2026-03-17,2027-03-17,Ativa
C07,C07-E0030,T04,Professional,2026-02-19,2027-02-19,Ativa
C07,C07-E0027,T04,Enterprise,2026-02-06,2027-02-06,Ativa
C07,C07-E0017,T04,Enterprise,2026-03-12,,Ativa
C07,C07-E0024,T04,Standard,2026-03-30,2027-03-30,Ativa
C07,C07-E0049,T04,Enterprise,2026-03-04,2027-03-04,Ativa
C07,C07-E0053,T04,Enterprise,2026-02-21,2027-02-21,Ativa
C07,C07-E0061,T04,Standard,2026-03-17,2027-03-17,Ativa
C07,C07-E0005,T04,Standard,2026-03-11,2027-03-11,Ativa
C07,C07-E0026,T04,Standard,2026-02-26,,Revogada
C07,C07-E0031,T04,Enterprise,2026-04-08,2027-04-08,Ativa
C07,C07-E0042,T04,Enterprise,2026-03-24,2027-03-24,Ativa
C07,C07-E0066,T04,Standard,2026-03-21,,Ativa
C07,C07-E0035,T04,Professional,2026-03-27,2027-03-27,Ativa
C07,C07-E0001,T04,Standard,2026-03-12,,Ativa
C07,C07-E0020,T04,Enterprise,2026-02-12,2027-02-12,Ativa
C07,C07-E0034,T04,Professional,2026-03-24,,Ativa
C07,C07-E0022,T04,Enterprise,2026-03-03,2027-03-03,Ativa
C07,C07-E0063,T04,Professional,2026-04-06,2027-04-06,Ativa
C07,C07-E0069,T04,Standard,2026-02-28,2027-02-28,Ativa
C07,C07-E0070,T04,Professional,2026-02-28,,Ativa
C07,C07-E0064,T04,Enterprise,2026-03-14,2027-03-14,Ativa
C07,C07-E0060,T04,Enterprise,2026-03-14,,Ativa
C07,C07-E0040,T04,Enterprise,2026-03-17,,Ativa
C07,C07-E0068,T04,Standard,2026-02-19,2027-02-19,Ativa
C07,C07-E0032,T04,Enterprise,2026-03-08,2027-03-08,Ativa
C07,C07-E0052,T04,Enterprise,2026-02-09,2027-02-09,Ativa
C07,C07-E0028,T04,Enterprise,2026-04-01,,Ativa
C07,C07-E0036,T04,Standard,2026-02-20,2027-02-20,Ativa
C07,C07-E0025,T04,Professional,2026-02-09,2027-02-09,Ativa
C07,C07-E0056,T04,Professional,2026-02-21,2027-02-21,Ativa
C07,C07-E0002,T04,Standard,2026-02-12,2027-02-12,Ativa
C07,C07-E0019,T04,Professional,2026-02-27,,Ativa
C07,C07-E0018,T04,Enterprise,2026-04-05,2027-04-05,Ativa
C07,C07-E0006,T04,Enterprise,2026-03-12,,Ativa
C07,C07-E0065,T04,Enterprise,2026-03-15,,Ativa
C07,C07-E0015,T04,Professional,2026-02-24,2027-02-24,Revogada
C07,C07-E0062,T04,Professional,2026-03-12,2027-03-12,Ativa
C07,C07-E0043,T04,Standard,2026-02-09,2027-02-09,Ativa
C07,C07-E0044,T04,Enterprise,2026-03-08,,Ativa
C07,C07-E0057,T04,Enterprise,2026-03-06,2027-03-06,Ativa
C07,C07-E0016,T04,Standard,2026-03-05,,Ativa
C07,C07-E0045,T04,Professional,2026-03-29,,Ativa
C07,C07-E0037,T04,Standard,2026-02-18,2027-02-18,Ativa
C07,C07-E0029,T04,Standard,2026-02-26,2027-02-26,Ativa
C07,C07-E0041,T04,Professional,2026-03-12,,Ativa
C07,C07-E0003,T04,Standard,2026-02-18,2027-02-18,Revogada
C07,C07-E0055,T04,Enterprise,2026-02-28,,Ativa
C07,C07-E0050,T04,Professional,2026-03-09,2027-03-09,Ativa
C07,C07-E0039,T04,Enterprise,2026-04-11,2027-04-11,Ativa
C07,C07-E0033,T04,Standard,2026-02-13,2027-02-13,Ativa
C07,C07-E0010,T04,Standard,2026-03-01,,Ativa
C07,C07-E0011,T04,Standard,2026-03-20,,Revogada
C07,C07-E0071,T04,Standard,2026-02-11,,Ativa
C07,C07-E0013,T04,Standard,2026-02-28,2027-02-28,Ativa
C07,C07-E0047,T04,Enterprise,2026-03-26,2027-03-26,Ativa
C07,C07-E0038,T04,Enterprise,2026-03-27,2027-03-27,Ativa
C07,C07-E0046,T04,Standard,2026-03-12,2027-03-12,Ativa
C07,C07-E0009,T04,Enterprise,2026-04-06,2027-04-06,Ativa
C07,C07-E0023,T04,Enterprise,2026-03-07,2027-03-07,Ativa
C07,C07-E0073,T04,Professional,2026-03-27,,Ativa
C07,C07-E0008,T04,Standard,2026-03-05,2027-03-05,Revogada
C07,C07-E0007,T04,Enterprise,2026-03-04,,Ativa
C07,C07-E0058,T04,Standard,2026-02-20,2027-02-20,Revogada
C07,C07-E0051,T04,Standard,2026-04-11,,Ativa
C08,C08-E0009,T02,Standard,2025-10-27,2026-10-27,Ativa
C08,C08-E0033,T02,Enterprise,2025-10-18,2026-10-18,Revogada
C08,C08-E0028,T02,Standard,2025-11-03,2026-11-03,Ativa
C08,C08-E0034,T02,Standard,2025-10-05,,Ativa
C08,C08-E0026,T02,Standard,2025-10-04,,Ativa
C08,C08-E0038,T02,Standard,2025-10-25,2026-10-25,Ativa
C08,C08-E0036,T02,Professional,2025-10-12,2026-10-12,Ativa
C08,C08-E0013,T02,Professional,2025-10-21,,Ativa
C08,C08-E0035,T02,Standard,2025-10-16,,Ativa
C08,C08-E0002,T02,Standard,2025-09-29,2026-09-29,Ativa
C08,C08-E0025,T02,Standard,2025-09-19,2026-09-19,Ativa
C08,C08-E0011,T02,Standard,2025-09-26,2026-09-26,Ativa
C08,C08-E0004,T02,Enterprise,2025-10-24,2026-10-24,Ativa
C08,C08-E0019,T02,Enterprise,2025-10-15,2026-10-15,Ativa
C08,C08-E0006,T02,Standard,2025-09-30,,Ativa
C08,C08-E0008,T02,Enterprise,2025-09-26,2026-09-26,Ativa
C08,C08-E0041,T02,Standard,2025-09-02,,Ativa
C08,C08-E0015,T02,Standard,2025-11-04,2026-11-04,Ativa
C08,C08-E0039,T02,Standard,2025-10-05,2026-10-05,Ativa
C08,C08-E0024,T02,Standard,2025-10-19,2026-10-19,Ativa
C08,C08-E0010,T02,Enterprise,2025-11-05,2026-11-05,Ativa
C08,C08-E0003,T02,Professional,2025-09-10,2026-09-10,Ativa
C08,C08-E0017,T02,Enterprise,2025-10-26,,Ativa
C08,C08-E0007,T02,Professional,2025-10-09,2026-10-09,Ativa
C08,C08-E0001,T02,Standard,2025-09-11,2026-09-11,Ativa
C08,C08-E0020,T02,Professional,2025-11-01,2026-11-01,Ativa
C08,C08-E0032,T02,Standard,2025-10-11,2026-10-11,Ativa
C08,C08-E0037,T02,Professional,2025-09-16,2026-09-16,Ativa
C08,C08-E0018,T02,Professional,2025-10-26,2026-10-26,Ativa
C08,C08-E0027,T02,Professional,2025-10-13,,Ativa
C08,C08-E0039,T08,Enterprise,2025-10-10,,Ativa
C08,C08-E0041,T08,Enterprise,2025-09-24,2026-09-24,Ativa
C08,C08-E0033,T08,Enterprise,2025-09-16,2026-09-16,Revogada
C08,C08-E0011,T08,Professional,2025-10-12,,Ativa
C08,C08-E0008,T08,Standard,2025-09-26,,Ativa
C08,C08-E0015,T08,Professional,2025-10-13,2026-10-13,Ativa
C08,C08-E0024,T08,Professional,2025-10-24,,Ativa
C08,C08-E0003,T08,Professional,2025-10-07,2026-10-07,Ativa
C08,C08-E0007,T08,Standard,2025-09-26,2026-09-26,Ativa
C08,C08-E0025,T08,Standard,2025-10-21,,Revogada
C08,C08-E0023,T08,Enterprise,2025-10-04,2026-10-04,Ativa
C08,C08-E0001,T08,Standard,2025-10-17,2026-10-17,Ativa
C08,C08-E0009,T08,Enterprise,2025-11-03,2026-11-03,Ativa
C08,C08-E0005,T08,Professional,2025-09-14,,Revogada
C08,C08-E0016,T08,Professional,2025-09-29,2026-09-29,Ativa
C08,C08-E0030,T08,Enterprise,2025-10-12,,Revogada
C08,C08-E0017,T08,Professional,2025-11-02,2026-11-02,Ativa
C08,C08-E0037,T08,Enterprise,2025-10-07,2026-10-07,Ativa
C08,C08-E0020,T08,Professional,2025-10-11,2026-10-11,Ativa
C08,C08-E0014,T08,Professional,2025-10-14,2026-10-14,Ativa
C08,C08-E0032,T08,Standard,2025-10-05,2026-10-05,Ativa
C08,C08-E0004,T08,Enterprise,2025-09-30,,Ativa
C08,C08-E0022,T08,Enterprise,2025-09-12,2026-09-12,Ativa
C08,C08-E0006,T08,Enterprise,2025-10-10,2026-10-10,Ativa
C08,C08-E0010,T08,Enterprise,2025-10-30,2026-10-30,Ativa
C08,C08-E0029,T08,Standard,2025-10-06,,Ativa
C08,C08-E0026,T08,Standard,2025-10-04,2026-10-04,Ativa
C08,C08-E0018,T08,Standard,2025-10-15,2026-10-15,Ativa
C08,C08-E0021,T08,Standard,2025-09-26,,Ativa
C08,C08-E0002,T08,Enterprise,2025-10-21,,Ativa
C08,C08-E0031,T08,Professional,2025-09-23,2026-09-23,Ativa
C08,C08-E0019,T08,Standard,2025-10-13,2026-10-13,Ativa
C08,C08-E0035,T08,Enterprise,2025-10-01,2026-10-01,Ativa
C08,C08-E0040,T08,Enterprise,2025-10-15,2026-10-15,Ativa
C08,C08-E0027,T08,Enterprise,2025-09-24,,Ativa
C08,C08-E0028,T08,Professional,2025-10-13,,Ativa
C09,C09-E0240,T02,Enterprise,2025-12-13,2026-12-13,Ativa
C09,C09-E0021,T02,Standard,2025-12-22,2026-12-22,Ativa
C09,C09-E0160,T02,Professional,2025-12-09,2026-12-09,Ativa
C09,C09-E0095,T02,Enterprise,2025-12-13,2026-12-13,Ativa
C09,C09-E0207,T02,Standard,2025-11-23,2026-11-23,Ativa
C09,C09-E0208,T02,Standard,2025-12-24,2026-12-24,Ativa
C09,C09-E0039,T02,Professional,2026-01-05,2027-01-05,Ativa
C09,C09-E0270,T02,Professional,2026-01-01,,Ativa
C09,C09-E0086,T02,Standard,2025-11-21,2026-11-21,Ativa
C09,C09-E0231,T02,Enterprise,2025-12-17,,Ativa
C09,C09-E0011,T02,Enterprise,2025-12-16,2026-12-16,Ativa
C09,C09-E0016,T02,Standard,2025-11-29,2026-11-29,Ativa
C09,C09-E0325,T02,Enterprise,2025-12-02,,Ativa
C09,C09-E0127,T02,Enterprise,2025-12-19,2026-12-19,Ativa
C09,C09-E0052,T02,Enterprise,2025-12-06,2026-12-06,Ativa
C09,C09-E0003,T02,Enterprise,2025-11-22,2026-11-22,Ativa
C09,C09-E0263,T02,Standard,2025-12-04,2026-12-04,Ativa
C09,C09-E0065,T02,Standard,2025-12-24,2026-12-24,Revogada
C09,C09-E0061,T02,Enterprise,2025-11-28,2026-11-28,Ativa
C09,C09-E0087,T02,Enterprise,2025-11-08,2026-11-08,Ativa
C09,C09-E0289,T02,Professional,2025-12-27,2026-12-27,Ativa
C09,C09-E0301,T02,Enterprise,2025-11-19,2026-11-19,Ativa
C09,C09-E0026,T02,Enterprise,2025-12-24,2026-12-24,Ativa
C09,C09-E0295,T02,Standard,2025-12-31,2026-12-31,Ativa
C09,C09-E0237,T02,Standard,2025-12-11,,Ativa
C09,C09-E0028,T02,Professional,2025-11-27,2026-11-27,Ativa
C09,C09-E0048,T02,Standard,2025-12-21,,Ativa
C09,C09-E0042,T02,Standard,2026-01-04,2027-01-04,Ativa
C09,C09-E0214,T02,Professional,2025-12-22,2026-12-22,Ativa
C09,C09-E0024,T02,Enterprise,2026-01-04,2027-01-04,Ativa
C09,C09-E0100,T02,Enterprise,2025-12-18,,Ativa
C09,C09-E0282,T02,Enterprise,2025-12-26,2026-12-26,Ativa
C09,C09-E0054,T02,Enterprise,2025-12-05,2026-12-05,Ativa
C09,C09-E0025,T02,Standard,2025-12-18,,Ativa
C09,C09-E0162,T02,Standard,2025-11-22,2026-11-22,Ativa
C09,C09-E0099,T02,Enterprise,2025-12-31,2026-12-31,Ativa
C09,C09-E0130,T02,Standard,2025-11-16,2026-11-16,Ativa
C09,C09-E0063,T02,Professional,2025-12-03,2026-12-03,Ativa
C09,C09-E0203,T02,Professional,2025-11-28,2026-11-28,Ativa
C09,C09-E0284,T02,Standard,2025-11-17,2026-11-17,Ativa
C09,C09-E0329,T02,Standard,2025-12-15,2026-12-15,Ativa
C09,C09-E0012,T02,Professional,2025-11-18,2026-11-18,Ativa
C09,C09-E0278,T02,Professional,2025-12-07,,Ativa
C09,C09-E0277,T02,Enterprise,2025-12-02,2026-12-02,Ativa
C09,C09-E0217,T02,Professional,2025-11-18,2026-11-18,Ativa
C09,C09-E0209,T02,Enterprise,2025-11-26,2026-11-26,Ativa
C09,C09-E0180,T02,Professional,2025-11-22,,Ativa
C09,C09-E0163,T02,Enterprise,2025-12-11,2026-12-11,Ativa
C09,C09-E0173,T02,Standard,2025-12-05,2026-12-05,Ativa
C09,C09-E0038,T02,Standard,2025-12-02,2026-12-02,Ativa
C09,C09-E0123,T02,Standard,2025-11-14,2026-11-14,Ativa
C09,C09-E0144,T02,Professional,2025-11-30,2026-11-30,Ativa
C09,C09-E0148,T02,Standard,2026-01-06,,Ativa
C09,C09-E0070,T02,Standard,2025-11-22,2026-11-22,Ativa
C09,C09-E0213,T02,Standard,2025-11-24,,Ativa
C09,C09-E0168,T02,Professional,2025-12-08,,Ativa
C09,C09-E0264,T02,Enterprise,2025-11-15,2026-11-15,Ativa
C09,C09-E0067,T02,Standard,2025-11-29,2026-11-29,Ativa
C09,C09-E0272,T02,Professional,2025-12-26,2026-12-26,Revogada
C09,C09-E0275,T02,Standard,2025-12-30,2026-12-30,Ativa
C09,C09-E0051,T02,Professional,2025-12-03,2026-12-03,Ativa
C09,C09-E0194,T02,Professional,2025-11-12,,Ativa
C09,C09-E0036,T02,Enterprise,2026-01-03,,Ativa
C09,C09-E0059,T02,Standard,2025-11-27,2026-11-27,Ativa
C09,C09-E0109,T02,Enterprise,2025-12-28,2026-12-28,Ativa
C09,C09-E0082,T02,Standard,2026-01-01,,Ativa
C09,C09-E0250,T02,Enterprise,2025-11-21,2026-11-21,Ativa
C09,C09-E0154,T02,Enterprise,2025-12-01,,Ativa
C09,C09-E0159,T02,Standard,2025-12-10,2026-12-10,Ativa
C09,C09-E0066,T02,Enterprise,2025-11-23,2026-11-23,Ativa
C09,C09-E0004,T02,Professional,2026-01-03,,Revogada
C09,C09-E0235,T02,Standard,2025-12-16,,Ativa
C09,C09-E0115,T02,Enterprise,2025-12-21,2026-12-21,Ativa
C09,C09-E0315,T02,Enterprise,2025-12-06,2026-12-06,Revogada
C09,C09-E0334,T02,Enterprise,2025-12-29,2026-12-29,Ativa
C09,C09-E0199,T02,Professional,2025-12-23,2026-12-23,Ativa
C09,C09-E0149,T02,Enterprise,2026-01-09,,Ativa
C09,C09-E0098,T02,Enterprise,2025-12-29,2026-12-29,Revogada
C09,C09-E0037,T02,Professional,2026-01-06,2027-01-06,Revogada
C09,C09-E0318,T02,Enterprise,2025-12-06,,Ativa
C09,C09-E0195,T02,Enterprise,2025-12-19,2026-12-19,Ativa
C09,C09-E0079,T02,Enterprise,2025-12-04,,Ativa
C09,C09-E0050,T02,Enterprise,2025-11-22,,Ativa
C09,C09-E0234,T02,Standard,2025-12-18,2026-12-18,Ativa
C09,C09-E0097,T02,Standard,2025-11-18,,Ativa
C09,C09-E0110,T02,Professional,2025-11-19,2026-11-19,Ativa
C09,C09-E0220,T02,Standard,2025-12-19,2026-12-19,Ativa
C09,C09-E0338,T02,Enterprise,2025-12-23,2026-12-23,Ativa
C09,C09-E0288,T02,Standard,2025-11-25,2026-11-25,Ativa
C09,C09-E0064,T02,Standard,2025-12-11,2026-12-11,Ativa
C09,C09-E0185,T02,Standard,2025-12-19,,Ativa
C09,C09-E0242,T02,Enterprise,2025-12-15,2026-12-15,Ativa
C09,C09-E0201,T02,Professional,2025-12-11,2026-12-11,Ativa
C09,C09-E0179,T02,Professional,2026-01-03,2027-01-03,Ativa
C09,C09-E0308,T02,Enterprise,2025-12-06,2026-12-06,Ativa
C09,C09-E0015,T02,Standard,2025-12-17,2026-12-17,Revogada
C09,C09-E0170,T02,Professional,2025-12-15,2026-12-15,Ativa
C09,C09-E0114,T02,Standard,2025-12-26,,Ativa
C09,C09-E0223,T02,Professional,2026-01-12,2027-01-12,Ativa
C09,C09-E0337,T02,Standard,2025-11-12,2026-11-12,Revogada
C09,C09-E0212,T02,Enterprise,2025-12-20,2026-12-20,Ativa
C09,C09-E0313,T02,Professional,2025-12-01,2026-12-01,Ativa
C09,C09-E0198,T02,Professional,2025-12-08,2026-12-08,Ativa
C09,C09-E0192,T02,Standard,2025-12-08,2026-12-08,Ativa
C09,C09-E0001,T02,Professional,2025-12-06,2026-12-06,Ativa
C09,C09-E0104,T02,Standard,2025-12-17,2026-12-17,Ativa
C09,C09-E0120,T02,Professional,2025-12-07,2026-12-07,Ativa
C09,C09-E0005,T02,Standard,2025-12-10,2026-12-10,Ativa
C09,C09-E0138,T02,Professional,2025-11-21,2026-11-21,Ativa
C09,C09-E0230,T02,Professional,2025-11-27,,Ativa
C09,C09-E0017,T02,Standard,2025-12-30,,Ativa
C09,C09-E0320,T02,Standard,2025-11-29,2026-11-29,Ativa
C09,C09-E0062,T02,Enterprise,2025-11-30,,Ativa
C09,C09-E0030,T02,Professional,2025-12-30,2026-12-30,Ativa
C09,C09-E0317,T02,Standard,2025-12-24,,Ativa
C09,C09-E0040,T02,Standard,2025-11-28,2026-11-28,Ativa
C09,C09-E0152,T02,Enterprise,2025-12-15,,Ativa
C09,C09-E0124,T02,Standard,2025-11-12,,Ativa
C09,C09-E0072,T02,Enterprise,2025-12-16,,Ativa
C09,C09-E0129,T02,Enterprise,2025-11-14,,Ativa
C09,C09-E0136,T02,Professional,2025-11-23,,Ativa
C09,C09-E0167,T02,Enterprise,2025-12-06,2026-12-06,Ativa
C09,C09-E0045,T02,Enterprise,2025-12-14,2026-12-14,Ativa
C09,C09-E0215,T02,Enterprise,2025-12-24,,Ativa
C09,C09-E0186,T02,Professional,2025-11-26,2026-11-26,Ativa
C09,C09-E0085,T02,Enterprise,2025-12-02,2026-12-02,Ativa
C09,C09-E0224,T02,Enterprise,2025-12-05,,Ativa
C09,C09-E0233,T02,Professional,2025-11-23,2026-11-23,Ativa
C09,C09-E0206,T02,Professional,2025-11-30,2026-11-30,Ativa
C09,C09-E0150,T02,Enterprise,2025-12-06,2026-12-06,Ativa
C09,C09-E0187,T02,Professional,2025-12-29,2026-12-29,Ativa
C09,C09-E0029,T02,Standard,2025-12-24,2026-12-24,Revogada
C09,C09-E0273,T02,Standard,2026-01-02,2027-01-02,Ativa
C09,C09-E0191,T02,Enterprise,2025-12-11,,Ativa
C09,C09-E0032,T02,Standard,2025-12-26,,Ativa
C09,C09-E0128,T02,Standard,2025-11-19,2026-11-19,Ativa
C09,C09-E0106,T02,Professional,2025-12-08,2026-12-08,Ativa
C09,C09-E0336,T02,Standard,2025-12-27,2026-12-27,Ativa
C09,C09-E0133,T02,Enterprise,2025-12-07,,Ativa
C09,C09-E0142,T02,Standard,2025-12-05,2026-12-05,Ativa
C09,C09-E0328,T02,Standard,2025-12-08,2026-12-08,Ativa
C09,C09-E0245,T02,Standard,2025-11-30,,Revogada
C09,C09-E0057,T02,Enterprise,2025-12-05,,Ativa
C09,C09-E0202,T02,Professional,2025-12-12,,Ativa
C09,C09-E0307,T02,Professional,2025-12-24,2026-12-24,Ativa
C09,C09-E0189,T02,Standard,2025-11-16,,Ativa
C09,C09-E0241,T02,Professional,2026-01-10,2027-01-10,Ativa
C09,C09-E0146,T02,Standard,2025-12-16,,Ativa
C09,C09-E0319,T02,Standard,2026-01-04,2027-01-04,Ativa
C09,C09-E0276,T02,Standard,2025-12-23,,Ativa
C09,C09-E0055,T02,Professional,2025-12-03,2026-12-03,Ativa
C09,C09-E0118,T02,Enterprise,2025-11-17,2026-11-17,Ativa
C09,C09-E0041,T02,Enterprise,2025-11-15,2026-11-15,Ativa
C09,C09-E0156,T02,Enterprise,2025-11-13,2026-11-13,Ativa
C09,C09-E0210,T02,Standard,2025-12-27,2026-12-27,Ativa
C09,C09-E0244,T02,Standard,2025-12-11,,Ativa
C09,C09-E0324,T02,Enterprise,2025-11-26,2026-11-26,Ativa
C09,C09-E0294,T02,Standard,2025-11-29,,Ativa
C09,C09-E0178,T02,Professional,2025-12-12,2026-12-12,Revogada
C09,C09-E0197,T02,Enterprise,2025-12-12,2026-12-12,Ativa
C09,C09-E0314,T02,Enterprise,2025-12-28,2026-12-28,Ativa
C09,C09-E0075,T02,Professional,2025-12-18,,Ativa
C09,C09-E0311,T02,Enterprise,2025-12-12,2026-12-12,Ativa
C09,C09-E0304,T02,Standard,2025-11-15,2026-11-15,Ativa
C09,C09-E0166,T02,Professional,2025-12-31,2026-12-31,Ativa
C09,C09-E0228,T02,Professional,2025-11-22,,Ativa
C09,C09-E0327,T02,Enterprise,2025-11-25,2026-11-25,Ativa
C09,C09-E0222,T02,Professional,2025-12-23,2026-12-23,Ativa
C09,C09-E0002,T02,Standard,2025-12-26,2026-12-26,Ativa
C09,C09-E0158,T02,Professional,2025-12-15,2026-12-15,Ativa
C09,C09-E0093,T02,Professional,2025-12-29,,Ativa
C09,C09-E0177,T02,Standard,2025-11-26,2026-11-26,Ativa
C09,C09-E0316,T02,Standard,2025-11-12,2026-11-12,Ativa
C09,C09-E0296,T02,Standard,2025-12-15,2026-12-15,Ativa
C09,C09-E0119,T02,Enterprise,2025-12-18,2026-12-18,Ativa
C09,C09-E0172,T02,Enterprise,2025-11-11,2026-11-11,Ativa
C09,C09-E0047,T02,Professional,2026-01-09,2027-01-09,Ativa
C09,C09-E0033,T02,Enterprise,2025-12-16,2026-12-16,Ativa
C09,C09-E0339,T02,Enterprise,2025-12-04,2026-12-04,Ativa
C09,C09-E0096,T02,Standard,2025-12-06,2026-12-06,Ativa
C09,C09-E0248,T02,Enterprise,2025-12-09,,Ativa
C09,C09-E0007,T02,Standard,2025-12-12,2026-12-12,Ativa
C09,C09-E0281,T02,Enterprise,2025-12-25,2026-12-25,Ativa
C09,C09-E0283,T02,Enterprise,2025-11-24,2026-11-24,Revogada
C09,C09-E0139,T02,Standard,2025-12-06,2026-12-06,Ativa
C09,C09-E0190,T02,Standard,2025-11-14,2026-11-14,Ativa
C09,C09-E0265,T02,Enterprise,2025-12-19,2026-12-19,Ativa
C09,C09-E0113,T02,Enterprise,2025-12-07,2026-12-07,Ativa
C09,C09-E0239,T02,Professional,2025-12-22,2026-12-22,Ativa
C09,C09-E0302,T02,Professional,2025-12-05,2026-12-05,Ativa
C09,C09-E0184,T02,Enterprise,2026-01-06,2027-01-06,Ativa
C09,C09-E0252,T02,Standard,2025-12-22,2026-12-22,Revogada
C09,C09-E0335,T02,Professional,2025-11-26,,Ativa
C09,C09-E0181,T02,Standard,2025-12-25,2026-12-25,Ativa
C09,C09-E0249,T02,Professional,2026-01-03,2027-01-03,Ativa
C09,C09-E0092,T02,Enterprise,2025-12-11,,Ativa
C09,C09-E0121,T02,Standard,2025-12-11,2026-12-11,Ativa
C09,C09-E0251,T02,Enterprise,2025-12-30,,Ativa
C09,C09-E0216,T02,Standard,2025-12-02,2026-12-02,Ativa
C09,C09-E0112,T02,Enterprise,2025-11-24,2026-11-24,Ativa
C09,C09-E0165,T02,Professional,2025-12-16,2026-12-16,Ativa
C09,C09-E0188,T02,Enterprise,2025-12-17,,Ativa
C09,C09-E0019,T02,Enterprise,2025-12-16,2026-12-16,Ativa
C09,C09-E0090,T02,Standard,2025-12-07,2026-12-07,Ativa
C09,C09-E0182,T02,Professional,2025-12-14,2026-12-14,Ativa
C09,C09-E0081,T02,Enterprise,2025-11-26,2026-11-26,Ativa
C09,C09-E0020,T02,Professional,2025-12-24,2026-12-24,Ativa
C09,C09-E0269,T02,Standard,2025-12-02,2026-12-02,Ativa
C09,C09-E0164,T02,Standard,2025-11-15,2026-11-15,Ativa
C09,C09-E0071,T02,Professional,2025-12-15,2026-12-15,Ativa
C09,C09-E0298,T02,Professional,2025-12-22,2026-12-22,Ativa
C09,C09-E0260,T02,Standard,2025-11-21,,Ativa
C09,C09-E0153,T02,Standard,2025-11-23,2026-11-23,Ativa
C09,C09-E0256,T02,Professional,2025-12-16,2026-12-16,Ativa
C09,C09-E0232,T02,Professional,2025-11-20,2026-11-20,Ativa
C09,C09-E0131,T02,Standard,2025-12-22,2026-12-22,Ativa
C09,C09-E0137,T02,Enterprise,2025-12-21,,Ativa
C09,C09-E0161,T02,Enterprise,2025-12-18,2026-12-18,Ativa
C09,C09-E0259,T02,Professional,2025-12-24,2026-12-24,Ativa
C09,C09-E0013,T02,Standard,2025-12-11,2026-12-11,Ativa
C09,C09-E0009,T02,Professional,2025-12-24,2026-12-24,Ativa
C09,C09-E0238,T02,Enterprise,2025-11-23,,Ativa
C09,C09-E0257,T02,Professional,2025-12-12,,Ativa
C09,C09-E0246,T02,Professional,2025-12-24,,Ativa
C09,C09-E0312,T02,Standard,2025-11-23,2026-11-23,Ativa
C09,C09-E0010,T02,Enterprise,2025-12-20,,Ativa
C09,C09-E0326,T02,Enterprise,2025-11-29,2026-11-29,Ativa
C09,C09-E0193,T02,Enterprise,2025-11-18,,Ativa
C09,C09-E0243,T02,Professional,2025-12-09,2026-12-09,Ativa
C09,C09-E0103,T02,Professional,2025-11-13,2026-11-13,Ativa
C09,C09-E0309,T02,Enterprise,2025-12-03,2026-12-03,Ativa
C09,C09-E0073,T02,Professional,2025-11-12,2026-11-12,Ativa
C09,C09-E0077,T02,Professional,2026-01-07,,Revogada
C09,C09-E0023,T02,Enterprise,2025-11-08,,Ativa
C09,C09-E0221,T02,Enterprise,2025-11-27,2026-11-27,Ativa
C09,C09-E0053,T02,Standard,2026-01-02,,Ativa
C09,C09-E0076,T02,Standard,2025-12-30,2026-12-30,Ativa
C09,C09-E0285,T02,Enterprise,2025-11-14,2026-11-14,Ativa
C09,C09-E0255,T02,Standard,2025-12-18,,Ativa
C09,C09-E0122,T02,Professional,2025-11-26,,Ativa
C09,C09-E0331,T02,Standard,2025-11-23,,Ativa
C09,C09-E0169,T02,Standard,2025-12-01,,Ativa
C09,C09-E0094,T02,Standard,2025-12-05,2026-12-05,Ativa
C09,C09-E0330,T02,Enterprise,2025-12-23,2026-12-23,Ativa
C09,C09-E0091,T02,Professional,2025-11-19,2026-11-19,Ativa
C09,C09-E0321,T02,Enterprise,2025-12-18,,Ativa
C09,C09-E0088,T02,Enterprise,2025-11-18,2026-11-18,Ativa
C09,C09-E0049,T02,Standard,2025-12-02,,Revogada
C09,C09-E0310,T02,Professional,2025-11-24,,Ativa
C09,C09-E0299,T02,Standard,2025-12-23,2026-12-23,Ativa
C09,C09-E0323,T02,Enterprise,2025-12-30,2026-12-30,Ativa
C09,C09-E0080,T02,Standard,2025-12-10,2026-12-10,Ativa
C09,C09-E0046,T02,Professional,2025-12-25,,Ativa
C09,C09-E0101,T02,Enterprise,2025-11-20,2026-11-20,Ativa
C09,C09-E0268,T02,Standard,2025-12-10,2026-12-10,Ativa
C09,C09-E0116,T02,Professional,2025-12-21,2026-12-21,Ativa
C09,C09-E0303,T02,Enterprise,2025-11-17,2026-11-17,Ativa
C09,C09-E0332,T02,Professional,2025-12-13,2026-12-13,Ativa
C09,C09-E0151,T02,Standard,2025-12-16,,Ativa
C09,C09-E0125,T02,Enterprise,2025-12-06,2026-12-06,Ativa
C09,C09-E0258,T02,Enterprise,2025-12-23,,Ativa
C09,C09-E0204,T02,Professional,2025-12-18,2026-12-18,Ativa
C09,C09-E0267,T02,Enterprise,2025-12-16,2026-12-16,Ativa
C09,C09-E0083,T02,Professional,2025-11-21,2026-11-21,Ativa
C09,C09-E0034,T02,Enterprise,2025-11-27,2026-11-27,Ativa
C09,C09-E0229,T02,Standard,2025-12-05,,Ativa
C09,C09-E0132,T02,Professional,2025-12-01,,Revogada
C09,C09-E0236,T02,Enterprise,2025-12-22,,Ativa
C09,C09-E0274,T02,Standard,2025-12-13,,Ativa
C09,C09-E0134,T02,Standard,2025-12-16,2026-12-16,Ativa
C09,C09-E0306,T02,Standard,2025-12-16,2026-12-16,Ativa
C09,C09-E0157,T02,Professional,2025-11-07,2026-11-07,Ativa
C09,C09-E0074,T02,Enterprise,2025-12-05,,Ativa
C09,C09-E0089,T02,Enterprise,2025-12-19,2026-12-19,Ativa
C09,C09-E0043,T02,Enterprise,2025-11-22,2026-11-22,Ativa
C09,C09-E0300,T02,Enterprise,2025-12-26,2026-12-26,Ativa
C09,C09-E0018,T02,Professional,2026-01-04,2027-01-04,Ativa
C09,C09-E0105,T02,Standard,2026-01-11,2027-01-11,Ativa
C09,C09-E0056,T02,Professional,2025-12-12,2026-12-12,Ativa
C09,C09-E0227,T02,Standard,2025-12-12,2026-12-12,Ativa
C09,C09-E0027,T02,Enterprise,2025-11-24,,Ativa
C09,C09-E0218,T02,Professional,2026-01-08,,Ativa
C09,C09-E0006,T02,Standard,2025-11-23,2026-11-23,Ativa
C09,C09-E0211,T02,Standard,2025-11-30,2026-11-30,Ativa
C09,C09-E0143,T02,Standard,2025-12-27,2026-12-27,Ativa
C09,C09-E0044,T02,Standard,2025-12-02,,Ativa
C09,C09-E0035,T02,Enterprise,2025-11-17,2026-11-17,Ativa
C09,C09-E0108,T02,Standard,2025-12-11,2026-12-11,Ativa
C09,C09-E0069,T02,Standard,2025-11-26,2026-11-26,Ativa
C09,C09-E0155,T02,Professional,2025-12-02,2026-12-02,Ativa
C09,C09-E0286,T02,Professional,2025-11-19,2026-11-19,Ativa
C09,C09-E0262,T02,Professional,2025-11-13,2026-11-13,Revogada
C09,C09-E0175,T02,Enterprise,2025-12-16,2026-12-16,Ativa
C09,C09-E0126,T02,Professional,2025-11-26,2026-11-26,Ativa
C09,C09-E0196,T02,Enterprise,2025-12-15,2026-12-15,Ativa
C09,C09-E0183,T02,Professional,2025-12-17,2026-12-17,Ativa
C09,C09-E0068,T02,Enterprise,2025-11-29,,Ativa
C09,C09-E0111,T02,Standard,2025-11-22,,Ativa
C09,C09-E0291,T02,Professional,2025-12-29,2026-12-29,Ativa
C09,C09-E0205,T02,Enterprise,2026-01-10,2027-01-10,Ativa
C09,C09-E0322,T02,Standard,2025-11-29,,Ativa
C09,C09-E0031,T02,Enterprise,2025-12-21,2026-12-21,Ativa
C09,C09-E0293,T02,Enterprise,2025-11-27,,Ativa
C09,C09-E0141,T02,Enterprise,2025-11-19,2026-11-19,Ativa
C09,C09-E0287,T02,Enterprise,2025-12-07,2026-12-07,Ativa
C09,C09-E0333,T02,Standard,2025-11-30,2026-11-30,Ativa
C09,C09-E0014,T02,Enterprise,2025-11-22,,Ativa
C09,C09-E0279,T02,Professional,2025-12-28,,Ativa
C09,C09-E0261,T02,Enterprise,2025-12-09,2026-12-09,Ativa
C09,C09-E0147,T02,Enterprise,2025-12-04,2026-12-04,Ativa
C09,C09-E0145,T02,Enterprise,2025-12-13,2026-12-13,Ativa
C09,C09-E0102,T02,Standard,2025-11-27,,Ativa
C09,C09-E0271,T02,Standard,2025-12-22,2026-12-22,Ativa
C09,C09-E0226,T02,Enterprise,2026-01-01,2027-01-01,Ativa
C09,C09-E0219,T02,Professional,2025-11-27,2026-11-27,Ativa
C09,C09-E0022,T02,Enterprise,2025-12-05,,Ativa
C09,C09-E0200,T02,Professional,2025-12-20,2026-12-20,Ativa
C09,C09-E0117,T02,Professional,2025-11-18,2026-11-18,Ativa
C09,C09-E0084,T02,Professional,2025-11-09,2026-11-09,Ativa
C09,C09-E0290,T02,Professional,2025-12-14,2026-12-14,Ativa
C09,C09-E0058,T02,Standard,2026-01-04,2027-01-04,Ativa
C09,C09-E0171,T02,Enterprise,2025-12-27,2026-12-27,Ativa
C09,C09-E0107,T02,Standard,2025-11-15,,Ativa
C09,C09-E0008,T02,Professional,2025-11-19,,Ativa
C09,C09-E0254,T02,Professional,2025-12-20,2026-12-20,Ativa
C09,C09-E0060,T02,Enterprise,2025-12-28,2026-12-28,Ativa
C09,C09-E0176,T02,Professional,2025-11-17,2026-11-17,Ativa
C09,C09-E0253,T02,Enterprise,2025-12-12,2026-12-12,Ativa
C09,C09-E0140,T02,Enterprise,2025-11-16,,Ativa
C09,C09-E0135,T02,Professional,2025-12-01,,Ativa
C09,C09-E0078,T02,Standard,2025-11-16,2026-11-16,Ativa
C09,C09-E0247,T02,Enterprise,2025-11-04,,Ativa
C09,C09-E0266,T02,Enterprise,2025-12-24,2026-12-24,Ativa
C09,C09-E0292,T02,Enterprise,2025-12-28,2026-12-28,Ativa
C09,C09-E0174,T02,Enterprise,2026-01-03,2027-01-03,Ativa
C09,C09-E0225,T02,Enterprise,2025-12-21,2026-12-21,Revogada
C09,C09-E0305,T02,Professional,2025-12-22,2026-12-22,Ativa
C09,C09-E0297,T02,Professional,2025-11-21,2026-11-21,Revogada
C09,C09-E0280,T02,Standard,2025-12-03,2026-12-03,Ativa
C09,C09-E0041,T04,Professional,2025-11-28,,Ativa
C09,C09-E0289,T04,Enterprise,2025-11-26,2026-11-26,Revogada
C09,C09-E0150,T04,Professional,2025-11-18,2026-11-18,Ativa
C09,C09-E0182,T04,Enterprise,2025-12-07,2026-12-07,Ativa
C09,C09-E0267,T04,Standard,2025-11-24,,Ativa
C09,C09-E0054,T04,Enterprise,2025-12-27,,Ativa
C09,C09-E0264,T04,Standard,2025-12-11,2026-12-11,Ativa
C09,C09-E0239,T04,Enterprise,2025-11-22,2026-11-22,Ativa
C09,C09-E0335,T04,Enterprise,2025-12-30,,Ativa
C09,C09-E0057,T04,Enterprise,2025-12-09,2026-12-09,Ativa
C09,C09-E0282,T04,Enterprise,2025-12-14,,Ativa
C09,C09-E0269,T04,Standard,2025-12-20,,Ativa
C09,C09-E0128,T04,Standard,2025-11-30,,Ativa
C09,C09-E0216,T04,Standard,2025-12-03,,Ativa
C09,C09-E0262,T04,Professional,2025-12-17,2026-12-17,Ativa
C09,C09-E0259,T04,Standard,2025-12-13,2026-12-13,Ativa
C09,C09-E0213,T04,Enterprise,2025-11-09,2026-11-09,Ativa
C09,C09-E0237,T04,Professional,2025-11-27,,Ativa
C09,C09-E0030,T04,Standard,2025-11-19,,Revogada
C09,C09-E0029,T04,Standard,2025-11-09,2026-11-09,Ativa
C09,C09-E0124,T04,Enterprise,2025-11-23,2026-11-23,Ativa
C09,C09-E0160,T04,Standard,2025-12-27,2026-12-27,Ativa
C09,C09-E0134,T04,Standard,2025-12-16,2026-12-16,Ativa
C09,C09-E0200,T04,Professional,2025-11-20,2026-11-20,Ativa
C09,C09-E0034,T04,Standard,2025-12-04,,Ativa
C09,C09-E0265,T04,Enterprise,2025-12-03,2026-12-03,Ativa
C09,C09-E0276,T04,Standard,2025-12-15,2026-12-15,Ativa
C09,C09-E0331,T04,Standard,2025-11-23,,Ativa
C09,C09-E0252,T04,Enterprise,2025-11-11,2026-11-11,Ativa
C09,C09-E0071,T04,Professional,2025-12-23,2026-12-23,Revogada
C09,C09-E0225,T04,Professional,2025-11-28,2026-11-28,Ativa
C09,C09-E0339,T04,Professional,2025-11-14,2026-11-14,Ativa
C09,C09-E0258,T04,Enterprise,2025-11-06,2026-11-06,Ativa
C09,C09-E0236,T04,Professional,2025-12-21,2026-12-21,Ativa
C09,C09-E0101,T04,Standard,2025-12-18,2026-12-18,Ativa
C09,C09-E0226,T04,Standard,2026-01-06,,Ativa
C09,C09-E0271,T04,Professional,2026-01-04,2027-01-04,Ativa
C09,C09-E0010,T04,Standard,2025-12-19,2026-12-19,Ativa
C09,C09-E0214,T04,Professional,2025-12-01,,Ativa
C09,C09-E0300,T04,Professional,2025-11-13,,Ativa
C09,C09-E0084,T04,Enterprise,2025-12-22,2026-12-22,Ativa
C09,C09-E0296,T04,Standard,2025-12-06,2026-12-06,Ativa
C09,C09-E0195,T04,Standard,2025-11-08,,Ativa
C09,C09-E0168,T04,Professional,2025-12-08,,Ativa
C09,C09-E0250,T04,Professional,2025-12-03,2026-12-03,Ativa
C09,C09-E0072,T04,Enterprise,2025-11-30,2026-11-30,Ativa
C09,C09-E0031,T04,Enterprise,2025-12-03,,Ativa
C09,C09-E0148,T04,Enterprise,2025-11-23,2026-11-23,Ativa
C09,C09-E0217,T04,Enterprise,2025-11-30,2026-11-30,Ativa
C09,C09-E0218,T04,Standard,2025-11-27,,Ativa
C09,C09-E0122,T04,Standard,2025-12-16,2026-12-16,Ativa
C09,C09-E0302,T04,Standard,2025-12-01,,Ativa
C09,C09-E0090,T04,Standard,2026-01-09,2027-01-09,Ativa
C09,C09-E0076,T04,Professional,2025-12-22,2026-12-22,Ativa
C09,C09-E0266,T04,Standard,2025-11-17,,Ativa
C09,C09-E0149,T04,Professional,2025-12-13,2026-12-13,Ativa
C09,C09-E0009,T04,Enterprise,2025-12-22,2026-12-22,Ativa
C09,C09-E0278,T04,Professional,2025-12-08,2026-12-08,Ativa
C09,C09-E0132,T04,Enterprise,2025-11-24,2026-11-24,Ativa
C09,C09-E0113,T04,Professional,2025-12-14,2026-12-14,Ativa
C09,C09-E0222,T04,Professional,2025-12-08,2026-12-08,Ativa
C09,C09-E0162,T04,Professional,2025-11-22,,Ativa
C09,C09-E0095,T04,Standard,2025-12-12,,Ativa
C09,C09-E0242,T04,Enterprise,2025-11-21,2026-11-21,Ativa
C09,C09-E0326,T04,Enterprise,2025-11-06,,Ativa
C09,C09-E0319,T04,Standard,2025-12-22,2026-12-22,Ativa
C09,C09-E0199,T04,Standard,2025-12-10,,Ativa
C09,C09-E0197,T04,Standard,2025-11-26,2026-11-26,Revogada
C09,C09-E0249,T04,Enterprise,2025-11-18,2026-11-18,Ativa
C09,C09-E0102,T04,Standard,2025-12-15,2026-12-15,Ativa
C09,C09-E0329,T04,Standard,2025-11-20,2026-11-20,Ativa
C09,C09-E0204,T04,Standard,2025-12-26,,Ativa
C09,C09-E0035,T04,Professional,2025-12-09,,Ativa
C09,C09-E0070,T04,Enterprise,2025-11-19,,Ativa
C09,C09-E0020,T04,Standard,2025-11-29,,Ativa
C09,C09-E0115,T04,Enterprise,2025-12-15,2026-12-15,Ativa
C09,C09-E0173,T04,Professional,2025-12-10,2026-12-10,Ativa
C09,C09-E0042,T04,Standard,2025-11-13,2026-11-13,Ativa
C09,C09-E0046,T04,Professional,2025-12-07,2026-12-07,Ativa
C09,C09-E0058,T04,Professional,2025-12-21,2026-12-21,Ativa
C09,C09-E0141,T04,Professional,2025-12-29,2026-12-29,Ativa
C09,C09-E0166,T04,Enterprise,2025-11-17,,Ativa
C09,C09-E0235,T04,Enterprise,2025-11-22,,Ativa
C09,C09-E0082,T04,Standard,2025-12-08,2026-12-08,Ativa
C09,C09-E0274,T04,Professional,2025-12-25,2026-12-25,Ativa
C09,C09-E0299,T04,Standard,2025-12-24,2026-12-24,Ativa
C09,C09-E0193,T04,Enterprise,2025-11-25,2026-11-25,Ativa
C09,C09-E0323,T04,Professional,2025-11-16,2026-11-16,Ativa
C09,C09-E0232,T04,Professional,2025-11-03,,Ativa
C09,C09-E0080,T04,Professional,2025-12-09,2026-12-09,Ativa
C09,C09-E0336,T04,Standard,2025-12-21,2026-12-21,Ativa
C09,C09-E0040,T04,Enterprise,2025-12-03,,Ativa
C09,C09-E0187,T04,Professional,2025-12-28,2026-12-28,Ativa
C09,C09-E0140,T04,Professional,2025-11-03,2026-11-03,Ativa
C09,C09-E0108,T04,Enterprise,2025-12-04,2026-12-04,Ativa
C09,C09-E0087,T04,Enterprise,2025-12-18,2026-12-18,Ativa
C09,C09-E0105,T04,Professional,2026-01-12,2027-01-12,Ativa
C09,C09-E0320,T04,Enterprise,2025-11-19,2026-11-19,Ativa
C09,C09-E0314,T04,Standard,2025-11-27,2026-11-27,Ativa
C09,C09-E0001,T04,Enterprise,2025-11-18,2026-11-18,Ativa
C09,C09-E0110,T04,Enterprise,2025-12-09,,Ativa
C09,C09-E0325,T04,Professional,2025-12-28,2026-12-28,Ativa
C09,C09-E0068,T04,Professional,2026-01-03,2027-01-03,Ativa
C09,C09-E0098,T04,Standard,2025-12-05,2026-12-05,Ativa
C09,C09-E0317,T04,Standard,2025-12-22,2026-12-22,Ativa
C09,C09-E0093,T04,Enterprise,2025-12-23,2026-12-23,Ativa
C09,C09-E0176,T04,Professional,2025-12-12,,Ativa
C09,C09-E0308,T04,Professional,2025-11-13,,Ativa
C09,C09-E0327,T04,Professional,2025-12-03,2026-12-03,Ativa
C09,C09-E0064,T04,Professional,2025-11-22,2026-11-22,Ativa
C09,C09-E0179,T04,Enterprise,2025-11-25,,Revogada
C09,C09-E0073,T04,Professional,2025-12-29,2026-12-29,Ativa
C09,C09-E0019,T04,Enterprise,2025-12-25,2026-12-25,Ativa
C09,C09-E0180,T04,Professional,2025-11-15,,Ativa
C09,C09-E0280,T04,Enterprise,2025-12-03,2026-12-03,Ativa
C09,C09-E0172,T04,Standard,2025-11-06,,Ativa
C09,C09-E0220,T04,Enterprise,2025-12-16,2026-12-16,Ativa
C09,C09-E0086,T04,Professional,2025-12-08,,Ativa
C09,C09-E0024,T04,Enterprise,2025-11-12,2026-11-12,Ativa
C09,C09-E0301,T04,Enterprise,2025-12-11,2026-12-11,Ativa
C09,C09-E0321,T04,Enterprise,2025-11-15,2026-11-15,Ativa
C09,C09-E0189,T04,Enterprise,2025-12-01,,Ativa
C09,C09-E0291,T04,Enterprise,2026-01-01,2027-01-01,Revogada
C09,C09-E0324,T04,Standard,2025-12-24,2026-12-24,Ativa
C09,C09-E0246,T04,Professional,2025-12-06,,Ativa
C09,C09-E0074,T04,Enterprise,2025-12-05,2026-12-05,Ativa
C09,C09-E0088,T04,Standard,2025-12-22,2026-12-22,Ativa
C09,C09-E0023,T04,Professional,2025-12-13,2026-12-13,Ativa
C09,C09-E0036,T04,Standard,2025-11-26,,Ativa
C09,C09-E0050,T04,Enterprise,2025-12-07,2026-12-07,Ativa
C09,C09-E0043,T04,Professional,2025-12-14,2026-12-14,Ativa
C09,C09-E0156,T04,Standard,2025-12-10,2026-12-10,Ativa
C09,C09-E0065,T04,Standard,2025-11-29,,Ativa
C09,C09-E0118,T04,Professional,2025-12-13,,Revogada
C09,C09-E0209,T04,Standard,2025-12-11,2026-12-11,Revogada
C09,C09-E0245,T04,Standard,2025-12-09,2026-12-09,Ativa
C09,C09-E0330,T04,Enterprise,2025-12-18,2026-12-18,Ativa
C09,C09-E0104,T04,Enterprise,2025-11-27,2026-11-27,Ativa
C09,C09-E0039,T04,Enterprise,2025-12-30,2026-12-30,Ativa
C09,C09-E0337,T04,Professional,2025-11-19,2026-11-19,Ativa
C09,C09-E0044,T04,Enterprise,2025-12-20,,Ativa
C09,C09-E0025,T04,Enterprise,2025-12-20,2026-12-20,Ativa
C09,C09-E0210,T04,Standard,2025-12-30,2026-12-30,Ativa
C09,C09-E0133,T04,Standard,2025-11-11,2026-11-11,Ativa
C09,C09-E0201,T04,Standard,2025-11-30,,Ativa
C09,C09-E0014,T04,Professional,2026-01-02,2027-01-02,Ativa
C09,C09-E0256,T04,Enterprise,2025-11-16,2026-11-16,Ativa
C09,C09-E0013,T04,Professional,2025-12-06,,Ativa
C09,C09-E0099,T04,Standard,2026-01-05,2027-01-05,Ativa
C09,C09-E0208,T04,Professional,2025-12-05,2026-12-05,Ativa
C09,C09-E0114,T04,Professional,2025-12-31,2026-12-31,Ativa
C09,C09-E0307,T04,Enterprise,2025-11-24,2026-11-24,Ativa
C09,C09-E0298,T04,Professional,2025-12-26,2026-12-26,Ativa
C09,C09-E0253,T04,Enterprise,2026-01-05,2027-01-05,Ativa
C09,C09-E0219,T04,Professional,2025-11-24,2026-11-24,Ativa
C09,C09-E0283,T04,Professional,2025-11-18,2026-11-18,Ativa
C09,C09-E0303,T04,Standard,2025-11-09,2026-11-09,Ativa
C09,C09-E0315,T04,Standard,2025-12-09,,Ativa
C09,C09-E0241,T04,Standard,2025-11-28,2026-11-28,Ativa
C09,C09-E0192,T04,Enterprise,2026-01-06,2027-01-06,Ativa
C09,C09-E0056,T04,Enterprise,2025-11-26,,Ativa
C09,C09-E0016,T04,Professional,2025-12-10,,Ativa
C09,C09-E0275,T04,Enterprise,2026-01-01,2027-01-01,Ativa
C09,C09-E0297,T04,Professional,2025-11-29,,Ativa
C09,C09-E0306,T04,Enterprise,2025-12-13,,Ativa
C09,C09-E0260,T04,Professional,2025-12-23,2026-12-23,Ativa
C09,C09-E0112,T04,Standard,2025-12-10,2026-12-10,Ativa
C09,C09-E0312,T04,Standard,2025-11-14,,Ativa
C09,C09-E0047,T04,Enterprise,2025-12-04,2026-12-04,Ativa
C09,C09-E0103,T04,Standard,2025-12-01,2026-12-01,Ativa
C09,C09-E0143,T04,Standard,2025-12-19,,Ativa
C09,C09-E0185,T04,Professional,2025-12-12,2026-12-12,Ativa
C09,C09-E0048,T04,Professional,2025-11-21,,Ativa
C09,C09-E0107,T04,Professional,2025-12-16,2026-12-16,Revogada
C09,C09-E0011,T04,Standard,2025-12-25,,Ativa
C09,C09-E0129,T04,Professional,2025-11-29,2026-11-29,Ativa
C09,C09-E0255,T04,Standard,2025-11-21,,Ativa
C09,C09-E0188,T04,Standard,2025-12-04,2026-12-04,Ativa
C09,C09-E0286,T04,Enterprise,2025-12-11,,Ativa
C09,C09-E0061,T04,Professional,2025-12-09,2026-12-09,Ativa
C09,C09-E0077,T04,Enterprise,2025-12-25,2026-12-25,Ativa
C09,C09-E0231,T04,Professional,2025-12-06,,Ativa
C09,C09-E0224,T04,Enterprise,2025-12-24,2026-12-24,Revogada
C09,C09-E0254,T04,Enterprise,2025-11-23,2026-11-23,Ativa
C09,C09-E0138,T04,Enterprise,2025-11-26,2026-11-26,Ativa
C09,C09-E0305,T04,Professional,2025-11-11,,Ativa
C09,C09-E0106,T04,Standard,2025-12-05,2026-12-05,Ativa
C09,C09-E0170,T04,Enterprise,2025-12-10,2026-12-10,Ativa
C09,C09-E0290,T04,Professional,2025-12-01,2026-12-01,Ativa
C09,C09-E0311,T04,Enterprise,2025-12-15,2026-12-15,Ativa
C09,C09-E0111,T04,Enterprise,2025-12-05,2026-12-05,Ativa
C09,C09-E0272,T04,Professional,2025-12-27,2026-12-27,Ativa
C09,C09-E0005,T04,Professional,2025-12-12,2026-12-12,Revogada
C09,C09-E0233,T04,Enterprise,2025-11-28,2026-11-28,Ativa
C09,C09-E0169,T04,Standard,2025-11-29,2026-11-29,Ativa
C09,C09-E0294,T04,Enterprise,2025-11-11,2026-11-11,Revogada
C09,C09-E0126,T04,Enterprise,2026-01-02,,Ativa
C09,C09-E0207,T04,Standard,2025-12-25,2026-12-25,Ativa
C09,C09-E0091,T04,Standard,2025-12-17,2026-12-17,Ativa
C09,C09-E0228,T04,Standard,2025-11-19,,Ativa
C09,C09-E0155,T04,Standard,2025-12-27,2026-12-27,Ativa
C09,C09-E0284,T04,Enterprise,2026-01-04,2027-01-04,Ativa
C09,C09-E0178,T04,Professional,2025-12-21,,Ativa
C09,C09-E0109,T04,Enterprise,2025-12-04,2026-12-04,Ativa
C09,C09-E0198,T04,Professional,2025-11-11,2026-11-11,Ativa
C09,C09-E0212,T04,Professional,2025-12-04,2026-12-04,Ativa
C09,C09-E0304,T04,Enterprise,2025-11-16,,Ativa
C09,C09-E0174,T04,Standard,2026-01-01,2027-01-01,Ativa
C09,C09-E0177,T04,Professional,2025-12-13,2026-12-13,Ativa
C09,C09-E0146,T04,Professional,2025-11-09,,Ativa
C09,C09-E0227,T04,Enterprise,2025-12-26,2026-12-26,Ativa
C09,C09-E0157,T04,Professional,2026-01-02,2027-01-02,Revogada
C09,C09-E0079,T04,Professional,2025-12-12,,Ativa
C09,C09-E0293,T04,Professional,2025-11-19,,Ativa
C09,C09-E0164,T04,Professional,2025-12-08,2026-12-08,Ativa
C09,C09-E0092,T04,Standard,2025-12-23,2026-12-23,Ativa
C09,C09-E0097,T04,Professional,2025-12-17,2026-12-17,Ativa
C09,C09-E0045,T04,Standard,2025-12-15,2026-12-15,Ativa
C09,C09-E0018,T04,Standard,2025-12-28,2026-12-28,Ativa
C09,C09-E0238,T04,Professional,2025-11-22,,Ativa
C09,C09-E0003,T04,Standard,2025-12-04,2026-12-04,Ativa
C09,C09-E0183,T04,Professional,2026-01-07,,Ativa
C09,C09-E0120,T04,Standard,2025-12-25,,Ativa
C09,C09-E0240,T04,Enterprise,2025-12-23,2026-12-23,Ativa
C09,C09-E0234,T04,Standard,2025-11-26,2026-11-26,Ativa
C09,C09-E0123,T04,Standard,2026-01-05,2027-01-05,Ativa
C09,C09-E0059,T04,Standard,2025-11-15,,Ativa
C09,C09-E0135,T04,Professional,2025-12-23,2026-12-23,Ativa
C09,C09-E0292,T04,Professional,2026-01-04,2027-01-04,Ativa
C09,C09-E0147,T04,Professional,2025-11-25,2026-11-25,Ativa
C09,C09-E0142,T04,Professional,2025-11-07,,Ativa
C09,C09-E0037,T04,Enterprise,2025-11-29,,Revogada
C09,C09-E0247,T04,Enterprise,2025-12-13,2026-12-13,Ativa
C09,C09-E0191,T04,Standard,2025-12-15,2026-12-15,Ativa
C09,C09-E0116,T04,Professional,2025-12-29,,Ativa
C09,C09-E0313,T04,Professional,2025-12-22,2026-12-22,Ativa
C09,C09-E0137,T04,Standard,2025-12-24,2026-12-24,Ativa
C09,C09-E0067,T04,Enterprise,2025-11-12,,Ativa
C09,C09-E0230,T04,Standard,2025-12-21,2026-12-21,Ativa
C09,C09-E0007,T04,Enterprise,2025-12-17,2026-12-17,Ativa
C09,C09-E0205,T04,Enterprise,2025-11-30,2026-11-30,Ativa
C09,C09-E0196,T04,Enterprise,2025-12-23,,Revogada
C09,C09-E0295,T04,Enterprise,2025-11-14,,Ativa
C09,C09-E0094,T04,Professional,2025-11-23,2026-11-23,Ativa
C09,C09-E0251,T04,Enterprise,2025-11-25,2026-11-25,Ativa
C09,C09-E0130,T04,Enterprise,2025-12-13,2026-12-13,Ativa
C09,C09-E0139,T04,Enterprise,2025-12-01,2026-12-01,Ativa
C09,C09-E0078,T04,Enterprise,2025-11-29,2026-11-29,Ativa
C09,C09-E0334,T04,Enterprise,2025-11-25,,Ativa
C09,C09-E0038,T04,Enterprise,2026-01-01,2027-01-01,Ativa
C09,C09-E0053,T04,Professional,2025-11-27,2026-11-27,Ativa
C09,C09-E0161,T04,Professional,2025-11-04,2026-11-04,Ativa
C09,C09-E0089,T04,Professional,2025-11-28,2026-11-28,Ativa
C09,C09-E0028,T04,Standard,2025-12-20,2026-12-20,Ativa
C09,C09-E0136,T04,Standard,2025-12-10,2026-12-10,Revogada
C09,C09-E0338,T04,Standard,2025-11-12,2026-11-12,Ativa
C09,C09-E0257,T04,Professional,2026-01-14,2027-01-14,Ativa
C09,C09-E0270,T04,Enterprise,2025-12-29,2026-12-29,Ativa
C09,C09-E0248,T04,Enterprise,2025-12-25,2026-12-25,Ativa
C09,C09-E0006,T04,Professional,2025-11-29,2026-11-29,Ativa
C09,C09-E0063,T04,Professional,2025-12-08,,Ativa
C09,C09-E0211,T04,Standard,2026-01-01,2027-01-01,Ativa
C09,C09-E0279,T04,Enterprise,2025-11-26,,Ativa
C09,C09-E0223,T04,Standard,2025-12-12,2026-12-12,Ativa
C09,C09-E0221,T04,Standard,2025-12-29,2026-12-29,Ativa
C09,C09-E0152,T04,Standard,2025-12-25,,Ativa
C09,C09-E0069,T04,Standard,2025-12-14,2026-12-14,Ativa
C09,C09-E0119,T04,Standard,2025-11-30,2026-11-30,Ativa
C09,C09-E0100,T04,Standard,2025-11-26,2026-11-26,Ativa
C09,C09-E0229,T04,Standard,2025-12-15,2026-12-15,Revogada
C09,C09-E0060,T04,Professional,2025-12-18,2026-12-18,Ativa
C09,C09-E0333,T04,Standard,2025-12-12,2026-12-12,Ativa
C09,C09-E0004,T04,Enterprise,2025-12-16,2026-12-16,Ativa
C09,C09-E0117,T04,Professional,2025-12-06,,Ativa
C09,C09-E0171,T04,Enterprise,2025-12-15,2026-12-15,Ativa
C09,C09-E0145,T04,Professional,2025-12-03,2026-12-03,Ativa
C09,C09-E0062,T04,Enterprise,2025-11-23,,Ativa
C09,C09-E0033,T04,Standard,2025-11-28,,Ativa
C09,C09-E0165,T04,Enterprise,2025-12-31,,Ativa
C09,C09-E0027,T04,Professional,2025-12-22,2026-12-22,Ativa
C09,C09-E0051,T04,Enterprise,2025-12-29,,Ativa
C09,C09-E0125,T04,Enterprise,2025-12-31,,Ativa
C09,C09-E0131,T04,Enterprise,2026-01-02,2027-01-02,Ativa
C09,C09-E0055,T04,Enterprise,2025-12-12,,Ativa
C09,C09-E0083,T04,Enterprise,2025-11-13,2026-11-13,Ativa
C09,C09-E0281,T04,Enterprise,2025-12-29,,Revogada
C09,C09-E0012,T04,Enterprise,2025-12-18,2026-12-18,Ativa
C09,C09-E0186,T04,Enterprise,2025-12-16,2026-12-16,Ativa
C09,C09-E0268,T04,Enterprise,2025-11-26,2026-11-26,Ativa
C09,C09-E0287,T04,Professional,2025-11-23,2026-11-23,Ativa
C09,C09-E0316,T04,Professional,2025-12-23,2026-12-23,Ativa
C09,C09-E0008,T04,Enterprise,2025-11-21,2026-11-21,Ativa
C09,C09-E0144,T04,Standard,2025-11-21,2026-11-21,Ativa
C09,C09-E0081,T04,Enterprise,2025-12-01,2026-12-01,Ativa
C09,C09-E0244,T04,Standard,2025-12-12,2026-12-12,Ativa
C09,C09-E0022,T04,Enterprise,2025-11-17,2026-11-17,Ativa
C09,C09-E0017,T04,Standard,2025-12-05,2026-12-05,Ativa
C09,C09-E0243,T04,Standard,2025-12-02,,Ativa
C09,C09-E0015,T04,Enterprise,2025-11-12,2026-11-12,Ativa
C09,C09-E0158,T04,Standard,2025-12-19,,Ativa
C09,C09-E0032,T04,Standard,2026-01-04,,Ativa
C09,C09-E0049,T04,Enterprise,2025-12-19,2026-12-19,Ativa
C09,C09-E0127,T04,Standard,2025-12-24,2026-12-24,Ativa
C09,C09-E0285,T04,Standard,2025-11-12,,Ativa
C09,C09-E0075,T04,Standard,2025-11-12,,Ativa
C09,C09-E0175,T04,Professional,2025-11-05,2026-11-05,Ativa
C09,C09-E0215,T04,Standard,2025-12-12,2026-12-12,Ativa
C09,C09-E0002,T04,Enterprise,2025-12-01,2026-12-01,Ativa
C09,C09-E0328,T04,Enterprise,2026-01-01,2027-01-01,Ativa
C09,C09-E0322,T04,Standard,2025-12-31,2026-12-31,Ativa
C09,C09-E0184,T04,Standard,2025-11-23,2026-11-23,Ativa
C09,C09-E0153,T04,Professional,2025-12-06,2026-12-06,Ativa
C09,C09-E0206,T04,Professional,2025-11-17,2026-11-17,Ativa
C09,C09-E0154,T04,Enterprise,2025-12-20,2026-12-20,Ativa
C09,C09-E0288,T04,Standard,2025-12-10,2026-12-10,Ativa
C09,C09-E0167,T04,Enterprise,2025-12-26,,Ativa
C09,C09-E0263,T04,Professional,2025-11-29,,Ativa
C09,C09-E0066,T04,Enterprise,2025-12-21,2026-12-21,Ativa
C09,C09-E0309,T04,Standard,2025-12-02,,Ativa
C09,C09-E0026,T04,Professional,2025-11-25,2026-11-25,Ativa
C09,C09-E0310,T04,Professional,2025-12-11,,Ativa
C09,C09-E0159,T04,Standard,2025-12-18,2026-12-18,Ativa
C09,C09-E0151,T04,Standard,2025-11-12,2026-11-12,Ativa
C09,C09-E0202,T04,Enterprise,2025-12-11,2026-12-11,Ativa
C09,C09-E0203,T04,Standard,2025-12-10,,Ativa
C09,C09-E0021,T04,Professional,2025-12-12,2026-12-12,Revogada
C09,C09-E0181,T04,Enterprise,2025-11-15,2026-11-15,Ativa
C09,C09-E0194,T04,Standard,2025-12-11,2026-12-11,Ativa
C09,C09-E0085,T04,Standard,2025-12-24,2026-12-24,Ativa
C09,C09-E0277,T04,Enterprise,2025-12-22,2026-12-22,Ativa
C09,C09-E0190,T04,Enterprise,2025-12-18,2026-12-18,Ativa
C09,C09-E0163,T04,Enterprise,2025-11-20,2026-11-20,Revogada
C09,C09-E0318,T04,Enterprise,2025-12-07,2026-12-07,Ativa
C09,C09-E0052,T04,Professional,2025-11-25,2026-11-25,Ativa
C09,C09-E0332,T04,Professional,2025-12-24,2026-12-24,Ativa
C09,C09-E0273,T04,Standard,2025-11-30,2026-11-30,Ativa
C09,C09-E0121,T04,Enterprise,2025-12-01,2026-12-01,Ativa
C09,C09-E0261,T04,Enterprise,2025-12-21,2026-12-21,Ativa
C09,C09-E0096,T04,Enterprise,2025-12-04,2026-12-04,Ativa
C10,C10-E0062,T01,Standard,2025-11-24,,Ativa
C10,C10-E0129,T01,Professional,2025-11-18,2026-11-18,Ativa
C10,C10-E0002,T01,Professional,2025-10-19,2026-10-19,Ativa
C10,C10-E0051,T01,Standard,2025-11-14,2026-11-14,Ativa
C10,C10-E0037,T01,Enterprise,2025-10-06,,Ativa
C10,C10-E0021,T01,Enterprise,2025-11-16,2026-11-16,Ativa
C10,C10-E0067,T01,Standard,2025-11-22,2026-11-22,Ativa
C10,C10-E0103,T01,Standard,2025-10-13,2026-10-13,Revogada
C10,C10-E0060,T01,Enterprise,2025-10-18,2026-10-18,Ativa
C10,C10-E0119,T01,Professional,2025-10-20,2026-10-20,Ativa
C10,C10-E0057,T01,Standard,2025-11-02,2026-11-02,Ativa
C10,C10-E0099,T01,Enterprise,2025-11-15,2026-11-15,Ativa
C10,C10-E0124,T01,Professional,2025-11-14,2026-11-14,Ativa
C10,C10-E0076,T01,Standard,2025-11-03,2026-11-03,Ativa
C10,C10-E0013,T01,Enterprise,2025-11-07,2026-11-07,Ativa
C10,C10-E0041,T01,Enterprise,2025-10-27,,Ativa
C10,C10-E0088,T01,Standard,2025-11-29,2026-11-29,Ativa
C10,C10-E0114,T01,Standard,2025-10-31,,Ativa
C10,C10-E0035,T01,Enterprise,2025-11-19,2026-11-19,Ativa
C10,C10-E0106,T01,Enterprise,2025-10-31,,Ativa
C10,C10-E0123,T01,Professional,2025-11-14,2026-11-14,Ativa
C10,C10-E0107,T01,Enterprise,2025-10-17,,Ativa
C10,C10-E0110,T01,Professional,2025-11-24,,Ativa
C10,C10-E0079,T01,Enterprise,2025-10-29,2026-10-29,Ativa
C10,C10-E0116,T01,Standard,2025-10-05,2026-10-05,Ativa
C10,C10-E0005,T01,Standard,2025-10-28,2026-10-28,Ativa
C10,C10-E0101,T01,Enterprise,2025-11-28,,Ativa
C10,C10-E0080,T01,Standard,2025-10-06,2026-10-06,Ativa
C10,C10-E0131,T01,Professional,2025-12-14,2026-12-14,Ativa
C10,C10-E0054,T01,Standard,2025-10-12,2026-10-12,Ativa
C10,C10-E0015,T01,Professional,2025-11-04,,Ativa
C10,C10-E0118,T01,Enterprise,2025-11-07,,Ativa
C10,C10-E0032,T01,Professional,2025-11-09,2026-11-09,Ativa
C10,C10-E0016,T01,Enterprise,2025-10-04,,Ativa
C10,C10-E0028,T01,Enterprise,2025-11-23,,Ativa
C10,C10-E0047,T01,Standard,2025-11-23,2026-11-23,Ativa
C10,C10-E0024,T01,Enterprise,2025-10-31,,Ativa
C10,C10-E0083,T01,Standard,2025-11-22,,Ativa
C10,C10-E0014,T01,Enterprise,2025-10-24,2026-10-24,Ativa
C10,C10-E0008,T01,Enterprise,2025-10-26,,Ativa
C10,C10-E0004,T01,Professional,2025-10-12,2026-10-12,Ativa
C10,C10-E0022,T01,Enterprise,2025-11-04,2026-11-04,Ativa
C10,C10-E0074,T01,Standard,2025-10-23,,Ativa
C10,C10-E0111,T01,Standard,2025-10-26,2026-10-26,Ativa
C10,C10-E0112,T01,Enterprise,2025-11-28,,Ativa
C10,C10-E0012,T01,Professional,2025-10-17,,Ativa
C10,C10-E0133,T01,Enterprise,2025-10-30,2026-10-30,Ativa
C10,C10-E0128,T01,Professional,2025-10-01,2026-10-01,Ativa
C10,C10-E0039,T01,Enterprise,2025-12-12,2026-12-12,Ativa
C10,C10-E0010,T01,Professional,2025-11-04,2026-11-04,Ativa
C10,C10-E0025,T01,Professional,2025-12-02,2026-12-02,Ativa
C10,C10-E0042,T01,Enterprise,2025-11-18,,Ativa
C10,C10-E0052,T01,Enterprise,2025-11-15,2026-11-15,Ativa
C10,C10-E0048,T01,Professional,2025-11-01,2026-11-01,Ativa
C10,C10-E0094,T01,Professional,2025-10-20,2026-10-20,Ativa
C10,C10-E0027,T01,Professional,2025-11-30,2026-11-30,Ativa
C10,C10-E0113,T01,Enterprise,2025-11-01,2026-11-01,Ativa
C10,C10-E0120,T01,Standard,2025-10-26,2026-10-26,Ativa
C10,C10-E0034,T01,Standard,2025-11-14,2026-11-14,Ativa
C10,C10-E0095,T01,Professional,2025-10-11,,Ativa
C10,C10-E0109,T01,Enterprise,2025-10-11,2026-10-11,Ativa
C10,C10-E0069,T01,Enterprise,2025-11-30,2026-11-30,Ativa
C10,C10-E0097,T01,Professional,2025-10-10,2026-10-10,Ativa
C10,C10-E0075,T01,Enterprise,2025-10-30,2026-10-30,Ativa
C10,C10-E0077,T01,Standard,2025-11-09,2026-11-09,Ativa
C10,C10-E0104,T01,Professional,2025-11-16,,Ativa
C10,C10-E0029,T01,Professional,2025-11-14,,Ativa
C10,C10-E0023,T01,Standard,2025-10-27,2026-10-27,Ativa
C10,C10-E0115,T01,Enterprise,2025-11-08,2026-11-08,Ativa
C10,C10-E0071,T01,Standard,2025-10-29,2026-10-29,Ativa
C10,C10-E0081,T01,Enterprise,2025-10-25,2026-10-25,Ativa
C10,C10-E0100,T01,Standard,2025-11-16,2026-11-16,Ativa
C10,C10-E0065,T01,Standard,2025-10-21,2026-10-21,Ativa
C10,C10-E0122,T01,Enterprise,2025-11-12,2026-11-12,Ativa
C10,C10-E0092,T01,Enterprise,2025-10-27,2026-10-27,Ativa
C10,C10-E0093,T01,Professional,2025-11-02,,Ativa
C10,C10-E0036,T01,Enterprise,2025-10-19,2026-10-19,Ativa
C10,C10-E0038,T01,Enterprise,2025-10-27,2026-10-27,Ativa
C10,C10-E0026,T01,Professional,2025-11-20,2026-11-20,Ativa
C10,C10-E0078,T01,Enterprise,2025-10-06,2026-10-06,Ativa
C10,C10-E0058,T01,Enterprise,2025-10-11,2026-10-11,Ativa
C10,C10-E0127,T01,Standard,2025-10-18,,Ativa
C10,C10-E0020,T01,Professional,2025-11-02,2026-11-02,Ativa
C10,C10-E0011,T01,Standard,2025-11-11,2026-11-11,Ativa
C10,C10-E0117,T01,Enterprise,2025-10-26,2026-10-26,Ativa
C10,C10-E0066,T01,Standard,2025-11-28,2026-11-28,Ativa
C10,C10-E0040,T01,Enterprise,2025-12-05,,Revogada
C10,C10-E0086,T01,Professional,2025-10-26,2026-10-26,Ativa
C10,C10-E0068,T01,Professional,2025-11-13,2026-11-13,Ativa
C10,C10-E0070,T01,Standard,2025-10-28,2026-10-28,Revogada
C10,C10-E0126,T01,Standard,2025-11-03,2026-11-03,Ativa
C10,C10-E0121,T01,Enterprise,2025-11-04,2026-11-04,Ativa
C10,C10-E0055,T01,Professional,2025-10-15,,Ativa
C10,C10-E0073,T01,Standard,2025-12-08,2026-12-08,Ativa
C10,C10-E0108,T01,Enterprise,2025-10-18,2026-10-18,Ativa
C10,C10-E0046,T01,Professional,2025-11-10,2026-11-10,Ativa
C10,C10-E0017,T01,Enterprise,2025-12-11,2026-12-11,Ativa
C10,C10-E0006,T01,Enterprise,2025-11-06,2026-11-06,Ativa
C10,C10-E0053,T01,Standard,2025-10-13,2026-10-13,Ativa
C10,C10-E0064,T01,Professional,2025-12-01,,Ativa
C10,C10-E0019,T01,Professional,2025-11-04,2026-11-04,Ativa
C10,C10-E0082,T01,Professional,2025-11-24,,Ativa
C10,C10-E0125,T01,Enterprise,2025-11-29,2026-11-29,Ativa
C10,C10-E0089,T01,Standard,2025-10-15,2026-10-15,Ativa
C10,C10-E0050,T01,Professional,2025-10-02,2026-10-02,Revogada
C10,C10-E0087,T01,Professional,2025-12-13,2026-12-13,Ativa
C10,C10-E0063,T01,Enterprise,2025-10-25,,Ativa
C10,C10-E0072,T01,Standard,2025-10-04,,Revogada
C10,C10-E0132,T01,Professional,2025-11-02,2026-11-02,Ativa
C10,C10-E0105,T01,Professional,2025-11-03,2026-11-03,Ativa
C10,C10-E0102,T01,Enterprise,2025-10-07,2026-10-07,Ativa
C10,C10-E0084,T01,Enterprise,2025-10-26,2026-10-26,Ativa
C10,C10-E0090,T01,Standard,2025-11-19,2026-11-19,Ativa
C10,C10-E0056,T01,Standard,2025-12-04,2026-12-04,Ativa
C10,C10-E0018,T01,Professional,2025-11-22,2026-11-22,Ativa
C10,C10-E0030,T01,Standard,2025-10-07,2026-10-07,Ativa
C10,C10-E0134,T01,Professional,2025-10-05,2026-10-05,Ativa
C10,C10-E0033,T01,Standard,2025-11-24,,Ativa
C10,C10-E0007,T01,Enterprise,2025-11-18,2026-11-18,Ativa
C10,C10-E0044,T01,Enterprise,2025-10-06,2026-10-06,Ativa
C10,C10-E0091,T01,Enterprise,2025-11-14,,Ativa
C10,C10-E0003,T01,Enterprise,2025-11-13,2026-11-13,Ativa
C10,C10-E0061,T01,Enterprise,2025-11-22,2026-11-22,Ativa
C10,C10-E0085,T01,Enterprise,2025-11-11,2026-11-11,Ativa
C10,C10-E0001,T01,Enterprise,2025-11-15,2026-11-15,Ativa
C10,C10-E0098,T01,Standard,2025-11-23,2026-11-23,Ativa
C10,C10-E0043,T01,Professional,2025-10-26,2026-10-26,Ativa
C10,C10-E0096,T01,Standard,2025-11-04,2026-11-04,Ativa
C10,C10-E0045,T01,Standard,2025-10-17,2026-10-17,Ativa
C10,C10-E0130,T01,Professional,2025-11-03,,Ativa
C10,C10-E0059,T01,Professional,2025-10-27,,Ativa
C10,C10-E0031,T01,Enterprise,2025-10-24,,Ativa
C10,C10-E0049,T01,Enterprise,2025-10-20,2026-10-20,Ativa
C10,C10-E0009,T01,Enterprise,2025-11-17,2026-11-17,Ativa
C10,C10-E0073,T04,Standard,2025-10-22,2026-10-22,Ativa
C10,C10-E0103,T04,Standard,2025-10-03,2026-10-03,Ativa
C10,C10-E0046,T04,Professional,2025-10-21,2026-10-21,Ativa
C10,C10-E0060,T04,Standard,2025-12-09,,Ativa
C10,C10-E0039,T04,Enterprise,2025-11-10,2026-11-10,Ativa
C10,C10-E0080,T04,Standard,2025-11-13,2026-11-13,Ativa
C10,C10-E0053,T04,Standard,2025-10-10,2026-10-10,Ativa
C10,C10-E0042,T04,Standard,2025-10-27,2026-10-27,Ativa
C10,C10-E0085,T04,Standard,2025-11-03,2026-11-03,Ativa
C10,C10-E0033,T04,Professional,2025-11-22,2026-11-22,Ativa
C10,C10-E0106,T04,Enterprise,2025-11-16,2026-11-16,Ativa
C10,C10-E0070,T04,Standard,2025-11-04,2026-11-04,Ativa
C10,C10-E0062,T04,Enterprise,2025-10-13,2026-10-13,Ativa
C10,C10-E0069,T04,Professional,2025-11-21,2026-11-21,Ativa
C10,C10-E0110,T04,Standard,2025-10-16,2026-10-16,Ativa
C10,C10-E0054,T04,Standard,2025-11-25,2026-11-25,Ativa
C10,C10-E0082,T04,Standard,2025-10-26,2026-10-26,Ativa
C10,C10-E0133,T04,Standard,2025-11-07,2026-11-07,Ativa
C10,C10-E0075,T04,Professional,2025-10-19,2026-10-19,Ativa
C10,C10-E0003,T04,Standard,2025-10-30,2026-10-30,Ativa
C10,C10-E0112,T04,Professional,2025-10-29,,Ativa
C10,C10-E0134,T04,Enterprise,2025-11-06,,Ativa
C10,C10-E0040,T04,Enterprise,2025-10-12,,Revogada
C10,C10-E0029,T04,Enterprise,2025-11-10,,Ativa
C10,C10-E0047,T04,Professional,2025-12-05,,Ativa
C10,C10-E0098,T04,Enterprise,2025-12-02,2026-12-02,Ativa
C10,C10-E0077,T04,Enterprise,2025-11-19,2026-11-19,Ativa
C10,C10-E0118,T04,Standard,2025-11-17,,Ativa
C10,C10-E0027,T04,Standard,2025-11-01,2026-11-01,Revogada
C10,C10-E0028,T04,Enterprise,2025-11-10,2026-11-10,Ativa
C10,C10-E0068,T04,Enterprise,2025-11-09,2026-11-09,Ativa
C10,C10-E0072,T04,Professional,2025-11-22,2026-11-22,Ativa
C10,C10-E0115,T04,Professional,2025-11-20,2026-11-20,Ativa
C10,C10-E0031,T04,Standard,2025-11-20,,Ativa
C10,C10-E0114,T04,Professional,2025-11-15,2026-11-15,Ativa
C10,C10-E0089,T04,Standard,2025-12-01,2026-12-01,Ativa
C10,C10-E0101,T04,Enterprise,2025-11-07,2026-11-07,Ativa
C10,C10-E0119,T04,Enterprise,2025-11-09,2026-11-09,Ativa
C10,C10-E0001,T04,Professional,2025-10-27,2026-10-27,Ativa
C10,C10-E0122,T04,Enterprise,2025-10-30,2026-10-30,Ativa
C10,C10-E0032,T04,Enterprise,2025-11-05,,Ativa
C10,C10-E0063,T04,Standard,2025-11-24,,Ativa
C10,C10-E0076,T04,Professional,2025-11-10,,Ativa
C10,C10-E0086,T04,Standard,2025-10-26,2026-10-26,Ativa
C10,C10-E0130,T04,Standard,2025-11-16,2026-11-16,Ativa
C10,C10-E0006,T04,Professional,2025-10-14,,Ativa
C10,C10-E0051,T04,Standard,2025-11-19,,Revogada
C10,C10-E0037,T04,Standard,2025-12-02,2026-12-02,Ativa
C10,C10-E0064,T04,Enterprise,2025-11-06,2026-11-06,Ativa
C10,C10-E0038,T04,Standard,2025-11-20,,Ativa
C10,C10-E0066,T04,Standard,2025-12-03,2026-12-03,Ativa
C10,C10-E0024,T04,Standard,2025-11-11,,Ativa
C10,C10-E0083,T04,Standard,2025-11-23,2026-11-23,Ativa
C10,C10-E0113,T04,Professional,2025-11-05,,Ativa
C10,C10-E0043,T04,Standard,2025-11-07,2026-11-07,Ativa
C10,C10-E0088,T04,Enterprise,2025-10-29,,Revogada
C10,C10-E0117,T04,Standard,2025-10-09,2026-10-09,Ativa
C10,C10-E0026,T04,Standard,2025-10-22,2026-10-22,Ativa
C10,C10-E0016,T04,Standard,2025-10-30,2026-10-30,Ativa
C10,C10-E0125,T04,Enterprise,2025-10-25,2026-10-25,Ativa
C10,C10-E0017,T04,Professional,2025-11-05,2026-11-05,Ativa
C10,C10-E0049,T04,Enterprise,2025-11-19,,Ativa
C10,C10-E0079,T04,Enterprise,2025-10-16,2026-10-16,Ativa
C10,C10-E0100,T04,Enterprise,2025-11-11,,Ativa
C10,C10-E0099,T04,Enterprise,2025-10-29,2026-10-29,Ativa
C10,C10-E0048,T04,Professional,2025-10-28,2026-10-28,Ativa
C10,C10-E0015,T04,Standard,2025-12-05,,Ativa
C10,C10-E0092,T04,Standard,2025-11-21,,Ativa
C10,C10-E0005,T04,Enterprise,2025-10-24,2026-10-24,Ativa
C10,C10-E0020,T04,Professional,2025-11-04,,Revogada
C10,C10-E0034,T04,Standard,2025-10-23,,Ativa
C10,C10-E0071,T04,Professional,2025-11-07,2026-11-07,Ativa
C10,C10-E0124,T04,Professional,2025-10-16,2026-10-16,Ativa
C10,C10-E0081,T04,Professional,2025-11-17,2026-11-17,Ativa
C10,C10-E0011,T04,Standard,2025-11-21,2026-11-21,Ativa
C10,C10-E0045,T04,Standard,2025-10-27,2026-10-27,Ativa
C10,C10-E0025,T04,Professional,2025-11-08,2026-11-08,Revogada
C10,C10-E0108,T04,Enterprise,2025-11-04,,Ativa
C10,C10-E0109,T04,Standard,2025-10-26,2026-10-26,Ativa
C10,C10-E0102,T04,Standard,2025-11-11,2026-11-11,Ativa
C10,C10-E0009,T04,Standard,2025-11-10,2026-11-10,Ativa
C10,C10-E0127,T04,Professional,2025-11-06,2026-11-06,Ativa
C10,C10-E0035,T04,Professional,2025-10-20,2026-10-20,Ativa
C10,C10-E0014,T04,Standard,2025-11-04,,Revogada
C10,C10-E0090,T04,Standard,2025-10-21,2026-10-21,Ativa
C10,C10-E0123,T04,Professional,2025-10-21,2026-10-21,Ativa
C10,C10-E0022,T04,Enterprise,2025-11-02,2026-11-02,Ativa
C10,C10-E0128,T04,Professional,2025-11-21,2026-11-21,Ativa
C10,C10-E0036,T04,Enterprise,2025-11-21,,Ativa
C10,C10-E0041,T04,Standard,2025-11-18,2026-11-18,Ativa
C10,C10-E0061,T04,Enterprise,2025-11-18,2026-11-18,Ativa
C10,C10-E0055,T04,Enterprise,2025-12-13,2026-12-13,Ativa
C10,C10-E0126,T04,Standard,2025-11-15,,Ativa
C10,C10-E0121,T04,Enterprise,2025-11-12,2026-11-12,Ativa
C10,C10-E0067,T04,Enterprise,2025-11-14,2026-11-14,Ativa
C10,C10-E0013,T04,Enterprise,2025-10-29,,Revogada
C10,C10-E0065,T04,Enterprise,2025-10-26,2026-10-26,Ativa
C10,C10-E0132,T04,Standard,2025-11-18,2026-11-18,Ativa
C10,C10-E0004,T04,Professional,2025-11-21,2026-11-21,Ativa
C10,C10-E0120,T04,Professional,2025-11-02,,Ativa
C10,C10-E0096,T04,Standard,2025-11-12,2026-11-12,Ativa
C10,C10-E0104,T04,Standard,2025-12-09,,Ativa
C10,C10-E0044,T04,Enterprise,2025-11-15,2026-11-15,Ativa
C10,C10-E0059,T04,Enterprise,2025-11-10,,Ativa
C10,C10-E0087,T04,Enterprise,2025-11-01,2026-11-01,Ativa
C10,C10-E0107,T04,Professional,2025-11-26,2026-11-26,Ativa
C10,C10-E0019,T04,Professional,2025-11-06,2026-11-06,Ativa
C10,C10-E0010,T04,Professional,2025-12-03,2026-12-03,Ativa
C10,C10-E0056,T04,Standard,2025-12-03,2026-12-03,Ativa
C10,C10-E0052,T04,Enterprise,2025-10-27,2026-10-27,Ativa
C10,C10-E0095,T04,Enterprise,2025-11-02,2026-11-02,Ativa
C10,C10-E0058,T04,Standard,2025-11-21,2026-11-21,Ativa
C10,C10-E0111,T04,Standard,2025-10-27,2026-10-27,Ativa
C10,C10-E0030,T04,Professional,2025-10-14,2026-10-14,Ativa
C10,C10-E0023,T04,Standard,2025-11-04,2026-11-04,Ativa
C10,C10-E0105,T04,Enterprise,2025-11-09,2026-11-09,Ativa
C10,C10-E0074,T04,Professional,2025-11-18,2026-11-18,Ativa
C10,C10-E0078,T04,Professional,2025-10-31,2026-10-31,Ativa
C10,C10-E0057,T04,Professional,2025-11-18,2026-11-18,Ativa
C10,C10-E0084,T04,Standard,2025-11-07,,Ativa
C10,C10-E0129,T04,Professional,2025-10-30,2026-10-30,Ativa
C10,C10-E0091,T04,Enterprise,2025-10-20,2026-10-20,Ativa
C10,C10-E0116,T04,Professional,2025-10-26,,Ativa
C10,C10-E0131,T04,Enterprise,2025-10-22,,Ativa
C10,C10-E0021,T04,Enterprise,2025-11-16,2026-11-16,Ativa
C10,C10-E0093,T04,Standard,2025-10-22,2026-10-22,Ativa
C10,C10-E0050,T04,Professional,2025-11-26,2026-11-26,Ativa
C10,C10-E0002,T04,Standard,2025-11-14,2026-11-14,Ativa
C10,C10-E0012,T04,Professional,2025-10-26,2026-10-26,Revogada
C10,C10-E0018,T04,Standard,2025-11-19,2026-11-19,Ativa
C10,C10-E0007,T04,Standard,2025-11-16,2026-11-16,Ativa
C10,C10-E0097,T04,Standard,2025-11-28,2026-11-28,Ativa
C10,C10-E0094,T04,Standard,2025-11-18,2026-11-18,Ativa
C10,C10-E0008,T04,Enterprise,2025-10-12,,Ativa
C11,C11-E0035,T03,Standard,2026-05-08,,Ativa
C11,C11-E0022,T03,Enterprise,2026-04-30,2027-04-30,Ativa
C11,C11-E0023,T03,Enterprise,2026-04-20,2027-04-20,Ativa
C11,C11-E0001,T03,Enterprise,2026-05-25,,Revogada
C11,C11-E0024,T03,Standard,2026-06-03,2027-06-03,Ativa
C11,C11-E0020,T03,Standard,2026-04-28,2027-04-28,Ativa
C11,C11-E0019,T03,Enterprise,2026-06-08,2027-06-08,Ativa
C11,C11-E0006,T03,Professional,2026-05-15,2027-05-15,Ativa
C11,C11-E0027,T03,Professional,2026-05-08,,Ativa
C11,C11-E0002,T03,Professional,2026-05-13,,Ativa
C11,C11-E0032,T03,Standard,2026-05-26,2027-05-26,Ativa
C11,C11-E0011,T03,Professional,2026-05-06,,Ativa
C11,C11-E0003,T03,Standard,2026-05-03,2027-05-03,Ativa
C11,C11-E0029,T03,Standard,2026-06-09,2027-06-09,Ativa
C11,C11-E0033,T03,Standard,2026-05-25,2027-05-25,Ativa
C11,C11-E0013,T03,Enterprise,2026-04-24,2027-04-24,Ativa
C11,C11-E0025,T03,Standard,2026-04-24,,Ativa
C11,C11-E0005,T03,Standard,2026-05-29,,Ativa
C11,C11-E0036,T03,Professional,2026-04-22,,Ativa
C11,C11-E0018,T03,Standard,2026-05-04,,Ativa
C11,C11-E0034,T03,Enterprise,2026-05-09,,Ativa
C11,C11-E0010,T03,Standard,2026-04-30,2027-04-30,Ativa
C11,C11-E0031,T03,Enterprise,2026-05-20,2027-05-20,Ativa
C11,C11-E0004,T03,Standard,2026-04-28,2027-04-28,Ativa
C11,C11-E0009,T03,Standard,2026-05-02,,Ativa
C11,C11-E0015,T03,Enterprise,2026-05-22,2027-05-22,Ativa
C11,C11-E0007,T03,Standard,2026-05-08,2027-05-08,Ativa
C11,C11-E0028,T03,Standard,2026-05-01,2027-05-01,Ativa
C11,C11-E0030,T03,Standard,2026-05-29,2027-05-29,Ativa
C11,C11-E0017,T03,Enterprise,2026-04-20,2027-04-20,Ativa
C11,C11-E0008,T03,Standard,2026-05-24,2027-05-24,Ativa
C11,C11-E0021,T03,Enterprise,2026-04-15,,Ativa
C11,C11-E0016,T03,Enterprise,2026-05-23,,Ativa
C11,C11-E0037,T03,Standard,2026-05-10,2027-05-10,Revogada
C11,C11-E0012,T03,Professional,2026-04-19,2027-04-19,Ativa
C11,C11-E0014,T03,Standard,2026-06-06,2027-06-06,Ativa
C11,C11-E0026,T03,Standard,2026-05-18,,Revogada
C11,C11-E0036,T04,Standard,2026-05-05,2027-05-05,Ativa
C11,C11-E0007,T04,Standard,2026-05-11,,Ativa
C11,C11-E0008,T04,Standard,2026-05-17,,Ativa
C11,C11-E0014,T04,Standard,2026-05-21,2027-05-21,Ativa
C11,C11-E0005,T04,Standard,2026-05-27,2027-05-27,Ativa
C11,C11-E0003,T04,Professional,2026-04-15,,Ativa
C11,C11-E0037,T04,Professional,2026-04-13,2027-04-13,Ativa
C11,C11-E0011,T04,Enterprise,2026-05-26,,Ativa
C11,C11-E0033,T04,Standard,2026-05-27,2027-05-27,Revogada
C11,C11-E0016,T04,Professional,2026-04-28,2027-04-28,Ativa
C11,C11-E0001,T04,Enterprise,2026-06-01,2027-06-01,Ativa
C11,C11-E0025,T04,Professional,2026-05-11,2027-05-11,Ativa
C11,C11-E0026,T04,Professional,2026-05-20,2027-05-20,Ativa
C11,C11-E0023,T04,Standard,2026-05-01,,Ativa
C11,C11-E0028,T04,Standard,2026-05-21,2027-05-21,Ativa
C11,C11-E0004,T04,Enterprise,2026-05-21,2027-05-21,Ativa
C11,C11-E0013,T04,Standard,2026-05-12,,Ativa
C11,C11-E0024,T04,Enterprise,2026-05-17,2027-05-17,Ativa
C11,C11-E0006,T04,Enterprise,2026-04-28,2027-04-28,Ativa
C11,C11-E0020,T04,Standard,2026-06-01,2027-06-01,Ativa
C11,C11-E0029,T04,Professional,2026-05-16,2027-05-16,Ativa
C11,C11-E0015,T04,Professional,2026-05-15,2027-05-15,Revogada
C11,C11-E0012,T04,Professional,2026-04-30,2027-04-30,Ativa
C11,C11-E0018,T04,Professional,2026-05-18,2027-05-18,Revogada
C11,C11-E0035,T04,Enterprise,2026-05-13,,Ativa
C11,C11-E0009,T04,Professional,2026-05-08,,Ativa
C11,C11-E0002,T04,Standard,2026-05-23,,Ativa
C11,C11-E0022,T04,Standard,2026-05-02,2027-05-02,Ativa
C11,C11-E0032,T04,Standard,2026-06-02,2027-06-02,Ativa
C11,C11-E0021,T04,Standard,2026-05-26,2027-05-26,Ativa
C11,C11-E0030,T04,Professional,2026-06-10,,Ativa
C11,C11-E0031,T04,Enterprise,2026-05-01,2027-05-01,Ativa
C11,C11-E0010,T04,Standard,2026-05-14,2027-05-14,Ativa
C11,C11-E0034,T04,Professional,2026-05-19,2027-05-19,Ativa
C11,C11-E0027,T04,Professional,2026-04-23,2027-04-23,Ativa
C11,C11-E0019,T04,Enterprise,2026-04-25,2027-04-25,Ativa
C11,C11-E0017,T04,Enterprise,2026-04-14,2027-04-14,Ativa
C12,C12-E0167,T08,Professional,2025-08-30,2026-08-30,Revogada
C12,C12-E0197,T08,Enterprise,2025-08-07,2026-08-07,Expirada
C12,C12-E0236,T08,Standard,2025-09-01,2026-09-01,Ativa
C12,C12-E0201,T08,Enterprise,2025-09-30,,Ativa
C12,C12-E0128,T08,Enterprise,2025-09-19,2026-09-19,Revogada
C12,C12-E0254,T08,Professional,2025-09-08,2026-09-08,Ativa
C12,C12-E0065,T08,Standard,2025-09-06,,Ativa
C12,C12-E0051,T08,Standard,2025-09-03,,Ativa
C12,C12-E0078,T08,Standard,2025-08-24,2026-08-24,Ativa
C12,C12-E0018,T08,Standard,2025-09-30,2026-09-30,Ativa
C12,C12-E0159,T08,Professional,2025-10-05,,Ativa
C12,C12-E0246,T08,Enterprise,2025-08-15,2026-08-15,Ativa
C12,C12-E0131,T08,Enterprise,2025-09-22,2026-09-22,Ativa
C12,C12-E0258,T08,Standard,2025-09-29,2026-09-29,Ativa
C12,C12-E0050,T08,Standard,2025-09-21,2026-09-21,Ativa
C12,C12-E0267,T08,Professional,2025-09-02,2026-09-02,Ativa
C12,C12-E0163,T08,Standard,2025-08-13,2026-08-13,Ativa
C12,C12-E0047,T08,Enterprise,2025-09-02,2026-09-02,Ativa
C12,C12-E0130,T08,Professional,2025-08-26,2026-08-26,Ativa
C12,C12-E0072,T08,Enterprise,2025-09-28,2026-09-28,Ativa
C12,C12-E0152,T08,Professional,2025-09-19,2026-09-19,Ativa
C12,C12-E0155,T08,Standard,2025-08-27,2026-08-27,Ativa
C12,C12-E0200,T08,Enterprise,2025-10-10,2026-10-10,Ativa
C12,C12-E0122,T08,Enterprise,2025-09-11,,Ativa
C12,C12-E0262,T08,Professional,2025-09-12,2026-09-12,Ativa
C12,C12-E0134,T08,Enterprise,2025-08-22,,Ativa
C12,C12-E0195,T08,Standard,2025-09-28,2026-09-28,Ativa
C12,C12-E0059,T08,Standard,2025-08-15,,Revogada
C12,C12-E0232,T08,Standard,2025-09-10,,Ativa
C12,C12-E0164,T08,Professional,2025-09-16,2026-09-16,Ativa
C12,C12-E0266,T08,Professional,2025-08-27,2026-08-27,Ativa
C12,C12-E0012,T08,Enterprise,2025-09-13,2026-09-13,Ativa
C12,C12-E0048,T08,Enterprise,2025-08-02,,Ativa
C12,C12-E0156,T08,Enterprise,2025-09-09,2026-09-09,Ativa
C12,C12-E0073,T08,Professional,2025-09-18,2026-09-18,Ativa
C12,C12-E0259,T08,Professional,2025-09-16,2026-09-16,Ativa
C12,C12-E0052,T08,Standard,2025-09-03,2026-09-03,Revogada
C12,C12-E0025,T08,Standard,2025-09-04,2026-09-04,Ativa
C12,C12-E0053,T08,Professional,2025-08-30,,Ativa
C12,C12-E0127,T08,Standard,2025-08-30,2026-08-30,Ativa
C12,C12-E0269,T08,Enterprise,2025-08-28,,Ativa
C12,C12-E0097,T08,Enterprise,2025-08-30,2026-08-30,Ativa
C12,C12-E0105,T08,Standard,2025-09-04,2026-09-04,Ativa
C12,C12-E0222,T08,Professional,2025-10-08,2026-10-08,Ativa
C12,C12-E0011,T08,Standard,2025-09-10,2026-09-10,Ativa
C12,C12-E0169,T08,Professional,2025-08-24,,Ativa
C12,C12-E0107,T08,Standard,2025-09-17,2026-09-17,Ativa
C12,C12-E0147,T08,Enterprise,2025-09-03,,Ativa
C12,C12-E0231,T08,Standard,2025-09-04,2026-09-04,Ativa
C12,C12-E0031,T08,Standard,2025-09-02,,Ativa
C12,C12-E0077,T08,Enterprise,2025-09-17,2026-09-17,Ativa
C12,C12-E0022,T08,Professional,2025-09-24,2026-09-24,Ativa
C12,C12-E0136,T08,Professional,2025-09-14,2026-09-14,Ativa
C12,C12-E0165,T08,Professional,2025-09-25,2026-09-25,Revogada
C12,C12-E0256,T08,Professional,2025-08-27,2026-08-27,Ativa
C12,C12-E0144,T08,Professional,2025-09-07,2026-09-07,Ativa
C12,C12-E0207,T08,Professional,2025-08-30,2026-08-30,Ativa
C12,C12-E0074,T08,Enterprise,2025-08-27,2026-08-27,Ativa
C12,C12-E0184,T08,Standard,2025-09-03,2026-09-03,Ativa
C12,C12-E0196,T08,Professional,2025-10-11,2026-10-11,Ativa
C12,C12-E0007,T08,Standard,2025-09-15,2026-09-15,Ativa
C12,C12-E0250,T08,Professional,2025-09-05,2026-09-05,Ativa
C12,C12-E0227,T08,Enterprise,2025-09-03,2026-09-03,Ativa
C12,C12-E0117,T08,Standard,2025-09-27,,Ativa
C12,C12-E0150,T08,Professional,2025-09-08,2026-09-08,Ativa
C12,C12-E0015,T08,Enterprise,2025-09-12,2026-09-12,Ativa
C12,C12-E0180,T08,Enterprise,2025-09-12,2026-09-12,Ativa
C12,C12-E0225,T08,Enterprise,2025-09-30,2026-09-30,Ativa
C12,C12-E0153,T08,Standard,2025-09-05,,Ativa
C12,C12-E0226,T08,Enterprise,2025-08-04,2026-08-04,Ativa
C12,C12-E0194,T08,Standard,2025-08-23,,Ativa
C12,C12-E0029,T08,Professional,2025-09-03,2026-09-03,Ativa
C12,C12-E0204,T08,Enterprise,2025-08-30,2026-08-30,Ativa
C12,C12-E0057,T08,Enterprise,2025-08-24,,Ativa
C12,C12-E0023,T08,Professional,2025-09-21,2026-09-21,Ativa
C12,C12-E0021,T08,Standard,2025-10-02,,Ativa
C12,C12-E0220,T08,Professional,2025-08-17,,Ativa
C12,C12-E0085,T08,Professional,2025-09-14,2026-09-14,Ativa
C12,C12-E0191,T08,Enterprise,2025-08-17,,Ativa
C12,C12-E0215,T08,Standard,2025-09-13,,Ativa
C12,C12-E0038,T08,Standard,2025-08-27,,Ativa
C12,C12-E0243,T08,Professional,2025-09-05,2026-09-05,Ativa
C12,C12-E0086,T08,Enterprise,2025-09-19,2026-09-19,Ativa
C12,C12-E0145,T08,Professional,2025-08-25,2026-08-25,Ativa
C12,C12-E0060,T08,Standard,2025-10-03,2026-10-03,Ativa
C12,C12-E0209,T08,Standard,2025-09-14,2026-09-14,Ativa
C12,C12-E0202,T08,Standard,2025-10-05,2026-10-05,Ativa
C12,C12-E0265,T08,Professional,2025-09-23,2026-09-23,Ativa
C12,C12-E0172,T08,Professional,2025-08-23,2026-08-23,Ativa
C12,C12-E0088,T08,Standard,2025-08-27,,Ativa
C12,C12-E0123,T08,Standard,2025-10-03,2026-10-03,Ativa
C12,C12-E0027,T08,Standard,2025-09-11,,Ativa
C12,C12-E0013,T08,Enterprise,2025-09-02,,Ativa
C12,C12-E0141,T08,Standard,2025-09-01,,Ativa
C12,C12-E0218,T08,Standard,2025-08-26,2026-08-26,Ativa
C12,C12-E0237,T08,Standard,2025-09-04,,Ativa
C12,C12-E0019,T08,Professional,2025-08-20,,Ativa
C12,C12-E0064,T08,Enterprise,2025-09-29,2026-09-29,Revogada
C12,C12-E0069,T08,Professional,2025-10-05,2026-10-05,Ativa
C12,C12-E0058,T08,Standard,2025-09-29,2026-09-29,Ativa
C12,C12-E0170,T08,Enterprise,2025-09-28,2026-09-28,Ativa
C12,C12-E0024,T08,Professional,2025-09-07,2026-09-07,Ativa
C12,C12-E0114,T08,Standard,2025-09-19,2026-09-19,Ativa
C12,C12-E0010,T08,Enterprise,2025-10-09,,Ativa
C12,C12-E0185,T08,Standard,2025-09-13,2026-09-13,Ativa
C12,C12-E0039,T08,Standard,2025-08-31,,Ativa
C12,C12-E0068,T08,Standard,2025-08-23,2026-08-23,Ativa
C12,C12-E0079,T08,Professional,2025-08-19,2026-08-19,Ativa
C12,C12-E0115,T08,Enterprise,2025-09-03,,Ativa
C12,C12-E0238,T08,Professional,2025-09-06,2026-09-06,Ativa
C12,C12-E0075,T08,Enterprise,2025-09-03,2026-09-03,Revogada
C12,C12-E0017,T08,Standard,2025-09-07,,Ativa
C12,C12-E0106,T08,Standard,2025-08-26,2026-08-26,Ativa
C12,C12-E0190,T08,Professional,2025-08-09,,Ativa
C12,C12-E0137,T08,Standard,2025-09-18,2026-09-18,Revogada
C12,C12-E0112,T08,Standard,2025-08-07,,Ativa
C12,C12-E0109,T08,Professional,2025-08-23,2026-08-23,Ativa
C12,C12-E0249,T08,Professional,2025-09-16,,Ativa
C12,C12-E0161,T08,Standard,2025-09-24,2026-09-24,Ativa
C12,C12-E0098,T08,Professional,2025-09-11,,Ativa
C12,C12-E0181,T08,Professional,2025-09-28,2026-09-28,Ativa
C12,C12-E0213,T08,Enterprise,2025-08-11,,Ativa
C12,C12-E0186,T08,Standard,2025-08-25,,Ativa
C12,C12-E0014,T08,Enterprise,2025-09-13,2026-09-13,Ativa
C12,C12-E0173,T08,Standard,2025-09-10,2026-09-10,Ativa
C12,C12-E0049,T08,Enterprise,2025-08-09,,Ativa
C12,C12-E0037,T08,Enterprise,2025-09-07,,Ativa
C12,C12-E0034,T08,Enterprise,2025-09-08,,Ativa
C12,C12-E0216,T08,Enterprise,2025-08-27,,Ativa
C12,C12-E0104,T08,Standard,2025-08-16,2026-08-16,Ativa
C12,C12-E0193,T08,Standard,2025-08-13,2026-08-13,Ativa
C12,C12-E0241,T08,Professional,2025-09-10,2026-09-10,Ativa
C12,C12-E0009,T08,Standard,2025-09-25,2026-09-25,Ativa
C12,C12-E0111,T08,Enterprise,2025-09-26,2026-09-26,Ativa
C12,C12-E0179,T08,Professional,2025-09-05,2026-09-05,Ativa
C12,C12-E0061,T08,Enterprise,2025-09-12,2026-09-12,Ativa
C12,C12-E0230,T08,Standard,2025-09-10,2026-09-10,Revogada
C12,C12-E0244,T08,Standard,2025-09-05,2026-09-05,Ativa
C12,C12-E0154,T08,Enterprise,2025-09-15,,Ativa
C12,C12-E0148,T08,Enterprise,2025-09-25,,Ativa
C12,C12-E0040,T08,Professional,2025-09-01,,Revogada
C12,C12-E0092,T08,Enterprise,2025-08-22,2026-08-22,Ativa
C12,C12-E0126,T08,Professional,2025-10-09,2026-10-09,Ativa
C12,C12-E0028,T08,Professional,2025-09-28,,Ativa
C12,C12-E0070,T08,Standard,2025-10-01,2026-10-01,Ativa
C12,C12-E0189,T08,Enterprise,2025-09-15,2026-09-15,Ativa
C12,C12-E0096,T08,Standard,2025-09-04,2026-09-04,Ativa
C12,C12-E0158,T08,Standard,2025-09-06,,Ativa
C12,C12-E0132,T08,Professional,2025-08-06,,Ativa
C12,C12-E0208,T08,Enterprise,2025-10-02,,Ativa
C12,C12-E0083,T08,Enterprise,2025-09-25,2026-09-25,Ativa
C12,C12-E0063,T08,Standard,2025-08-23,2026-08-23,Ativa
C12,C12-E0076,T08,Professional,2025-08-18,2026-08-18,Ativa
C12,C12-E0118,T08,Enterprise,2025-09-23,,Ativa
C12,C12-E0182,T08,Professional,2025-09-13,2026-09-13,Ativa
C12,C12-E0240,T08,Enterprise,2025-09-10,2026-09-10,Ativa
C12,C12-E0135,T08,Enterprise,2025-09-22,2026-09-22,Ativa
C12,C12-E0042,T08,Standard,2025-08-18,2026-08-18,Ativa
C12,C12-E0261,T08,Professional,2025-08-15,2026-08-15,Ativa
C12,C12-E0176,T08,Enterprise,2025-09-09,,Ativa
C12,C12-E0142,T08,Professional,2025-08-26,,Ativa
C12,C12-E0129,T08,Standard,2025-09-15,,Ativa
C12,C12-E0026,T08,Professional,2025-08-24,2026-08-24,Ativa
C12,C12-E0221,T08,Enterprise,2025-09-07,2026-09-07,Ativa
C12,C12-E0149,T08,Enterprise,2025-08-25,2026-08-25,Ativa
C12,C12-E0036,T08,Standard,2025-08-24,2026-08-24,Ativa
C12,C12-E0103,T08,Professional,2025-08-25,,Ativa
C12,C12-E0175,T08,Enterprise,2025-08-30,2026-08-30,Ativa
C12,C12-E0125,T08,Professional,2025-09-17,2026-09-17,Ativa
C12,C12-E0121,T08,Standard,2025-08-18,2026-08-18,Ativa
C12,C12-E0001,T08,Professional,2025-08-24,2026-08-24,Ativa
C12,C12-E0187,T08,Standard,2025-09-26,2026-09-26,Ativa
C12,C12-E0251,T08,Enterprise,2025-09-09,,Ativa
C12,C12-E0242,T08,Enterprise,2025-09-15,,Ativa
C12,C12-E0217,T08,Enterprise,2025-09-09,2026-09-09,Ativa
C12,C12-E0090,T08,Enterprise,2025-09-04,,Ativa
C12,C12-E0044,T08,Professional,2025-09-13,2026-09-13,Ativa
C12,C12-E0116,T08,Professional,2025-09-03,2026-09-03,Ativa
C12,C12-E0041,T08,Professional,2025-08-21,,Revogada
C12,C12-E0138,T08,Standard,2025-08-28,,Ativa
C12,C12-E0233,T08,Standard,2025-09-23,2026-09-23,Ativa
C12,C12-E0235,T08,Enterprise,2025-09-12,,Ativa
C12,C12-E0198,T08,Standard,2025-09-17,2026-09-17,Ativa
C12,C12-E0166,T08,Standard,2025-09-11,,Revogada
C12,C12-E0094,T08,Standard,2025-09-06,,Ativa
C12,C12-E0082,T08,Enterprise,2025-09-08,2026-09-08,Ativa
C12,C12-E0002,T08,Professional,2025-09-29,2026-09-29,Ativa
C12,C12-E0056,T08,Standard,2025-09-06,2026-09-06,Ativa
C12,C12-E0264,T08,Enterprise,2025-09-16,,Ativa
C12,C12-E0087,T08,Standard,2025-09-11,2026-09-11,Ativa
C12,C12-E0245,T08,Professional,2025-08-29,2026-08-29,Ativa
C12,C12-E0003,T08,Standard,2025-09-07,2026-09-07,Ativa
C12,C12-E0210,T08,Standard,2025-10-02,2026-10-02,Ativa
C12,C12-E0119,T08,Standard,2025-08-20,2026-08-20,Ativa
C12,C12-E0212,T08,Standard,2025-09-24,2026-09-24,Ativa
C12,C12-E0035,T08,Standard,2025-08-19,2026-08-19,Ativa
C12,C12-E0192,T08,Enterprise,2025-09-02,,Ativa
C12,C12-E0005,T08,Standard,2025-08-14,2026-08-14,Ativa
C12,C12-E0055,T08,Professional,2025-09-11,2026-09-11,Ativa
C12,C12-E0151,T08,Standard,2025-09-11,2026-09-11,Ativa
C12,C12-E0177,T08,Professional,2025-09-15,2026-09-15,Ativa
C12,C12-E0124,T08,Professional,2025-09-13,2026-09-13,Ativa
C12,C12-E0139,T08,Enterprise,2025-08-10,,Ativa
C12,C12-E0136,T01,Standard,2025-08-27,2026-08-27,Ativa
C12,C12-E0145,T01,Standard,2025-09-01,2026-09-01,Ativa
C12,C12-E0232,T01,Professional,2025-10-09,,Ativa
C12,C12-E0178,T01,Professional,2025-09-11,2026-09-11,Ativa
C12,C12-E0226,T01,Standard,2025-09-24,2026-09-24,Ativa
C12,C12-E0062,T01,Enterprise,2025-09-16,2026-09-16,Ativa
C12,C12-E0265,T01,Professional,2025-09-24,2026-09-24,Ativa
C12,C12-E0107,T01,Enterprise,2025-09-25,2026-09-25,Ativa
C12,C12-E0105,T01,Standard,2025-09-11,2026-09-11,Revogada
C12,C12-E0106,T01,Standard,2025-08-25,2026-08-25,Ativa
C12,C12-E0056,T01,Professional,2025-08-29,2026-08-29,Ativa
C12,C12-E0055,T01,Standard,2025-09-04,,Ativa
C12,C12-E0009,T01,Standard,2025-08-07,2026-08-07,Expirada
C12,C12-E0069,T01,Professional,2025-08-20,,Ativa
C12,C12-E0172,T01,Standard,2025-08-31,2026-08-31,Ativa
C12,C12-E0125,T01,Enterprise,2025-09-10,2026-09-10,Ativa
C12,C12-E0262,T01,Standard,2025-10-08,2026-10-08,Ativa
C12,C12-E0063,T01,Professional,2025-09-24,2026-09-24,Ativa
C12,C12-E0027,T01,Enterprise,2025-09-27,2026-09-27,Ativa
C12,C12-E0153,T01,Standard,2025-09-14,2026-09-14,Ativa
C12,C12-E0196,T01,Standard,2025-08-31,2026-08-31,Revogada
C12,C12-E0019,T01,Standard,2025-09-08,,Ativa
C12,C12-E0078,T01,Standard,2025-09-25,2026-09-25,Ativa
C12,C12-E0263,T01,Enterprise,2025-10-07,2026-10-07,Ativa
C12,C12-E0219,T01,Standard,2025-08-04,,Ativa
C12,C12-E0152,T01,Standard,2025-09-03,2026-09-03,Ativa
C12,C12-E0091,T01,Standard,2025-09-12,,Ativa
C12,C12-E0182,T01,Professional,2025-08-21,2026-08-21,Ativa
C12,C12-E0245,T01,Enterprise,2025-09-06,,Revogada
C12,C12-E0148,T01,Standard,2025-09-13,2026-09-13,Ativa
C12,C12-E0241,T01,Standard,2025-09-21,2026-09-21,Ativa
C12,C12-E0050,T01,Enterprise,2025-09-25,2026-09-25,Ativa
C12,C12-E0081,T01,Enterprise,2025-09-17,2026-09-17,Ativa
C12,C12-E0080,T01,Enterprise,2025-08-05,2026-08-05,Expirada
C12,C12-E0092,T01,Professional,2025-09-19,,Ativa
C12,C12-E0131,T01,Standard,2025-09-21,2026-09-21,Ativa
C12,C12-E0191,T01,Standard,2025-09-10,2026-09-10,Ativa
C12,C12-E0135,T01,Professional,2025-09-30,2026-09-30,Ativa
C12,C12-E0139,T01,Professional,2025-09-04,,Ativa
C12,C12-E0213,T01,Enterprise,2025-08-19,2026-08-19,Ativa
C12,C12-E0183,T01,Professional,2025-09-13,2026-09-13,Ativa
C12,C12-E0028,T01,Standard,2025-08-31,2026-08-31,Ativa
C12,C12-E0051,T01,Standard,2025-09-18,2026-09-18,Ativa
C12,C12-E0143,T01,Enterprise,2025-08-05,,Ativa
C12,C12-E0043,T01,Standard,2025-08-27,,Ativa
C12,C12-E0120,T01,Enterprise,2025-09-30,,Ativa
C12,C12-E0146,T01,Standard,2025-09-19,2026-09-19,Ativa
C12,C12-E0179,T01,Enterprise,2025-08-23,2026-08-23,Ativa
C12,C12-E0002,T01,Professional,2025-08-28,2026-08-28,Ativa
C12,C12-E0237,T01,Professional,2025-10-06,,Ativa
C12,C12-E0004,T01,Standard,2025-09-09,,Ativa
C12,C12-E0181,T01,Enterprise,2025-09-23,2026-09-23,Ativa
C12,C12-E0168,T01,Enterprise,2025-08-06,2026-08-06,Expirada
C12,C12-E0130,T01,Professional,2025-08-23,2026-08-23,Ativa
C12,C12-E0166,T01,Professional,2025-08-12,2026-08-12,Ativa
C12,C12-E0180,T01,Standard,2025-09-17,2026-09-17,Ativa
C12,C12-E0160,T01,Professional,2025-09-16,2026-09-16,Revogada
C12,C12-E0268,T01,Enterprise,2025-09-14,2026-09-14,Ativa
C12,C12-E0047,T01,Professional,2025-09-05,2026-09-05,Ativa
C12,C12-E0129,T01,Enterprise,2025-09-23,2026-09-23,Ativa
C12,C12-E0239,T01,Enterprise,2025-08-23,2026-08-23,Ativa
C12,C12-E0177,T01,Professional,2025-09-18,2026-09-18,Ativa
C12,C12-E0026,T01,Standard,2025-09-17,2026-09-17,Ativa
C12,C12-E0058,T01,Standard,2025-09-11,2026-09-11,Ativa
C12,C12-E0247,T01,Professional,2025-08-25,2026-08-25,Ativa
C12,C12-E0255,T01,Standard,2025-09-21,2026-09-21,Ativa
C12,C12-E0123,T01,Professional,2025-08-31,,Ativa
C12,C12-E0054,T01,Standard,2025-09-18,2026-09-18,Ativa
C12,C12-E0201,T01,Standard,2025-09-22,2026-09-22,Ativa
C12,C12-E0114,T01,Professional,2025-09-26,,Ativa
C12,C12-E0222,T01,Enterprise,2025-09-20,,Ativa
C12,C12-E0253,T01,Professional,2025-09-10,2026-09-10,Ativa
C12,C12-E0121,T01,Professional,2025-08-31,2026-08-31,Ativa
C12,C12-E0252,T01,Enterprise,2025-08-17,2026-08-17,Ativa
C12,C12-E0259,T01,Enterprise,2025-10-03,2026-10-03,Ativa
C12,C12-E0065,T01,Professional,2025-09-22,,Ativa
C12,C12-E0150,T01,Professional,2025-09-30,2026-09-30,Ativa
C12,C12-E0089,T01,Enterprise,2025-08-30,,Ativa
C12,C12-E0035,T01,Professional,2025-09-14,2026-09-14,Ativa
C12,C12-E0236,T01,Professional,2025-08-30,2026-08-30,Ativa
C12,C12-E0167,T01,Enterprise,2025-09-25,2026-09-25,Ativa
C12,C12-E0044,T01,Enterprise,2025-08-24,2026-08-24,Ativa
C12,C12-E0034,T01,Professional,2025-09-21,,Ativa
C12,C12-E0001,T01,Professional,2025-09-16,2026-09-16,Ativa
C12,C12-E0202,T01,Enterprise,2025-08-30,,Ativa
C12,C12-E0171,T01,Professional,2025-09-17,2026-09-17,Ativa
C12,C12-E0257,T01,Standard,2025-08-29,2026-08-29,Ativa
C12,C12-E0020,T01,Standard,2025-08-06,,Ativa
C12,C12-E0059,T01,Professional,2025-09-29,,Ativa
C12,C12-E0033,T01,Standard,2025-09-14,2026-09-14,Ativa
C12,C12-E0231,T01,Enterprise,2025-09-04,,Ativa
C12,C12-E0217,T01,Standard,2025-09-12,2026-09-12,Ativa
C12,C12-E0116,T01,Enterprise,2025-09-08,,Ativa
C12,C12-E0205,T01,Enterprise,2025-09-23,,Ativa
C12,C12-E0199,T01,Professional,2025-08-28,2026-08-28,Ativa
C12,C12-E0251,T01,Enterprise,2025-09-25,2026-09-25,Ativa
C12,C12-E0173,T01,Enterprise,2025-09-19,,Ativa
C12,C12-E0077,T01,Standard,2025-09-08,2026-09-08,Ativa
C12,C12-E0207,T01,Professional,2025-08-10,2026-08-10,Ativa
C12,C12-E0036,T01,Standard,2025-09-18,2026-09-18,Ativa
C12,C12-E0163,T01,Professional,2025-08-14,,Ativa
C12,C12-E0067,T01,Professional,2025-09-17,2026-09-17,Ativa
C12,C12-E0017,T01,Enterprise,2025-09-10,2026-09-10,Ativa
C12,C12-E0220,T01,Professional,2025-09-22,,Ativa
C12,C12-E0162,T01,Professional,2025-08-31,,Ativa
C12,C12-E0101,T01,Professional,2025-09-30,,Ativa
C12,C12-E0134,T01,Professional,2025-09-29,2026-09-29,Ativa
C12,C12-E0022,T01,Enterprise,2025-09-11,2026-09-11,Ativa
C12,C12-E0214,T01,Standard,2025-09-24,2026-09-24,Ativa
C12,C12-E0045,T01,Standard,2025-08-28,2026-08-28,Revogada
C12,C12-E0209,T01,Standard,2025-09-24,2026-09-24,Ativa
C12,C12-E0066,T01,Professional,2025-09-13,2026-09-13,Ativa
C12,C12-E0238,T01,Standard,2025-09-25,,Ativa
C12,C12-E0031,T01,Professional,2025-08-27,2026-08-27,Ativa
C12,C12-E0190,T01,Standard,2025-09-12,2026-09-12,Ativa
C12,C12-E0204,T01,Professional,2025-09-12,,Revogada
C12,C12-E0137,T01,Professional,2025-09-27,2026-09-27,Ativa
C12,C12-E0254,T01,Standard,2025-09-19,,Ativa
C12,C12-E0052,T01,Standard,2025-08-22,2026-08-22,Ativa
C12,C12-E0260,T01,Enterprise,2025-08-24,2026-08-24,Ativa
C12,C12-E0038,T01,Standard,2025-09-16,2026-09-16,Ativa
C12,C12-E0079,T01,Standard,2025-09-07,2026-09-07,Ativa
C12,C12-E0070,T01,Standard,2025-09-11,,Ativa
C12,C12-E0039,T01,Enterprise,2025-08-26,,Ativa
C12,C12-E0140,T01,Standard,2025-10-02,,Ativa
C12,C12-E0223,T01,Professional,2025-09-09,2026-09-09,Ativa
C12,C12-E0126,T01,Professional,2025-09-13,,Ativa
C12,C12-E0269,T01,Professional,2025-09-19,,Ativa
C12,C12-E0088,T01,Standard,2025-08-21,,Ativa
C12,C12-E0015,T01,Professional,2025-09-01,2026-09-01,Ativa
C12,C12-E0097,T01,Professional,2025-09-01,2026-09-01,Ativa
C12,C12-E0086,T01,Standard,2025-09-02,,Ativa
C12,C12-E0224,T01,Enterprise,2025-09-30,,Revogada
C12,C12-E0264,T01,Standard,2025-09-02,,Revogada
C12,C12-E0057,T01,Standard,2025-09-05,2026-09-05,Ativa
C12,C12-E0108,T01,Standard,2025-10-14,2026-10-14,Revogada
C12,C12-E0197,T01,Professional,2025-10-09,,Ativa
C12,C12-E0144,T01,Professional,2025-08-26,2026-08-26,Ativa
C12,C12-E0025,T01,Standard,2025-09-28,2026-09-28,Ativa
C12,C12-E0155,T01,Enterprise,2025-09-11,2026-09-11,Ativa
C12,C12-E0198,T01,Standard,2025-09-11,2026-09-11,Ativa
C12,C12-E0187,T01,Standard,2025-09-12,2026-09-12,Ativa
C12,C12-E0215,T01,Professional,2025-09-13,,Ativa
C12,C12-E0212,T01,Enterprise,2025-08-29,,Ativa
C12,C12-E0267,T01,Standard,2025-09-11,2026-09-11,Ativa
C12,C12-E0119,T01,Standard,2025-08-19,,Ativa
C12,C12-E0084,T01,Professional,2025-09-26,,Ativa
C12,C12-E0098,T01,Professional,2025-08-25,,Ativa
C12,C12-E0117,T01,Professional,2025-08-27,2026-08-27,Ativa
C12,C12-E0242,T01,Standard,2025-09-03,2026-09-03,Ativa
C12,C12-E0003,T01,Enterprise,2025-09-07,2026-09-07,Ativa
C12,C12-E0228,T01,Professional,2025-09-11,,Ativa
C12,C12-E0175,T01,Enterprise,2025-08-26,2026-08-26,Ativa
C12,C12-E0266,T01,Professional,2025-10-01,2026-10-01,Ativa
C12,C12-E0170,T01,Professional,2025-09-17,,Ativa
C12,C12-E0184,T01,Standard,2025-09-08,2026-09-08,Ativa
C12,C12-E0005,T01,Standard,2025-08-20,,Ativa
C12,C12-E0048,T01,Standard,2025-08-19,2026-08-19,Ativa
C12,C12-E0127,T01,Enterprise,2025-09-04,,Ativa
C12,C12-E0013,T01,Professional,2025-09-24,2026-09-24,Ativa
C12,C12-E0102,T01,Enterprise,2025-09-01,2026-09-01,Ativa
C12,C12-E0010,T01,Enterprise,2025-08-29,2026-08-29,Ativa
C12,C12-E0007,T01,Professional,2025-08-25,2026-08-25,Ativa
C12,C12-E0122,T01,Professional,2025-09-17,,Ativa
C12,C12-E0156,T01,Professional,2025-10-01,2026-10-01,Ativa
C12,C12-E0203,T01,Standard,2025-08-26,2026-08-26,Ativa
C12,C12-E0176,T01,Professional,2025-09-28,2026-09-28,Ativa
C12,C12-E0064,T01,Professional,2025-10-08,,Ativa
C12,C12-E0158,T01,Enterprise,2025-09-07,2026-09-07,Ativa
C12,C12-E0230,T01,Standard,2025-08-08,2026-08-08,Expirada
C12,C12-E0227,T01,Standard,2025-09-08,2026-09-08,Ativa
C12,C12-E0060,T01,Professional,2025-08-27,2026-08-27,Ativa
C12,C12-E0030,T01,Professional,2025-09-02,2026-09-02,Ativa
C12,C12-E0235,T01,Professional,2025-09-09,2026-09-09,Ativa
C12,C12-E0103,T01,Standard,2025-08-23,2026-08-23,Ativa
C12,C12-E0014,T01,Enterprise,2025-09-01,,Revogada
C12,C12-E0271,T01,Enterprise,2025-09-04,2026-09-04,Ativa
C12,C12-E0104,T01,Professional,2025-09-22,,Ativa
C12,C12-E0193,T01,Enterprise,2025-09-10,2026-09-10,Ativa
C12,C12-E0186,T01,Standard,2025-08-27,2026-08-27,Ativa
C12,C12-E0111,T01,Professional,2025-09-05,2026-09-05,Revogada
C12,C12-E0018,T01,Enterprise,2025-08-30,2026-08-30,Ativa
C12,C12-E0169,T01,Enterprise,2025-09-12,2026-09-12,Ativa
C12,C12-E0061,T01,Enterprise,2025-09-13,,Revogada
C12,C12-E0174,T01,Enterprise,2025-09-06,2026-09-06,Ativa
C12,C12-E0095,T01,Standard,2025-09-04,2026-09-04,Ativa
C12,C12-E0161,T01,Enterprise,2025-09-08,2026-09-08,Ativa
C12,C12-E0037,T01,Professional,2025-10-02,2026-10-02,Ativa
C12,C12-E0006,T01,Professional,2025-10-01,2026-10-01,Ativa
C12,C12-E0093,T01,Enterprise,2025-09-11,2026-09-11,Ativa
C12,C12-E0270,T01,Professional,2025-09-22,2026-09-22,Ativa
C12,C12-E0154,T01,Professional,2025-09-20,2026-09-20,Ativa
C12,C12-E0016,T01,Enterprise,2025-09-27,,Ativa
C12,C12-E0100,T01,Standard,2025-08-31,2026-08-31,Revogada
C12,C12-E0076,T01,Enterprise,2025-08-15,,Ativa
C12,C12-E0008,T01,Enterprise,2025-09-17,2026-09-17,Ativa
C12,C12-E0151,T01,Standard,2025-10-03,2026-10-03,Ativa
C12,C12-E0234,T01,Enterprise,2025-09-04,,Ativa
C12,C12-E0229,T01,Professional,2025-09-16,2026-09-16,Ativa
C12,C12-E0096,T01,Professional,2025-09-03,2026-09-03,Ativa
C12,C12-E0159,T01,Professional,2025-10-01,2026-10-01,Ativa
C12,C12-E0085,T01,Professional,2025-09-20,2026-09-20,Revogada
C12,C12-E0023,T01,Standard,2025-09-08,2026-09-08,Ativa
C12,C12-E0029,T01,Standard,2025-09-11,2026-09-11,Ativa
C12,C12-E0128,T01,Enterprise,2025-08-14,2026-08-14,Ativa
C12,C12-E0053,T01,Professional,2025-08-14,2026-08-14,Ativa
C12,C12-E0243,T01,Standard,2025-09-21,2026-09-21,Ativa
C12,C12-E0244,T01,Enterprise,2025-08-30,2026-08-30,Ativa
C12,C12-E0221,T01,Professional,2025-09-19,,Ativa
C12,C12-E0132,T01,Standard,2025-08-19,2026-08-19,Ativa
C12,C12-E0094,T01,Enterprise,2025-10-02,2026-10-02,Ativa
C12,C12-E0053,T15,Standard,2025-07-08,2025-11-28,Expirada
C12,C12-E0103,T15,Standard,2025-07-14,2025-11-17,Expirada
C12,C12-E0204,T15,Enterprise,2025-07-02,2025-10-09,Expirada
C12,C12-E0213,T15,Professional,2025-07-25,2025-12-21,Expirada
C12,C12-E0162,T15,Professional,2025-07-02,2025-10-14,Revogada
C12,C12-E0077,T15,Enterprise,2025-07-13,2025-12-03,Revogada
C12,C12-E0098,T15,Standard,2025-07-13,2025-11-14,Expirada
C12,C12-E0159,T15,Standard,2025-07-24,2025-12-08,Revogada
C12,C12-E0182,T15,Standard,2025-08-06,2025-11-24,Expirada
C12,C12-E0212,T15,Standard,2025-07-18,2025-11-10,Revogada
C12,C12-E0071,T15,Enterprise,2025-07-01,2025-10-06,Expirada
C12,C12-E0058,T15,Standard,2025-07-15,2025-10-18,Revogada
C12,C12-E0097,T15,Enterprise,2025-07-12,2025-10-18,Expirada
C12,C12-E0011,T15,Enterprise,2025-07-05,2025-10-11,Revogada
C12,C12-E0046,T15,Standard,2025-07-18,2025-11-07,Expirada
C12,C12-E0074,T15,Enterprise,2025-07-05,2025-10-05,Expirada
C12,C12-E0014,T15,Professional,2025-07-16,2025-11-16,Expirada
C12,C12-E0051,T15,Standard,2025-07-31,2025-12-19,Expirada
C12,C12-E0081,T15,Standard,2025-07-30,2025-12-12,Expirada
C12,C12-E0043,T15,Standard,2025-06-20,2025-10-08,Revogada
C12,C12-E0008,T15,Standard,2025-07-07,2025-10-24,Expirada
C12,C12-E0089,T15,Professional,2025-07-22,2025-11-02,Expirada
C12,C12-E0096,T15,Enterprise,2025-06-24,2025-11-20,Expirada
C12,C12-E0056,T15,Standard,2025-07-29,2025-11-27,Expirada
C12,C12-E0124,T15,Professional,2025-07-08,2025-10-14,Expirada
C12,C12-E0243,T15,Professional,2025-06-16,2025-10-28,Expirada
C12,C12-E0067,T15,Enterprise,2025-07-25,2025-11-17,Expirada
C12,C12-E0160,T15,Standard,2025-06-21,2025-10-11,Revogada
C12,C12-E0175,T15,Enterprise,2025-08-04,2025-11-05,Expirada
C12,C12-E0158,T15,Enterprise,2025-07-11,2025-10-30,Revogada
C12,C12-E0156,T15,Professional,2025-07-08,2025-10-11,Revogada
C12,C12-E0194,T15,Enterprise,2025-07-09,2025-11-04,Expirada
C12,C12-E0255,T15,Professional,2025-06-13,2025-10-22,Revogada
C12,C12-E0073,T15,Professional,2025-07-22,2025-12-11,Expirada
C12,C12-E0083,T15,Enterprise,2025-07-15,2025-11-13,Expirada
C12,C12-E0069,T15,Standard,2025-06-28,2025-10-18,Expirada
C12,C12-E0237,T15,Standard,2025-06-28,2025-10-14,Expirada
C12,C12-E0258,T15,Standard,2025-07-26,2025-12-02,Revogada
C12,C12-E0049,T15,Enterprise,2025-06-30,2025-11-20,Expirada
C12,C12-E0122,T15,Professional,2025-07-15,2025-11-12,Expirada
C12,C12-E0248,T15,Standard,2025-07-05,2025-10-04,Expirada
C12,C12-E0161,T15,Enterprise,2025-07-26,2025-11-19,Expirada
C12,C12-E0057,T15,Professional,2025-07-09,2025-10-07,Revogada
C12,C12-E0018,T15,Standard,2025-07-15,2025-10-31,Expirada
C12,C12-E0178,T15,Professional,2025-06-22,2025-10-14,Expirada
C12,C12-E0210,T15,Enterprise,2025-06-13,2025-11-02,Expirada
C12,C12-E0038,T15,Standard,2025-07-18,2025-10-20,Expirada
C12,C12-E0176,T15,Enterprise,2025-07-05,2025-11-11,Expirada
C12,C12-E0120,T15,Standard,2025-07-05,2025-11-12,Expirada
C12,C12-E0221,T15,Enterprise,2025-07-15,2025-12-07,Expirada
C12,C12-E0017,T15,Professional,2025-07-19,2025-11-12,Revogada
C12,C12-E0183,T15,Standard,2025-06-25,2025-09-30,Expirada
C12,C12-E0261,T15,Enterprise,2025-07-19,2025-11-21,Revogada
C12,C12-E0091,T15,Standard,2025-06-09,2025-10-08,Revogada
C12,C12-E0031,T15,Professional,2025-06-17,2025-09-24,Revogada
C12,C12-E0032,T15,Standard,2025-06-27,2025-10-22,Expirada
C12,C12-E0174,T15,Standard,2025-08-01,2025-12-24,Revogada
C12,C12-E0045,T15,Enterprise,2025-07-19,2025-11-02,Revogada
C12,C12-E0010,T15,Enterprise,2025-07-08,2025-10-13,Revogada
C12,C12-E0028,T15,Enterprise,2025-08-01,2025-11-13,Expirada
C12,C12-E0179,T15,Standard,2025-06-24,2025-11-20,Expirada
C12,C12-E0166,T15,Standard,2025-07-15,2025-11-18,Revogada
C12,C12-E0118,T15,Professional,2025-07-15,2025-11-07,Expirada
C12,C12-E0197,T15,Enterprise,2025-08-04,2025-12-27,Expirada
C12,C12-E0080,T15,Standard,2025-08-04,2025-12-30,Expirada
C12,C12-E0180,T15,Enterprise,2025-06-30,2025-10-09,Revogada
C12,C12-E0137,T15,Enterprise,2025-07-05,2025-12-02,Expirada
C12,C12-E0024,T15,Professional,2025-07-16,2025-12-01,Revogada
C12,C12-E0260,T15,Professional,2025-07-18,2025-12-03,Expirada
C12,C12-E0181,T15,Professional,2025-07-19,2025-11-01,Expirada
C12,C12-E0144,T15,Professional,2025-07-17,2025-10-23,Expirada
C12,C12-E0090,T15,Standard,2025-07-03,2025-10-18,Expirada
C12,C12-E0259,T15,Enterprise,2025-07-12,2025-11-06,Expirada
C12,C12-E0027,T15,Standard,2025-06-25,2025-11-12,Expirada
C12,C12-E0132,T15,Professional,2025-07-19,2025-12-09,Expirada
C12,C12-E0177,T15,Professional,2025-06-27,2025-10-07,Expirada
C12,C12-E0142,T15,Enterprise,2025-07-14,2025-11-13,Expirada
C12,C12-E0220,T15,Professional,2025-07-03,2025-11-02,Expirada
C12,C12-E0121,T15,Professional,2025-07-12,2025-11-09,Expirada
C12,C12-E0272,T15,Standard,2025-07-13,2025-11-12,Expirada
C12,C12-E0270,T15,Professional,2025-07-08,2025-10-19,Expirada
C12,C12-E0226,T15,Standard,2025-07-10,2025-11-05,Revogada
C12,C12-E0227,T15,Standard,2025-07-13,2025-10-17,Expirada
C12,C12-E0135,T15,Standard,2025-06-23,2025-10-29,Expirada
C12,C12-E0123,T15,Professional,2025-06-27,2025-11-24,Expirada
C12,C12-E0034,T15,Enterprise,2025-07-09,2025-11-28,Expirada
C12,C12-E0215,T15,Standard,2025-07-24,2025-10-23,Expirada
C12,C12-E0029,T15,Standard,2025-06-26,2025-10-19,Expirada
C12,C12-E0155,T15,Standard,2025-06-28,2025-11-15,Expirada
C12,C12-E0269,T15,Enterprise,2025-06-18,2025-09-20,Expirada
C12,C12-E0119,T15,Standard,2025-07-08,2025-11-30,Expirada
C12,C12-E0021,T15,Standard,2025-07-04,2025-11-10,Expirada
C12,C12-E0064,T15,Professional,2025-08-04,2025-11-24,Expirada
C12,C12-E0171,T15,Professional,2025-06-23,2025-09-21,Expirada
C12,C12-E0066,T15,Standard,2025-07-12,2025-10-14,Revogada
C12,C12-E0050,T15,Professional,2025-07-17,2025-11-28,Expirada
C12,C12-E0110,T15,Enterprise,2025-07-30,2025-12-20,Revogada
C12,C12-E0202,T15,Standard,2025-06-15,2025-10-19,Expirada
C12,C12-E0052,T15,Standard,2025-06-23,2025-10-14,Revogada
C12,C12-E0104,T15,Standard,2025-08-01,2025-12-10,Expirada
C12,C12-E0048,T15,Enterprise,2025-07-11,2025-11-08,Expirada
C12,C12-E0206,T15,Enterprise,2025-07-09,2025-10-13,Expirada
C12,C12-E0030,T15,Professional,2025-07-09,2025-10-16,Expirada
C12,C12-E0186,T15,Enterprise,2025-07-17,2025-10-16,Expirada
C12,C12-E0246,T15,Standard,2025-07-29,2025-11-26,Expirada
C12,C12-E0059,T15,Enterprise,2025-07-18,2025-11-01,Expirada
C12,C12-E0116,T15,Standard,2025-06-27,2025-10-06,Expirada
C12,C12-E0062,T15,Professional,2025-06-17,2025-10-16,Expirada
C12,C12-E0095,T15,Professional,2025-07-05,2025-10-14,Expirada
C12,C12-E0022,T15,Enterprise,2025-06-17,2025-11-07,Expirada
C12,C12-E0106,T15,Standard,2025-08-03,2025-11-14,Expirada
C12,C12-E0185,T15,Enterprise,2025-06-20,2025-09-24,Expirada
C12,C12-E0128,T15,Standard,2025-08-05,2025-11-06,Revogada
C12,C12-E0147,T15,Enterprise,2025-06-26,2025-10-18,Revogada
C12,C12-E0094,T15,Professional,2025-06-20,2025-11-01,Expirada
C12,C12-E0134,T15,Standard,2025-06-10,2025-10-08,Expirada
C12,C12-E0191,T15,Professional,2025-07-09,2025-11-01,Expirada
C12,C12-E0193,T15,Standard,2025-08-03,2025-11-11,Expirada
C12,C12-E0233,T15,Standard,2025-07-09,2025-11-25,Expirada
C12,C12-E0075,T15,Standard,2025-07-10,2025-10-29,Expirada
C12,C12-E0113,T15,Standard,2025-07-09,2025-11-22,Expirada
C12,C12-E0223,T15,Standard,2025-07-09,2025-10-30,Expirada
C12,C12-E0157,T15,Standard,2025-07-18,2025-11-22,Revogada
C12,C12-E0216,T15,Professional,2025-06-22,2025-10-19,Revogada
C12,C12-E0026,T15,Standard,2025-07-10,2025-10-09,Revogada
C12,C12-E0101,T15,Standard,2025-07-05,2025-10-18,Expirada
C12,C12-E0088,T15,Standard,2025-07-17,2025-10-15,Expirada
C12,C12-E0023,T15,Enterprise,2025-07-25,2025-11-05,Revogada
C12,C12-E0219,T15,Standard,2025-06-20,2025-09-30,Expirada
C12,C12-E0205,T15,Standard,2025-07-19,2025-10-27,Expirada
C12,C12-E0013,T15,Enterprise,2025-06-09,2025-09-20,Expirada
C12,C12-E0117,T15,Standard,2025-07-21,2025-11-24,Expirada
C12,C12-E0203,T15,Standard,2025-07-26,2025-11-23,Expirada
C12,C12-E0140,T15,Standard,2025-07-15,2025-11-13,Revogada
C12,C12-E0126,T15,Professional,2025-06-13,2025-09-12,Expirada
C12,C12-E0245,T15,Professional,2025-07-26,2025-12-12,Revogada
C12,C12-E0012,T15,Standard,2025-07-20,2025-12-07,Revogada
C12,C12-E0184,T15,Standard,2025-06-23,2025-10-27,Revogada
C12,C12-E0108,T15,Standard,2025-06-22,2025-10-20,Expirada
C12,C12-E0264,T15,Standard,2025-07-01,2025-10-18,Expirada
C12,C12-E0228,T15,Standard,2025-06-17,2025-09-24,Revogada
C12,C12-E0076,T15,Standard,2025-07-14,2025-10-30,Expirada
C12,C12-E0163,T15,Standard,2025-06-29,2025-10-06,Expirada
C12,C12-E0112,T15,Standard,2025-07-16,2025-10-14,Expirada
C12,C12-E0037,T15,Enterprise,2025-06-22,2025-10-03,Expirada
C12,C12-E0065,T15,Enterprise,2025-06-14,2025-09-21,Expirada
C12,C12-E0138,T15,Standard,2025-08-11,2025-12-25,Expirada
C12,C12-E0107,T15,Enterprise,2025-07-06,2025-10-23,Expirada
C12,C12-E0055,T15,Professional,2025-07-25,2025-12-13,Expirada
C12,C12-E0254,T15,Enterprise,2025-07-10,2025-11-01,Revogada
C12,C12-E0145,T15,Standard,2025-06-14,2025-10-25,Expirada
C12,C12-E0143,T15,Professional,2025-07-25,2025-12-02,Expirada
C12,C12-E0199,T15,Standard,2025-06-17,2025-09-29,Revogada
C12,C12-E0170,T15,Enterprise,2025-07-12,2025-10-15,Expirada
C12,C12-E0063,T15,Professional,2025-07-23,2025-12-12,Revogada
C12,C12-E0241,T15,Enterprise,2025-07-29,2025-10-28,Expirada
C12,C12-E0102,T15,Professional,2025-06-22,2025-11-19,Expirada
C12,C12-E0200,T15,Enterprise,2025-08-10,2025-11-30,Expirada
C12,C12-E0115,T15,Professional,2025-07-10,2025-10-15,Expirada
C12,C12-E0207,T15,Standard,2025-06-10,2025-09-14,Expirada
C12,C12-E0250,T15,Professional,2025-07-31,2025-11-05,Expirada
C12,C12-E0084,T15,Standard,2025-08-03,2025-12-08,Expirada
C12,C12-E0007,T15,Professional,2025-07-03,2025-11-04,Revogada
C12,C12-E0247,T15,Enterprise,2025-08-08,2025-11-24,Expirada
C12,C12-E0002,T15,Professional,2025-07-24,2025-12-17,Revogada
C12,C12-E0070,T15,Professional,2025-07-09,2025-11-11,Expirada
C12,C12-E0130,T15,Professional,2025-07-28,2025-12-08,Expirada
C12,C12-E0232,T15,Professional,2025-06-18,2025-10-15,Revogada
C12,C12-E0020,T15,Enterprise,2025-06-02,2025-10-02,Revogada
C12,C12-E0001,T15,Professional,2025-06-28,2025-10-25,Expirada
C12,C12-E0006,T15,Standard,2025-07-03,2025-11-17,Revogada
C12,C12-E0253,T15,Standard,2025-07-27,2025-11-29,Expirada
C12,C12-E0086,T15,Standard,2025-06-26,2025-10-30,Expirada
C12,C12-E0079,T15,Enterprise,2025-07-04,2025-11-10,Expirada
C12,C12-E0187,T15,Professional,2025-06-10,2025-10-05,Revogada
C12,C12-E0009,T15,Enterprise,2025-06-05,2025-09-28,Revogada
C12,C12-E0044,T15,Standard,2025-07-27,2025-12-23,Expirada
C12,C12-E0208,T15,Enterprise,2025-07-21,2025-12-04,Revogada
C12,C12-E0239,T15,Professional,2025-06-17,2025-11-04,Revogada
C12,C12-E0256,T15,Professional,2025-06-25,2025-10-27,Expirada
C12,C12-E0267,T15,Professional,2025-07-14,2025-10-29,Expirada
C12,C12-E0188,T15,Standard,2025-07-04,2025-10-12,Expirada
C12,C12-E0033,T15,Professional,2025-07-14,2025-11-14,Expirada
C12,C12-E0068,T15,Standard,2025-06-28,2025-10-23,Revogada
C12,C12-E0099,T15,Standard,2025-07-20,2025-12-11,Expirada
C12,C12-E0019,T15,Standard,2025-06-10,2025-09-18,Expirada
C12,C12-E0078,T15,Enterprise,2025-07-25,2025-12-05,Expirada
C12,C12-E0150,T15,Professional,2025-06-05,2025-09-25,Expirada
C12,C12-E0242,T15,Standard,2025-06-14,2025-10-30,Expirada
C12,C12-E0060,T15,Standard,2025-06-04,2025-09-03,Expirada
C12,C12-E0218,T15,Standard,2025-07-21,2025-11-12,Expirada
C12,C12-E0235,T15,Enterprise,2025-07-14,2025-11-28,Expirada
C12,C12-E0201,T15,Enterprise,2025-07-12,2025-10-25,Revogada
C12,C12-E0262,T15,Standard,2025-07-13,2025-10-11,Expirada
C12,C12-E0105,T15,Enterprise,2025-07-20,2025-11-23,Expirada
C12,C12-E0214,T15,Standard,2025-06-10,2025-09-24,Expirada
C12,C12-E0209,T15,Enterprise,2025-06-13,2025-09-12,Expirada
C12,C12-E0263,T15,Enterprise,2025-07-03,2025-10-25,Revogada
C12,C12-E0234,T15,Standard,2025-08-04,2025-11-11,Expirada
C12,C12-E0133,T15,Standard,2025-07-18,2025-11-16,Expirada
C12,C12-E0265,T15,Enterprise,2025-07-29,2025-12-13,Expirada
C12,C12-E0224,T15,Enterprise,2025-07-26,2025-12-23,Expirada
C12,C12-E0168,T15,Enterprise,2025-07-23,2025-12-07,Revogada
C12,C12-E0211,T15,Standard,2025-06-22,2025-10-14,Expirada
C12,C12-E0195,T15,Enterprise,2025-07-09,2025-10-26,Expirada
C12,C12-E0148,T15,Enterprise,2025-07-02,2025-11-29,Revogada
C12,C12-E0041,T15,Professional,2025-07-14,2025-10-28,Expirada
C12,C12-E0236,T15,Standard,2025-06-10,2025-09-11,Expirada
C12,C12-E0165,T15,Enterprise,2025-08-07,2025-12-27,Expirada
C12,C12-E0003,T15,Standard,2025-07-04,2025-11-14,Expirada
C12,C12-E0087,T15,Standard,2025-07-05,2025-10-10,Revogada
C12,C12-E0072,T15,Professional,2025-07-09,2025-12-06,Expirada
C12,C12-E0111,T15,Standard,2025-06-09,2025-10-10,Revogada
C12,C12-E0230,T15,Enterprise,2025-06-16,2025-10-26,Expirada
C12,C12-E0190,T15,Enterprise,2025-07-29,2025-11-19,Expirada
C12,C12-E0231,T15,Standard,2025-06-30,2025-10-30,Expirada
C12,C12-E0005,T15,Professional,2025-07-31,2025-12-19,Expirada
C12,C12-E0169,T15,Enterprise,2025-06-06,2025-09-16,Expirada
C12,C12-E0153,T15,Standard,2025-07-21,2025-10-19,Expirada
C12,C12-E0047,T15,Standard,2025-06-25,2025-10-13,Revogada
C12,C12-E0146,T15,Standard,2025-07-05,2025-10-29,Expirada
C12,C12-E0229,T15,Enterprise,2025-07-05,2025-10-27,Expirada
C12,C12-E0035,T15,Professional,2025-07-28,2025-11-11,Revogada
C12,C12-E0085,T15,Professional,2025-08-03,2025-11-18,Revogada
C12,C12-E0136,T15,Enterprise,2025-07-12,2025-10-19,Expirada
C12,C12-E0173,T15,Enterprise,2025-06-08,2025-09-09,Revogada
C12,C12-E0092,T15,Enterprise,2025-06-22,2025-11-15,Expirada
C12,C12-E0240,T15,Standard,2025-06-25,2025-11-13,Expirada
C12,C12-E0257,T15,Standard,2025-07-27,2025-12-22,Revogada
C12,C12-E0125,T15,Standard,2025-07-25,2025-11-01,Revogada
C12,C12-E0192,T15,Professional,2025-07-05,2025-11-04,Revogada
C12,C12-E0164,T15,Standard,2025-07-08,2025-10-06,Revogada
C12,C12-E0100,T15,Standard,2025-07-24,2025-10-31,Expirada
C12,C12-E0025,T15,Standard,2025-07-09,2025-11-08,Expirada
C12,C12-E0249,T15,Professional,2025-07-02,2025-11-13,Expirada
C12,C12-E0093,T15,Standard,2025-07-07,2025-11-03,Expirada
C12,C12-E0251,T15,Standard,2025-07-18,2025-11-25,Expirada
C12,C12-E0139,T15,Standard,2025-07-03,2025-10-11,Expirada
C12,C12-E0127,T15,Standard,2025-07-11,2025-10-10,Revogada
C12,C12-E0268,T15,Enterprise,2025-06-15,2025-09-23,Revogada
C12,C12-E0082,T15,Standard,2025-07-09,2025-12-06,Expirada
C12,C12-E0054,T15,Standard,2025-08-01,2025-11-20,Expirada
C12,C12-E0271,T15,Professional,2025-06-25,2025-11-05,Expirada
C12,C12-E0266,T15,Enterprise,2025-07-13,2025-10-22,Expirada
C12,C12-E0129,T15,Standard,2025-07-03,2025-11-06,Revogada
C12,C12-E0114,T15,Professional,2025-07-22,2025-12-14,Expirada
C12,C12-E0131,T15,Professional,2025-06-06,2025-09-07,Expirada
C12,C12-E0152,T15,Standard,2025-07-01,2025-10-13,Revogada
C12,C12-E0004,T15,Standard,2025-07-06,2025-10-30,Revogada
C12,C12-E0189,T15,Enterprise,2025-06-07,2025-09-13,Expirada
C12,C12-E0042,T15,Professional,2025-07-11,2025-10-18,Expirada
C12,C12-E0167,T15,Enterprise,2025-06-04,2025-09-07,Revogada
C12,C12-E0015,T15,Standard,2025-07-10,2025-10-20,Expirada
C12,C12-E0149,T15,Standard,2025-07-29,2025-11-23,Revogada
C12,C12-E0252,T15,Standard,2025-06-17,2025-09-23,Expirada
C12,C12-E0016,T15,Enterprise,2025-07-07,2025-12-04,Expirada
C12,C12-E0172,T15,Professional,2025-07-16,2025-10-14,Expirada
C12,C12-E0198,T15,Professional,2025-07-21,2025-11-15,Expirada
C12,C12-E0061,T15,Professional,2025-06-24,2025-10-11,Expirada
C12,C12-E0109,T15,Professional,2025-06-26,2025-11-19,Expirada
C12,C12-E0244,T15,Standard,2025-07-02,2025-11-26,Expirada
C12,C12-E0217,T15,Enterprise,2025-07-11,2025-10-23,Expirada
C12,C12-E0039,T15,Standard,2025-07-04,2025-11-23,Expirada
C12,C12-E0154,T15,Professional,2025-07-13,2025-10-16,Expirada
C12,C12-E0225,T15,Professional,2025-06-08,2025-09-29,Revogada
C12,C12-E0222,T15,Enterprise,2025-08-03,2025-11-14,Expirada
C12,C12-E0238,T15,Standard,2025-07-11,2025-12-02,Expirada
C12,C12-E0040,T15,Enterprise,2025-06-24,2025-10-14,Expirada
C12,C12-E0151,T15,Professional,2025-06-19,2025-10-18,Revogada
C12,C12-E0196,T15,Professional,2025-06-28,2025-10-06,Expirada
C12,C12-E0141,T15,Enterprise,2025-07-01,2025-11-15,Expirada
C12,C12-E0036,T15,Standard,2025-07-04,2025-11-13,Expirada
C13,C13-E0084,T01,Professional,2026-02-02,2027-02-02,Ativa
C13,C13-E0014,T01,Enterprise,2026-02-16,2027-02-16,Ativa
C13,C13-E0069,T01,Standard,2026-02-20,2027-02-20,Ativa
C13,C13-E0075,T01,Enterprise,2026-01-13,2027-01-13,Ativa
C13,C13-E0004,T01,Professional,2026-02-26,2027-02-26,Ativa
C13,C13-E0047,T01,Professional,2026-03-03,2027-03-03,Ativa
C13,C13-E0081,T01,Professional,2026-03-06,,Ativa
C13,C13-E0066,T01,Enterprise,2026-02-01,2027-02-01,Ativa
C13,C13-E0046,T01,Standard,2026-02-11,,Revogada
C13,C13-E0060,T01,Standard,2026-01-28,2027-01-28,Ativa
C13,C13-E0041,T01,Enterprise,2026-02-27,2027-02-27,Ativa
C13,C13-E0031,T01,Standard,2026-02-04,2027-02-04,Ativa
C13,C13-E0072,T01,Standard,2026-01-28,2027-01-28,Ativa
C13,C13-E0058,T01,Professional,2026-01-13,2027-01-13,Ativa
C13,C13-E0056,T01,Standard,2026-02-22,2027-02-22,Ativa
C13,C13-E0071,T01,Enterprise,2026-01-10,2027-01-10,Ativa
C13,C13-E0083,T01,Professional,2026-01-30,2027-01-30,Ativa
C13,C13-E0016,T01,Standard,2026-01-28,,Ativa
C13,C13-E0062,T01,Professional,2026-01-26,2027-01-26,Ativa
C13,C13-E0059,T01,Standard,2026-02-13,2027-02-13,Ativa
C13,C13-E0025,T01,Enterprise,2026-02-01,,Ativa
C13,C13-E0022,T01,Enterprise,2026-02-20,2027-02-20,Ativa
C13,C13-E0044,T01,Professional,2026-01-23,2027-01-23,Ativa
C13,C13-E0070,T01,Professional,2026-01-08,2027-01-08,Ativa
C13,C13-E0026,T01,Enterprise,2026-01-27,,Ativa
C13,C13-E0001,T01,Enterprise,2026-02-06,2027-02-06,Ativa
C13,C13-E0023,T01,Enterprise,2026-02-06,2027-02-06,Ativa
C13,C13-E0043,T01,Professional,2026-02-03,2027-02-03,Ativa
C13,C13-E0063,T01,Professional,2026-01-19,2027-01-19,Ativa
C13,C13-E0076,T01,Standard,2026-01-10,2027-01-10,Ativa
C13,C13-E0054,T01,Standard,2026-02-02,2027-02-02,Ativa
C13,C13-E0073,T01,Professional,2026-01-13,2027-01-13,Ativa
C13,C13-E0050,T01,Professional,2026-01-22,2027-01-22,Ativa
C13,C13-E0048,T01,Standard,2026-01-14,,Ativa
C13,C13-E0033,T01,Professional,2026-02-18,2027-02-18,Ativa
C13,C13-E0064,T01,Standard,2026-02-22,2027-02-22,Ativa
C13,C13-E0017,T01,Enterprise,2026-01-25,,Ativa
C13,C13-E0049,T01,Standard,2026-02-22,2027-02-22,Ativa
C13,C13-E0052,T01,Enterprise,2026-01-17,,Ativa
C13,C13-E0006,T01,Enterprise,2026-01-13,2027-01-13,Ativa
C13,C13-E0008,T01,Standard,2026-03-05,2027-03-05,Ativa
C13,C13-E0003,T01,Standard,2026-01-08,2027-01-08,Ativa
C13,C13-E0021,T01,Professional,2026-01-31,,Ativa
C13,C13-E0015,T01,Enterprise,2026-02-03,,Ativa
C13,C13-E0032,T01,Professional,2026-01-22,2027-01-22,Ativa
C13,C13-E0037,T01,Standard,2026-03-07,2027-03-07,Ativa
C13,C13-E0061,T01,Professional,2026-01-31,2027-01-31,Ativa
C13,C13-E0013,T01,Professional,2026-02-07,2027-02-07,Ativa
C13,C13-E0079,T01,Standard,2026-03-08,2027-03-08,Ativa
C13,C13-E0082,T01,Enterprise,2026-02-25,,Ativa
C13,C13-E0010,T01,Enterprise,2026-02-08,2027-02-08,Ativa
C13,C13-E0029,T01,Professional,2026-02-17,2027-02-17,Ativa
C13,C13-E0012,T01,Standard,2026-01-30,2027-01-30,Ativa
C13,C13-E0065,T01,Professional,2026-02-04,2027-02-04,Revogada
C13,C13-E0009,T01,Standard,2026-01-27,2027-01-27,Ativa
C13,C13-E0080,T01,Enterprise,2026-01-26,2027-01-26,Ativa
C13,C13-E0034,T01,Standard,2026-02-25,2027-02-25,Ativa
C13,C13-E0067,T01,Enterprise,2026-01-24,2027-01-24,Ativa
C13,C13-E0055,T01,Professional,2026-01-28,2027-01-28,Ativa
C13,C13-E0035,T01,Standard,2026-01-30,,Ativa
C13,C13-E0042,T01,Enterprise,2026-03-03,2027-03-03,Ativa
C13,C13-E0078,T01,Standard,2026-01-25,,Revogada
C13,C13-E0045,T01,Enterprise,2026-03-01,2027-03-01,Revogada
C13,C13-E0051,T01,Professional,2026-02-14,,Ativa
C13,C13-E0053,T01,Professional,2026-02-01,2027-02-01,Ativa
C13,C13-E0028,T01,Professional,2026-01-25,,Ativa
C13,C13-E0030,T01,Standard,2026-01-24,2027-01-24,Ativa
C13,C13-E0024,T01,Enterprise,2026-01-24,2027-01-24,Ativa
C13,C13-E0074,T01,Professional,2026-03-10,2027-03-10,Ativa
C13,C13-E0020,T01,Standard,2026-02-16,,Ativa
C13,C13-E0077,T01,Professional,2026-02-06,2027-02-06,Ativa
C13,C13-E0068,T01,Professional,2026-01-15,,Ativa
C13,C13-E0036,T01,Standard,2026-02-11,,Ativa
C13,C13-E0005,T01,Professional,2026-02-19,,Ativa
C13,C13-E0038,T01,Enterprise,2026-03-03,2027-03-03,Ativa
C13,C13-E0002,T01,Enterprise,2026-02-10,,Ativa
C13,C13-E0057,T01,Professional,2026-01-17,2027-01-17,Ativa
C13,C13-E0007,T01,Professional,2026-03-06,2027-03-06,Ativa
C13,C13-E0019,T01,Enterprise,2026-03-05,,Ativa
C13,C13-E0039,T01,Standard,2026-02-20,2027-02-20,Revogada
C13,C13-E0011,T01,Standard,2026-01-23,,Ativa
C13,C13-E0027,T01,Standard,2026-02-22,2027-02-22,Ativa
C13,C13-E0018,T01,Standard,2026-01-17,,Ativa
C13,C13-E0040,T01,Enterprise,2026-01-19,2027-01-19,Ativa
C13,C13-E0041,T04,Standard,2026-01-19,,Ativa
C13,C13-E0054,T04,Enterprise,2026-03-08,,Ativa
C13,C13-E0083,T04,Professional,2026-02-11,2027-02-11,Ativa
C13,C13-E0059,T04,Standard,2026-02-05,2027-02-05,Ativa
C13,C13-E0025,T04,Standard,2026-01-01,2027-01-01,Ativa
C13,C13-E0007,T04,Standard,2026-02-20,2027-02-20,Ativa
C13,C13-E0002,T04,Standard,2026-01-27,2027-01-27,Ativa
C13,C13-E0034,T04,Standard,2026-01-11,,Ativa
C13,C13-E0061,T04,Enterprise,2026-02-12,2027-02-12,Ativa
C13,C13-E0029,T04,Professional,2026-02-11,2027-02-11,Ativa
C13,C13-E0081,T04,Enterprise,2026-02-07,,Ativa
C13,C13-E0017,T04,Enterprise,2026-02-18,,Ativa
C13,C13-E0027,T04,Standard,2026-01-08,,Ativa
C13,C13-E0043,T04,Professional,2026-02-03,2027-02-03,Ativa
C13,C13-E0075,T04,Standard,2026-03-02,2027-03-02,Ativa
C13,C13-E0084,T04,Enterprise,2026-02-17,2027-02-17,Ativa
C13,C13-E0010,T04,Standard,2026-02-22,2027-02-22,Ativa
C13,C13-E0060,T04,Professional,2026-02-10,,Ativa
C13,C13-E0015,T04,Standard,2026-01-18,,Ativa
C13,C13-E0067,T04,Professional,2026-02-26,2027-02-26,Revogada
C13,C13-E0031,T04,Enterprise,2026-02-01,,Ativa
C13,C13-E0076,T04,Standard,2026-02-17,2027-02-17,Ativa
C13,C13-E0071,T04,Professional,2026-02-03,,Ativa
C13,C13-E0023,T04,Enterprise,2026-03-09,,Ativa
C13,C13-E0040,T04,Standard,2026-03-05,2027-03-05,Ativa
C13,C13-E0037,T04,Professional,2026-02-17,,Ativa
C13,C13-E0045,T04,Enterprise,2026-02-13,2027-02-13,Ativa
C13,C13-E0055,T04,Professional,2026-02-19,2027-02-19,Revogada
C13,C13-E0004,T04,Standard,2026-02-23,2027-02-23,Ativa
C13,C13-E0063,T04,Standard,2026-01-16,2027-01-16,Ativa
C13,C13-E0028,T04,Enterprise,2026-01-28,,Ativa
C13,C13-E0050,T04,Professional,2026-01-22,2027-01-22,Ativa
C13,C13-E0072,T04,Enterprise,2026-03-07,2027-03-07,Ativa
C13,C13-E0079,T04,Enterprise,2026-02-08,2027-02-08,Ativa
C13,C13-E0078,T04,Professional,2026-01-15,,Ativa
C13,C13-E0064,T04,Standard,2026-01-24,2027-01-24,Ativa
C13,C13-E0053,T04,Standard,2026-02-26,,Ativa
C13,C13-E0013,T04,Professional,2026-02-15,2027-02-15,Ativa
C13,C13-E0073,T04,Professional,2026-02-21,2027-02-21,Revogada
C13,C13-E0020,T04,Professional,2026-01-12,2027-01-12,Ativa
C13,C13-E0058,T04,Professional,2026-02-03,2027-02-03,Revogada
C13,C13-E0033,T04,Enterprise,2026-02-02,,Ativa
C13,C13-E0021,T04,Professional,2026-02-15,2027-02-15,Ativa
C13,C13-E0008,T04,Standard,2026-02-10,,Ativa
C13,C13-E0062,T04,Enterprise,2026-02-25,2027-02-25,Ativa
C13,C13-E0009,T04,Standard,2026-01-16,2027-01-16,Ativa
C13,C13-E0047,T04,Professional,2026-03-14,,Ativa
C13,C13-E0016,T04,Professional,2026-02-11,2027-02-11,Ativa
C13,C13-E0001,T04,Professional,2026-02-11,2027-02-11,Ativa
C13,C13-E0069,T04,Enterprise,2026-01-28,,Ativa
C13,C13-E0039,T04,Enterprise,2026-02-15,2027-02-15,Ativa
C13,C13-E0070,T04,Enterprise,2026-01-28,2027-01-28,Ativa
C13,C13-E0052,T04,Enterprise,2026-01-17,2027-01-17,Ativa
C13,C13-E0082,T04,Standard,2026-02-19,2027-02-19,Ativa
C13,C13-E0006,T04,Professional,2026-02-15,2027-02-15,Ativa
C13,C13-E0003,T04,Professional,2026-02-09,,Ativa
C13,C13-E0038,T04,Enterprise,2026-01-27,2027-01-27,Ativa
C13,C13-E0051,T04,Enterprise,2026-02-03,2027-02-03,Ativa
C13,C13-E0014,T04,Professional,2026-01-19,2027-01-19,Ativa
C13,C13-E0024,T04,Professional,2026-02-17,2027-02-17,Ativa
C13,C13-E0068,T04,Enterprise,2026-01-25,2027-01-25,Ativa
C13,C13-E0005,T04,Standard,2026-02-10,2027-02-10,Ativa
C13,C13-E0049,T04,Professional,2026-02-23,2027-02-23,Ativa
C13,C13-E0018,T04,Professional,2026-03-02,2027-03-02,Ativa
C13,C13-E0056,T04,Enterprise,2026-02-02,2027-02-02,Ativa
C13,C13-E0012,T04,Enterprise,2026-01-24,,Ativa
C13,C13-E0074,T04,Professional,2026-01-18,2027-01-18,Revogada
C13,C13-E0048,T04,Standard,2026-02-01,2027-02-01,Ativa
C13,C13-E0080,T04,Enterprise,2026-01-28,,Ativa
C13,C13-E0011,T04,Standard,2026-01-17,2027-01-17,Ativa
C13,C13-E0057,T04,Standard,2026-01-22,,Ativa
C13,C13-E0065,T04,Enterprise,2026-02-25,2027-02-25,Ativa
C13,C13-E0022,T04,Standard,2026-03-01,2027-03-01,Ativa
C13,C13-E0019,T04,Standard,2026-03-03,,Ativa
C13,C13-E0036,T04,Enterprise,2026-01-20,,Ativa
C13,C13-E0032,T04,Enterprise,2026-01-19,,Ativa
C13,C13-E0030,T04,Standard,2026-02-18,2027-02-18,Ativa
C13,C13-E0077,T04,Professional,2026-01-23,2027-01-23,Ativa
C13,C13-E0042,T04,Enterprise,2026-03-09,,Ativa
C13,C13-E0026,T04,Standard,2026-02-08,,Ativa
C13,C13-E0044,T04,Enterprise,2026-02-19,2027-02-19,Revogada
C13,C13-E0066,T04,Professional,2026-03-02,,Ativa
C13,C13-E0046,T04,Professional,2026-02-18,2027-02-18,Ativa
C13,C13-E0035,T04,Enterprise,2026-01-31,,Ativa
C14,C14-E0032,T09,Standard,2025-07-01,2026-07-01,Expirada
C14,C14-E0016,T09,Standard,2025-07-13,2026-07-13,Expirada
C14,C14-E0017,T09,Standard,2025-06-25,2026-06-25,Expirada
C14,C14-E0112,T09,Standard,2025-07-20,2026-07-20,Expirada
C14,C14-E0098,T09,Standard,2025-07-17,,Ativa
C14,C14-E0113,T09,Professional,2025-07-13,,Ativa
C14,C14-E0039,T09,Standard,2025-07-19,,Ativa
C14,C14-E0104,T09,Professional,2025-07-26,,Ativa
C14,C14-E0100,T09,Standard,2025-07-24,2026-07-24,Expirada
C14,C14-E0096,T09,Standard,2025-08-04,,Ativa
C14,C14-E0001,T09,Professional,2025-06-21,2026-06-21,Expirada
C14,C14-E0013,T09,Professional,2025-06-12,,Ativa
C14,C14-E0030,T09,Enterprise,2025-07-29,2026-07-29,Ativa
C14,C14-E0002,T09,Standard,2025-06-17,2026-06-17,Ativa
C14,C14-E0082,T09,Professional,2025-08-01,,Ativa
C14,C14-E0117,T09,Professional,2025-07-03,2026-07-03,Expirada
C14,C14-E0027,T09,Standard,2025-07-10,2026-07-10,Expirada
C14,C14-E0090,T09,Professional,2025-08-04,,Ativa
C14,C14-E0011,T09,Professional,2025-06-30,2026-06-30,Expirada
C14,C14-E0118,T09,Standard,2025-07-31,2026-07-31,Expirada
C14,C14-E0069,T09,Professional,2025-07-02,2026-07-02,Expirada
C14,C14-E0102,T09,Standard,2025-07-24,2026-07-24,Ativa
C14,C14-E0056,T09,Professional,2025-06-25,2026-06-25,Expirada
C14,C14-E0043,T09,Professional,2025-06-25,2026-06-25,Expirada
C14,C14-E0068,T09,Standard,2025-07-30,2026-07-30,Ativa
C14,C14-E0012,T09,Enterprise,2025-06-15,2026-06-15,Expirada
C14,C14-E0014,T09,Professional,2025-07-03,2026-07-03,Expirada
C14,C14-E0085,T09,Professional,2025-07-25,2026-07-25,Ativa
C14,C14-E0093,T09,Enterprise,2025-06-29,,Revogada
C14,C14-E0077,T09,Standard,2025-07-13,2026-07-13,Expirada
C14,C14-E0083,T09,Standard,2025-06-29,2026-06-29,Ativa
C14,C14-E0084,T09,Professional,2025-06-10,2026-06-10,Expirada
C14,C14-E0048,T09,Professional,2025-07-14,2026-07-14,Ativa
C14,C14-E0101,T09,Standard,2025-07-13,2026-07-13,Ativa
C14,C14-E0036,T09,Standard,2025-07-03,,Ativa
C14,C14-E0028,T09,Standard,2025-06-24,,Ativa
C14,C14-E0097,T09,Standard,2025-06-11,,Ativa
C14,C14-E0094,T09,Enterprise,2025-06-11,2026-06-11,Expirada
C14,C14-E0008,T09,Standard,2025-07-17,2026-07-17,Ativa
C14,C14-E0024,T09,Standard,2025-07-13,2026-07-13,Expirada
C14,C14-E0124,T09,Enterprise,2025-06-29,2026-06-29,Expirada
C14,C14-E0120,T09,Professional,2025-06-24,,Revogada
C14,C14-E0037,T09,Enterprise,2025-07-21,2026-07-21,Expirada
C14,C14-E0029,T09,Enterprise,2025-07-24,2026-07-24,Expirada
C14,C14-E0091,T09,Standard,2025-06-22,,Ativa
C14,C14-E0121,T09,Standard,2025-06-25,2026-06-25,Ativa
C14,C14-E0019,T09,Enterprise,2025-07-16,,Ativa
C14,C14-E0066,T09,Enterprise,2025-06-23,2026-06-23,Expirada
C14,C14-E0122,T09,Standard,2025-07-29,,Ativa
C14,C14-E0078,T09,Standard,2025-07-14,2026-07-14,Expirada
C14,C14-E0079,T09,Professional,2025-07-13,,Ativa
C14,C14-E0025,T09,Enterprise,2025-08-02,2026-08-02,Ativa
C14,C14-E0051,T09,Standard,2025-07-29,,Ativa
C14,C14-E0049,T09,Professional,2025-06-13,,Ativa
C14,C14-E0023,T03,Enterprise,2025-07-03,2026-07-03,Expirada
C14,C14-E0041,T03,Standard,2025-06-29,,Revogada
C14,C14-E0063,T03,Professional,2025-06-24,2026-06-24,Ativa
C14,C14-E0099,T03,Professional,2025-06-26,2026-06-26,Ativa
C14,C14-E0052,T03,Standard,2025-07-20,2026-07-20,Ativa
C14,C14-E0047,T03,Professional,2025-06-27,,Ativa
C14,C14-E0014,T03,Professional,2025-07-17,,Ativa
C14,C14-E0121,T03,Standard,2025-06-26,2026-06-26,Expirada
C14,C14-E0009,T03,Standard,2025-07-01,2026-07-01,Ativa
C14,C14-E0059,T03,Professional,2025-07-24,2026-07-24,Expirada
C14,C14-E0076,T03,Standard,2025-07-03,,Ativa
C14,C14-E0048,T03,Professional,2025-06-24,2026-06-24,Expirada
C14,C14-E0073,T03,Standard,2025-07-02,2026-07-02,Expirada
C14,C14-E0069,T03,Standard,2025-06-01,2026-06-01,Expirada
C14,C14-E0017,T03,Professional,2025-07-26,2026-07-26,Ativa
C14,C14-E0027,T03,Standard,2025-07-06,,Ativa
C14,C14-E0066,T03,Professional,2025-07-21,,Ativa
C14,C14-E0022,T03,Professional,2025-07-07,2026-07-07,Ativa
C14,C14-E0039,T03,Standard,2025-06-21,,Ativa
C14,C14-E0086,T03,Enterprise,2025-07-02,,Ativa
C14,C14-E0096,T03,Standard,2025-06-23,,Ativa
C14,C14-E0020,T03,Enterprise,2025-07-15,2026-07-15,Ativa
C14,C14-E0082,T03,Professional,2025-07-25,,Ativa
C14,C14-E0109,T03,Enterprise,2025-06-28,2026-06-28,Ativa
C14,C14-E0105,T03,Standard,2025-06-17,,Ativa
C14,C14-E0056,T03,Professional,2025-07-21,,Ativa
C14,C14-E0010,T03,Enterprise,2025-08-03,2026-08-03,Expirada
C14,C14-E0125,T03,Enterprise,2025-07-03,2026-07-03,Expirada
C14,C14-E0055,T03,Enterprise,2025-06-30,2026-06-30,Ativa
C14,C14-E0007,T03,Professional,2025-07-17,,Ativa
C14,C14-E0051,T03,Standard,2025-07-15,2026-07-15,Ativa
C14,C14-E0106,T03,Enterprise,2025-06-22,2026-06-22,Expirada
C14,C14-E0064,T03,Standard,2025-07-24,2026-07-24,Expirada
C14,C14-E0068,T03,Standard,2025-07-21,2026-07-21,Expirada
C14,C14-E0008,T03,Enterprise,2025-07-10,2026-07-10,Expirada
C14,C14-E0100,T03,Enterprise,2025-07-07,,Ativa
C14,C14-E0123,T03,Professional,2025-07-21,2026-07-21,Ativa
C14,C14-E0032,T03,Enterprise,2025-07-27,2026-07-27,Expirada
C14,C14-E0097,T03,Professional,2025-06-28,2026-06-28,Expirada
C14,C14-E0006,T03,Professional,2025-07-20,2026-07-20,Ativa
C14,C14-E0040,T03,Standard,2025-06-30,2026-06-30,Ativa
C14,C14-E0062,T03,Professional,2025-07-26,,Ativa
C14,C14-E0057,T03,Standard,2025-07-17,2026-07-17,Expirada
C14,C14-E0004,T03,Enterprise,2025-07-01,2026-07-01,Ativa
C14,C14-E0112,T03,Standard,2025-07-18,2026-07-18,Ativa
C14,C14-E0046,T03,Enterprise,2025-08-02,2026-08-02,Expirada
C14,C14-E0111,T03,Professional,2025-06-17,,Ativa
C14,C14-E0074,T03,Professional,2025-06-07,2026-06-07,Expirada
C14,C14-E0049,T03,Professional,2025-08-05,2026-08-05,Ativa
C14,C14-E0003,T03,Enterprise,2025-06-25,2026-06-25,Expirada
C14,C14-E0001,T03,Professional,2025-06-26,2026-06-26,Expirada
C14,C14-E0043,T03,Standard,2025-07-10,2026-07-10,Expirada
C14,C14-E0107,T03,Standard,2025-07-08,2026-07-08,Expirada
C14,C14-E0110,T03,Enterprise,2025-07-17,,Ativa
C14,C14-E0091,T03,Standard,2025-06-30,2026-06-30,Ativa
C14,C14-E0081,T03,Professional,2025-08-03,2026-08-03,Expirada
C14,C14-E0019,T03,Standard,2025-07-20,2026-07-20,Expirada
C14,C14-E0012,T03,Professional,2025-07-09,,Ativa
C14,C14-E0095,T03,Professional,2025-06-30,2026-06-30,Expirada
C14,C14-E0115,T03,Professional,2025-06-26,,Ativa
C14,C14-E0103,T03,Standard,2025-07-15,2026-07-15,Expirada
C14,C14-E0120,T03,Standard,2025-07-07,2026-07-07,Expirada
C14,C14-E0002,T03,Standard,2025-06-29,2026-06-29,Ativa
C14,C14-E0089,T03,Standard,2025-06-24,2026-06-24,Expirada
C14,C14-E0025,T03,Professional,2025-06-15,,Ativa
C14,C14-E0080,T03,Standard,2025-06-08,2026-06-08,Expirada
C14,C14-E0116,T03,Professional,2025-06-13,2026-06-13,Expirada
C14,C14-E0119,T03,Professional,2025-07-04,,Ativa
C14,C14-E0033,T03,Professional,2025-06-24,2026-06-24,Expirada
C14,C14-E0005,T03,Enterprise,2025-06-20,2026-06-20,Ativa
C14,C14-E0093,T03,Professional,2025-06-17,2026-06-17,Expirada
C14,C14-E0072,T03,Standard,2025-07-06,2026-07-06,Expirada
C14,C14-E0102,T03,Professional,2025-07-26,2026-07-26,Expirada
C14,C14-E0026,T03,Standard,2025-06-01,2026-06-01,Ativa
C14,C14-E0085,T08,Professional,2025-06-24,2026-06-24,Expirada
C14,C14-E0061,T08,Standard,2025-07-24,2026-07-24,Expirada
C14,C14-E0041,T08,Standard,2025-06-29,,Ativa
C14,C14-E0080,T08,Enterprise,2025-07-22,,Ativa
C14,C14-E0095,T08,Enterprise,2025-08-08,,Ativa
C14,C14-E0033,T08,Standard,2025-06-30,,Ativa
C14,C14-E0066,T08,Professional,2025-06-29,2026-06-29,Expirada
C14,C14-E0053,T08,Enterprise,2025-07-17,,Ativa
C14,C14-E0120,T08,Professional,2025-07-06,,Ativa
C14,C14-E0069,T08,Professional,2025-07-16,2026-07-16,Ativa
C14,C14-E0091,T08,Enterprise,2025-06-16,2026-06-16,Expirada
C14,C14-E0013,T08,Standard,2025-06-23,2026-06-23,Expirada
C14,C14-E0011,T08,Professional,2025-06-22,2026-06-22,Expirada
C14,C14-E0125,T08,Professional,2025-06-30,2026-06-30,Ativa
C14,C14-E0051,T08,Standard,2025-07-06,2026-07-06,Expirada
C14,C14-E0079,T08,Enterprise,2025-07-04,2026-07-04,Ativa
C14,C14-E0050,T08,Standard,2025-06-18,,Ativa
C14,C14-E0003,T08,Standard,2025-06-12,,Ativa
C14,C14-E0114,T08,Professional,2025-07-04,,Ativa
C14,C14-E0007,T08,Professional,2025-07-04,,Revogada
C14,C14-E0031,T08,Standard,2025-07-09,2026-07-09,Ativa
C14,C14-E0070,T08,Professional,2025-07-11,2026-07-11,Ativa
C14,C14-E0012,T08,Professional,2025-06-19,,Ativa
C14,C14-E0086,T08,Standard,2025-07-29,2026-07-29,Ativa
C14,C14-E0030,T08,Enterprise,2025-06-21,2026-06-21,Ativa
C14,C14-E0117,T08,Standard,2025-06-19,2026-06-19,Expirada
C14,C14-E0019,T08,Enterprise,2025-07-10,2026-07-10,Expirada
C14,C14-E0001,T08,Standard,2025-06-13,2026-06-13,Ativa
C14,C14-E0046,T08,Professional,2025-07-11,,Ativa
C14,C14-E0072,T08,Professional,2025-07-11,2026-07-11,Ativa
C14,C14-E0103,T08,Professional,2025-06-11,2026-06-11,Expirada
C14,C14-E0082,T08,Enterprise,2025-06-28,2026-06-28,Expirada
C14,C14-E0065,T08,Standard,2025-06-03,2026-06-03,Ativa
C14,C14-E0008,T08,Enterprise,2025-07-20,,Ativa
C14,C14-E0016,T08,Enterprise,2025-06-17,2026-06-17,Ativa
C14,C14-E0048,T08,Professional,2025-07-17,2026-07-17,Ativa
C14,C14-E0049,T08,Enterprise,2025-07-07,2026-07-07,Ativa
C14,C14-E0078,T08,Standard,2025-06-26,,Ativa
C14,C14-E0004,T08,Professional,2025-07-07,,Ativa
C14,C14-E0044,T08,Professional,2025-08-07,2026-08-07,Expirada
C14,C14-E0058,T08,Professional,2025-07-25,,Ativa
C14,C14-E0109,T08,Professional,2025-07-27,,Ativa
C14,C14-E0057,T08,Standard,2025-07-09,2026-07-09,Expirada
C14,C14-E0097,T08,Enterprise,2025-07-24,,Ativa
C14,C14-E0124,T08,Enterprise,2025-07-06,2026-07-06,Ativa
C14,C14-E0100,T08,Standard,2025-08-01,2026-08-01,Expirada
C14,C14-E0015,T08,Enterprise,2025-07-03,2026-07-03,Expirada
C14,C14-E0026,T08,Standard,2025-07-12,2026-07-12,Ativa
C14,C14-E0006,T08,Standard,2025-07-28,2026-07-28,Expirada
C14,C14-E0054,T08,Enterprise,2025-07-22,2026-07-22,Ativa
C14,C14-E0027,T08,Standard,2025-06-14,,Ativa
C14,C14-E0089,T08,Professional,2025-07-08,2026-07-08,Expirada
C14,C14-E0118,T08,Standard,2025-06-23,2026-06-23,Expirada
C14,C14-E0081,T08,Professional,2025-07-08,2026-07-08,Ativa
C14,C14-E0024,T08,Standard,2025-07-21,,Ativa
C14,C14-E0052,T08,Enterprise,2025-07-13,2026-07-13,Expirada
C14,C14-E0028,T08,Professional,2025-06-08,2026-06-08,Expirada
C14,C14-E0021,T08,Standard,2025-06-30,2026-06-30,Expirada
C14,C14-E0059,T08,Professional,2025-06-17,2026-06-17,Expirada
C14,C14-E0093,T08,Standard,2025-08-05,2026-08-05,Expirada
C14,C14-E0047,T08,Professional,2025-06-21,2026-06-21,Ativa
C14,C14-E0071,T08,Professional,2025-07-28,2026-07-28,Expirada
C14,C14-E0084,T08,Enterprise,2025-07-09,2026-07-09,Ativa
C14,C14-E0106,T08,Standard,2025-06-22,2026-06-22,Expirada
C14,C14-E0064,T08,Enterprise,2025-07-15,,Ativa
C14,C14-E0062,T08,Enterprise,2025-07-07,2026-07-07,Ativa
C14,C14-E0009,T08,Professional,2025-07-22,2026-07-22,Ativa
C14,C14-E0056,T08,Enterprise,2025-06-21,2026-06-21,Ativa
C14,C14-E0060,T08,Enterprise,2025-06-12,2026-06-12,Ativa
C14,C14-E0023,T08,Standard,2025-07-16,,Ativa
C14,C14-E0076,T08,Enterprise,2025-07-22,,Ativa
C14,C14-E0092,T08,Enterprise,2025-08-02,2026-08-02,Ativa
C14,C14-E0099,T08,Professional,2025-06-29,2026-06-29,Ativa
C14,C14-E0074,T08,Professional,2025-07-20,,Revogada
C14,C14-E0115,T08,Standard,2025-06-18,2026-06-18,Ativa
C14,C14-E0111,T08,Enterprise,2025-06-23,2026-06-23,Ativa
C14,C14-E0083,T08,Enterprise,2025-06-29,2026-06-29,Expirada
C14,C14-E0039,T08,Enterprise,2025-06-30,2026-06-30,Ativa
C14,C14-E0080,T15,Enterprise,2025-07-16,2025-11-19,Expirada
C14,C14-E0055,T15,Standard,2025-07-10,2025-11-08,Expirada
C14,C14-E0101,T15,Enterprise,2025-06-27,2025-10-21,Expirada
C14,C14-E0023,T15,Standard,2025-06-24,2025-11-10,Expirada
C14,C14-E0005,T15,Enterprise,2025-06-20,2025-10-17,Expirada
C14,C14-E0118,T15,Professional,2025-06-30,2025-11-01,Revogada
C14,C14-E0096,T15,Professional,2025-07-16,2025-11-22,Expirada
C14,C14-E0069,T15,Professional,2025-07-01,2025-11-05,Expirada
C14,C14-E0008,T15,Enterprise,2025-06-07,2025-09-18,Revogada
C14,C14-E0014,T15,Enterprise,2025-07-30,2025-12-01,Expirada
C14,C14-E0046,T15,Standard,2025-07-07,2025-11-30,Expirada
C14,C14-E0120,T15,Professional,2025-07-07,2025-10-25,Expirada
C14,C14-E0091,T15,Enterprise,2025-08-01,2025-12-07,Revogada
C14,C14-E0029,T15,Professional,2025-06-08,2025-09-24,Expirada
C14,C14-E0003,T15,Professional,2025-07-31,2025-12-07,Expirada
C14,C14-E0097,T15,Enterprise,2025-06-16,2025-10-08,Expirada
C14,C14-E0111,T15,Professional,2025-06-10,2025-10-17,Revogada
C14,C14-E0016,T15,Standard,2025-07-31,2025-11-26,Expirada
C14,C14-E0019,T15,Enterprise,2025-06-24,2025-10-08,Expirada
C14,C14-E0041,T15,Standard,2025-06-27,2025-10-12,Expirada
C14,C14-E0105,T15,Professional,2025-07-20,2025-12-04,Expirada
C14,C14-E0109,T15,Standard,2025-07-07,2025-11-25,Expirada
C14,C14-E0098,T15,Enterprise,2025-07-02,2025-11-19,Revogada
C14,C14-E0067,T15,Enterprise,2025-06-26,2025-10-23,Expirada
C14,C14-E0085,T15,Professional,2025-06-25,2025-10-19,Revogada
C14,C14-E0110,T15,Enterprise,2025-06-17,2025-10-09,Revogada
C14,C14-E0089,T15,Enterprise,2025-07-24,2025-11-08,Expirada
C14,C14-E0045,T15,Professional,2025-07-21,2025-10-26,Expirada
C14,C14-E0087,T15,Enterprise,2025-08-09,2025-12-10,Revogada
C14,C14-E0049,T15,Professional,2025-07-01,2025-10-05,Revogada
C14,C14-E0036,T15,Enterprise,2025-07-07,2025-11-30,Expirada
C14,C14-E0106,T15,Enterprise,2025-08-11,2025-11-18,Expirada
C14,C14-E0088,T15,Standard,2025-06-22,2025-10-11,Expirada
C14,C14-E0095,T15,Standard,2025-07-05,2025-11-21,Expirada
C14,C14-E0104,T15,Enterprise,2025-07-04,2025-10-05,Expirada
C14,C14-E0011,T15,Professional,2025-07-01,2025-11-08,Revogada
C14,C14-E0112,T15,Standard,2025-06-30,2025-11-23,Expirada
C14,C14-E0039,T15,Enterprise,2025-06-08,2025-10-08,Revogada
C14,C14-E0100,T15,Enterprise,2025-06-20,2025-10-21,Expirada
C14,C14-E0119,T15,Standard,2025-07-03,2025-10-30,Expirada
C14,C14-E0108,T15,Standard,2025-06-22,2025-10-23,Expirada
C14,C14-E0075,T15,Standard,2025-07-16,2025-11-18,Expirada
C14,C14-E0024,T15,Professional,2025-07-09,2025-11-29,Expirada
C14,C14-E0063,T15,Standard,2025-07-30,2025-11-17,Expirada
C14,C14-E0103,T15,Standard,2025-06-23,2025-10-20,Expirada
C14,C14-E0099,T15,Enterprise,2025-07-19,2025-11-28,Expirada
C14,C14-E0051,T15,Enterprise,2025-07-17,2025-10-26,Revogada
C14,C14-E0027,T15,Professional,2025-07-20,2025-11-27,Revogada
C14,C14-E0081,T15,Enterprise,2025-06-07,2025-10-01,Expirada
C14,C14-E0007,T15,Enterprise,2025-06-28,2025-11-24,Revogada
C14,C14-E0035,T15,Enterprise,2025-06-29,2025-11-12,Expirada
C14,C14-E0021,T15,Standard,2025-07-23,2025-12-14,Expirada
C14,C14-E0062,T15,Professional,2025-07-06,2025-10-29,Expirada
C14,C14-E0040,T15,Standard,2025-06-05,2025-10-08,Expirada
C14,C14-E0022,T15,Standard,2025-06-25,2025-11-15,Expirada
C14,C14-E0065,T15,Professional,2025-07-17,2025-10-22,Expirada
C14,C14-E0010,T15,Standard,2025-07-12,2025-11-27,Expirada
C14,C14-E0058,T15,Enterprise,2025-07-26,2025-11-05,Expirada
C14,C14-E0026,T15,Professional,2025-07-15,2025-10-30,Revogada
C14,C14-E0092,T15,Enterprise,2025-06-27,2025-11-15,Revogada
C14,C14-E0082,T15,Standard,2025-07-23,2025-12-01,Expirada
C14,C14-E0061,T15,Enterprise,2025-07-07,2025-10-26,Expirada
C14,C14-E0015,T15,Standard,2025-07-23,2025-12-17,Expirada
C14,C14-E0064,T15,Enterprise,2025-06-14,2025-09-12,Revogada
C14,C14-E0012,T15,Enterprise,2025-07-12,2025-11-30,Expirada
C14,C14-E0031,T15,Professional,2025-08-11,2025-11-18,Expirada
C14,C14-E0025,T15,Professional,2025-07-18,2025-12-11,Expirada
C14,C14-E0073,T15,Standard,2025-07-03,2025-11-08,Expirada
C14,C14-E0113,T15,Standard,2025-06-24,2025-11-21,Expirada
C14,C14-E0122,T15,Standard,2025-07-07,2025-10-28,Expirada
C14,C14-E0060,T15,Professional,2025-06-12,2025-10-15,Revogada
C14,C14-E0050,T15,Enterprise,2025-07-17,2025-11-09,Expirada
C14,C14-E0068,T15,Professional,2025-06-17,2025-10-24,Expirada
C14,C14-E0038,T15,Standard,2025-07-19,2025-10-17,Expirada
C14,C14-E0020,T15,Professional,2025-07-18,2025-10-31,Expirada
C14,C14-E0009,T15,Enterprise,2025-06-19,2025-11-10,Expirada
C14,C14-E0006,T15,Professional,2025-06-12,2025-10-02,Expirada
C14,C14-E0042,T15,Professional,2025-07-22,2025-12-07,Revogada
C14,C14-E0004,T15,Standard,2025-07-11,2025-11-26,Expirada
C14,C14-E0094,T15,Professional,2025-07-27,2025-12-16,Revogada
C14,C14-E0018,T15,Professional,2025-07-19,2025-12-05,Revogada
C14,C14-E0115,T15,Professional,2025-06-23,2025-10-06,Revogada
C14,C14-E0116,T15,Enterprise,2025-08-10,2025-11-25,Expirada
C14,C14-E0123,T15,Professional,2025-06-27,2025-10-02,Expirada
C14,C14-E0076,T15,Professional,2025-08-12,2025-12-16,Expirada
C14,C14-E0107,T15,Professional,2025-07-01,2025-11-01,Expirada
C14,C14-E0047,T15,Professional,2025-07-24,2025-11-16,Expirada
C14,C14-E0084,T15,Standard,2025-06-17,2025-09-23,Revogada
C14,C14-E0044,T15,Professional,2025-06-16,2025-10-08,Revogada
C14,C14-E0052,T15,Enterprise,2025-07-25,2025-11-30,Revogada
C14,C14-E0070,T15,Enterprise,2025-07-13,2025-10-29,Expirada
C14,C14-E0057,T15,Enterprise,2025-06-11,2025-10-02,Expirada
C14,C14-E0125,T15,Professional,2025-07-16,2025-12-05,Expirada
C14,C14-E0028,T15,Standard,2025-08-11,2026-01-05,Expirada
C14,C14-E0001,T15,Professional,2025-06-08,2025-11-05,Revogada
C14,C14-E0033,T15,Professional,2025-07-14,2025-11-14,Expirada
C14,C14-E0102,T15,Enterprise,2025-06-16,2025-10-10,Expirada
C14,C14-E0037,T15,Professional,2025-06-28,2025-09-26,Revogada
C14,C14-E0065,T14,Enterprise,2025-07-02,2026-07-02,Ativa
C14,C14-E0113,T14,Enterprise,2025-07-26,2026-07-26,Expirada
C15,C15-E0020,T09,Enterprise,2025-07-06,2026-07-06,Expirada
C15,C15-E0031,T09,Standard,2025-08-07,2026-08-07,Expirada
C15,C15-E0013,T09,Enterprise,2025-07-27,2026-07-27,Expirada
C15,C15-E0001,T09,Enterprise,2025-07-03,,Ativa
C15,C15-E0004,T09,Professional,2025-07-24,2026-07-24,Expirada
C15,C15-E0056,T09,Professional,2025-07-20,2026-07-20,Ativa
C15,C15-E0082,T09,Professional,2025-07-24,,Ativa
C15,C15-E0073,T09,Professional,2025-06-20,,Ativa
C15,C15-E0066,T09,Professional,2025-06-28,,Ativa
C15,C15-E0016,T09,Standard,2025-08-06,2026-08-06,Expirada
C15,C15-E0023,T09,Enterprise,2025-06-23,2026-06-23,Expirada
C15,C15-E0024,T09,Standard,2025-07-15,,Ativa
C15,C15-E0009,T09,Standard,2025-06-13,,Ativa
C15,C15-E0042,T09,Enterprise,2025-06-29,,Ativa
C15,C15-E0061,T09,Standard,2025-07-22,2026-07-22,Ativa
C15,C15-E0030,T09,Standard,2025-08-05,2026-08-05,Expirada
C15,C15-E0058,T09,Enterprise,2025-07-15,2026-07-15,Expirada
C15,C15-E0027,T09,Enterprise,2025-06-10,2026-06-10,Ativa
C15,C15-E0014,T09,Professional,2025-08-05,,Ativa
C15,C15-E0077,T09,Enterprise,2025-06-05,,Ativa
C15,C15-E0057,T09,Enterprise,2025-07-06,,Ativa
C15,C15-E0040,T09,Standard,2025-07-31,2026-07-31,Expirada
C15,C15-E0015,T09,Enterprise,2025-07-28,2026-07-28,Expirada
C15,C15-E0060,T09,Standard,2025-07-23,2026-07-23,Ativa
C15,C15-E0068,T09,Standard,2025-08-05,2026-08-05,Ativa
C15,C15-E0022,T09,Enterprise,2025-06-10,2026-06-10,Ativa
C15,C15-E0026,T09,Standard,2025-06-30,,Ativa
C15,C15-E0059,T09,Standard,2025-06-29,2026-06-29,Expirada
C15,C15-E0045,T09,Professional,2025-07-20,2026-07-20,Ativa
C15,C15-E0071,T09,Professional,2025-06-26,2026-06-26,Expirada
C15,C15-E0049,T09,Enterprise,2025-07-27,2026-07-27,Ativa
C15,C15-E0050,T09,Standard,2025-07-31,2026-07-31,Expirada
C15,C15-E0078,T09,Standard,2025-07-14,2026-07-14,Ativa
C15,C15-E0019,T09,Enterprise,2025-06-29,,Ativa
C15,C15-E0075,T09,Standard,2025-06-27,2026-06-27,Expirada
C15,C15-E0025,T09,Standard,2025-07-24,2026-07-24,Ativa
C15,C15-E0079,T09,Professional,2025-08-02,2026-08-02,Expirada
C15,C15-E0072,T09,Enterprise,2025-06-25,2026-06-25,Expirada
C15,C15-E0051,T09,Professional,2025-08-10,2026-08-10,Ativa
C15,C15-E0037,T09,Professional,2025-06-28,2026-06-28,Ativa
C15,C15-E0034,T09,Standard,2025-07-02,,Revogada
C15,C15-E0008,T09,Enterprise,2025-06-25,2026-06-25,Expirada
C15,C15-E0048,T09,Professional,2025-07-07,2026-07-07,Expirada
C15,C15-E0039,T09,Standard,2025-07-23,,Ativa
C15,C15-E0073,T11,Enterprise,2025-06-28,2026-06-28,Ativa
C15,C15-E0068,T11,Enterprise,2025-07-04,2026-07-04,Expirada
C15,C15-E0043,T11,Enterprise,2025-06-15,,Ativa
C15,C15-E0029,T11,Enterprise,2025-07-09,2026-07-09,Ativa
C15,C15-E0079,T13,Enterprise,2025-06-11,2026-06-11,Ativa
C15,C15-E0010,T13,Enterprise,2025-08-05,2026-08-05,Expirada
C15,C15-E0041,T13,Enterprise,2025-07-27,2026-07-27,Expirada
C15,C15-E0011,T03,Professional,2025-07-17,,Ativa
C15,C15-E0049,T03,Standard,2025-06-14,,Ativa
C15,C15-E0048,T03,Professional,2025-07-14,2026-07-14,Expirada
C15,C15-E0035,T03,Enterprise,2025-07-07,,Ativa
C15,C15-E0052,T03,Standard,2025-06-18,2026-06-18,Ativa
C15,C15-E0078,T03,Standard,2025-07-19,2026-07-19,Expirada
C15,C15-E0069,T03,Standard,2025-07-09,2026-07-09,Ativa
C15,C15-E0055,T03,Professional,2025-06-30,2026-06-30,Expirada
C15,C15-E0037,T03,Enterprise,2025-07-04,,Ativa
C15,C15-E0063,T03,Enterprise,2025-07-03,2026-07-03,Ativa
C15,C15-E0079,T03,Enterprise,2025-07-10,,Ativa
C15,C15-E0008,T03,Enterprise,2025-07-20,,Ativa
C15,C15-E0025,T03,Professional,2025-07-11,,Ativa
C15,C15-E0044,T03,Standard,2025-06-25,2026-06-25,Ativa
C15,C15-E0051,T03,Professional,2025-06-24,2026-06-24,Ativa
C15,C15-E0077,T03,Enterprise,2025-06-17,2026-06-17,Ativa
C15,C15-E0031,T03,Standard,2025-06-29,2026-06-29,Expirada
C15,C15-E0081,T03,Enterprise,2025-07-09,,Ativa
C15,C15-E0054,T03,Professional,2025-08-04,2026-08-04,Expirada
C15,C15-E0074,T03,Professional,2025-07-16,2026-07-16,Expirada
C15,C15-E0064,T03,Professional,2025-07-13,2026-07-13,Expirada
C15,C15-E0015,T03,Enterprise,2025-06-04,,Ativa
C15,C15-E0071,T03,Professional,2025-06-08,2026-06-08,Expirada
C15,C15-E0046,T03,Professional,2025-07-18,,Ativa
C15,C15-E0009,T03,Enterprise,2025-06-16,2026-06-16,Ativa
C15,C15-E0038,T03,Enterprise,2025-06-27,,Ativa
C15,C15-E0007,T03,Professional,2025-07-14,,Ativa
C15,C15-E0059,T03,Enterprise,2025-06-23,2026-06-23,Expirada
C15,C15-E0056,T03,Professional,2025-06-26,,Ativa
C15,C15-E0003,T03,Enterprise,2025-08-03,2026-08-03,Ativa
C15,C15-E0027,T03,Enterprise,2025-07-19,2026-07-19,Expirada
C15,C15-E0018,T03,Enterprise,2025-07-13,2026-07-13,Expirada
C15,C15-E0032,T03,Standard,2025-06-10,2026-06-10,Expirada
C15,C15-E0016,T03,Professional,2025-08-03,2026-08-03,Expirada
C15,C15-E0065,T03,Enterprise,2025-07-24,2026-07-24,Ativa
C15,C15-E0033,T03,Professional,2025-06-20,2026-06-20,Expirada
C15,C15-E0057,T03,Standard,2025-07-20,,Ativa
C15,C15-E0047,T03,Professional,2025-07-12,2026-07-12,Ativa
C15,C15-E0036,T03,Enterprise,2025-06-26,2026-06-26,Expirada
C15,C15-E0045,T03,Professional,2025-08-01,2026-08-01,Expirada
C15,C15-E0058,T03,Enterprise,2025-06-18,2026-06-18,Ativa
C15,C15-E0028,T03,Standard,2025-07-18,2026-07-18,Expirada
C15,C15-E0072,T03,Enterprise,2025-06-30,,Ativa
C15,C15-E0053,T03,Enterprise,2025-06-30,2026-06-30,Ativa
C15,C15-E0080,T03,Enterprise,2025-07-07,2026-07-07,Expirada
C15,C15-E0029,T03,Standard,2025-07-09,2026-07-09,Expirada
C15,C15-E0013,T03,Standard,2025-06-15,2026-06-15,Expirada
C15,C15-E0042,T03,Standard,2025-07-20,2026-07-20,Ativa
C15,C15-E0041,T03,Professional,2025-07-15,,Ativa
C15,C15-E0014,T03,Professional,2025-06-21,2026-06-21,Ativa
C15,C15-E0082,T03,Standard,2025-06-19,2026-06-19,Ativa
C15,C15-E0002,T03,Professional,2025-07-31,2026-07-31,Ativa
C15,C15-E0034,T03,Standard,2025-07-28,2026-07-28,Ativa
C15,C15-E0066,T03,Enterprise,2025-06-06,2026-06-06,Ativa
C15,C15-E0026,T03,Professional,2025-07-29,2026-07-29,Ativa
C15,C15-E0073,T03,Professional,2025-07-03,2026-07-03,Expirada
C15,C15-E0005,T03,Standard,2025-07-10,2026-07-10,Ativa
C15,C15-E0019,T03,Enterprise,2025-08-01,2026-08-01,Ativa
C15,C15-E0043,T03,Standard,2025-07-03,2026-07-03,Expirada
C15,C15-E0013,T08,Enterprise,2025-06-29,,Ativa
C15,C15-E0032,T08,Enterprise,2025-07-12,2026-07-12,Expirada
C15,C15-E0037,T08,Professional,2025-07-14,,Ativa
C15,C15-E0055,T08,Standard,2025-07-20,2026-07-20,Expirada
C15,C15-E0010,T08,Professional,2025-07-24,,Ativa
C15,C15-E0021,T08,Standard,2025-07-29,2026-07-29,Ativa
C15,C15-E0074,T08,Standard,2025-06-26,2026-06-26,Expirada
C15,C15-E0029,T08,Enterprise,2025-07-18,,Ativa
C15,C15-E0063,T08,Professional,2025-06-11,,Ativa
C15,C15-E0019,T08,Standard,2025-08-01,2026-08-01,Expirada
C15,C15-E0071,T08,Standard,2025-07-01,2026-07-01,Expirada
C15,C15-E0014,T08,Standard,2025-06-14,2026-06-14,Expirada
C15,C15-E0066,T08,Standard,2025-07-08,,Ativa
C15,C15-E0023,T08,Enterprise,2025-06-14,,Ativa
C15,C15-E0070,T08,Enterprise,2025-08-09,,Ativa
C15,C15-E0056,T08,Enterprise,2025-07-01,2026-07-01,Expirada
C15,C15-E0007,T08,Standard,2025-07-25,,Ativa
C15,C15-E0027,T08,Standard,2025-06-21,2026-06-21,Ativa
C15,C15-E0073,T08,Standard,2025-06-17,2026-06-17,Ativa
C15,C15-E0003,T08,Professional,2025-06-20,,Ativa
C15,C15-E0069,T08,Professional,2025-06-21,2026-06-21,Expirada
C15,C15-E0059,T08,Enterprise,2025-07-18,2026-07-18,Expirada
C15,C15-E0024,T08,Standard,2025-07-13,,Ativa
C15,C15-E0006,T08,Professional,2025-07-30,2026-07-30,Expirada
C15,C15-E0039,T08,Enterprise,2025-06-05,2026-06-05,Ativa
C15,C15-E0033,T08,Professional,2025-06-16,,Ativa
C15,C15-E0015,T08,Enterprise,2025-07-13,2026-07-13,Expirada
C15,C15-E0076,T08,Enterprise,2025-06-27,2026-06-27,Ativa
C15,C15-E0045,T08,Professional,2025-06-27,,Ativa
C15,C15-E0026,T08,Professional,2025-07-29,2026-07-29,Expirada
C15,C15-E0030,T08,Standard,2025-07-11,2026-07-11,Expirada
C15,C15-E0022,T08,Standard,2025-06-22,,Ativa
C15,C15-E0078,T08,Enterprise,2025-07-26,,Ativa
C15,C15-E0044,T08,Professional,2025-07-14,2026-07-14,Ativa
C15,C15-E0048,T08,Professional,2025-06-30,,Ativa
C15,C15-E0072,T08,Professional,2025-07-16,2026-07-16,Ativa
C15,C15-E0062,T08,Enterprise,2025-06-16,2026-06-16,Expirada
C15,C15-E0052,T08,Enterprise,2025-06-21,,Ativa
C15,C15-E0009,T08,Professional,2025-06-19,2026-06-19,Expirada
C15,C15-E0041,T08,Professional,2025-06-13,,Ativa
C15,C15-E0068,T15,Enterprise,2025-06-22,2025-10-09,Expirada
C15,C15-E0028,T15,Standard,2025-06-15,2025-10-11,Expirada
C15,C15-E0056,T15,Enterprise,2025-07-08,2025-11-30,Revogada
C15,C15-E0081,T15,Professional,2025-07-01,2025-11-25,Expirada
C15,C15-E0062,T15,Professional,2025-06-09,2025-09-19,Expirada
C15,C15-E0024,T15,Enterprise,2025-06-30,2025-10-21,Expirada
C15,C15-E0048,T15,Professional,2025-06-13,2025-09-15,Expirada
C15,C15-E0050,T15,Standard,2025-07-20,2025-10-18,Revogada
C15,C15-E0018,T15,Enterprise,2025-06-29,2025-11-09,Expirada
C15,C15-E0042,T15,Professional,2025-06-26,2025-10-21,Expirada
C15,C15-E0069,T15,Professional,2025-07-02,2025-10-20,Revogada
C15,C15-E0079,T15,Professional,2025-06-24,2025-10-25,Expirada
C15,C15-E0034,T15,Standard,2025-06-22,2025-10-13,Expirada
C15,C15-E0082,T15,Standard,2025-06-22,2025-10-09,Expirada
C15,C15-E0057,T15,Professional,2025-06-22,2025-10-27,Revogada
C15,C15-E0020,T15,Professional,2025-07-08,2025-11-11,Revogada
C15,C15-E0010,T15,Professional,2025-07-17,2025-11-08,Expirada
C15,C15-E0043,T15,Standard,2025-07-17,2025-10-28,Revogada
C15,C15-E0011,T15,Professional,2025-07-12,2025-11-23,Expirada
C15,C15-E0075,T15,Enterprise,2025-06-22,2025-10-10,Expirada
C15,C15-E0045,T15,Enterprise,2025-06-22,2025-10-26,Expirada
C15,C15-E0007,T15,Enterprise,2025-07-14,2025-12-10,Expirada
C15,C15-E0021,T15,Professional,2025-07-27,2025-11-28,Expirada
C15,C15-E0063,T15,Enterprise,2025-07-03,2025-11-24,Revogada
C15,C15-E0031,T15,Professional,2025-07-20,2025-10-31,Expirada
C15,C15-E0055,T15,Standard,2025-07-05,2025-11-28,Revogada
C15,C15-E0005,T15,Professional,2025-07-03,2025-10-13,Expirada
C15,C15-E0014,T15,Professional,2025-07-31,2025-11-29,Expirada
C15,C15-E0002,T15,Professional,2025-08-02,2025-12-05,Expirada
C15,C15-E0009,T15,Professional,2025-07-18,2025-10-16,Expirada
C15,C15-E0012,T15,Standard,2025-07-21,2025-10-22,Revogada
C15,C15-E0070,T15,Professional,2025-07-22,2025-11-19,Expirada
C15,C15-E0027,T15,Professional,2025-07-01,2025-11-02,Revogada
C15,C15-E0064,T15,Enterprise,2025-06-08,2025-10-27,Revogada
C15,C15-E0049,T15,Standard,2025-07-10,2025-10-19,Expirada
C15,C15-E0022,T15,Professional,2025-07-09,2025-10-30,Expirada
C15,C15-E0013,T15,Standard,2025-07-01,2025-10-12,Expirada
C15,C15-E0026,T15,Enterprise,2025-07-07,2025-11-18,Expirada
C15,C15-E0039,T15,Standard,2025-08-03,2025-12-01,Expirada
C15,C15-E0073,T15,Standard,2025-08-08,2025-11-14,Expirada
C15,C15-E0060,T15,Professional,2025-07-14,2025-10-30,Expirada
C16,C16-E0039,T02,Professional,2026-05-02,2027-05-02,Revogada
C16,C16-E0030,T02,Professional,2026-03-18,2027-03-18,Revogada
C16,C16-E0004,T02,Enterprise,2026-04-21,2027-04-21,Ativa
C16,C16-E0002,T02,Professional,2026-03-22,,Ativa
C16,C16-E0008,T02,Enterprise,2026-04-14,2027-04-14,Ativa
C16,C16-E0016,T02,Professional,2026-03-20,2027-03-20,Ativa
C16,C16-E0038,T02,Standard,2026-03-30,,Ativa
C16,C16-E0011,T02,Standard,2026-04-02,,Ativa
C16,C16-E0007,T02,Standard,2026-04-22,2027-04-22,Ativa
C16,C16-E0012,T02,Standard,2026-04-22,,Ativa
C16,C16-E0017,T02,Standard,2026-04-03,,Ativa
C16,C16-E0024,T02,Standard,2026-04-19,2027-04-19,Ativa
C16,C16-E0014,T02,Enterprise,2026-04-26,2027-04-26,Ativa
C16,C16-E0027,T02,Professional,2026-04-13,2027-04-13,Ativa
C16,C16-E0021,T02,Professional,2026-04-02,2027-04-02,Ativa
C16,C16-E0025,T02,Professional,2026-04-13,,Ativa
C16,C16-E0035,T02,Enterprise,2026-03-30,2027-03-30,Ativa
C16,C16-E0034,T02,Standard,2026-04-30,2027-04-30,Ativa
C16,C16-E0023,T02,Standard,2026-04-01,,Ativa
C16,C16-E0006,T02,Standard,2026-04-17,2027-04-17,Ativa
C16,C16-E0013,T02,Professional,2026-04-19,,Ativa
C16,C16-E0003,T02,Professional,2026-03-30,2027-03-30,Ativa
C16,C16-E0037,T02,Standard,2026-04-13,2027-04-13,Ativa
C16,C16-E0028,T02,Enterprise,2026-04-04,2027-04-04,Ativa
C16,C16-E0001,T02,Professional,2026-04-30,2027-04-30,Ativa
C16,C16-E0026,T02,Standard,2026-04-01,2027-04-01,Revogada
C16,C16-E0009,T02,Enterprise,2026-04-27,,Ativa
C16,C16-E0022,T02,Standard,2026-03-15,,Ativa
C16,C16-E0010,T02,Enterprise,2026-04-19,2027-04-19,Ativa
C16,C16-E0032,T02,Professional,2026-04-05,,Ativa
C16,C16-E0019,T02,Enterprise,2026-03-05,2027-03-05,Ativa
C16,C16-E0031,T02,Professional,2026-03-13,,Ativa
C16,C16-E0040,T02,Professional,2026-03-10,2027-03-10,Ativa
C16,C16-E0033,T02,Professional,2026-04-08,2027-04-08,Ativa
C16,C16-E0005,T02,Enterprise,2026-04-10,,Ativa
C16,C16-E0036,T02,Professional,2026-03-30,2027-03-30,Revogada
C16,C16-E0020,T02,Standard,2026-04-06,,Revogada
C16,C16-E0015,T02,Enterprise,2026-04-22,2027-04-22,Ativa
C16,C16-E0029,T02,Professional,2026-04-13,2027-04-13,Ativa
C16,C16-E0018,T02,Enterprise,2026-04-14,2027-04-14,Ativa
C16,C16-E0011,T08,Enterprise,2026-04-16,,Ativa
C16,C16-E0036,T08,Standard,2026-04-26,2027-04-26,Ativa
C16,C16-E0021,T08,Enterprise,2026-03-30,2027-03-30,Revogada
C16,C16-E0001,T08,Enterprise,2026-04-30,2027-04-30,Ativa
C16,C16-E0004,T08,Enterprise,2026-04-22,2027-04-22,Ativa
C16,C16-E0028,T08,Enterprise,2026-03-30,,Ativa
C16,C16-E0030,T08,Enterprise,2026-04-13,,Ativa
C16,C16-E0009,T08,Standard,2026-04-09,2027-04-09,Ativa
C16,C16-E0003,T08,Enterprise,2026-04-15,2027-04-15,Ativa
C16,C16-E0027,T08,Professional,2026-03-16,2027-03-16,Ativa
C16,C16-E0029,T08,Enterprise,2026-03-23,,Ativa
C16,C16-E0032,T08,Professional,2026-04-14,,Ativa
C16,C16-E0038,T08,Enterprise,2026-03-12,,Ativa
C16,C16-E0039,T08,Enterprise,2026-04-24,2027-04-24,Ativa
C16,C16-E0026,T08,Standard,2026-05-06,,Ativa
C16,C16-E0017,T08,Professional,2026-04-19,,Ativa
C16,C16-E0020,T08,Enterprise,2026-03-24,,Ativa
C16,C16-E0035,T08,Professional,2026-03-14,2027-03-14,Ativa
C16,C16-E0018,T08,Standard,2026-05-07,2027-05-07,Ativa
C16,C16-E0014,T08,Enterprise,2026-03-17,2027-03-17,Ativa
C16,C16-E0031,T08,Professional,2026-04-11,2027-04-11,Ativa
C16,C16-E0025,T08,Professional,2026-04-15,,Ativa
C16,C16-E0013,T08,Enterprise,2026-04-21,2027-04-21,Ativa
C16,C16-E0033,T08,Enterprise,2026-03-20,2027-03-20,Ativa
C16,C16-E0006,T08,Standard,2026-03-26,2027-03-26,Ativa
C16,C16-E0023,T08,Enterprise,2026-04-04,2027-04-04,Ativa
C16,C16-E0010,T08,Enterprise,2026-04-20,,Ativa
C16,C16-E0015,T08,Enterprise,2026-04-05,,Ativa
C16,C16-E0012,T08,Enterprise,2026-03-26,2027-03-26,Ativa
C16,C16-E0016,T08,Enterprise,2026-04-20,2027-04-20,Ativa
C16,C16-E0034,T08,Professional,2026-04-13,2027-04-13,Ativa
C16,C16-E0019,T08,Professional,2026-04-29,2027-04-29,Ativa
C16,C16-E0024,T08,Professional,2026-03-14,2027-03-14,Revogada
C16,C16-E0002,T08,Enterprise,2026-04-13,2027-04-13,Ativa
C16,C16-E0022,T08,Professional,2026-04-14,2027-04-14,Ativa
C16,C16-E0007,T08,Standard,2026-04-19,2027-04-19,Ativa
C16,C16-E0005,T08,Professional,2026-05-06,2027-05-06,Ativa
C16,C16-E0037,T08,Standard,2026-03-17,2027-03-17,Ativa
C16,C16-E0040,T08,Standard,2026-04-05,,Ativa
C16,C16-E0008,T08,Standard,2026-03-19,2027-03-19,Ativa
C17,C17-E0039,T09,Professional,2025-07-04,2026-07-04,Expirada
C17,C17-E0010,T09,Professional,2025-07-22,2026-07-22,Expirada
C17,C17-E0024,T09,Enterprise,2025-06-30,2026-06-30,Ativa
C17,C17-E0018,T09,Professional,2025-07-03,2026-07-03,Ativa
C17,C17-E0034,T09,Standard,2025-07-30,2026-07-30,Expirada
C17,C17-E0015,T09,Standard,2025-07-09,2026-07-09,Ativa
C17,C17-E0008,T09,Professional,2025-06-04,2026-06-04,Expirada
C17,C17-E0042,T09,Professional,2025-07-14,2026-07-14,Expirada
C17,C17-E0017,T09,Professional,2025-07-29,2026-07-29,Expirada
C17,C17-E0025,T09,Professional,2025-06-25,2026-06-25,Expirada
C17,C17-E0040,T09,Standard,2025-07-05,,Ativa
C17,C17-E0002,T09,Professional,2025-06-16,2026-06-16,Expirada
C17,C17-E0021,T09,Enterprise,2025-06-13,2026-06-13,Ativa
C17,C17-E0006,T09,Standard,2025-07-20,2026-07-20,Ativa
C17,C17-E0005,T09,Professional,2025-06-17,,Ativa
C17,C17-E0048,T09,Standard,2025-08-03,2026-08-03,Ativa
C17,C17-E0001,T09,Professional,2025-07-01,2026-07-01,Expirada
C17,C17-E0022,T09,Professional,2025-06-30,2026-06-30,Expirada
C17,C17-E0033,T09,Standard,2025-06-16,2026-06-16,Ativa
C17,C17-E0043,T11,Enterprise,2025-06-27,,Ativa
C17,C17-E0007,T11,Enterprise,2025-07-09,2026-07-09,Expirada
C17,C17-E0032,T11,Enterprise,2025-06-13,,Ativa
C17,C17-E0025,T01,Enterprise,2025-06-27,2026-06-27,Ativa
C17,C17-E0023,T01,Enterprise,2025-07-02,,Revogada
C17,C17-E0027,T01,Standard,2025-07-12,2026-07-12,Expirada
C17,C17-E0004,T01,Enterprise,2025-07-21,2026-07-21,Expirada
C17,C17-E0039,T01,Enterprise,2025-07-22,2026-07-22,Expirada
C17,C17-E0044,T01,Enterprise,2025-07-24,2026-07-24,Expirada
C17,C17-E0009,T01,Professional,2025-07-30,,Ativa
C17,C17-E0010,T01,Standard,2025-06-20,2026-06-20,Ativa
C17,C17-E0038,T01,Professional,2025-06-30,2026-06-30,Ativa
C17,C17-E0037,T01,Standard,2025-06-17,,Ativa
C17,C17-E0024,T01,Professional,2025-06-28,2026-06-28,Expirada
C17,C17-E0019,T01,Enterprise,2025-08-08,2026-08-08,Ativa
C17,C17-E0003,T01,Enterprise,2025-07-07,2026-07-07,Ativa
C17,C17-E0020,T01,Enterprise,2025-07-05,2026-07-05,Expirada
C17,C17-E0029,T01,Enterprise,2025-06-22,2026-06-22,Expirada
C17,C17-E0001,T01,Enterprise,2025-07-30,,Ativa
C17,C17-E0035,T01,Enterprise,2025-06-14,,Ativa
C17,C17-E0013,T01,Standard,2025-06-26,,Ativa
C17,C17-E0006,T01,Professional,2025-07-10,2026-07-10,Expirada
C17,C17-E0034,T01,Standard,2025-08-02,2026-08-02,Ativa
C17,C17-E0012,T01,Standard,2025-07-14,,Ativa
C17,C17-E0008,T01,Standard,2025-06-27,2026-06-27,Expirada
C17,C17-E0014,T01,Enterprise,2025-06-16,,Ativa
C17,C17-E0005,T01,Professional,2025-07-27,2026-07-27,Ativa
C17,C17-E0046,T01,Enterprise,2025-07-15,2026-07-15,Ativa
C17,C17-E0028,T01,Standard,2025-06-19,2026-06-19,Expirada
C17,C17-E0022,T01,Enterprise,2025-07-14,2026-07-14,Expirada
C17,C17-E0032,T01,Enterprise,2025-06-27,,Ativa
C17,C17-E0016,T01,Professional,2025-06-25,2026-06-25,Expirada
C17,C17-E0017,T01,Professional,2025-08-06,2026-08-06,Ativa
C17,C17-E0036,T01,Professional,2025-07-25,2026-07-25,Ativa
C17,C17-E0007,T01,Standard,2025-07-10,2026-07-10,Expirada
C17,C17-E0030,T01,Professional,2025-07-05,,Ativa
C17,C17-E0043,T04,Professional,2025-07-14,2026-07-14,Expirada
C17,C17-E0016,T04,Standard,2025-08-01,2026-08-01,Ativa
C17,C17-E0034,T04,Professional,2025-07-11,2026-07-11,Expirada
C17,C17-E0038,T04,Professional,2025-08-02,,Ativa
C17,C17-E0024,T04,Professional,2025-07-21,,Ativa
C17,C17-E0004,T04,Enterprise,2025-07-13,,Ativa
C17,C17-E0028,T04,Standard,2025-08-12,,Ativa
C17,C17-E0036,T04,Standard,2025-07-29,2026-07-29,Expirada
C17,C17-E0044,T04,Professional,2025-07-19,2026-07-19,Expirada
C17,C17-E0046,T04,Professional,2025-07-04,2026-07-04,Expirada
C17,C17-E0017,T04,Professional,2025-07-18,2026-07-18,Ativa
C17,C17-E0035,T04,Standard,2025-07-25,2026-07-25,Ativa
C17,C17-E0041,T04,Standard,2025-07-26,2026-07-26,Expirada
C17,C17-E0040,T04,Standard,2025-07-04,2026-07-04,Expirada
C17,C17-E0027,T04,Enterprise,2025-07-21,,Ativa
C17,C17-E0031,T04,Standard,2025-07-24,,Ativa
C17,C17-E0008,T04,Enterprise,2025-07-09,,Ativa
C17,C17-E0013,T04,Enterprise,2025-08-02,,Ativa
C17,C17-E0023,T04,Professional,2025-07-24,2026-07-24,Expirada
C17,C17-E0039,T04,Enterprise,2025-08-12,2026-08-12,Ativa
C17,C17-E0008,T14,Enterprise,2025-07-27,,Ativa
C17,C17-E0023,T14,Enterprise,2025-07-13,2026-07-13,Expirada
C18,C18-E0019,T09,Professional,2025-08-12,2026-08-12,Ativa
C18,C18-E0061,T09,Enterprise,2025-08-05,2026-08-05,Ativa
C18,C18-E0044,T09,Enterprise,2025-07-21,2026-07-21,Expirada
C18,C18-E0048,T09,Professional,2025-08-26,2026-08-26,Ativa
C18,C18-E0015,T09,Standard,2025-08-06,2026-08-06,Ativa
C18,C18-E0066,T09,Professional,2025-08-18,,Ativa
C18,C18-E0043,T09,Professional,2025-07-23,2026-07-23,Expirada
C18,C18-E0049,T09,Enterprise,2025-08-13,2026-08-13,Ativa
C18,C18-E0006,T09,Enterprise,2025-08-14,,Ativa
C18,C18-E0047,T09,Enterprise,2025-08-08,,Revogada
C18,C18-E0067,T09,Standard,2025-08-10,,Ativa
C18,C18-E0028,T09,Enterprise,2025-08-06,2026-08-06,Expirada
C18,C18-E0024,T09,Standard,2025-08-10,,Ativa
C18,C18-E0008,T09,Standard,2025-08-13,2026-08-13,Ativa
C18,C18-E0060,T09,Enterprise,2025-08-13,2026-08-13,Ativa
C18,C18-E0027,T09,Enterprise,2025-08-10,2026-08-10,Ativa
C18,C18-E0056,T09,Enterprise,2025-08-07,2026-08-07,Ativa
C18,C18-E0055,T09,Enterprise,2025-07-13,2026-07-13,Expirada
C18,C18-E0051,T09,Professional,2025-08-29,2026-08-29,Ativa
C18,C18-E0046,T09,Standard,2025-09-07,2026-09-07,Ativa
C18,C18-E0018,T09,Standard,2025-07-25,2026-07-25,Ativa
C18,C18-E0005,T09,Professional,2025-08-21,,Ativa
C18,C18-E0036,T09,Enterprise,2025-08-27,2026-08-27,Revogada
C18,C18-E0054,T09,Enterprise,2025-07-09,,Ativa
C18,C18-E0004,T09,Standard,2025-07-19,2026-07-19,Ativa
C18,C18-E0057,T09,Enterprise,2025-08-23,,Ativa
C18,C18-E0014,T09,Enterprise,2025-08-03,,Ativa
C18,C18-E0034,T09,Professional,2025-08-28,2026-08-28,Ativa
C18,C18-E0021,T09,Professional,2025-08-10,2026-08-10,Ativa
C18,C18-E0022,T09,Professional,2025-08-01,,Ativa
C18,C18-E0050,T09,Professional,2025-07-28,2026-07-28,Ativa
C18,C18-E0010,T09,Enterprise,2025-08-25,2026-08-25,Ativa
C18,C18-E0064,T09,Standard,2025-08-09,2026-08-09,Ativa
C18,C18-E0053,T09,Standard,2025-08-02,2026-08-02,Expirada
C18,C18-E0069,T09,Enterprise,2025-08-26,2026-08-26,Ativa
C18,C18-E0001,T09,Enterprise,2025-07-14,2026-07-14,Expirada
C18,C18-E0033,T09,Professional,2025-08-11,,Ativa
C18,C18-E0013,T09,Professional,2025-08-20,,Ativa
C18,C18-E0017,T09,Professional,2025-08-27,2026-08-27,Ativa
C18,C18-E0023,T09,Professional,2025-08-15,,Ativa
C18,C18-E0065,T09,Enterprise,2025-08-27,2026-08-27,Ativa
C18,C18-E0041,T09,Professional,2025-08-10,,Ativa
C18,C18-E0029,T09,Enterprise,2025-07-11,2026-07-11,Expirada
C18,C18-E0045,T09,Standard,2025-07-31,,Ativa
C18,C18-E0030,T09,Professional,2025-07-14,2026-07-14,Expirada
C18,C18-E0012,T09,Enterprise,2025-08-03,2026-08-03,Ativa
C18,C18-E0040,T09,Enterprise,2025-07-13,2026-07-13,Expirada
C18,C18-E0071,T09,Standard,2025-08-15,2026-08-15,Ativa
C18,C18-E0002,T09,Standard,2025-08-16,2026-08-16,Ativa
C18,C18-E0068,T09,Enterprise,2025-08-20,2026-08-20,Revogada
C18,C18-E0062,T09,Enterprise,2025-07-24,2026-07-24,Expirada
C18,C18-E0031,T09,Professional,2025-08-18,2026-08-18,Revogada
C18,C18-E0003,T09,Standard,2025-08-17,2026-08-17,Revogada
C18,C18-E0035,T09,Enterprise,2025-08-17,2026-08-17,Ativa
C18,C18-E0009,T09,Professional,2025-07-31,2026-07-31,Expirada
C18,C18-E0059,T09,Enterprise,2025-08-04,2026-08-04,Expirada
C18,C18-E0063,T09,Standard,2025-08-13,,Ativa
C18,C18-E0052,T09,Professional,2025-08-23,2026-08-23,Ativa
C18,C18-E0058,T09,Standard,2025-08-19,2026-08-19,Ativa
C18,C18-E0026,T09,Enterprise,2025-07-27,2026-07-27,Ativa
C18,C18-E0020,T03,Standard,2025-08-07,2026-08-07,Expirada
C18,C18-E0041,T03,Professional,2025-08-04,2026-08-04,Ativa
C18,C18-E0069,T03,Standard,2025-08-09,2026-08-09,Expirada
C18,C18-E0001,T03,Enterprise,2025-09-03,2026-09-03,Ativa
C18,C18-E0058,T03,Professional,2025-07-29,,Ativa
C18,C18-E0019,T03,Standard,2025-09-04,2026-09-04,Ativa
C18,C18-E0030,T03,Standard,2025-07-25,,Ativa
C18,C18-E0051,T03,Enterprise,2025-08-15,2026-08-15,Ativa
C18,C18-E0065,T03,Standard,2025-08-10,2026-08-10,Ativa
C18,C18-E0038,T03,Professional,2025-07-19,2026-07-19,Expirada
C18,C18-E0070,T03,Professional,2025-08-20,,Ativa
C18,C18-E0007,T03,Enterprise,2025-08-06,2026-08-06,Expirada
C18,C18-E0047,T03,Professional,2025-08-07,,Ativa
C18,C18-E0056,T03,Professional,2025-08-12,,Revogada
C18,C18-E0040,T03,Professional,2025-08-27,2026-08-27,Ativa
C18,C18-E0013,T03,Enterprise,2025-07-13,2026-07-13,Expirada
C18,C18-E0063,T03,Enterprise,2025-08-10,2026-08-10,Revogada
C18,C18-E0034,T03,Enterprise,2025-08-12,2026-08-12,Ativa
C18,C18-E0035,T03,Standard,2025-09-07,,Ativa
C18,C18-E0026,T03,Standard,2025-07-15,2026-07-15,Expirada
C18,C18-E0064,T03,Enterprise,2025-08-08,,Ativa
C18,C18-E0022,T03,Standard,2025-07-29,2026-07-29,Expirada
C18,C18-E0012,T03,Standard,2025-08-08,2026-08-08,Expirada
C18,C18-E0029,T03,Enterprise,2025-07-27,2026-07-27,Expirada
C18,C18-E0010,T03,Standard,2025-08-09,2026-08-09,Expirada
C18,C18-E0044,T03,Enterprise,2025-08-29,,Ativa
C18,C18-E0052,T03,Professional,2025-08-20,2026-08-20,Ativa
C18,C18-E0045,T03,Standard,2025-07-11,2026-07-11,Ativa
C18,C18-E0016,T03,Professional,2025-07-27,2026-07-27,Expirada
C18,C18-E0036,T03,Standard,2025-08-31,2026-08-31,Revogada
C18,C18-E0046,T03,Professional,2025-07-26,2026-07-26,Expirada
C18,C18-E0011,T03,Enterprise,2025-09-09,2026-09-09,Ativa
C18,C18-E0054,T03,Enterprise,2025-08-06,2026-08-06,Ativa
C18,C18-E0021,T03,Standard,2025-08-27,2026-08-27,Ativa
C18,C18-E0061,T03,Professional,2025-07-30,2026-07-30,Ativa
C18,C18-E0028,T03,Professional,2025-07-22,2026-07-22,Expirada
C18,C18-E0002,T03,Standard,2025-08-09,2026-08-09,Ativa
C18,C18-E0033,T03,Enterprise,2025-07-09,2026-07-09,Expirada
C18,C18-E0066,T03,Standard,2025-07-28,,Ativa
C18,C18-E0005,T03,Enterprise,2025-07-13,,Ativa
C18,C18-E0023,T03,Enterprise,2025-07-25,2026-07-25,Expirada
C18,C18-E0018,T03,Standard,2025-07-06,2026-07-06,Ativa
C18,C18-E0015,T03,Enterprise,2025-08-21,2026-08-21,Ativa
C18,C18-E0032,T03,Enterprise,2025-08-03,2026-08-03,Expirada
C18,C18-E0050,T03,Professional,2025-07-25,,Revogada
C18,C18-E0071,T03,Enterprise,2025-07-24,2026-07-24,Expirada
C18,C18-E0060,T03,Standard,2025-07-27,2026-07-27,Expirada
C18,C18-E0020,T08,Standard,2025-08-09,,Revogada
C18,C18-E0007,T08,Professional,2025-08-16,,Revogada
C18,C18-E0003,T08,Professional,2025-08-22,2026-08-22,Ativa
C18,C18-E0043,T08,Professional,2025-08-17,,Ativa
C18,C18-E0064,T08,Professional,2025-07-30,,Ativa
C18,C18-E0044,T08,Professional,2025-08-08,2026-08-08,Expirada
C18,C18-E0071,T08,Professional,2025-07-11,2026-07-11,Expirada
C18,C18-E0068,T08,Enterprise,2025-09-03,2026-09-03,Ativa
C18,C18-E0008,T08,Standard,2025-08-11,2026-08-11,Ativa
C18,C18-E0038,T08,Professional,2025-08-01,2026-08-01,Ativa
C18,C18-E0060,T08,Professional,2025-07-29,2026-07-29,Expirada
C18,C18-E0051,T08,Enterprise,2025-07-22,,Ativa
C18,C18-E0009,T08,Enterprise,2025-07-11,2026-07-11,Expirada
C18,C18-E0070,T08,Enterprise,2025-08-16,2026-08-16,Ativa
C18,C18-E0012,T08,Professional,2025-08-06,2026-08-06,Ativa
C18,C18-E0037,T08,Professional,2025-08-12,2026-08-12,Ativa
C18,C18-E0026,T08,Standard,2025-09-02,2026-09-02,Ativa
C18,C18-E0004,T08,Standard,2025-08-09,2026-08-09,Ativa
C18,C18-E0045,T08,Standard,2025-07-19,2026-07-19,Expirada
C18,C18-E0046,T08,Professional,2025-08-14,,Revogada
C18,C18-E0054,T08,Enterprise,2025-08-02,2026-08-02,Expirada
C18,C18-E0047,T08,Professional,2025-07-26,2026-07-26,Ativa
C18,C18-E0010,T08,Standard,2025-07-31,,Ativa
C18,C18-E0041,T08,Enterprise,2025-07-20,2026-07-20,Ativa
C18,C18-E0033,T08,Enterprise,2025-08-17,2026-08-17,Ativa
C18,C18-E0006,T08,Standard,2025-08-16,,Ativa
C18,C18-E0023,T08,Standard,2025-09-10,,Ativa
C18,C18-E0021,T08,Professional,2025-08-08,,Ativa
C18,C18-E0069,T08,Standard,2025-08-26,2026-08-26,Ativa
C18,C18-E0015,T08,Enterprise,2025-07-29,,Ativa
C18,C18-E0035,T08,Standard,2025-08-18,2026-08-18,Ativa
C18,C18-E0053,T08,Standard,2025-08-17,2026-08-17,Ativa
C18,C18-E0013,T08,Standard,2025-07-22,,Ativa
C18,C18-E0036,T08,Professional,2025-07-16,2026-07-16,Ativa
C18,C18-E0016,T08,Professional,2025-08-04,2026-08-04,Expirada
C18,C18-E0066,T08,Standard,2025-08-15,,Ativa
C18,C18-E0062,T08,Professional,2025-08-20,,Ativa
C18,C18-E0048,T08,Professional,2025-07-06,2026-07-06,Expirada
C18,C18-E0049,T08,Professional,2025-08-23,2026-08-23,Ativa
C18,C18-E0018,T08,Standard,2025-07-26,2026-07-26,Ativa
C18,C18-E0031,T08,Standard,2025-08-24,2026-08-24,Ativa
C18,C18-E0050,T08,Enterprise,2025-08-01,2026-08-01,Ativa
C18,C18-E0057,T08,Enterprise,2025-07-22,2026-07-22,Expirada
C18,C18-E0055,T08,Standard,2025-07-26,2026-07-26,Expirada
C18,C18-E0001,T08,Standard,2025-08-04,,Ativa
C18,C18-E0058,T13,Enterprise,2025-07-10,,Revogada
C18,C18-E0032,T13,Enterprise,2025-08-13,2026-08-13,Ativa
