build_id,project_id,timestamp,status,duration,tests_executed,tests_failed
BLD-C01-P01-000001,C01-P01,2025-06-09 15:11:29,Sucesso,375,224,0
BLD-C01-P01-000002,C01-P01,2025-06-30 10:33:50,Sucesso,332,555,0
BLD-C01-P01-000003,C01-P01,2025-06-12 12:54:13,Sucesso,412,655,0
BLD-C01-P01-000004,C01-P01,2025-06-05 20:51:25,Sucesso,241,555,0
BLD-C01-P01-000005,C01-P01,2025-06-12 14:08:31,Sucesso,211,356,0
BLD-C01-P01-000006,C01-P01,2025-06-25 18:55:15,Sucesso,202,355,0
BLD-C01-P01-000007,C01-P01,2025-06-01 14:50:18,Falha,467,817,8
BLD-C01-P01-000008,C01-P01,2025-06-16 10:24:27,Sucesso,20,104,0
BLD-C01-P01-000009,C01-P01,2025-06-12 09:58:15,Sucesso,372,62,0
BLD-C01-P01-000010,C01-P01,2025-06-10 17:15:23,Sucesso,317,202,0
BLD-C01-P01-000011,C01-P01,2025-06-22 11:11:05,Sucesso,651,449,0
BLD-C01-P01-000012,C01-P01,2025-06-10 16:30:37,Sucesso,280,528,0
BLD-C01-P01-000013,C01-P01,2025-06-14 18:03:53,Sucesso,273,459,0
BLD-C01-P01-000014,C01-P01,2025-06-12 14:01:38,Sucesso,390,566,1
BLD-C01-P01-000015,C01-P01,2025-06-27 11:55:47,Sucesso,356,153,0
BLD-C01-P01-000016,C01-P01,2025-06-14 17:25:43,Sucesso,160,379,0
BLD-C01-P01-000017,C01-P01,2025-06-02 09:00:36,Sucesso,441,376,0
BLD-C01-P01-000018,C01-P01,2025-06-22 08:14:05,Falha,440,383,8
BLD-C01-P01-000019,C01-P01,2025-06-28 13:02:32,Sucesso,421,216,0
BLD-C01-P01-000020,C01-P01,2025-06-22 08:11:21,Falha,351,249,3
BLD-C01-P01-000021,C01-P01,2025-06-19 17:13:52,Falha,202,224,13
BLD-C01-P01-000022,C01-P01,2025-06-28 19:30:30,Falha,406,389,9
BLD-C01-P01-000023,C01-P01,2025-06-29 14:48:36,Sucesso,261,696,0
BLD-C01-P01-000024,C01-P01,2025-06-04 08:43:17,Sucesso,300,578,0
BLD-C01-P01-000025,C01-P01,2025-06-19 11:51:19,Sucesso,60,287,0
BLD-C01-P01-000026,C01-P01,2025-06-18 15:30:42,Sucesso,405,637,0
BLD-C01-P01-000027,C01-P01,2025-06-29 11:32:21,Sucesso,320,194,0
BLD-C01-P01-000028,C01-P01,2025-06-15 17:42:22,Sucesso,492,706,0
BLD-C01-P01-000029,C01-P01,2025-06-12 19:07:53,Sucesso,296,659,0
BLD-C01-P01-000030,C01-P01,2025-06-08 14:44:51,Sucesso,394,610,0
BLD-C01-P01-000031,C01-P01,2025-06-18 16:22:35,Sucesso,163,180,0
BLD-C01-P01-000032,C01-P01,2025-06-13 13:47:33,Sucesso,333,675,0
BLD-C01-P01-000033,C01-P01,2025-06-06 12:39:26,Falha,353,96,3
BLD-C01-P01-000034,C01-P01,2025-06-14 08:37:27,Sucesso,384,62,0
BLD-C01-P01-000035,C01-P01,2025-06-30 20:36:23,Sucesso,522,683,0
BLD-C01-P01-000036,C01-P01,2025-06-08 07:09:27,Sucesso,20,90,0
BLD-C01-P01-000037,C01-P01,2025-06-19 11:10:41,Sucesso,26,302,0
BLD-C01-P01-000038,C01-P01,2025-06-28 09:16:09,Falha,393,528,7
BLD-C01-P01-000039,C01-P01,2025-06-28 14:53:04,Falha,378,155,17
BLD-C01-P01-000040,C01-P01,2025-06-02 20:41:26,Sucesso,343,260,0
BLD-C01-P01-000041,C01-P01,2025-06-05 17:03:29,Sucesso,265,386,0
BLD-C01-P01-000042,C01-P01,2025-06-22 15:46:26,Sucesso,472,136,0
BLD-C01-P01-000043,C01-P01,2025-06-12 15:47:49,Sucesso,256,508,0
BLD-C01-P01-000044,C01-P01,2025-06-06 07:05:08,Falha,223,389,3
BLD-C01-P01-000045,C01-P01,2025-06-07 13:30:11,Sucesso,376,441,0
BLD-C01-P01-000046,C01-P01,2025-06-14 15:17:05,Sucesso,289,304,0
BLD-C01-P01-000047,C01-P01,2025-06-03 16:05:05,Falha,231,647,1
BLD-C01-P01-000048,C01-P01,2025-06-30 19:23:43,Sucesso,110,439,0
BLD-C01-P01-000049,C01-P01,2025-06-04 11:14:29,Sucesso,190,372,0
BLD-C01-P01-000050,C01-P01,2025-06-08 12:45:53,Falha,318,483,1
BLD-C01-P01-000051,C01-P01,2025-06-05 21:05:27,Sucesso,353,73,0
BLD-C01-P01-000052,C01-P01,2025-06-03 09:20:03,Sucesso,213,179,0
BLD-C01-P01-000053,C01-P01,2025-06-28 16:27:48,Sucesso,240,547,0
BLD-C01-P01-000054,C01-P01,2025-06-07 10:55:38,Sucesso,531,394,0
BLD-C01-P01-000055,C01-P01,2025-06-20 07:41:29,Sucesso,112,419,0
BLD-C01-P01-000056,C01-P01,2025-06-24 16:24:59,Sucesso,367,60,0
BLD-C01-P01-000057,C01-P01,2025-06-26 07:21:45,Sucesso,276,173,0
BLD-C01-P01-000058,C01-P01,2025-06-06 13:07:26,Sucesso,92,104,0
BLD-C01-P01-000059,C01-P01,2025-06-29 10:21:50,Sucesso,163,672,0
BLD-C01-P01-000060,C01-P01,2025-06-07 10:26:11,Sucesso,453,330,0
BLD-C01-P01-000061,C01-P01,2025-06-10 12:16:50,Sucesso,85,320,0
BLD-C01-P01-000062,C01-P01,2025-06-01 11:42:54,Falha,186,447,5
BLD-C01-P01-000063,C01-P01,2025-06-24 19:51:07,Sucesso,469,308,0
BLD-C01-P01-000064,C01-P01,2025-06-23 18:30:51,Sucesso,274,146,0
BLD-C01-P01-000065,C01-P01,2025-06-08 10:07:09,Sucesso,327,372,0
BLD-C01-P01-000066,C01-P01,2025-06-25 17:30:07,Sucesso,392,709,0
BLD-C01-P01-000067,C01-P01,2025-06-29 13:12:36,Sucesso,450,676,0
BLD-C01-P01-000068,C01-P01,2025-06-10 11:34:17,Sucesso,198,90,0
BLD-C01-P01-000069,C01-P01,2025-06-17 20:00:16,Falha,339,66,1
BLD-C01-P01-000070,C01-P01,2025-06-28 19:40:14,Sucesso,396,383,0
BLD-C01-P01-000071,C01-P01,2025-06-10 07:38:04,Sucesso,221,628,0
BLD-C01-P01-000072,C01-P01,2025-06-27 14:51:30,Sucesso,445,335,0
BLD-C01-P01-000073,C01-P01,2025-06-20 20:12:29,Sucesso,50,200,0
BLD-C01-P01-000074,C01-P01,2025-06-05 08:20:01,Sucesso,282,321,0
BLD-C01-P01-000075,C01-P01,2025-06-28 16:39:37,Sucesso,558,10,0
BLD-C01-P01-000076,C01-P01,2025-06-06 17:55:27,Sucesso,403,971,2
BLD-C01-P01-000077,C01-P01,2025-06-04 16:35:38,Sucesso,340,160,0
BLD-C01-P01-000078,C01-P01,2025-06-28 14:08:14,Sucesso,292,656,0
BLD-C01-P01-000079,C01-P01,2025-06-20 19:56:50,Sucesso,500,579,0
BLD-C01-P01-000080,C01-P01,2025-06-26 17:12:20,Falha,368,48,9
BLD-C01-P01-000081,C01-P01,2025-06-24 13:37:46,Falha,423,327,2
BLD-C01-P01-000082,C01-P01,2025-06-17 17:10:00,Sucesso,352,236,0
BLD-C01-P01-000083,C01-P01,2025-06-28 16:19:27,Sucesso,400,476,0
BLD-C01-P01-000084,C01-P01,2025-06-15 14:56:34,Falha,33,1057,3
BLD-C01-P01-000085,C01-P01,2025-06-27 07:56:10,Sucesso,548,148,0
BLD-C01-P01-000086,C01-P01,2025-06-12 19:36:47,Sucesso,234,10,0
BLD-C01-P01-000087,C01-P01,2025-06-02 16:44:37,Sucesso,544,327,0
BLD-C01-P01-000088,C01-P01,2025-06-17 15:53:02,Sucesso,176,372,0
BLD-C01-P01-000089,C01-P01,2025-06-16 17:55:58,Sucesso,507,547,0
BLD-C01-P01-000090,C01-P01,2025-06-22 10:37:48,Sucesso,399,368,0
BLD-C01-P01-000091,C01-P01,2025-06-03 09:30:20,Sucesso,118,608,0
BLD-C01-P01-000092,C01-P01,2025-06-15 10:49:44,Sucesso,298,812,0
BLD-C01-P01-000093,C01-P01,2025-06-18 20:18:21,Sucesso,162,458,0
BLD-C01-P01-000094,C01-P01,2025-06-11 09:11:35,Sucesso,319,195,0
BLD-C01-P01-000095,C01-P01,2025-06-19 19:30:01,Falha,316,365,1
BLD-C01-P01-000096,C01-P01,2025-06-26 15:56:32,Sucesso,89,271,0
BLD-C01-P01-000097,C01-P01,2025-06-04 11:19:04,Sucesso,490,329,0
BLD-C01-P01-000098,C01-P01,2025-06-20 09:35:46,Sucesso,436,738,0
BLD-C01-P01-000099,C01-P01,2025-06-05 14:10:39,Sucesso,170,465,0
BLD-C01-P01-000100,C01-P01,2025-06-17 17:42:05,Falha,303,174,2
BLD-C01-P01-000101,C01-P01,2025-06-02 21:11:06,Falha,451,677,6
BLD-C01-P01-000102,C01-P01,2025-06-10 15:31:54,Sucesso,589,374,0
BLD-C01-P01-000103,C01-P01,2025-06-30 13:17:46,Sucesso,198,591,0
BLD-C01-P01-000104,C01-P01,2025-06-11 16:27:10,Sucesso,321,534,0
BLD-C01-P01-000105,C01-P01,2025-06-13 15:39:46,Sucesso,257,554,0
BLD-C01-P01-000106,C01-P01,2025-06-14 18:53:52,Sucesso,198,341,0
BLD-C01-P01-000107,C01-P01,2025-06-22 20:18:41,Falha,423,203,10
BLD-C01-P01-000108,C01-P01,2025-06-18 14:14:13,Sucesso,305,478,0
BLD-C01-P01-000109,C01-P01,2025-06-15 11:43:28,Sucesso,257,262,0
BLD-C01-P01-000110,C01-P01,2025-06-17 20:38:48,Sucesso,199,497,0
BLD-C01-P01-000111,C01-P01,2025-06-03 21:01:39,Sucesso,259,478,0
BLD-C01-P01-000112,C01-P01,2025-06-14 13:17:01,Sucesso,350,113,0
BLD-C01-P01-000113,C01-P01,2025-06-14 15:51:51,Sucesso,208,458,2
BLD-C01-P01-000114,C01-P01,2025-06-25 21:37:47,Sucesso,403,182,0
BLD-C01-P01-000115,C01-P01,2025-06-22 07:38:13,Sucesso,345,783,0
BLD-C01-P01-000116,C01-P01,2025-06-20 18:59:23,Sucesso,261,509,0
BLD-C01-P01-000117,C01-P01,2025-06-12 14:51:40,Sucesso,450,418,0
BLD-C01-P01-000118,C01-P01,2025-06-09 10:07:10,Sucesso,214,405,0
BLD-C01-P01-000119,C01-P01,2025-06-06 07:00:50,Sucesso,463,391,0
BLD-C01-P01-000120,C01-P01,2025-06-08 17:31:26,Sucesso,228,161,1
BLD-C01-P01-000121,C01-P01,2025-06-25 15:03:38,Sucesso,337,138,0
BLD-C01-P01-000122,C01-P01,2025-06-20 09:31:05,Falha,139,464,7
BLD-C01-P01-000123,C01-P01,2025-06-06 16:09:38,Sucesso,20,350,0
BLD-C01-P01-000124,C01-P01,2025-06-25 17:15:39,Sucesso,358,433,0
BLD-C01-P01-000125,C01-P01,2025-06-16 14:51:51,Sucesso,381,394,0
BLD-C01-P01-000126,C01-P01,2025-06-28 11:21:08,Sucesso,542,15,0
BLD-C01-P01-000127,C01-P01,2025-06-03 12:08:01,Sucesso,221,315,0
BLD-C01-P01-000128,C01-P01,2025-06-09 11:57:47,Falha,180,428,2
BLD-C01-P01-000129,C01-P01,2025-06-11 07:11:05,Sucesso,620,402,0
BLD-C01-P01-000130,C01-P01,2025-06-04 08:43:28,Sucesso,149,662,0
BLD-C01-P01-000131,C01-P01,2025-06-11 08:01:27,Sucesso,310,156,0
BLD-C01-P01-000132,C01-P01,2025-06-02 16:43:22,Sucesso,178,474,0
BLD-C01-P01-000133,C01-P01,2025-06-14 11:22:34,Sucesso,330,63,0
BLD-C01-P01-000134,C01-P01,2025-06-23 21:53:02,Sucesso,307,777,0
BLD-C01-P01-000135,C01-P01,2025-06-08 10:58:39,Falha,408,252,3
BLD-C01-P01-000136,C01-P01,2025-06-10 13:43:02,Sucesso,465,491,0
BLD-C01-P01-000137,C01-P01,2025-06-23 17:20:34,Sucesso,503,485,1
BLD-C01-P01-000138,C01-P01,2025-06-05 16:44:39,Falha,343,438,15
BLD-C01-P01-000139,C01-P01,2025-06-07 14:00:23,Sucesso,367,10,0
BLD-C01-P01-000140,C01-P01,2025-06-06 16:49:14,Sucesso,189,368,0
BLD-C01-P01-000141,C01-P01,2025-06-09 10:11:33,Falha,381,554,3
BLD-C01-P01-000142,C01-P01,2025-06-24 13:46:26,Sucesso,576,130,0
BLD-C01-P01-000143,C01-P01,2025-06-25 08:57:41,Falha,226,556,1
BLD-C01-P01-000144,C01-P01,2025-06-18 18:05:06,Sucesso,459,449,0
BLD-C01-P01-000145,C01-P01,2025-06-26 10:01:13,Sucesso,257,138,0
BLD-C01-P01-000146,C01-P01,2025-06-21 18:32:03,Sucesso,522,524,0
BLD-C01-P01-000147,C01-P01,2025-06-02 16:53:50,Sucesso,229,28,0
BLD-C01-P01-000148,C01-P01,2025-06-17 11:23:07,Sucesso,104,629,0
BLD-C01-P01-000149,C01-P01,2025-06-03 16:46:28,Sucesso,389,202,0
BLD-C01-P01-000150,C01-P01,2025-06-09 21:11:54,Sucesso,416,714,0
BLD-C01-P01-000151,C01-P01,2025-06-11 11:04:59,Falha,372,241,4
BLD-C01-P01-000152,C01-P01,2025-06-07 09:27:12,Sucesso,269,206,0
BLD-C01-P01-000153,C01-P01,2025-06-04 11:55:06,Sucesso,295,401,0
BLD-C01-P01-000154,C01-P01,2025-06-13 11:42:01,Sucesso,348,595,0
BLD-C01-P01-000155,C01-P01,2025-06-13 16:44:34,Sucesso,269,333,0
BLD-C01-P01-000156,C01-P01,2025-07-03 17:49:23,Sucesso,587,369,0
BLD-C01-P01-000157,C01-P01,2025-07-25 15:08:38,Sucesso,453,183,0
BLD-C01-P01-000158,C01-P01,2025-07-30 16:45:41,Falha,455,611,2
BLD-C01-P01-000159,C01-P01,2025-07-29 12:42:07,Falha,333,241,2
BLD-C01-P01-000160,C01-P01,2025-07-26 15:50:51,Sucesso,93,195,0
BLD-C01-P01-000161,C01-P01,2025-07-09 12:41:58,Sucesso,250,531,0
BLD-C01-P01-000162,C01-P01,2025-07-26 20:39:38,Sucesso,280,463,0
BLD-C01-P01-000163,C01-P01,2025-07-24 08:08:56,Sucesso,192,522,0
BLD-C01-P01-000164,C01-P01,2025-07-08 20:03:41,Sucesso,205,605,0
BLD-C01-P01-000165,C01-P01,2025-07-12 14:43:50,Sucesso,338,337,0
BLD-C01-P01-000166,C01-P01,2025-07-04 13:35:21,Falha,380,429,3
BLD-C01-P01-000167,C01-P01,2025-07-19 21:06:43,Sucesso,476,456,0
BLD-C01-P01-000168,C01-P01,2025-07-22 21:46:08,Sucesso,424,525,0
BLD-C01-P01-000169,C01-P01,2025-07-25 08:15:42,Sucesso,248,380,0
BLD-C01-P01-000170,C01-P01,2025-07-25 18:56:45,Sucesso,337,756,0
BLD-C01-P01-000171,C01-P01,2025-07-05 08:45:10,Sucesso,20,99,1
BLD-C01-P01-000172,C01-P01,2025-07-25 12:30:21,Sucesso,332,533,0
BLD-C01-P01-000173,C01-P01,2025-07-18 14:22:42,Sucesso,490,368,0
BLD-C01-P01-000174,C01-P01,2025-07-16 16:37:42,Sucesso,168,297,0
BLD-C01-P01-000175,C01-P01,2025-07-09 16:51:40,Sucesso,558,448,0
BLD-C01-P01-000176,C01-P01,2025-07-18 20:04:54,Sucesso,342,317,0
BLD-C01-P01-000177,C01-P01,2025-07-22 17:00:35,Sucesso,321,343,0
BLD-C01-P01-000178,C01-P01,2025-07-06 20:51:50,Sucesso,141,394,0
BLD-C01-P01-000179,C01-P01,2025-07-30 15:57:44,Sucesso,262,270,0
BLD-C01-P01-000180,C01-P01,2025-07-29 19:05:32,Sucesso,230,696,0
BLD-C01-P01-000181,C01-P01,2025-07-15 09:22:32,Sucesso,479,272,0
BLD-C01-P01-000182,C01-P01,2025-07-09 19:53:52,Falha,390,430,3
BLD-C01-P01-000183,C01-P01,2025-07-22 15:27:32,Sucesso,449,215,0
BLD-C01-P01-000184,C01-P01,2025-07-30 07:32:12,Sucesso,20,486,0
BLD-C01-P01-000185,C01-P01,2025-07-02 10:26:13,Falha,432,357,1
BLD-C01-P01-000186,C01-P01,2025-07-14 19:17:14,Sucesso,20,707,0
BLD-C01-P01-000187,C01-P01,2025-07-12 08:18:02,Sucesso,428,496,0
BLD-C01-P01-000188,C01-P01,2025-07-12 19:26:26,Sucesso,209,645,0
BLD-C01-P01-000189,C01-P01,2025-07-10 13:22:01,Sucesso,241,186,0
BLD-C01-P01-000190,C01-P01,2025-07-07 10:09:45,Sucesso,355,658,1
BLD-C01-P01-000191,C01-P01,2025-07-16 18:37:30,Sucesso,300,521,0
BLD-C01-P01-000192,C01-P01,2025-07-02 09:48:10,Sucesso,31,449,0
BLD-C01-P01-000193,C01-P01,2025-07-08 19:57:35,Sucesso,111,98,0
BLD-C01-P01-000194,C01-P01,2025-07-06 10:00:18,Sucesso,480,689,0
BLD-C01-P01-000195,C01-P01,2025-07-06 19:01:12,Sucesso,258,433,0
BLD-C01-P01-000196,C01-P01,2025-07-21 07:22:22,Sucesso,259,437,0
BLD-C01-P01-000197,C01-P01,2025-07-20 21:31:30,Sucesso,529,281,0
BLD-C01-P01-000198,C01-P01,2025-07-18 14:59:36,Sucesso,417,391,0
BLD-C01-P01-000199,C01-P01,2025-07-27 13:12:01,Sucesso,314,241,0
BLD-C01-P01-000200,C01-P01,2025-07-26 08:25:15,Sucesso,359,241,0
BLD-C01-P01-000201,C01-P01,2025-07-10 21:13:44,Sucesso,271,251,0
BLD-C01-P01-000202,C01-P01,2025-07-22 08:01:30,Sucesso,234,439,0
BLD-C01-P01-000203,C01-P01,2025-07-31 20:24:09,Sucesso,304,308,0
BLD-C01-P01-000204,C01-P01,2025-07-28 10:28:59,Sucesso,457,484,0
BLD-C01-P01-000205,C01-P01,2025-07-01 16:01:49,Sucesso,214,327,0
BLD-C01-P01-000206,C01-P01,2025-07-09 09:14:44,Sucesso,764,699,0
BLD-C01-P01-000207,C01-P01,2025-07-12 18:12:44,Sucesso,344,312,0
BLD-C01-P01-000208,C01-P01,2025-07-02 20:13:27,Falha,147,790,5
BLD-C01-P01-000209,C01-P01,2025-07-23 12:48:52,Sucesso,20,791,0
BLD-C01-P01-000210,C01-P01,2025-07-20 17:00:38,Sucesso,116,208,0
BLD-C01-P01-000211,C01-P01,2025-07-28 10:51:19,Sucesso,491,105,0
BLD-C01-P01-000212,C01-P01,2025-07-03 15:48:34,Sucesso,502,760,0
BLD-C01-P01-000213,C01-P01,2025-07-02 08:38:09,Sucesso,135,282,0
BLD-C01-P01-000214,C01-P01,2025-07-04 15:01:28,Sucesso,607,163,0
BLD-C01-P01-000215,C01-P01,2025-07-08 15:49:46,Sucesso,297,202,0
BLD-C01-P01-000216,C01-P01,2025-07-14 13:11:16,Falha,338,543,2
BLD-C01-P01-000217,C01-P01,2025-07-13 16:34:26,Sucesso,542,561,0
BLD-C01-P01-000218,C01-P01,2025-07-30 08:46:20,Falha,256,571,13
BLD-C01-P01-000219,C01-P01,2025-07-01 09:32:38,Falha,228,213,22
BLD-C01-P01-000220,C01-P01,2025-07-25 18:25:09,Sucesso,152,744,0
BLD-C01-P01-000221,C01-P01,2025-07-29 13:47:59,Sucesso,221,10,0
BLD-C01-P01-000222,C01-P01,2025-07-12 15:11:23,Sucesso,94,214,1
BLD-C01-P01-000223,C01-P01,2025-07-12 15:26:42,Sucesso,374,437,0
BLD-C01-P01-000224,C01-P01,2025-07-27 16:11:12,Sucesso,63,461,0
BLD-C01-P01-000225,C01-P01,2025-07-29 17:14:49,Sucesso,174,97,0
BLD-C01-P01-000226,C01-P01,2025-07-31 09:25:24,Sucesso,465,603,0
BLD-C01-P01-000227,C01-P01,2025-07-20 08:23:25,Sucesso,556,454,0
BLD-C01-P01-000228,C01-P01,2025-07-17 11:06:01,Sucesso,20,273,0
BLD-C01-P01-000229,C01-P01,2025-07-04 11:16:19,Sucesso,539,326,0
BLD-C01-P01-000230,C01-P01,2025-07-18 08:57:20,Sucesso,337,154,0
BLD-C01-P01-000231,C01-P01,2025-07-08 07:49:50,Sucesso,254,545,0
BLD-C01-P01-000232,C01-P01,2025-07-28 19:50:05,Sucesso,325,37,0
BLD-C01-P01-000233,C01-P01,2025-07-23 19:08:59,Falha,523,229,6
BLD-C01-P01-000234,C01-P01,2025-07-30 12:31:45,Sucesso,20,509,0
BLD-C01-P01-000235,C01-P01,2025-07-08 21:14:11,Sucesso,295,501,0
BLD-C01-P01-000236,C01-P01,2025-07-03 15:48:55,Falha,20,437,1
BLD-C01-P01-000237,C01-P01,2025-07-28 13:30:32,Sucesso,377,380,0
BLD-C01-P01-000238,C01-P01,2025-07-05 18:42:35,Sucesso,416,377,0
BLD-C01-P01-000239,C01-P01,2025-07-04 17:41:55,Sucesso,597,796,0
BLD-C01-P01-000240,C01-P01,2025-07-22 08:10:46,Sucesso,230,518,0
BLD-C01-P01-000241,C01-P01,2025-07-12 14:01:04,Sucesso,271,310,0
BLD-C01-P01-000242,C01-P01,2025-07-11 18:01:14,Sucesso,418,384,0
BLD-C01-P01-000243,C01-P01,2025-07-08 18:53:10,Sucesso,586,306,0
BLD-C01-P01-000244,C01-P01,2025-07-24 07:47:39,Sucesso,222,501,0
BLD-C01-P01-000245,C01-P01,2025-07-17 10:57:59,Sucesso,186,708,0
BLD-C01-P01-000246,C01-P01,2025-07-07 07:01:17,Sucesso,403,719,0
BLD-C01-P01-000247,C01-P01,2025-07-26 14:54:56,Sucesso,392,95,1
BLD-C01-P01-000248,C01-P01,2025-07-02 12:47:17,Sucesso,334,416,3
BLD-C01-P01-000249,C01-P01,2025-07-25 20:26:29,Sucesso,191,624,0
BLD-C01-P01-000250,C01-P01,2025-07-20 10:29:48,Sucesso,475,239,0
BLD-C01-P01-000251,C01-P01,2025-07-29 08:52:33,Sucesso,96,175,0
BLD-C01-P01-000252,C01-P01,2025-07-11 08:41:32,Falha,264,611,4
BLD-C01-P01-000253,C01-P01,2025-07-27 12:05:01,Sucesso,498,395,0
BLD-C01-P01-000254,C01-P01,2025-07-23 15:37:35,Sucesso,439,90,0
BLD-C01-P01-000255,C01-P01,2025-07-06 20:02:45,Sucesso,189,679,0
BLD-C01-P01-000256,C01-P01,2025-07-18 10:39:24,Sucesso,289,472,1
BLD-C01-P01-000257,C01-P01,2025-07-09 07:56:11,Sucesso,168,382,0
BLD-C01-P01-000258,C01-P01,2025-07-07 13:55:52,Sucesso,545,284,0
BLD-C01-P01-000259,C01-P01,2025-07-07 19:21:05,Sucesso,431,451,0
BLD-C01-P01-000260,C01-P01,2025-07-20 15:26:08,Sucesso,441,251,0
BLD-C01-P01-000261,C01-P01,2025-07-04 14:39:52,Sucesso,325,583,0
BLD-C01-P01-000262,C01-P01,2025-07-28 19:17:11,Sucesso,155,665,0
BLD-C01-P01-000263,C01-P01,2025-07-07 19:38:03,Sucesso,323,469,0
BLD-C01-P01-000264,C01-P01,2025-07-31 17:21:16,Sucesso,284,413,0
BLD-C01-P01-000265,C01-P01,2025-07-18 15:41:25,Sucesso,470,452,1
BLD-C01-P01-000266,C01-P01,2025-07-15 15:57:44,Sucesso,217,474,0
BLD-C01-P01-000267,C01-P01,2025-07-08 11:36:02,Sucesso,230,32,0
BLD-C01-P01-000268,C01-P01,2025-07-23 15:46:04,Sucesso,165,213,0
BLD-C01-P01-000269,C01-P01,2025-07-17 14:53:16,Sucesso,20,513,0
BLD-C01-P01-000270,C01-P01,2025-07-23 21:01:07,Sucesso,137,402,0
BLD-C01-P01-000271,C01-P01,2025-07-25 17:47:37,Sucesso,137,842,0
BLD-C01-P01-000272,C01-P01,2025-07-20 14:47:51,Sucesso,382,415,0
BLD-C01-P01-000273,C01-P01,2025-07-24 20:32:17,Sucesso,643,324,0
BLD-C01-P01-000274,C01-P01,2025-07-25 17:59:59,Sucesso,20,216,0
BLD-C01-P01-000275,C01-P01,2025-07-29 19:18:08,Sucesso,205,52,0
BLD-C01-P01-000276,C01-P01,2025-07-09 16:13:14,Sucesso,329,300,0
BLD-C01-P01-000277,C01-P01,2025-07-03 10:10:09,Sucesso,250,277,0
BLD-C01-P01-000278,C01-P01,2025-07-31 07:41:01,Sucesso,481,389,0
BLD-C01-P01-000279,C01-P01,2025-07-13 20:26:20,Sucesso,188,426,0
BLD-C01-P01-000280,C01-P01,2025-07-10 15:58:43,Sucesso,20,472,1
BLD-C01-P01-000281,C01-P01,2025-07-22 08:03:20,Sucesso,442,673,0
BLD-C01-P01-000282,C01-P01,2025-07-24 17:30:53,Sucesso,218,491,0
BLD-C01-P01-000283,C01-P01,2025-07-30 16:16:07,Sucesso,585,397,0
BLD-C01-P01-000284,C01-P01,2025-07-15 10:12:46,Sucesso,190,602,0
BLD-C01-P01-000285,C01-P01,2025-07-02 10:12:51,Sucesso,193,556,0
BLD-C01-P01-000286,C01-P01,2025-07-15 12:41:41,Sucesso,574,280,0
BLD-C01-P01-000287,C01-P01,2025-07-17 18:42:10,Sucesso,356,337,0
BLD-C01-P01-000288,C01-P01,2025-07-25 20:47:19,Sucesso,233,65,0
BLD-C01-P01-000289,C01-P01,2025-07-09 09:55:49,Sucesso,280,460,0
BLD-C01-P01-000290,C01-P01,2025-07-04 08:19:07,Falha,414,236,1
BLD-C01-P01-000291,C01-P01,2025-07-03 11:36:14,Sucesso,350,336,0
BLD-C01-P01-000292,C01-P01,2025-07-29 10:24:24,Sucesso,364,10,0
BLD-C01-P01-000293,C01-P01,2025-07-04 19:30:50,Sucesso,284,725,0
BLD-C01-P01-000294,C01-P01,2025-07-09 08:21:55,Sucesso,421,420,0
BLD-C01-P01-000295,C01-P01,2025-07-05 15:25:00,Sucesso,491,263,0
BLD-C01-P01-000296,C01-P01,2025-07-21 08:17:06,Sucesso,561,242,0
BLD-C01-P01-000297,C01-P01,2025-07-08 12:42:13,Falha,543,133,11
BLD-C01-P01-000298,C01-P01,2025-07-24 11:32:09,Falha,454,350,3
BLD-C01-P01-000299,C01-P01,2025-07-20 07:44:20,Sucesso,338,433,0
BLD-C01-P01-000300,C01-P01,2025-08-31 11:25:27,Sucesso,60,600,0
BLD-C01-P01-000301,C01-P01,2025-08-02 11:07:06,Sucesso,663,550,1
BLD-C01-P01-000302,C01-P01,2025-08-09 20:17:43,Sucesso,431,600,0
BLD-C01-P01-000303,C01-P01,2025-08-21 08:36:21,Falha,266,423,5
BLD-C01-P01-000304,C01-P01,2025-08-01 10:49:30,Sucesso,248,446,0
BLD-C01-P01-000305,C01-P01,2025-08-10 15:44:49,Sucesso,113,266,0
BLD-C01-P01-000306,C01-P01,2025-08-28 08:34:28,Falha,390,500,8
BLD-C01-P01-000307,C01-P01,2025-08-11 11:37:24,Falha,513,231,5
BLD-C01-P01-000308,C01-P01,2025-08-14 08:38:34,Sucesso,391,380,0
BLD-C01-P01-000309,C01-P01,2025-08-13 13:04:19,Sucesso,130,317,0
BLD-C01-P01-000310,C01-P01,2025-08-23 19:58:42,Sucesso,264,524,0
BLD-C01-P01-000311,C01-P01,2025-08-06 16:24:51,Sucesso,286,820,0
BLD-C01-P01-000312,C01-P01,2025-08-30 20:52:25,Sucesso,69,323,0
BLD-C01-P01-000313,C01-P01,2025-08-28 14:46:59,Sucesso,245,521,0
BLD-C01-P01-000314,C01-P01,2025-08-30 11:09:25,Falha,117,446,1
BLD-C01-P01-000315,C01-P01,2025-08-06 19:08:05,Sucesso,487,381,0
BLD-C01-P01-000316,C01-P01,2025-08-23 08:20:50,Sucesso,134,504,0
BLD-C01-P01-000317,C01-P01,2025-08-31 09:41:25,Sucesso,145,530,0
BLD-C01-P01-000318,C01-P01,2025-08-10 11:00:45,Sucesso,171,385,0
BLD-C01-P01-000319,C01-P01,2025-08-05 15:22:30,Falha,445,117,1
BLD-C01-P01-000320,C01-P01,2025-08-23 16:11:53,Sucesso,160,336,0
BLD-C01-P01-000321,C01-P01,2025-08-03 10:08:52,Sucesso,573,462,0
BLD-C01-P01-000322,C01-P01,2025-08-19 10:01:18,Sucesso,359,638,0
BLD-C01-P01-000323,C01-P01,2025-08-12 15:51:49,Sucesso,490,385,0
BLD-C01-P01-000324,C01-P01,2025-08-15 07:49:40,Sucesso,185,265,0
BLD-C01-P01-000325,C01-P01,2025-08-13 19:09:35,Sucesso,193,656,0
BLD-C01-P01-000326,C01-P01,2025-08-16 16:41:52,Sucesso,146,113,3
BLD-C01-P01-000327,C01-P01,2025-08-09 12:40:01,Sucesso,222,421,0
BLD-C01-P01-000328,C01-P01,2025-08-30 11:59:21,Sucesso,395,356,0
BLD-C01-P01-000329,C01-P01,2025-08-10 12:48:01,Sucesso,400,549,0
BLD-C01-P01-000330,C01-P01,2025-08-10 15:06:50,Sucesso,295,155,0
BLD-C01-P01-000331,C01-P01,2025-08-07 13:02:11,Falha,311,627,9
BLD-C01-P01-000332,C01-P01,2025-08-20 11:33:23,Sucesso,518,463,0
BLD-C01-P01-000333,C01-P01,2025-08-25 10:13:21,Sucesso,319,297,0
BLD-C01-P01-000334,C01-P01,2025-08-02 17:16:58,Sucesso,380,479,0
BLD-C01-P01-000335,C01-P01,2025-08-13 09:46:57,Falha,470,265,8
BLD-C01-P01-000336,C01-P01,2025-08-03 17:28:44,Falha,244,504,1
BLD-C01-P01-000337,C01-P01,2025-08-16 19:10:05,Sucesso,481,262,0
BLD-C01-P01-000338,C01-P01,2025-08-25 08:24:39,Sucesso,348,278,0
BLD-C01-P01-000339,C01-P01,2025-08-28 07:58:43,Sucesso,200,572,0
BLD-C01-P01-000340,C01-P01,2025-08-30 09:22:19,Sucesso,198,789,0
BLD-C01-P01-000341,C01-P01,2025-08-18 12:02:05,Sucesso,172,266,0
BLD-C01-P01-000342,C01-P01,2025-08-29 09:50:29,Falha,431,287,6
BLD-C01-P01-000343,C01-P01,2025-08-13 13:00:06,Sucesso,357,434,0
BLD-C01-P01-000344,C01-P01,2025-08-18 16:14:45,Sucesso,271,545,0
BLD-C01-P01-000345,C01-P01,2025-08-01 19:38:47,Sucesso,422,42,1
BLD-C01-P01-000346,C01-P01,2025-08-05 19:25:49,Sucesso,417,381,0
BLD-C01-P01-000347,C01-P01,2025-08-09 21:45:29,Sucesso,240,611,0
BLD-C01-P01-000348,C01-P01,2025-08-02 11:35:23,Falha,136,401,3
BLD-C01-P01-000349,C01-P01,2025-08-04 15:31:51,Sucesso,685,318,0
BLD-C01-P01-000350,C01-P01,2025-08-25 14:26:14,Sucesso,382,470,0
BLD-C01-P01-000351,C01-P01,2025-08-19 10:43:10,Sucesso,424,561,0
BLD-C01-P01-000352,C01-P01,2025-08-29 09:13:03,Sucesso,145,651,0
BLD-C01-P01-000353,C01-P01,2025-08-23 11:46:24,Sucesso,370,488,0
BLD-C01-P01-000354,C01-P01,2025-08-06 11:21:03,Sucesso,760,310,0
BLD-C01-P01-000355,C01-P01,2025-08-26 19:54:21,Sucesso,616,298,0
BLD-C01-P01-000356,C01-P01,2025-08-20 13:36:34,Sucesso,168,531,0
BLD-C01-P01-000357,C01-P01,2025-08-10 09:23:46,Sucesso,226,558,0
BLD-C01-P01-000358,C01-P01,2025-08-06 11:16:32,Sucesso,279,390,0
BLD-C01-P01-000359,C01-P01,2025-08-31 10:46:16,Falha,118,10,10
BLD-C01-P01-000360,C01-P01,2025-08-14 16:13:28,Sucesso,340,490,0
BLD-C01-P01-000361,C01-P01,2025-08-31 18:49:32,Sucesso,361,290,0
BLD-C01-P01-000362,C01-P01,2025-08-04 16:51:53,Sucesso,227,580,0
BLD-C01-P01-000363,C01-P01,2025-08-01 20:36:29,Falha,413,502,14
BLD-C01-P01-000364,C01-P01,2025-08-06 13:10:57,Sucesso,337,279,0
BLD-C01-P01-000365,C01-P01,2025-08-14 17:27:56,Sucesso,406,177,0
BLD-C01-P01-000366,C01-P01,2025-08-19 18:17:28,Falha,446,351,5
BLD-C01-P01-000367,C01-P01,2025-08-14 17:50:54,Sucesso,261,448,0
BLD-C01-P01-000368,C01-P01,2025-08-22 20:54:50,Sucesso,391,255,0
BLD-C01-P01-000369,C01-P01,2025-08-02 09:02:34,Sucesso,317,472,1
BLD-C01-P01-000370,C01-P01,2025-08-24 12:12:25,Sucesso,407,403,0
BLD-C01-P01-000371,C01-P01,2025-08-05 15:11:10,Sucesso,308,472,0
BLD-C01-P01-000372,C01-P01,2025-08-08 20:29:13,Sucesso,577,18,0
BLD-C01-P01-000373,C01-P01,2025-08-19 18:04:10,Sucesso,330,345,2
BLD-C01-P01-000374,C01-P01,2025-08-24 07:14:56,Sucesso,152,643,0
BLD-C01-P01-000375,C01-P01,2025-08-14 16:46:54,Sucesso,250,261,0
BLD-C01-P01-000376,C01-P01,2025-08-26 19:21:17,Sucesso,471,554,0
BLD-C01-P01-000377,C01-P01,2025-08-25 15:31:29,Sucesso,396,340,0
BLD-C01-P01-000378,C01-P01,2025-08-26 19:28:34,Sucesso,473,142,0
BLD-C01-P01-000379,C01-P01,2025-08-14 07:33:39,Sucesso,20,433,0
BLD-C01-P01-000380,C01-P01,2025-08-06 08:11:45,Sucesso,304,469,0
BLD-C01-P01-000381,C01-P01,2025-08-23 09:30:14,Sucesso,543,10,0
BLD-C01-P01-000382,C01-P01,2025-08-25 16:34:55,Sucesso,469,28,0
BLD-C01-P01-000383,C01-P01,2025-08-06 09:55:36,Sucesso,477,158,0
BLD-C01-P01-000384,C01-P01,2025-08-14 14:57:30,Sucesso,284,10,0
BLD-C01-P01-000385,C01-P01,2025-08-30 17:43:24,Falha,422,351,6
BLD-C01-P01-000386,C01-P01,2025-08-24 08:46:21,Falha,459,368,1
BLD-C01-P01-000387,C01-P01,2025-08-07 09:45:06,Sucesso,251,630,0
BLD-C01-P01-000388,C01-P01,2025-08-29 07:39:51,Sucesso,517,618,0
BLD-C01-P01-000389,C01-P01,2025-08-22 08:57:03,Falha,212,433,16
BLD-C01-P01-000390,C01-P01,2025-08-02 09:07:11,Sucesso,359,676,0
BLD-C01-P01-000391,C01-P01,2025-08-06 21:25:07,Sucesso,421,616,0
BLD-C01-P01-000392,C01-P01,2025-08-02 19:38:00,Sucesso,584,256,0
BLD-C01-P01-000393,C01-P01,2025-08-29 17:08:39,Sucesso,528,311,0
BLD-C01-P01-000394,C01-P01,2025-08-14 20:10:52,Sucesso,278,418,0
BLD-C01-P01-000395,C01-P01,2025-08-02 12:48:39,Sucesso,321,604,0
BLD-C01-P01-000396,C01-P01,2025-08-16 18:55:13,Sucesso,419,475,0
BLD-C01-P01-000397,C01-P01,2025-08-17 16:43:50,Sucesso,117,601,0
BLD-C01-P01-000398,C01-P01,2025-08-09 09:25:00,Sucesso,588,414,0
BLD-C01-P01-000399,C01-P01,2025-08-17 14:16:13,Falha,506,555,6
BLD-C01-P01-000400,C01-P01,2025-08-07 20:00:09,Sucesso,391,588,0
BLD-C01-P01-000401,C01-P01,2025-08-16 13:07:26,Falha,344,97,9
BLD-C01-P01-000402,C01-P01,2025-08-14 10:11:24,Sucesso,454,320,0
BLD-C01-P01-000403,C01-P01,2025-08-25 07:53:47,Sucesso,306,354,0
BLD-C01-P01-000404,C01-P01,2025-08-28 19:53:28,Sucesso,401,10,0
BLD-C01-P01-000405,C01-P01,2025-08-12 12:31:12,Falha,698,277,5
BLD-C01-P01-000406,C01-P01,2025-08-07 20:10:48,Sucesso,755,10,0
BLD-C01-P01-000407,C01-P01,2025-08-09 13:16:47,Sucesso,182,162,0
BLD-C01-P01-000408,C01-P01,2025-08-10 19:53:28,Sucesso,48,492,0
BLD-C01-P01-000409,C01-P01,2025-08-20 21:43:38,Sucesso,181,700,0
BLD-C01-P01-000410,C01-P01,2025-08-01 21:24:53,Sucesso,337,302,0
BLD-C01-P01-000411,C01-P01,2025-08-03 11:03:55,Sucesso,108,206,0
BLD-C01-P01-000412,C01-P01,2025-08-23 15:33:05,Sucesso,663,470,1
BLD-C01-P01-000413,C01-P01,2025-08-25 17:26:31,Sucesso,567,377,0
BLD-C01-P01-000414,C01-P01,2025-08-07 12:50:16,Sucesso,569,466,0
BLD-C01-P01-000415,C01-P01,2025-08-04 10:15:54,Sucesso,480,462,0
BLD-C01-P01-000416,C01-P01,2025-08-14 17:33:16,Sucesso,146,297,0
BLD-C01-P01-000417,C01-P01,2025-08-05 10:47:12,Falha,488,252,9
BLD-C01-P01-000418,C01-P01,2025-08-31 16:00:00,Sucesso,227,294,0
BLD-C01-P01-000419,C01-P01,2025-08-03 13:37:45,Sucesso,353,703,0
BLD-C01-P01-000420,C01-P01,2025-08-07 20:21:28,Falha,379,240,7
BLD-C01-P01-000421,C01-P01,2025-08-01 18:37:15,Sucesso,148,436,0
BLD-C01-P01-000422,C01-P01,2025-08-11 21:46:53,Sucesso,268,170,0
BLD-C01-P01-000423,C01-P01,2025-08-24 19:13:25,Falha,373,516,11
BLD-C01-P01-000424,C01-P01,2025-08-12 12:58:21,Sucesso,418,238,0
BLD-C01-P01-000425,C01-P01,2025-08-26 12:41:48,Sucesso,242,208,0
BLD-C01-P01-000426,C01-P01,2025-08-29 17:56:37,Sucesso,20,602,1
BLD-C01-P01-000427,C01-P01,2025-08-25 15:54:41,Sucesso,276,312,0
BLD-C01-P01-000428,C01-P01,2025-08-08 21:10:16,Falha,337,491,7
BLD-C01-P01-000429,C01-P01,2025-08-01 07:37:48,Sucesso,404,127,0
BLD-C01-P01-000430,C01-P01,2025-08-20 07:27:50,Sucesso,62,731,0
BLD-C01-P01-000431,C01-P01,2025-08-31 11:54:27,Sucesso,153,368,0
BLD-C01-P01-000432,C01-P01,2025-08-28 19:47:36,Sucesso,573,52,1
BLD-C01-P01-000433,C01-P01,2025-08-24 21:27:41,Sucesso,490,781,0
BLD-C01-P01-000434,C01-P01,2025-08-17 08:37:27,Sucesso,240,446,0
BLD-C01-P01-000435,C01-P01,2025-08-24 19:30:20,Falha,179,679,5
BLD-C01-P01-000436,C01-P01,2025-08-30 12:41:42,Sucesso,195,234,0
BLD-C01-P01-000437,C01-P01,2025-08-25 19:44:05,Sucesso,390,563,0
BLD-C01-P01-000438,C01-P01,2025-08-14 14:38:03,Sucesso,372,233,0
BLD-C01-P01-000439,C01-P01,2025-08-02 13:58:24,Sucesso,244,244,0
BLD-C01-P01-000440,C01-P01,2025-08-05 13:30:54,Sucesso,536,277,0
BLD-C01-P01-000441,C01-P01,2025-08-23 18:09:14,Sucesso,577,361,0
BLD-C01-P01-000442,C01-P01,2025-08-13 21:04:57,Falha,531,420,15
BLD-C01-P01-000443,C01-P01,2025-08-26 10:56:06,Sucesso,630,507,0
BLD-C01-P01-000444,C01-P01,2025-08-04 18:55:55,Sucesso,628,177,0
BLD-C01-P01-000445,C01-P01,2025-08-20 20:42:09,Sucesso,161,387,0
BLD-C01-P01-000446,C01-P01,2025-08-11 17:36:31,Sucesso,405,511,0
BLD-C01-P01-000447,C01-P01,2025-08-05 13:40:46,Sucesso,284,458,0
BLD-C01-P01-000448,C01-P01,2025-08-29 15:21:01,Sucesso,635,427,0
BLD-C01-P01-000449,C01-P01,2025-08-04 12:01:46,Sucesso,606,472,0
BLD-C01-P01-000450,C01-P01,2025-09-01 09:07:42,Sucesso,297,210,0
BLD-C01-P01-000451,C01-P01,2025-09-02 12:44:27,Sucesso,540,405,0
BLD-C01-P01-000452,C01-P01,2025-09-27 11:06:02,Sucesso,124,257,0
BLD-C01-P01-000453,C01-P01,2025-09-27 16:25:39,Sucesso,337,376,0
BLD-C01-P01-000454,C01-P01,2025-09-16 19:37:09,Sucesso,312,431,0
BLD-C01-P01-000455,C01-P01,2025-09-22 16:35:20,Sucesso,406,573,0
BLD-C01-P01-000456,C01-P01,2025-09-27 19:18:32,Falha,269,453,5
BLD-C01-P01-000457,C01-P01,2025-09-20 09:00:05,Sucesso,446,372,0
BLD-C01-P01-000458,C01-P01,2025-09-22 08:24:35,Sucesso,356,434,0
BLD-C01-P01-000459,C01-P01,2025-09-17 08:07:31,Sucesso,286,605,0
BLD-C01-P01-000460,C01-P01,2025-09-13 14:57:57,Sucesso,445,133,0
BLD-C01-P01-000461,C01-P01,2025-09-26 17:45:56,Falha,482,290,1
BLD-C01-P01-000462,C01-P01,2025-09-06 10:16:27,Falha,160,551,4
BLD-C01-P01-000463,C01-P01,2025-09-20 13:43:32,Sucesso,199,221,0
BLD-C01-P01-000464,C01-P01,2025-09-06 10:36:02,Sucesso,462,107,0
BLD-C01-P01-000465,C01-P01,2025-09-11 07:48:57,Sucesso,194,139,0
BLD-C01-P01-000466,C01-P01,2025-09-17 20:43:38,Sucesso,252,74,0
BLD-C01-P01-000467,C01-P01,2025-09-13 09:45:09,Sucesso,384,559,0
BLD-C01-P01-000468,C01-P01,2025-09-03 16:34:59,Sucesso,343,252,0
BLD-C01-P01-000469,C01-P01,2025-09-13 11:27:28,Sucesso,405,382,0
BLD-C01-P01-000470,C01-P01,2025-09-11 19:35:03,Falha,300,300,1
BLD-C01-P01-000471,C01-P01,2025-09-26 21:00:23,Sucesso,22,269,0
BLD-C01-P01-000472,C01-P01,2025-09-08 07:03:37,Sucesso,562,251,0
BLD-C01-P01-000473,C01-P01,2025-09-19 10:08:09,Falha,293,771,8
BLD-C01-P01-000474,C01-P01,2025-09-26 12:57:00,Sucesso,204,423,0
BLD-C01-P01-000475,C01-P01,2025-09-14 07:36:20,Sucesso,409,582,0
BLD-C01-P01-000476,C01-P01,2025-09-26 19:21:36,Sucesso,407,452,0
BLD-C01-P01-000477,C01-P01,2025-09-02 15:52:04,Sucesso,273,386,0
BLD-C01-P01-000478,C01-P01,2025-09-18 14:32:24,Falha,186,509,12
BLD-C01-P01-000479,C01-P01,2025-09-29 09:18:09,Sucesso,468,401,0
BLD-C01-P01-000480,C01-P01,2025-09-28 11:09:59,Sucesso,152,317,0
BLD-C01-P01-000481,C01-P01,2025-09-03 08:17:47,Sucesso,229,514,0
BLD-C01-P01-000482,C01-P01,2025-09-13 15:35:50,Sucesso,345,450,0
BLD-C01-P01-000483,C01-P01,2025-09-24 21:01:48,Sucesso,284,136,0
BLD-C01-P01-000484,C01-P01,2025-09-08 11:03:54,Sucesso,461,777,0
BLD-C01-P01-000485,C01-P01,2025-09-21 21:48:30,Sucesso,205,397,0
BLD-C01-P01-000486,C01-P01,2025-09-23 14:25:14,Sucesso,435,270,0
BLD-C01-P01-000487,C01-P01,2025-09-07 17:26:34,Sucesso,636,390,0
BLD-C01-P01-000488,C01-P01,2025-09-29 15:32:43,Sucesso,513,794,0
BLD-C01-P01-000489,C01-P01,2025-09-14 16:39:58,Sucesso,252,295,0
BLD-C01-P01-000490,C01-P01,2025-09-23 11:43:57,Sucesso,214,479,0
BLD-C01-P01-000491,C01-P01,2025-09-21 14:57:37,Sucesso,390,161,2
BLD-C01-P01-000492,C01-P01,2025-09-25 20:26:09,Sucesso,330,89,0
BLD-C01-P01-000493,C01-P01,2025-09-28 08:45:30,Sucesso,386,240,0
BLD-C01-P01-000494,C01-P01,2025-09-28 08:24:26,Sucesso,20,425,0
BLD-C01-P01-000495,C01-P01,2025-09-29 14:29:25,Falha,126,385,1
BLD-C01-P01-000496,C01-P01,2025-09-24 07:25:44,Falha,576,123,2
BLD-C01-P01-000497,C01-P01,2025-09-28 07:56:30,Falha,25,415,6
BLD-C01-P01-000498,C01-P01,2025-09-22 13:06:00,Sucesso,237,10,0
BLD-C01-P01-000499,C01-P01,2025-09-20 17:15:03,Sucesso,208,317,0
BLD-C01-P01-000500,C01-P01,2025-09-13 10:58:59,Sucesso,282,381,0
BLD-C01-P01-000501,C01-P01,2025-09-04 17:12:14,Falha,734,102,1
BLD-C01-P01-000502,C01-P01,2025-09-13 08:16:30,Sucesso,279,561,0
BLD-C01-P01-000503,C01-P01,2025-09-25 09:35:52,Sucesso,478,442,0
BLD-C01-P01-000504,C01-P01,2025-09-03 14:10:52,Sucesso,326,375,0
BLD-C01-P01-000505,C01-P01,2025-09-29 18:55:53,Falha,402,601,5
BLD-C01-P01-000506,C01-P01,2025-09-20 08:21:10,Sucesso,280,458,0
BLD-C01-P01-000507,C01-P01,2025-09-17 19:35:43,Falha,376,409,3
BLD-C01-P01-000508,C01-P01,2025-09-25 07:31:14,Sucesso,114,386,0
BLD-C01-P01-000509,C01-P01,2025-09-16 17:48:03,Sucesso,374,595,0
BLD-C01-P01-000510,C01-P01,2025-09-27 17:41:20,Sucesso,453,182,0
BLD-C01-P01-000511,C01-P01,2025-09-24 15:17:19,Sucesso,347,438,0
BLD-C01-P01-000512,C01-P01,2025-09-21 12:11:34,Sucesso,451,484,0
BLD-C01-P01-000513,C01-P01,2025-09-09 19:26:55,Sucesso,268,458,0
BLD-C01-P01-000514,C01-P01,2025-09-22 13:29:55,Sucesso,471,719,1
BLD-C01-P01-000515,C01-P01,2025-09-03 18:13:51,Sucesso,482,492,0
BLD-C01-P01-000516,C01-P01,2025-09-03 08:57:21,Sucesso,154,686,0
BLD-C01-P01-000517,C01-P01,2025-09-08 12:38:04,Sucesso,448,722,0
BLD-C01-P01-000518,C01-P01,2025-09-04 07:16:35,Falha,419,592,6
BLD-C01-P01-000519,C01-P01,2025-09-18 18:41:14,Sucesso,300,558,0
BLD-C01-P01-000520,C01-P01,2025-09-22 15:50:54,Falha,164,505,4
BLD-C01-P01-000521,C01-P01,2025-09-24 16:42:29,Falha,423,357,2
BLD-C01-P01-000522,C01-P01,2025-09-28 21:22:57,Sucesso,146,297,0
BLD-C01-P01-000523,C01-P01,2025-09-28 17:37:13,Sucesso,570,442,0
BLD-C01-P01-000524,C01-P01,2025-09-12 17:43:00,Sucesso,567,275,0
BLD-C01-P01-000525,C01-P01,2025-09-12 07:45:40,Sucesso,470,198,0
BLD-C01-P01-000526,C01-P01,2025-09-14 15:29:41,Sucesso,532,432,0
BLD-C01-P01-000527,C01-P01,2025-09-14 16:39:24,Sucesso,413,629,0
BLD-C01-P01-000528,C01-P01,2025-09-30 08:21:45,Sucesso,463,475,0
BLD-C01-P01-000529,C01-P01,2025-09-18 21:20:33,Sucesso,123,304,0
BLD-C01-P01-000530,C01-P01,2025-09-13 15:50:53,Sucesso,334,277,0
BLD-C01-P01-000531,C01-P01,2025-09-01 07:57:54,Falha,336,513,6
BLD-C01-P01-000532,C01-P01,2025-09-09 18:58:41,Falha,178,392,9
BLD-C01-P01-000533,C01-P01,2025-09-29 08:58:37,Sucesso,342,615,0
BLD-C01-P01-000534,C01-P01,2025-09-25 21:25:56,Falha,261,495,6
BLD-C01-P01-000535,C01-P01,2025-09-03 15:45:09,Sucesso,427,620,0
BLD-C01-P01-000536,C01-P01,2025-09-26 09:30:18,Sucesso,207,10,0
BLD-C01-P01-000537,C01-P01,2025-09-30 13:32:36,Sucesso,625,691,0
BLD-C01-P01-000538,C01-P01,2025-09-24 19:14:26,Sucesso,201,413,0
BLD-C01-P01-000539,C01-P01,2025-09-01 07:32:43,Sucesso,377,165,0
BLD-C01-P01-000540,C01-P01,2025-09-21 09:35:24,Sucesso,172,149,0
BLD-C01-P01-000541,C01-P01,2025-09-07 16:59:00,Falha,92,288,5
BLD-C01-P01-000542,C01-P01,2025-09-01 21:34:31,Sucesso,422,359,0
BLD-C01-P01-000543,C01-P01,2025-09-12 19:17:48,Sucesso,477,652,1
BLD-C01-P01-000544,C01-P01,2025-09-28 10:12:43,Falha,641,178,5
BLD-C01-P01-000545,C01-P01,2025-09-11 14:22:42,Sucesso,507,71,0
BLD-C01-P01-000546,C01-P01,2025-09-19 14:49:06,Sucesso,283,388,0
BLD-C01-P01-000547,C01-P01,2025-09-16 15:10:52,Sucesso,396,539,0
BLD-C01-P01-000548,C01-P01,2025-09-19 19:46:11,Sucesso,521,241,0
BLD-C01-P01-000549,C01-P01,2025-09-19 20:13:48,Falha,276,424,2
BLD-C01-P01-000550,C01-P01,2025-09-26 07:53:17,Sucesso,373,462,0
BLD-C01-P01-000551,C01-P01,2025-09-19 21:57:29,Sucesso,570,204,0
BLD-C01-P01-000552,C01-P01,2025-09-22 07:35:26,Sucesso,110,506,0
BLD-C01-P01-000553,C01-P01,2025-09-16 15:36:24,Falha,20,597,9
BLD-C01-P01-000554,C01-P01,2025-09-08 12:32:25,Sucesso,407,385,0
BLD-C01-P01-000555,C01-P01,2025-09-14 13:38:40,Sucesso,409,453,0
BLD-C01-P01-000556,C01-P01,2025-09-20 09:28:08,Falha,145,565,3
BLD-C01-P01-000557,C01-P01,2025-09-05 07:01:48,Sucesso,234,390,0
BLD-C01-P01-000558,C01-P01,2025-09-20 21:40:06,Sucesso,373,491,0
BLD-C01-P01-000559,C01-P01,2025-09-30 18:32:19,Sucesso,390,500,0
BLD-C01-P01-000560,C01-P01,2025-09-08 13:54:08,Sucesso,143,576,0
BLD-C01-P01-000561,C01-P01,2025-09-24 17:34:40,Sucesso,264,137,0
BLD-C01-P01-000562,C01-P01,2025-09-27 19:27:41,Sucesso,142,354,0
BLD-C01-P01-000563,C01-P01,2025-09-25 16:10:23,Sucesso,114,343,0
BLD-C01-P01-000564,C01-P01,2025-09-14 21:57:01,Sucesso,153,107,0
BLD-C01-P01-000565,C01-P01,2025-09-11 20:16:16,Sucesso,519,404,0
BLD-C01-P01-000566,C01-P01,2025-09-18 18:03:16,Sucesso,229,256,0
BLD-C01-P01-000567,C01-P01,2025-09-11 09:29:55,Sucesso,131,595,0
BLD-C01-P01-000568,C01-P01,2025-09-13 09:38:08,Sucesso,143,306,0
BLD-C01-P01-000569,C01-P01,2025-09-07 08:44:09,Sucesso,250,349,0
BLD-C01-P01-000570,C01-P01,2025-09-27 09:01:21,Sucesso,432,647,0
BLD-C01-P01-000571,C01-P01,2025-09-18 07:43:22,Sucesso,250,441,0
BLD-C01-P01-000572,C01-P01,2025-09-11 19:04:05,Sucesso,194,174,0
BLD-C01-P01-000573,C01-P01,2025-09-30 13:18:52,Sucesso,312,569,0
BLD-C01-P01-000574,C01-P01,2025-09-01 14:23:30,Sucesso,485,777,0
BLD-C01-P01-000575,C01-P01,2025-09-04 10:38:27,Sucesso,331,342,1
BLD-C01-P01-000576,C01-P01,2025-09-05 08:28:20,Sucesso,291,17,0
BLD-C01-P01-000577,C01-P01,2025-09-29 19:06:55,Sucesso,548,286,0
BLD-C01-P01-000578,C01-P01,2025-09-04 12:52:26,Sucesso,340,573,0
BLD-C01-P01-000579,C01-P01,2025-09-06 08:35:47,Sucesso,106,377,0
BLD-C01-P01-000580,C01-P01,2025-09-24 18:13:01,Sucesso,75,693,0
BLD-C01-P01-000581,C01-P01,2025-09-04 20:46:02,Falha,250,466,4
BLD-C01-P01-000582,C01-P01,2025-09-08 21:07:26,Sucesso,308,159,0
BLD-C01-P01-000583,C01-P01,2025-09-07 18:23:54,Sucesso,159,296,0
BLD-C01-P01-000584,C01-P01,2025-09-29 11:52:26,Sucesso,304,412,0
BLD-C01-P01-000585,C01-P01,2025-09-03 12:34:30,Sucesso,253,10,0
BLD-C01-P01-000586,C01-P01,2025-09-16 13:12:02,Sucesso,115,636,0
BLD-C01-P01-000587,C01-P01,2025-09-23 17:46:07,Sucesso,172,317,0
BLD-C01-P01-000588,C01-P01,2025-09-19 11:11:43,Sucesso,364,352,0
BLD-C01-P01-000589,C01-P01,2025-09-17 09:05:45,Falha,58,782,1
BLD-C01-P01-000590,C01-P01,2025-09-19 12:20:22,Falha,631,153,5
BLD-C01-P01-000591,C01-P01,2025-09-05 14:04:40,Sucesso,376,532,0
BLD-C01-P01-000592,C01-P01,2025-09-28 08:16:32,Sucesso,541,172,0
BLD-C01-P01-000593,C01-P01,2025-09-10 10:37:51,Sucesso,147,470,0
BLD-C01-P01-000594,C01-P01,2025-09-16 15:08:23,Sucesso,484,806,2
BLD-C01-P01-000595,C01-P01,2025-09-24 17:23:15,Sucesso,637,403,0
BLD-C01-P01-000596,C01-P01,2025-09-03 12:44:15,Sucesso,292,325,0
BLD-C01-P01-000597,C01-P01,2025-09-22 17:36:18,Sucesso,168,536,0
BLD-C01-P01-000598,C01-P01,2025-09-03 19:45:36,Sucesso,211,321,0
BLD-C01-P01-000599,C01-P01,2025-09-21 08:13:57,Sucesso,339,372,0
BLD-C01-P01-000600,C01-P01,2025-09-04 12:26:59,Falha,479,132,3
BLD-C01-P01-000601,C01-P01,2025-09-05 12:43:34,Sucesso,522,410,0
BLD-C01-P01-000602,C01-P01,2025-09-27 09:32:41,Sucesso,334,336,0
BLD-C01-P01-000603,C01-P01,2025-09-12 21:31:20,Sucesso,451,479,0
BLD-C01-P01-000604,C01-P01,2025-09-03 12:48:39,Sucesso,126,133,2
BLD-C01-P01-000605,C01-P01,2025-09-29 08:04:46,Sucesso,518,295,0
BLD-C01-P01-000606,C01-P01,2025-09-08 17:59:01,Sucesso,360,275,0
BLD-C01-P01-000607,C01-P01,2025-09-08 19:06:13,Sucesso,302,61,0
BLD-C01-P01-000608,C01-P01,2025-09-14 09:25:32,Sucesso,396,581,0
BLD-C01-P01-000609,C01-P01,2025-09-14 17:33:29,Sucesso,235,297,0
BLD-C01-P01-000610,C01-P01,2025-09-11 13:38:09,Sucesso,108,327,0
BLD-C01-P01-000611,C01-P01,2025-09-16 17:07:50,Sucesso,454,516,0
BLD-C01-P01-000612,C01-P01,2025-09-13 10:25:47,Sucesso,447,358,0
BLD-C01-P01-000613,C01-P01,2025-09-10 18:47:48,Sucesso,211,618,0
BLD-C01-P01-000614,C01-P01,2025-10-02 10:40:22,Sucesso,423,671,0
BLD-C01-P01-000615,C01-P01,2025-10-24 11:43:39,Sucesso,438,635,0
BLD-C01-P01-000616,C01-P01,2025-10-12 12:31:06,Sucesso,552,299,0
BLD-C01-P01-000617,C01-P01,2025-10-19 07:16:16,Sucesso,284,615,0
BLD-C01-P01-000618,C01-P01,2025-10-01 21:25:20,Sucesso,179,625,0
BLD-C01-P01-000619,C01-P01,2025-10-06 18:04:54,Sucesso,432,622,0
BLD-C01-P01-000620,C01-P01,2025-10-10 11:17:21,Sucesso,117,490,0
BLD-C01-P01-000621,C01-P01,2025-10-07 09:46:09,Sucesso,139,302,0
BLD-C01-P01-000622,C01-P01,2025-10-23 19:45:04,Sucesso,246,506,0
BLD-C01-P01-000623,C01-P01,2025-10-27 09:04:16,Sucesso,563,487,0
BLD-C01-P01-000624,C01-P01,2025-10-10 15:00:54,Falha,537,439,11
BLD-C01-P01-000625,C01-P01,2025-10-26 17:51:36,Sucesso,157,224,0
BLD-C01-P01-000626,C01-P01,2025-10-27 17:08:43,Sucesso,320,696,0
BLD-C01-P01-000627,C01-P01,2025-10-03 13:08:12,Falha,487,226,3
BLD-C01-P01-000628,C01-P01,2025-10-31 16:47:26,Sucesso,523,517,0
BLD-C01-P01-000629,C01-P01,2025-10-20 08:50:28,Sucesso,320,67,0
BLD-C01-P01-000630,C01-P01,2025-10-22 13:21:31,Sucesso,366,462,0
BLD-C01-P01-000631,C01-P01,2025-10-18 16:42:18,Sucesso,507,475,0
BLD-C01-P01-000632,C01-P01,2025-10-06 14:13:43,Sucesso,283,205,1
BLD-C01-P01-000633,C01-P01,2025-10-21 08:47:10,Sucesso,266,263,0
BLD-C01-P01-000634,C01-P01,2025-10-16 07:51:10,Sucesso,192,56,0
BLD-C01-P01-000635,C01-P01,2025-10-11 12:46:29,Sucesso,416,424,0
BLD-C01-P01-000636,C01-P01,2025-10-22 08:05:38,Sucesso,565,160,0
BLD-C01-P01-000637,C01-P01,2025-10-01 12:47:47,Sucesso,354,517,0
BLD-C01-P01-000638,C01-P01,2025-10-30 10:55:18,Sucesso,535,580,0
BLD-C01-P01-000639,C01-P01,2025-10-14 19:13:15,Falha,89,491,4
BLD-C01-P01-000640,C01-P01,2025-10-15 12:10:41,Sucesso,357,842,0
BLD-C01-P01-000641,C01-P01,2025-10-02 15:23:37,Sucesso,577,263,0
BLD-C01-P01-000642,C01-P01,2025-10-22 08:16:58,Sucesso,316,44,0
BLD-C01-P01-000643,C01-P01,2025-10-26 11:21:28,Sucesso,299,334,0
BLD-C01-P01-000644,C01-P01,2025-10-11 14:53:24,Sucesso,217,370,0
BLD-C01-P01-000645,C01-P01,2025-10-24 20:11:41,Falha,243,365,2
BLD-C01-P01-000646,C01-P01,2025-10-28 11:28:17,Sucesso,289,583,0
BLD-C01-P01-000647,C01-P01,2025-10-13 10:39:51,Sucesso,207,301,1
BLD-C01-P01-000648,C01-P01,2025-10-29 14:56:10,Sucesso,287,841,0
BLD-C01-P01-000649,C01-P01,2025-10-13 08:52:13,Sucesso,154,376,0
BLD-C01-P01-000650,C01-P01,2025-10-25 11:25:22,Sucesso,318,243,0
BLD-C01-P01-000651,C01-P01,2025-10-03 16:47:38,Falha,105,407,11
BLD-C01-P01-000652,C01-P01,2025-10-12 07:07:10,Sucesso,613,129,0
BLD-C01-P01-000653,C01-P01,2025-10-01 08:10:18,Sucesso,494,238,0
BLD-C01-P01-000654,C01-P01,2025-10-13 18:01:20,Sucesso,433,438,0
BLD-C01-P01-000655,C01-P01,2025-10-01 11:41:55,Sucesso,238,546,3
BLD-C01-P01-000656,C01-P01,2025-10-09 12:43:58,Sucesso,380,257,0
BLD-C01-P01-000657,C01-P01,2025-10-15 09:54:19,Falha,423,533,1
BLD-C01-P01-000658,C01-P01,2025-10-27 10:24:20,Sucesso,220,171,0
BLD-C01-P01-000659,C01-P01,2025-10-02 19:15:14,Falha,392,411,3
BLD-C01-P01-000660,C01-P01,2025-10-23 07:37:22,Sucesso,301,345,0
BLD-C01-P01-000661,C01-P01,2025-10-01 17:07:43,Sucesso,312,319,0
BLD-C01-P01-000662,C01-P01,2025-10-09 18:49:28,Sucesso,203,599,0
BLD-C01-P01-000663,C01-P01,2025-10-21 13:47:24,Sucesso,439,212,0
BLD-C01-P01-000664,C01-P01,2025-10-08 15:34:29,Falha,411,576,1
BLD-C01-P01-000665,C01-P01,2025-10-23 13:09:41,Sucesso,405,180,1
BLD-C01-P01-000666,C01-P01,2025-10-18 21:43:49,Sucesso,307,263,0
BLD-C01-P01-000667,C01-P01,2025-10-24 14:21:37,Falha,298,384,8
BLD-C01-P01-000668,C01-P01,2025-10-10 10:12:08,Falha,173,315,9
BLD-C01-P01-000669,C01-P01,2025-10-24 20:15:04,Sucesso,61,523,0
BLD-C01-P01-000670,C01-P01,2025-10-02 07:35:35,Sucesso,237,60,0
BLD-C01-P01-000671,C01-P01,2025-10-05 09:51:27,Sucesso,300,521,0
BLD-C01-P01-000672,C01-P01,2025-10-13 15:17:46,Sucesso,238,146,0
BLD-C01-P01-000673,C01-P01,2025-10-18 08:53:59,Sucesso,397,598,0
BLD-C01-P01-000674,C01-P01,2025-10-10 21:19:52,Sucesso,208,199,0
BLD-C01-P01-000675,C01-P01,2025-10-07 11:30:05,Falha,338,209,4
BLD-C01-P01-000676,C01-P01,2025-10-01 19:58:58,Sucesso,441,338,0
BLD-C01-P01-000677,C01-P01,2025-10-12 18:36:42,Sucesso,274,268,0
BLD-C01-P01-000678,C01-P01,2025-10-30 20:07:59,Sucesso,417,227,0
BLD-C01-P01-000679,C01-P01,2025-10-01 10:10:58,Sucesso,712,423,0
BLD-C01-P01-000680,C01-P01,2025-10-03 11:07:55,Sucesso,304,609,0
BLD-C01-P01-000681,C01-P01,2025-10-21 17:40:26,Sucesso,378,542,0
BLD-C01-P01-000682,C01-P01,2025-10-24 15:19:12,Sucesso,438,457,0
BLD-C01-P01-000683,C01-P01,2025-10-20 20:17:45,Sucesso,525,493,0
BLD-C01-P01-000684,C01-P01,2025-10-14 10:43:54,Sucesso,72,339,1
BLD-C01-P01-000685,C01-P01,2025-10-08 08:57:25,Sucesso,462,413,0
BLD-C01-P01-000686,C01-P01,2025-10-23 12:59:43,Falha,144,755,14
BLD-C01-P01-000687,C01-P01,2025-10-30 14:21:48,Sucesso,520,643,0
BLD-C01-P01-000688,C01-P01,2025-10-05 08:08:33,Sucesso,205,339,0
BLD-C01-P01-000689,C01-P01,2025-10-13 10:59:51,Sucesso,465,368,0
BLD-C01-P01-000690,C01-P01,2025-10-02 07:54:50,Sucesso,355,737,0
BLD-C01-P01-000691,C01-P01,2025-10-05 21:28:04,Sucesso,114,594,0
BLD-C01-P01-000692,C01-P01,2025-10-30 19:36:36,Falha,370,421,4
BLD-C01-P01-000693,C01-P01,2025-10-18 11:42:49,Sucesso,347,271,0
BLD-C01-P01-000694,C01-P01,2025-10-12 16:43:19,Sucesso,20,209,0
BLD-C01-P01-000695,C01-P01,2025-10-03 09:51:34,Falha,306,545,1
BLD-C01-P01-000696,C01-P01,2025-10-25 18:58:58,Sucesso,406,589,0
BLD-C01-P01-000697,C01-P01,2025-10-15 16:26:38,Sucesso,127,198,0
BLD-C01-P01-000698,C01-P01,2025-10-27 21:53:52,Sucesso,116,471,0
BLD-C01-P01-000699,C01-P01,2025-10-02 07:14:57,Sucesso,332,28,0
BLD-C01-P01-000700,C01-P01,2025-10-22 15:16:22,Sucesso,177,255,0
BLD-C01-P01-000701,C01-P01,2025-10-09 19:10:10,Sucesso,153,487,0
BLD-C01-P01-000702,C01-P01,2025-10-05 13:38:40,Sucesso,244,544,0
BLD-C01-P01-000703,C01-P01,2025-10-08 15:22:07,Sucesso,209,624,0
BLD-C01-P01-000704,C01-P01,2025-10-20 12:03:41,Sucesso,437,317,0
BLD-C01-P01-000705,C01-P01,2025-10-20 21:52:40,Sucesso,20,317,0
BLD-C01-P01-000706,C01-P01,2025-10-24 21:20:56,Sucesso,254,550,0
BLD-C01-P01-000707,C01-P01,2025-10-21 16:27:33,Sucesso,171,127,0
BLD-C01-P01-000708,C01-P01,2025-10-26 19:34:59,Sucesso,20,570,0
BLD-C01-P01-000709,C01-P01,2025-10-11 15:42:17,Sucesso,431,338,0
BLD-C01-P01-000710,C01-P01,2025-10-07 10:05:04,Sucesso,658,253,0
BLD-C01-P01-000711,C01-P01,2025-10-12 20:01:34,Falha,137,506,1
BLD-C01-P01-000712,C01-P01,2025-10-24 16:34:37,Sucesso,480,392,1
BLD-C01-P01-000713,C01-P01,2025-10-14 09:09:39,Sucesso,464,516,0
BLD-C01-P01-000714,C01-P01,2025-10-12 11:03:50,Sucesso,226,94,0
BLD-C01-P01-000715,C01-P01,2025-10-11 12:20:30,Falha,442,509,23
BLD-C01-P01-000716,C01-P01,2025-10-03 16:22:05,Sucesso,726,644,0
BLD-C01-P01-000717,C01-P01,2025-10-09 19:50:16,Falha,61,622,5
BLD-C01-P01-000718,C01-P01,2025-10-05 13:01:26,Sucesso,438,198,0
BLD-C01-P01-000719,C01-P01,2025-10-24 09:18:05,Sucesso,315,401,0
BLD-C01-P01-000720,C01-P01,2025-10-30 19:41:21,Sucesso,88,198,0
BLD-C01-P01-000721,C01-P01,2025-10-03 19:47:31,Sucesso,168,404,0
BLD-C01-P01-000722,C01-P01,2025-10-10 14:20:03,Falha,482,379,1
BLD-C01-P01-000723,C01-P01,2025-10-17 08:25:58,Sucesso,577,506,0
BLD-C01-P01-000724,C01-P01,2025-10-22 17:43:20,Sucesso,465,407,0
BLD-C01-P01-000725,C01-P01,2025-10-01 21:51:57,Sucesso,328,354,1
BLD-C01-P01-000726,C01-P01,2025-10-30 16:52:19,Sucesso,204,464,0
BLD-C01-P01-000727,C01-P01,2025-10-04 11:32:27,Sucesso,325,228,1
BLD-C01-P01-000728,C01-P01,2025-10-06 16:55:54,Sucesso,622,356,0
BLD-C01-P01-000729,C01-P01,2025-10-22 08:54:45,Sucesso,220,116,0
BLD-C01-P01-000730,C01-P01,2025-10-16 18:51:32,Sucesso,539,524,0
BLD-C01-P01-000731,C01-P01,2025-10-09 11:24:05,Sucesso,471,513,0
BLD-C01-P01-000732,C01-P01,2025-10-13 12:30:19,Sucesso,287,533,0
BLD-C01-P01-000733,C01-P01,2025-10-27 16:19:50,Sucesso,257,375,0
BLD-C01-P01-000734,C01-P01,2025-10-02 20:37:16,Sucesso,133,509,0
BLD-C01-P01-000735,C01-P01,2025-10-02 11:46:44,Sucesso,717,472,0
BLD-C01-P01-000736,C01-P01,2025-10-22 08:39:41,Sucesso,220,44,0
BLD-C01-P01-000737,C01-P01,2025-10-02 14:59:51,Falha,264,312,1
BLD-C01-P01-000738,C01-P01,2025-10-07 08:56:19,Sucesso,413,203,0
BLD-C01-P01-000739,C01-P01,2025-10-07 11:05:48,Sucesso,383,561,0
BLD-C01-P01-000740,C01-P01,2025-10-05 16:28:37,Sucesso,236,593,0
BLD-C01-P01-000741,C01-P01,2025-10-12 19:25:03,Falha,525,240,25
BLD-C01-P01-000742,C01-P01,2025-10-14 09:11:12,Sucesso,482,263,0
BLD-C01-P01-000743,C01-P01,2025-10-03 11:30:46,Sucesso,515,605,0
BLD-C01-P01-000744,C01-P01,2025-10-15 10:02:38,Sucesso,251,375,0
BLD-C01-P01-000745,C01-P01,2025-10-09 12:07:57,Sucesso,506,496,0
BLD-C01-P01-000746,C01-P01,2025-10-08 20:59:05,Sucesso,498,234,0
BLD-C01-P01-000747,C01-P01,2025-10-02 18:09:05,Sucesso,461,453,0
BLD-C01-P01-000748,C01-P01,2025-10-18 19:41:58,Sucesso,250,636,0
BLD-C01-P01-000749,C01-P01,2025-10-25 12:59:42,Sucesso,471,176,0
BLD-C01-P01-000750,C01-P01,2025-10-11 19:51:22,Sucesso,23,61,0
BLD-C01-P01-000751,C01-P01,2025-10-13 18:19:54,Sucesso,542,572,0
BLD-C01-P01-000752,C01-P01,2025-10-17 12:50:11,Sucesso,327,577,0
BLD-C01-P01-000753,C01-P01,2025-10-28 18:41:25,Sucesso,252,237,0
BLD-C01-P01-000754,C01-P01,2025-10-03 08:02:04,Falha,357,500,10
BLD-C01-P01-000755,C01-P01,2025-10-21 08:41:15,Sucesso,20,403,0
BLD-C01-P01-000756,C01-P01,2025-10-07 16:27:37,Sucesso,324,467,0
BLD-C01-P01-000757,C01-P01,2025-10-06 21:19:47,Sucesso,383,385,0
BLD-C01-P01-000758,C01-P01,2025-10-19 18:35:36,Sucesso,240,88,0
BLD-C01-P01-000759,C01-P01,2025-10-11 08:22:29,Sucesso,20,530,0
BLD-C01-P01-000760,C01-P01,2025-10-06 14:04:43,Sucesso,72,270,0
BLD-C01-P01-000761,C01-P01,2025-10-20 07:32:31,Sucesso,23,686,0
BLD-C01-P01-000762,C01-P01,2025-10-25 13:40:46,Falha,342,178,5
BLD-C01-P01-000763,C01-P01,2025-10-29 11:23:48,Sucesso,37,56,0
BLD-C01-P01-000764,C01-P01,2025-10-24 10:22:10,Sucesso,197,671,0
BLD-C01-P01-000765,C01-P01,2025-10-01 17:05:14,Sucesso,401,315,0
BLD-C01-P01-000766,C01-P01,2025-10-08 14:30:13,Sucesso,298,553,0
BLD-C01-P01-000767,C01-P01,2025-10-17 08:46:05,Falha,410,378,3
BLD-C01-P01-000768,C01-P01,2025-10-27 14:35:10,Sucesso,355,619,0
BLD-C01-P01-000769,C01-P01,2025-10-01 10:03:32,Sucesso,540,582,0
BLD-C01-P01-000770,C01-P01,2025-10-19 15:20:23,Sucesso,72,54,0
BLD-C01-P01-000771,C01-P01,2025-10-29 21:32:22,Sucesso,435,286,0
BLD-C01-P01-000772,C01-P01,2025-10-02 11:41:35,Sucesso,305,533,0
BLD-C01-P01-000773,C01-P01,2025-10-31 10:55:15,Sucesso,465,592,0
BLD-C01-P01-000774,C01-P01,2025-10-31 13:11:32,Sucesso,490,312,0
BLD-C01-P01-000775,C01-P01,2025-10-21 16:04:16,Sucesso,242,10,0
BLD-C01-P01-000776,C01-P01,2025-10-14 07:07:08,Sucesso,286,181,0
BLD-C01-P01-000777,C01-P01,2025-10-15 20:35:03,Sucesso,198,345,0
BLD-C01-P01-000778,C01-P01,2025-10-01 12:10:02,Sucesso,219,388,0
BLD-C01-P01-000779,C01-P01,2025-10-13 08:21:32,Sucesso,184,724,0
BLD-C01-P01-000780,C01-P01,2025-10-24 10:55:19,Sucesso,319,346,0
BLD-C01-P01-000781,C01-P01,2025-10-08 20:12:54,Sucesso,354,332,0
BLD-C01-P01-000782,C01-P01,2025-10-13 09:53:14,Sucesso,441,139,0
BLD-C01-P01-000783,C01-P01,2025-10-19 10:20:12,Sucesso,187,306,0
BLD-C01-P01-000784,C01-P01,2025-10-05 12:00:01,Sucesso,543,479,0
BLD-C01-P01-000785,C01-P01,2025-10-23 08:29:52,Sucesso,394,304,0
BLD-C01-P01-000786,C01-P01,2025-11-28 11:03:40,Sucesso,274,160,0
BLD-C01-P01-000787,C01-P01,2025-11-05 18:39:32,Sucesso,287,400,0
BLD-C01-P01-000788,C01-P01,2025-11-09 08:40:57,Sucesso,312,291,0
BLD-C01-P01-000789,C01-P01,2025-11-25 14:10:27,Sucesso,443,700,0
BLD-C01-P01-000790,C01-P01,2025-11-15 13:56:44,Sucesso,379,550,0
BLD-C01-P01-000791,C01-P01,2025-11-18 08:03:30,Sucesso,581,113,0
BLD-C01-P01-000792,C01-P01,2025-11-06 20:53:34,Sucesso,165,591,0
BLD-C01-P01-000793,C01-P01,2025-11-26 09:46:44,Sucesso,337,354,0
BLD-C01-P01-000794,C01-P01,2025-11-29 18:50:31,Falha,340,10,1
BLD-C01-P01-000795,C01-P01,2025-11-19 18:22:59,Falha,255,592,16
BLD-C01-P01-000796,C01-P01,2025-11-01 15:33:09,Sucesso,423,10,0
BLD-C01-P01-000797,C01-P01,2025-11-15 08:58:52,Sucesso,326,613,0
BLD-C01-P01-000798,C01-P01,2025-11-11 17:21:21,Sucesso,204,449,0
BLD-C01-P01-000799,C01-P01,2025-11-23 09:28:07,Sucesso,300,504,0
BLD-C01-P01-000800,C01-P01,2025-11-09 07:29:31,Sucesso,369,446,0
BLD-C01-P01-000801,C01-P01,2025-11-11 16:48:30,Sucesso,368,473,0
BLD-C01-P01-000802,C01-P01,2025-11-13 17:04:03,Sucesso,288,439,0
BLD-C01-P01-000803,C01-P01,2025-11-02 11:55:31,Sucesso,309,619,0
BLD-C01-P01-000804,C01-P01,2025-11-24 15:35:28,Sucesso,281,384,0
BLD-C01-P01-000805,C01-P01,2025-11-17 07:02:43,Sucesso,20,18,0
BLD-C01-P01-000806,C01-P01,2025-11-12 15:55:17,Sucesso,223,195,0
BLD-C01-P01-000807,C01-P01,2025-11-28 10:02:51,Sucesso,393,624,0
BLD-C01-P01-000808,C01-P01,2025-11-07 18:44:37,Sucesso,434,194,0
BLD-C01-P01-000809,C01-P01,2025-11-03 15:43:53,Sucesso,311,479,0
BLD-C01-P01-000810,C01-P01,2025-11-24 08:07:50,Sucesso,20,440,0
BLD-C01-P01-000811,C01-P01,2025-11-18 10:29:53,Sucesso,268,349,0
BLD-C01-P01-000812,C01-P01,2025-11-28 12:41:09,Falha,155,561,9
BLD-C01-P01-000813,C01-P01,2025-11-04 15:23:31,Sucesso,368,271,0
BLD-C01-P01-000814,C01-P01,2025-11-12 16:31:26,Falha,392,400,2
BLD-C01-P01-000815,C01-P01,2025-11-08 21:45:23,Sucesso,440,475,0
BLD-C01-P01-000816,C01-P01,2025-11-08 15:43:51,Sucesso,467,343,0
BLD-C01-P01-000817,C01-P01,2025-11-24 21:08:30,Sucesso,263,134,0
BLD-C01-P01-000818,C01-P01,2025-11-24 14:24:49,Falha,378,116,31
BLD-C01-P01-000819,C01-P01,2025-11-10 16:50:45,Sucesso,20,225,0
BLD-C01-P01-000820,C01-P01,2025-11-09 12:50:27,Sucesso,500,558,0
BLD-C01-P01-000821,C01-P01,2025-11-18 08:58:00,Falha,358,231,1
BLD-C01-P01-000822,C01-P01,2025-11-19 18:58:28,Sucesso,554,200,0
BLD-C01-P01-000823,C01-P01,2025-11-28 19:25:53,Sucesso,323,213,0
BLD-C01-P01-000824,C01-P01,2025-11-25 09:23:17,Sucesso,146,584,0
BLD-C01-P01-000825,C01-P01,2025-11-20 17:12:14,Sucesso,20,359,0
BLD-C01-P01-000826,C01-P01,2025-11-15 10:52:35,Sucesso,138,279,0
BLD-C01-P01-000827,C01-P01,2025-11-17 16:36:52,Sucesso,268,110,0
BLD-C01-P01-000828,C01-P01,2025-11-09 16:40:56,Sucesso,351,393,0
BLD-C01-P01-000829,C01-P01,2025-11-03 20:20:25,Sucesso,20,223,0
BLD-C01-P01-000830,C01-P01,2025-11-19 12:32:28,Sucesso,629,93,1
BLD-C01-P01-000831,C01-P01,2025-11-12 19:28:54,Sucesso,195,526,0
BLD-C01-P01-000832,C01-P01,2025-11-05 10:50:14,Sucesso,529,198,1
BLD-C01-P01-000833,C01-P01,2025-11-04 10:22:48,Sucesso,335,120,0
BLD-C01-P01-000834,C01-P01,2025-11-10 19:13:31,Falha,272,324,2
BLD-C01-P01-000835,C01-P01,2025-11-17 15:40:07,Sucesso,381,457,0
BLD-C01-P01-000836,C01-P01,2025-11-17 07:21:30,Sucesso,471,385,0
BLD-C01-P01-000837,C01-P01,2025-11-29 10:54:01,Sucesso,370,374,0
BLD-C01-P01-000838,C01-P01,2025-11-18 10:25:56,Sucesso,284,177,0
BLD-C01-P01-000839,C01-P01,2025-11-24 17:40:34,Sucesso,408,318,0
BLD-C01-P01-000840,C01-P01,2025-11-12 16:31:17,Sucesso,402,426,0
BLD-C01-P01-000841,C01-P01,2025-11-24 15:08:08,Falha,64,98,8
BLD-C01-P01-000842,C01-P01,2025-11-19 21:55:04,Falha,330,194,1
BLD-C01-P01-000843,C01-P01,2025-11-25 10:08:23,Sucesso,358,547,0
BLD-C01-P01-000844,C01-P01,2025-11-20 12:28:09,Sucesso,278,641,0
BLD-C01-P01-000845,C01-P01,2025-11-05 17:35:45,Falha,295,544,1
BLD-C01-P01-000846,C01-P01,2025-11-09 18:16:40,Falha,167,667,7
BLD-C01-P01-000847,C01-P01,2025-11-11 17:27:58,Sucesso,664,220,0
BLD-C01-P01-000848,C01-P01,2025-11-30 16:16:39,Sucesso,191,292,0
BLD-C01-P01-000849,C01-P01,2025-11-02 20:29:29,Sucesso,78,305,0
BLD-C01-P01-000850,C01-P01,2025-11-08 16:32:23,Sucesso,495,496,0
BLD-C01-P01-000851,C01-P01,2025-11-25 19:39:17,Sucesso,492,429,0
BLD-C01-P01-000852,C01-P01,2025-11-23 08:10:15,Sucesso,474,779,0
BLD-C01-P01-000853,C01-P01,2025-11-17 13:15:05,Sucesso,476,744,0
BLD-C01-P01-000854,C01-P01,2025-11-16 20:23:38,Sucesso,640,687,0
BLD-C01-P01-000855,C01-P01,2025-11-02 12:07:59,Sucesso,109,10,0
BLD-C01-P01-000856,C01-P01,2025-11-25 21:35:43,Sucesso,135,192,0
BLD-C01-P01-000857,C01-P01,2025-11-06 11:34:27,Sucesso,303,65,0
BLD-C01-P01-000858,C01-P01,2025-11-03 15:18:36,Sucesso,437,585,0
BLD-C01-P01-000859,C01-P01,2025-11-19 09:33:05,Sucesso,236,198,0
BLD-C01-P01-000860,C01-P01,2025-11-29 20:27:29,Sucesso,313,679,0
BLD-C01-P01-000861,C01-P01,2025-11-30 12:14:28,Sucesso,198,762,0
BLD-C01-P01-000862,C01-P01,2025-11-22 21:04:31,Sucesso,181,526,0
BLD-C01-P01-000863,C01-P01,2025-11-11 18:25:14,Sucesso,310,172,0
BLD-C01-P01-000864,C01-P01,2025-11-23 20:54:48,Sucesso,20,485,0
BLD-C01-P01-000865,C01-P01,2025-11-14 16:51:40,Sucesso,397,602,0
BLD-C01-P01-000866,C01-P01,2025-11-23 17:10:11,Sucesso,234,312,0
BLD-C01-P01-000867,C01-P01,2025-11-08 14:03:08,Sucesso,132,654,1
BLD-C01-P01-000868,C01-P01,2025-11-26 11:57:12,Sucesso,322,378,0
BLD-C01-P01-000869,C01-P01,2025-11-27 17:35:40,Sucesso,318,147,0
BLD-C01-P01-000870,C01-P01,2025-11-21 11:43:13,Sucesso,371,429,0
BLD-C01-P01-000871,C01-P01,2025-11-22 14:29:28,Falha,349,472,12
BLD-C01-P01-000872,C01-P01,2025-11-03 18:50:05,Sucesso,287,92,0
BLD-C01-P01-000873,C01-P01,2025-11-25 21:15:28,Sucesso,172,477,0
BLD-C01-P01-000874,C01-P01,2025-11-12 17:20:10,Sucesso,442,942,0
BLD-C01-P01-000875,C01-P01,2025-11-14 17:21:00,Falha,20,371,7
BLD-C01-P01-000876,C01-P01,2025-11-10 07:00:58,Sucesso,312,462,0
BLD-C01-P01-000877,C01-P01,2025-11-20 16:43:47,Sucesso,124,335,0
BLD-C01-P01-000878,C01-P01,2025-11-12 13:30:34,Sucesso,332,306,0
BLD-C01-P01-000879,C01-P01,2025-11-01 12:14:01,Falha,183,428,5
BLD-C01-P01-000880,C01-P01,2025-11-09 20:59:42,Sucesso,501,451,0
BLD-C01-P01-000881,C01-P01,2025-11-13 09:07:21,Sucesso,680,354,0
BLD-C01-P01-000882,C01-P01,2025-11-26 21:25:02,Sucesso,49,304,0
BLD-C01-P01-000883,C01-P01,2025-11-11 17:35:48,Sucesso,348,256,0
BLD-C01-P01-000884,C01-P01,2025-11-29 14:01:32,Sucesso,280,68,0
BLD-C01-P01-000885,C01-P01,2025-11-30 14:44:41,Sucesso,640,220,0
BLD-C01-P01-000886,C01-P01,2025-11-21 14:25:03,Sucesso,253,151,0
BLD-C01-P01-000887,C01-P01,2025-11-27 13:20:49,Sucesso,317,710,0
BLD-C01-P01-000888,C01-P01,2025-11-28 12:42:47,Sucesso,306,642,0
BLD-C01-P01-000889,C01-P01,2025-11-10 11:48:04,Sucesso,339,541,0
BLD-C01-P01-000890,C01-P01,2025-11-11 07:07:01,Sucesso,498,579,0
BLD-C01-P01-000891,C01-P01,2025-11-10 15:31:01,Sucesso,300,185,0
BLD-C01-P01-000892,C01-P01,2025-11-19 12:50:10,Falha,356,457,5
BLD-C01-P01-000893,C01-P01,2025-11-15 15:58:05,Sucesso,591,257,0
BLD-C01-P01-000894,C01-P01,2025-11-27 16:29:13,Sucesso,160,446,0
BLD-C01-P01-000895,C01-P01,2025-11-13 16:53:02,Sucesso,228,387,0
BLD-C01-P01-000896,C01-P01,2025-11-20 07:32:24,Sucesso,410,292,0
BLD-C01-P01-000897,C01-P01,2025-11-03 08:23:05,Sucesso,475,298,0
BLD-C01-P01-000898,C01-P01,2025-11-02 14:51:34,Falha,604,303,15
BLD-C01-P01-000899,C01-P01,2025-11-04 07:39:37,Sucesso,238,392,0
BLD-C01-P01-000900,C01-P01,2025-11-20 16:16:02,Sucesso,362,295,0
BLD-C01-P01-000901,C01-P01,2025-11-21 08:10:29,Sucesso,102,579,0
BLD-C01-P01-000902,C01-P01,2025-11-27 13:32:40,Falha,434,306,1
BLD-C01-P01-000903,C01-P01,2025-11-15 15:57:42,Sucesso,163,476,0
BLD-C01-P01-000904,C01-P01,2025-11-19 15:38:49,Sucesso,554,36,0
BLD-C01-P01-000905,C01-P01,2025-11-09 10:30:28,Sucesso,472,312,0
BLD-C01-P01-000906,C01-P01,2025-11-29 12:54:05,Sucesso,287,289,0
BLD-C01-P01-000907,C01-P01,2025-11-09 15:45:46,Sucesso,545,328,0
BLD-C01-P01-000908,C01-P01,2025-11-23 21:46:27,Sucesso,302,251,0
BLD-C01-P01-000909,C01-P01,2025-11-23 07:19:10,Sucesso,303,235,0
BLD-C01-P01-000910,C01-P01,2025-11-10 17:21:43,Sucesso,383,678,0
BLD-C01-P01-000911,C01-P01,2025-11-07 14:18:44,Sucesso,406,363,0
BLD-C01-P01-000912,C01-P01,2025-11-23 14:45:49,Falha,131,595,1
BLD-C01-P01-000913,C01-P01,2025-11-19 17:42:24,Falha,389,351,3
BLD-C01-P01-000914,C01-P01,2025-11-28 16:44:24,Sucesso,388,273,0
BLD-C01-P01-000915,C01-P01,2025-11-07 10:22:30,Sucesso,519,308,0
BLD-C01-P01-000916,C01-P01,2025-11-04 07:13:44,Sucesso,361,555,0
BLD-C01-P01-000917,C01-P01,2025-11-13 10:26:08,Sucesso,214,594,0
BLD-C01-P01-000918,C01-P01,2025-11-21 15:59:59,Sucesso,408,230,0
BLD-C01-P01-000919,C01-P01,2025-11-14 09:29:01,Sucesso,28,778,0
BLD-C01-P01-000920,C01-P01,2025-11-23 19:19:50,Sucesso,320,423,0
BLD-C01-P01-000921,C01-P01,2025-11-13 15:18:54,Sucesso,613,324,0
BLD-C01-P01-000922,C01-P01,2025-11-05 14:16:08,Sucesso,20,481,0
BLD-C01-P01-000923,C01-P01,2025-11-09 18:51:44,Sucesso,381,196,0
BLD-C01-P01-000924,C01-P01,2025-11-07 17:26:11,Sucesso,449,273,0
BLD-C01-P01-000925,C01-P01,2025-11-17 16:33:20,Sucesso,306,201,0
BLD-C01-P01-000926,C01-P01,2025-11-23 17:28:03,Sucesso,269,687,0
BLD-C01-P01-000927,C01-P01,2025-11-10 13:08:36,Sucesso,523,227,0
BLD-C01-P01-000928,C01-P01,2025-11-15 13:54:33,Sucesso,407,750,0
BLD-C01-P01-000929,C01-P01,2025-11-03 08:17:59,Falha,413,298,1
BLD-C01-P01-000930,C01-P01,2025-11-01 10:28:09,Falha,294,397,3
BLD-C01-P01-000931,C01-P01,2025-11-25 18:00:47,Sucesso,120,501,0
BLD-C01-P01-000932,C01-P01,2025-11-06 16:59:45,Sucesso,495,432,0
BLD-C01-P01-000933,C01-P01,2025-11-17 20:40:28,Sucesso,417,358,1
BLD-C01-P01-000934,C01-P01,2025-11-20 20:31:09,Sucesso,279,511,0
BLD-C01-P01-000935,C01-P01,2025-11-25 16:44:37,Sucesso,207,167,0
BLD-C01-P01-000936,C01-P01,2025-11-04 11:35:41,Sucesso,406,693,0
BLD-C01-P01-000937,C01-P01,2025-11-17 19:41:19,Sucesso,428,618,0
BLD-C01-P01-000938,C01-P01,2025-11-07 21:52:28,Sucesso,461,607,0
BLD-C01-P01-000939,C01-P01,2025-11-19 09:58:56,Sucesso,276,10,0
BLD-C01-P01-000940,C01-P01,2025-11-03 20:42:58,Sucesso,124,427,0
BLD-C01-P01-000941,C01-P01,2025-11-25 21:00:58,Sucesso,426,411,0
BLD-C01-P01-000942,C01-P01,2025-11-05 16:43:38,Sucesso,451,422,0
BLD-C01-P01-000943,C01-P01,2025-11-06 17:48:33,Sucesso,210,101,0
BLD-C01-P01-000944,C01-P01,2025-11-13 18:37:52,Sucesso,416,732,0
BLD-C01-P01-000945,C01-P01,2025-11-10 10:24:59,Falha,427,232,8
BLD-C01-P01-000946,C01-P01,2025-11-27 20:46:29,Sucesso,348,289,0
BLD-C01-P01-000947,C01-P01,2025-11-05 17:14:26,Falha,435,491,11
BLD-C01-P01-000948,C01-P01,2025-11-12 15:23:06,Sucesso,411,509,0
BLD-C01-P01-000949,C01-P01,2025-11-03 19:52:27,Sucesso,434,284,0
BLD-C01-P01-000950,C01-P01,2025-12-16 07:46:35,Sucesso,200,552,0
BLD-C01-P01-000951,C01-P01,2025-12-26 19:29:41,Sucesso,344,451,0
BLD-C01-P01-000952,C01-P01,2025-12-08 12:29:16,Sucesso,324,342,0
BLD-C01-P01-000953,C01-P01,2025-12-28 21:47:44,Sucesso,227,313,0
BLD-C01-P01-000954,C01-P01,2025-12-21 21:59:19,Sucesso,309,502,0
BLD-C01-P01-000955,C01-P01,2025-12-17 10:05:54,Sucesso,211,608,0
BLD-C01-P01-000956,C01-P01,2025-12-04 20:05:03,Sucesso,212,452,0
BLD-C01-P01-000957,C01-P01,2025-12-08 18:38:25,Sucesso,102,314,0
BLD-C01-P01-000958,C01-P01,2025-12-29 14:39:11,Sucesso,397,10,0
BLD-C01-P01-000959,C01-P01,2025-12-28 21:14:58,Sucesso,174,781,0
BLD-C01-P01-000960,C01-P01,2025-12-16 13:05:23,Sucesso,70,462,0
BLD-C01-P01-000961,C01-P01,2025-12-21 07:36:07,Sucesso,20,66,0
BLD-C01-P01-000962,C01-P01,2025-12-30 18:36:00,Sucesso,257,208,1
BLD-C01-P01-000963,C01-P01,2025-12-26 09:16:36,Falha,400,503,2
BLD-C01-P01-000964,C01-P01,2025-12-11 12:16:58,Sucesso,96,469,0
BLD-C01-P01-000965,C01-P01,2025-12-15 09:22:09,Sucesso,760,399,0
BLD-C01-P01-000966,C01-P01,2025-12-25 17:44:35,Sucesso,411,532,0
BLD-C01-P01-000967,C01-P01,2025-12-23 12:24:48,Sucesso,112,596,0
BLD-C01-P01-000968,C01-P01,2025-12-18 19:03:24,Sucesso,641,203,1
BLD-C01-P01-000969,C01-P01,2025-12-11 16:47:57,Sucesso,333,552,0
BLD-C01-P01-000970,C01-P01,2025-12-10 10:59:47,Sucesso,335,45,0
BLD-C01-P01-000971,C01-P01,2025-12-09 18:02:20,Falha,594,537,3
BLD-C01-P01-000972,C01-P01,2025-12-13 12:37:52,Sucesso,334,710,0
BLD-C01-P01-000973,C01-P01,2025-12-22 07:54:24,Sucesso,254,510,0
BLD-C01-P01-000974,C01-P01,2025-12-24 11:52:04,Sucesso,378,333,1
BLD-C01-P01-000975,C01-P01,2025-12-17 21:16:01,Sucesso,279,313,0
BLD-C01-P01-000976,C01-P01,2025-12-12 15:51:23,Sucesso,289,658,0
BLD-C01-P01-000977,C01-P01,2025-12-17 08:33:22,Sucesso,357,354,2
BLD-C01-P01-000978,C01-P01,2025-12-16 16:06:07,Sucesso,438,527,1
BLD-C01-P01-000979,C01-P01,2025-12-22 14:12:02,Sucesso,309,36,0
BLD-C01-P01-000980,C01-P01,2025-12-18 18:20:22,Sucesso,248,257,0
BLD-C01-P01-000981,C01-P01,2025-12-16 19:13:30,Sucesso,159,525,0
BLD-C01-P01-000982,C01-P01,2025-12-06 08:50:02,Sucesso,413,269,0
BLD-C01-P01-000983,C01-P01,2025-12-06 20:45:38,Sucesso,532,164,0
BLD-C01-P01-000984,C01-P01,2025-12-18 16:48:26,Sucesso,20,650,0
BLD-C01-P01-000985,C01-P01,2025-12-12 19:42:32,Sucesso,419,660,0
BLD-C01-P01-000986,C01-P01,2025-12-21 20:05:50,Sucesso,354,547,0
BLD-C01-P01-000987,C01-P01,2025-12-27 18:36:40,Sucesso,445,221,0
BLD-C01-P01-000988,C01-P01,2025-12-17 21:25:24,Sucesso,568,160,0
BLD-C01-P01-000989,C01-P01,2025-12-15 13:59:32,Sucesso,75,10,0
BLD-C01-P01-000990,C01-P01,2025-12-27 19:33:17,Falha,487,318,9
BLD-C01-P01-000991,C01-P01,2025-12-30 09:56:31,Sucesso,194,384,0
BLD-C01-P01-000992,C01-P01,2025-12-08 13:31:25,Sucesso,131,443,0
BLD-C01-P01-000993,C01-P01,2025-12-09 08:37:17,Falha,110,523,5
BLD-C01-P01-000994,C01-P01,2025-12-20 09:47:52,Falha,344,237,1
BLD-C01-P01-000995,C01-P01,2025-12-24 21:51:13,Sucesso,544,228,0
BLD-C01-P01-000996,C01-P01,2025-12-31 07:35:42,Sucesso,335,490,1
BLD-C01-P01-000997,C01-P01,2025-12-20 19:11:57,Sucesso,386,277,0
BLD-C01-P01-000998,C01-P01,2025-12-28 17:50:17,Sucesso,434,420,0
BLD-C01-P01-000999,C01-P01,2025-12-22 20:34:20,Sucesso,427,412,0
BLD-C01-P01-001000,C01-P01,2025-12-20 13:51:14,Sucesso,263,415,0
BLD-C01-P01-001001,C01-P01,2025-12-18 17:19:34,Sucesso,408,497,0
BLD-C01-P01-001002,C01-P01,2025-12-09 15:38:01,Sucesso,293,647,0
BLD-C01-P01-001003,C01-P01,2025-12-25 21:08:01,Sucesso,308,232,0
BLD-C01-P01-001004,C01-P01,2025-12-07 14:37:16,Sucesso,181,721,0
BLD-C01-P01-001005,C01-P01,2025-12-24 15:32:22,Falha,276,464,6
BLD-C01-P01-001006,C01-P01,2025-12-12 10:54:31,Sucesso,318,341,0
BLD-C01-P01-001007,C01-P01,2025-12-22 12:32:08,Sucesso,197,493,0
BLD-C01-P01-001008,C01-P01,2025-12-10 13:23:23,Sucesso,222,653,0
BLD-C01-P01-001009,C01-P01,2025-12-31 14:36:09,Sucesso,118,679,0
BLD-C01-P01-001010,C01-P01,2025-12-08 19:40:37,Sucesso,362,439,0
BLD-C01-P01-001011,C01-P01,2025-12-13 14:05:43,Sucesso,104,373,0
BLD-C01-P01-001012,C01-P01,2025-12-05 19:37:54,Sucesso,409,525,0
BLD-C01-P01-001013,C01-P01,2025-12-05 18:53:01,Sucesso,98,262,0
BLD-C01-P01-001014,C01-P01,2025-12-23 20:53:10,Sucesso,101,538,0
BLD-C01-P01-001015,C01-P01,2025-12-19 16:06:23,Sucesso,482,124,0
BLD-C01-P01-001016,C01-P01,2025-12-14 13:09:01,Sucesso,322,452,0
BLD-C01-P01-001017,C01-P01,2025-12-30 13:12:12,Falha,170,128,5
BLD-C01-P01-001018,C01-P01,2025-12-29 08:47:26,Falha,266,311,2
BLD-C01-P01-001019,C01-P01,2025-12-25 14:54:14,Sucesso,20,375,0
BLD-C01-P01-001020,C01-P01,2025-12-14 07:21:54,Sucesso,262,632,0
BLD-C01-P01-001021,C01-P01,2025-12-15 17:09:35,Sucesso,132,718,0
BLD-C01-P01-001022,C01-P01,2025-12-20 09:55:54,Sucesso,255,79,0
BLD-C01-P01-001023,C01-P01,2025-12-17 08:53:40,Sucesso,491,655,0
BLD-C01-P01-001024,C01-P01,2025-12-04 13:03:25,Sucesso,331,542,0
BLD-C01-P01-001025,C01-P01,2025-12-06 13:42:49,Sucesso,305,378,0
BLD-C01-P01-001026,C01-P01,2025-12-03 10:51:44,Sucesso,218,60,0
BLD-C01-P01-001027,C01-P01,2025-12-27 13:19:55,Sucesso,20,306,0
BLD-C01-P01-001028,C01-P01,2025-12-12 16:52:07,Sucesso,395,481,0
BLD-C01-P01-001029,C01-P01,2025-12-21 15:12:04,Sucesso,486,554,0
BLD-C01-P01-001030,C01-P01,2025-12-02 10:34:31,Sucesso,94,287,0
BLD-C01-P01-001031,C01-P01,2025-12-14 20:07:11,Sucesso,341,385,0
BLD-C01-P01-001032,C01-P01,2025-12-20 07:39:31,Sucesso,462,425,0
BLD-C01-P01-001033,C01-P01,2025-12-11 16:59:00,Sucesso,20,277,0
BLD-C01-P01-001034,C01-P01,2025-12-09 21:12:25,Sucesso,134,173,0
BLD-C01-P01-001035,C01-P01,2025-12-15 08:40:57,Sucesso,261,496,0
BLD-C01-P01-001036,C01-P01,2025-12-06 10:30:28,Sucesso,327,424,0
BLD-C01-P01-001037,C01-P01,2025-12-14 07:59:23,Sucesso,362,384,0
BLD-C01-P01-001038,C01-P01,2025-12-19 17:20:14,Sucesso,363,218,0
BLD-C01-P01-001039,C01-P01,2025-12-08 21:05:53,Sucesso,120,119,0
BLD-C01-P01-001040,C01-P01,2025-12-15 17:37:25,Sucesso,83,19,0
BLD-C01-P01-001041,C01-P01,2025-12-05 17:18:30,Sucesso,416,449,0
BLD-C01-P01-001042,C01-P01,2025-12-13 10:59:41,Sucesso,160,567,0
BLD-C01-P01-001043,C01-P01,2025-12-17 12:50:27,Sucesso,181,22,0
BLD-C01-P01-001044,C01-P01,2025-12-06 13:20:18,Sucesso,129,189,0
BLD-C01-P01-001045,C01-P01,2025-12-26 16:24:57,Sucesso,214,336,0
BLD-C01-P01-001046,C01-P01,2025-12-21 08:09:55,Falha,694,320,5
BLD-C01-P01-001047,C01-P01,2025-12-13 20:58:36,Sucesso,23,488,0
BLD-C01-P01-001048,C01-P01,2025-12-01 15:05:45,Sucesso,328,219,1
BLD-C01-P01-001049,C01-P01,2025-12-16 14:18:58,Sucesso,391,362,0
BLD-C01-P01-001050,C01-P01,2025-12-12 13:52:26,Sucesso,341,606,0
BLD-C01-P01-001051,C01-P01,2025-12-01 15:28:42,Sucesso,200,307,0
BLD-C01-P01-001052,C01-P01,2025-12-22 14:44:31,Sucesso,342,293,0
BLD-C01-P01-001053,C01-P01,2025-12-20 19:47:13,Sucesso,418,468,0
BLD-C01-P01-001054,C01-P01,2025-12-31 08:19:41,Falha,232,633,5
BLD-C01-P01-001055,C01-P01,2025-12-12 13:43:20,Sucesso,339,469,0
BLD-C01-P01-001056,C01-P01,2025-12-06 08:20:30,Sucesso,253,405,0
BLD-C01-P01-001057,C01-P01,2025-12-08 08:15:10,Sucesso,112,174,0
BLD-C01-P01-001058,C01-P01,2025-12-23 11:54:47,Falha,105,106,8
BLD-C01-P01-001059,C01-P01,2025-12-16 12:24:30,Falha,402,468,1
BLD-C01-P01-001060,C01-P01,2025-12-23 10:49:43,Sucesso,401,528,0
BLD-C01-P01-001061,C01-P01,2025-12-25 13:35:41,Sucesso,305,537,0
BLD-C01-P01-001062,C01-P01,2025-12-31 14:05:03,Falha,206,629,2
BLD-C01-P01-001063,C01-P01,2025-12-10 07:17:59,Falha,499,393,4
BLD-C01-P01-001064,C01-P01,2025-12-26 13:36:08,Sucesso,495,277,1
BLD-C01-P01-001065,C01-P01,2025-12-21 20:59:46,Sucesso,439,463,0
BLD-C01-P01-001066,C01-P01,2025-12-16 08:12:56,Sucesso,364,566,0
BLD-C01-P01-001067,C01-P01,2025-12-15 20:30:43,Sucesso,30,297,0
BLD-C01-P01-001068,C01-P01,2025-12-11 08:31:55,Sucesso,374,530,0
BLD-C01-P01-001069,C01-P01,2025-12-06 20:53:46,Sucesso,140,490,0
BLD-C01-P01-001070,C01-P01,2025-12-17 07:32:45,Sucesso,125,95,0
BLD-C01-P01-001071,C01-P01,2025-12-16 09:55:14,Sucesso,338,469,0
BLD-C01-P01-001072,C01-P01,2025-12-02 16:55:14,Sucesso,303,397,0
BLD-C01-P01-001073,C01-P01,2025-12-30 17:53:33,Sucesso,90,151,0
BLD-C01-P01-001074,C01-P01,2025-12-24 12:04:55,Sucesso,515,139,0
BLD-C01-P01-001075,C01-P01,2025-12-13 08:42:58,Sucesso,428,422,0
BLD-C01-P01-001076,C01-P01,2025-12-05 10:30:22,Sucesso,310,397,0
BLD-C01-P01-001077,C01-P01,2025-12-20 07:19:23,Sucesso,443,263,0
BLD-C01-P01-001078,C01-P01,2025-12-10 20:19:07,Sucesso,494,10,0
BLD-C01-P01-001079,C01-P01,2025-12-02 15:24:17,Sucesso,20,129,0
BLD-C01-P01-001080,C01-P01,2025-12-17 08:55:51,Sucesso,450,258,0
BLD-C01-P01-001081,C01-P01,2025-12-10 11:08:47,Sucesso,411,793,0
BLD-C01-P01-001082,C01-P01,2025-12-16 17:03:41,Falha,106,208,4
BLD-C01-P01-001083,C01-P01,2025-12-20 16:46:16,Falha,407,226,4
BLD-C01-P01-001084,C01-P01,2025-12-24 18:35:39,Sucesso,115,412,0
BLD-C01-P01-001085,C01-P01,2026-01-21 21:50:03,Sucesso,41,333,0
BLD-C01-P01-001086,C01-P01,2026-01-30 13:57:32,Sucesso,209,468,1
BLD-C01-P01-001087,C01-P01,2026-01-24 12:36:19,Sucesso,361,372,0
BLD-C01-P01-001088,C01-P01,2026-01-04 13:26:43,Sucesso,408,257,0
BLD-C01-P01-001089,C01-P01,2026-01-12 14:05:18,Sucesso,421,371,0
BLD-C01-P01-001090,C01-P01,2026-01-06 18:02:12,Falha,199,10,1
BLD-C01-P01-001091,C01-P01,2026-01-23 15:03:20,Falha,176,653,5
BLD-C01-P01-001092,C01-P01,2026-01-11 07:35:42,Sucesso,185,170,1
BLD-C01-P01-001093,C01-P01,2026-01-17 18:11:23,Sucesso,354,597,0
BLD-C01-P01-001094,C01-P01,2026-01-06 09:32:49,Sucesso,348,497,0
BLD-C01-P01-001095,C01-P01,2026-01-30 17:30:50,Sucesso,241,498,1
BLD-C01-P01-001096,C01-P01,2026-01-18 13:40:32,Falha,468,275,1
BLD-C01-P01-001097,C01-P01,2026-01-08 12:57:22,Sucesso,356,321,0
BLD-C01-P01-001098,C01-P01,2026-01-25 15:16:19,Sucesso,185,382,0
BLD-C01-P01-001099,C01-P01,2026-01-07 19:09:54,Sucesso,470,331,0
BLD-C01-P01-001100,C01-P01,2026-01-29 13:43:38,Sucesso,282,197,0
BLD-C01-P01-001101,C01-P01,2026-01-12 09:26:14,Sucesso,338,282,0
BLD-C01-P01-001102,C01-P01,2026-01-10 19:57:14,Sucesso,235,10,0
BLD-C01-P01-001103,C01-P01,2026-01-09 08:20:24,Sucesso,228,496,0
BLD-C01-P01-001104,C01-P01,2026-01-03 15:43:21,Sucesso,20,480,0
BLD-C01-P01-001105,C01-P01,2026-01-20 07:28:26,Falha,318,516,1
BLD-C01-P01-001106,C01-P01,2026-01-19 11:39:33,Sucesso,201,237,0
BLD-C01-P01-001107,C01-P01,2026-01-21 12:34:50,Sucesso,325,269,0
BLD-C01-P01-001108,C01-P01,2026-01-13 14:12:30,Sucesso,415,161,0
BLD-C01-P01-001109,C01-P01,2026-01-09 13:46:14,Sucesso,392,28,0
BLD-C01-P01-001110,C01-P01,2026-01-22 11:27:52,Sucesso,340,663,0
BLD-C01-P01-001111,C01-P01,2026-01-31 11:55:35,Sucesso,285,680,0
BLD-C01-P01-001112,C01-P01,2026-01-15 07:32:19,Falha,302,737,3
BLD-C01-P01-001113,C01-P01,2026-01-07 21:32:41,Sucesso,518,46,0
BLD-C01-P01-001114,C01-P01,2026-01-13 09:16:34,Sucesso,358,190,0
BLD-C01-P01-001115,C01-P01,2026-01-17 18:29:15,Falha,325,273,1
BLD-C01-P01-001116,C01-P01,2026-01-17 12:11:35,Sucesso,212,444,0
BLD-C01-P01-001117,C01-P01,2026-01-20 20:13:47,Sucesso,437,743,0
BLD-C01-P01-001118,C01-P01,2026-01-29 10:20:44,Falha,354,413,8
BLD-C01-P01-001119,C01-P01,2026-01-10 08:33:00,Sucesso,187,449,0
BLD-C01-P01-001120,C01-P01,2026-01-16 21:55:40,Sucesso,436,347,0
BLD-C01-P01-001121,C01-P01,2026-01-04 15:57:41,Sucesso,415,1001,0
BLD-C01-P01-001122,C01-P01,2026-01-05 20:08:05,Sucesso,480,38,0
BLD-C01-P01-001123,C01-P01,2026-01-15 19:35:05,Sucesso,425,362,0
BLD-C01-P01-001124,C01-P01,2026-01-29 09:21:25,Falha,253,690,16
BLD-C01-P01-001125,C01-P01,2026-01-16 16:21:08,Falha,353,375,4
BLD-C01-P01-001126,C01-P01,2026-01-31 20:42:46,Sucesso,325,416,0
BLD-C01-P01-001127,C01-P01,2026-01-20 13:52:30,Sucesso,230,636,0
BLD-C01-P01-001128,C01-P01,2026-01-03 14:38:59,Falha,287,159,1
BLD-C01-P01-001129,C01-P01,2026-01-07 11:36:39,Sucesso,20,97,0
BLD-C01-P01-001130,C01-P01,2026-01-13 15:09:20,Sucesso,462,475,0
BLD-C01-P01-001131,C01-P01,2026-01-17 14:46:49,Sucesso,213,55,0
BLD-C01-P01-001132,C01-P01,2026-01-14 19:28:09,Sucesso,117,384,0
BLD-C01-P01-001133,C01-P01,2026-01-30 16:20:47,Falha,559,328,4
BLD-C01-P01-001134,C01-P01,2026-01-11 09:03:35,Falha,395,398,8
BLD-C01-P01-001135,C01-P01,2026-01-21 18:54:10,Sucesso,602,612,0
BLD-C01-P01-001136,C01-P01,2026-01-20 17:41:59,Sucesso,194,138,0
BLD-C01-P01-001137,C01-P01,2026-01-04 20:02:25,Sucesso,516,288,0
BLD-C01-P01-001138,C01-P01,2026-01-10 19:28:18,Sucesso,600,402,0
BLD-C01-P01-001139,C01-P01,2026-01-17 10:55:58,Sucesso,210,426,0
BLD-C01-P01-001140,C01-P01,2026-01-29 18:53:03,Sucesso,87,744,0
BLD-C01-P01-001141,C01-P01,2026-01-19 16:59:32,Sucesso,250,10,0
BLD-C01-P01-001142,C01-P01,2026-01-24 18:12:12,Falha,20,208,21
BLD-C01-P01-001143,C01-P01,2026-01-19 18:56:16,Falha,540,205,8
BLD-C01-P01-001144,C01-P01,2026-01-17 10:14:18,Falha,38,699,3
BLD-C01-P01-001145,C01-P01,2026-01-08 13:11:37,Sucesso,131,222,0
BLD-C01-P01-001146,C01-P01,2026-01-05 13:32:22,Falha,222,383,7
BLD-C01-P01-001147,C01-P01,2026-01-09 14:38:22,Falha,290,532,6
BLD-C01-P01-001148,C01-P01,2026-01-16 13:49:21,Sucesso,192,467,0
BLD-C01-P01-001149,C01-P01,2026-01-08 16:18:08,Falha,309,533,14
BLD-C01-P01-001150,C01-P01,2026-01-03 08:07:38,Sucesso,249,298,0
BLD-C01-P01-001151,C01-P01,2026-01-24 12:59:56,Sucesso,311,163,0
BLD-C01-P01-001152,C01-P01,2026-01-14 15:16:10,Sucesso,622,629,0
BLD-C01-P01-001153,C01-P01,2026-01-02 09:55:52,Sucesso,160,10,0
BLD-C01-P01-001154,C01-P01,2026-01-25 16:14:08,Sucesso,277,761,0
BLD-C01-P01-001155,C01-P01,2026-01-21 10:05:26,Sucesso,20,124,0
BLD-C01-P01-001156,C01-P01,2026-01-22 12:11:46,Falha,475,240,10
BLD-C01-P01-001157,C01-P01,2026-01-06 08:10:23,Sucesso,447,299,0
BLD-C01-P01-001158,C01-P01,2026-01-10 18:55:13,Sucesso,243,132,0
BLD-C01-P01-001159,C01-P01,2026-01-23 18:28:53,Sucesso,215,864,0
BLD-C01-P01-001160,C01-P01,2026-01-11 21:15:35,Sucesso,202,244,2
BLD-C01-P01-001161,C01-P01,2026-01-11 07:12:01,Sucesso,481,582,0
BLD-C01-P01-001162,C01-P01,2026-01-14 19:32:54,Sucesso,132,326,0
BLD-C01-P01-001163,C01-P01,2026-01-09 10:25:47,Sucesso,301,35,0
BLD-C01-P01-001164,C01-P01,2026-01-01 19:48:53,Sucesso,431,306,0
BLD-C01-P01-001165,C01-P01,2026-01-18 07:39:47,Sucesso,359,240,0
BLD-C01-P01-001166,C01-P01,2026-01-30 07:09:33,Sucesso,55,368,0
BLD-C01-P01-001167,C01-P01,2026-01-23 08:58:37,Sucesso,470,311,0
BLD-C01-P01-001168,C01-P01,2026-01-21 12:19:38,Sucesso,291,520,0
BLD-C01-P01-001169,C01-P01,2026-01-21 14:57:17,Sucesso,600,515,0
BLD-C01-P01-001170,C01-P01,2026-01-15 10:05:51,Sucesso,94,511,0
BLD-C01-P01-001171,C01-P01,2026-01-29 17:21:59,Sucesso,216,743,0
BLD-C01-P01-001172,C01-P01,2026-01-14 17:26:29,Sucesso,427,518,0
BLD-C01-P01-001173,C01-P01,2026-01-24 13:19:04,Sucesso,464,603,0
BLD-C01-P01-001174,C01-P01,2026-01-02 14:22:44,Sucesso,286,244,0
BLD-C01-P01-001175,C01-P01,2026-01-24 14:03:15,Sucesso,189,173,0
BLD-C01-P01-001176,C01-P01,2026-01-19 19:25:01,Sucesso,199,332,0
BLD-C01-P01-001177,C01-P01,2026-01-20 12:21:11,Sucesso,312,362,0
BLD-C01-P01-001178,C01-P01,2026-01-13 11:17:06,Sucesso,267,73,0
BLD-C01-P01-001179,C01-P01,2026-01-05 11:52:03,Sucesso,157,176,1
BLD-C01-P01-001180,C01-P01,2026-01-30 21:23:43,Sucesso,431,456,0
BLD-C01-P01-001181,C01-P01,2026-01-28 15:25:43,Sucesso,334,553,0
BLD-C01-P01-001182,C01-P01,2026-01-30 19:44:57,Sucesso,502,93,0
BLD-C01-P01-001183,C01-P01,2026-01-12 17:05:37,Sucesso,101,409,0
BLD-C01-P01-001184,C01-P01,2026-01-03 15:07:25,Sucesso,317,199,0
BLD-C01-P01-001185,C01-P01,2026-01-11 19:03:41,Sucesso,422,507,0
BLD-C01-P01-001186,C01-P01,2026-01-26 12:03:22,Sucesso,273,407,0
BLD-C01-P01-001187,C01-P01,2026-01-05 21:38:41,Sucesso,291,99,0
BLD-C01-P01-001188,C01-P01,2026-01-07 18:37:10,Sucesso,245,460,0
BLD-C01-P01-001189,C01-P01,2026-01-01 11:06:38,Falha,454,478,23
BLD-C01-P01-001190,C01-P01,2026-01-16 21:06:32,Sucesso,138,614,0
BLD-C01-P01-001191,C01-P01,2026-01-11 19:48:53,Sucesso,231,261,0
BLD-C01-P01-001192,C01-P01,2026-01-30 09:55:39,Sucesso,526,465,0
BLD-C01-P01-001193,C01-P01,2026-01-18 08:16:45,Sucesso,94,286,1
BLD-C01-P01-001194,C01-P01,2026-01-03 14:41:41,Sucesso,150,425,0
BLD-C01-P01-001195,C01-P01,2026-01-11 15:24:58,Sucesso,20,411,0
BLD-C01-P01-001196,C01-P01,2026-01-29 21:36:42,Sucesso,147,510,0
BLD-C01-P01-001197,C01-P01,2026-01-03 07:56:22,Falha,155,461,16
BLD-C01-P01-001198,C01-P01,2026-01-12 20:19:51,Sucesso,390,420,0
BLD-C01-P01-001199,C01-P01,2026-01-23 14:18:21,Sucesso,90,323,0
BLD-C01-P01-001200,C01-P01,2026-01-27 10:23:37,Sucesso,340,404,0
BLD-C01-P01-001201,C01-P01,2026-01-30 11:17:08,Sucesso,280,369,0
BLD-C01-P01-001202,C01-P01,2026-01-12 12:44:57,Sucesso,297,315,0
BLD-C01-P01-001203,C01-P01,2026-01-10 14:40:40,Sucesso,328,459,0
BLD-C01-P01-001204,C01-P01,2026-01-18 10:00:14,Sucesso,556,303,0
BLD-C01-P01-001205,C01-P01,2026-01-31 12:28:45,Sucesso,196,10,0
BLD-C01-P01-001206,C01-P01,2026-01-30 11:50:51,Sucesso,752,338,0
BLD-C01-P01-001207,C01-P01,2026-01-14 19:27:12,Sucesso,421,85,0
BLD-C01-P01-001208,C01-P01,2026-01-19 09:14:21,Sucesso,451,403,0
BLD-C01-P01-001209,C01-P01,2026-01-14 07:08:02,Sucesso,443,358,0
BLD-C01-P01-001210,C01-P01,2026-01-14 12:55:04,Sucesso,310,412,0
BLD-C01-P01-001211,C01-P01,2026-01-01 11:56:28,Sucesso,430,186,0
BLD-C01-P01-001212,C01-P01,2026-01-12 18:00:30,Sucesso,682,585,0
BLD-C01-P01-001213,C01-P01,2026-01-13 10:12:54,Sucesso,399,676,0
BLD-C01-P01-001214,C01-P01,2026-01-12 14:20:40,Sucesso,456,304,0
BLD-C01-P01-001215,C01-P01,2026-01-10 11:07:35,Sucesso,314,306,0
BLD-C01-P01-001216,C01-P01,2026-01-27 20:55:05,Falha,253,81,29
BLD-C01-P01-001217,C01-P01,2026-01-31 16:13:19,Sucesso,168,153,0
BLD-C01-P01-001218,C01-P01,2026-01-27 21:34:58,Sucesso,466,456,0
BLD-C01-P01-001219,C01-P01,2026-01-02 08:51:36,Sucesso,353,186,0
BLD-C01-P01-001220,C01-P01,2026-01-31 11:54:52,Sucesso,559,337,0
BLD-C01-P01-001221,C01-P01,2026-01-27 10:46:16,Sucesso,355,683,0
BLD-C01-P01-001222,C01-P01,2026-01-10 16:02:03,Sucesso,162,10,0
BLD-C01-P01-001223,C01-P01,2026-01-23 20:26:49,Sucesso,397,215,0
BLD-C01-P01-001224,C01-P01,2026-01-01 18:35:46,Sucesso,329,157,0
BLD-C01-P01-001225,C01-P01,2026-01-25 18:39:46,Sucesso,270,416,0
BLD-C01-P01-001226,C01-P01,2026-01-13 14:59:21,Falha,435,883,7
BLD-C01-P01-001227,C01-P01,2026-01-15 15:00:01,Falha,668,243,5
BLD-C01-P01-001228,C01-P01,2026-01-16 12:23:41,Sucesso,228,162,0
BLD-C01-P01-001229,C01-P01,2026-01-14 16:07:08,Sucesso,295,253,0
BLD-C01-P01-001230,C01-P01,2026-01-08 12:04:48,Sucesso,108,397,0
BLD-C01-P01-001231,C01-P01,2026-01-26 14:58:17,Sucesso,261,695,0
BLD-C01-P01-001232,C01-P01,2026-01-27 11:15:19,Sucesso,322,601,0
BLD-C01-P01-001233,C01-P01,2026-01-13 09:32:31,Sucesso,647,268,0
BLD-C01-P01-001234,C01-P01,2026-01-11 10:26:35,Sucesso,332,435,0
BLD-C01-P01-001235,C01-P01,2026-01-13 10:51:56,Sucesso,409,553,0
BLD-C01-P01-001236,C01-P01,2026-01-06 13:24:49,Falha,479,485,1
BLD-C01-P01-001237,C01-P01,2026-01-11 10:04:01,Sucesso,170,69,0
BLD-C01-P01-001238,C01-P01,2026-01-09 10:25:29,Sucesso,487,709,0
BLD-C01-P01-001239,C01-P01,2026-01-12 18:12:17,Sucesso,273,508,0
BLD-C01-P01-001240,C01-P01,2026-01-19 09:59:04,Sucesso,20,304,0
BLD-C01-P01-001241,C01-P01,2026-01-20 11:33:38,Sucesso,288,791,0
BLD-C01-P01-001242,C01-P01,2026-01-11 18:38:27,Sucesso,381,374,0
BLD-C01-P01-001243,C01-P01,2026-01-19 13:43:39,Sucesso,20,254,0
BLD-C01-P01-001244,C01-P01,2026-01-21 17:45:16,Sucesso,212,377,0
BLD-C01-P01-001245,C01-P01,2026-01-16 20:12:09,Sucesso,132,631,0
BLD-C01-P01-001246,C01-P01,2026-01-06 20:09:06,Sucesso,51,508,0
BLD-C01-P01-001247,C01-P01,2026-01-30 18:44:36,Sucesso,165,356,0
BLD-C01-P01-001248,C01-P01,2026-01-14 10:53:11,Sucesso,20,522,0
BLD-C01-P01-001249,C01-P01,2026-01-17 13:19:30,Falha,395,216,6
BLD-C01-P01-001250,C01-P01,2026-01-03 07:49:19,Sucesso,20,501,1
BLD-C01-P01-001251,C01-P01,2026-01-31 10:18:39,Sucesso,286,323,0
BLD-C01-P01-001252,C01-P01,2026-01-07 18:46:43,Falha,473,177,5
BLD-C01-P01-001253,C01-P01,2026-01-16 14:33:05,Sucesso,386,736,0
BLD-C01-P01-001254,C01-P01,2026-02-12 15:30:23,Falha,157,568,8
BLD-C01-P01-001255,C01-P01,2026-02-07 19:08:53,Sucesso,143,555,0
BLD-C01-P01-001256,C01-P01,2026-02-16 15:04:51,Sucesso,217,748,0
BLD-C01-P01-001257,C01-P01,2026-02-07 20:23:18,Sucesso,158,411,0
BLD-C01-P01-001258,C01-P01,2026-02-16 19:12:49,Sucesso,268,31,0
BLD-C01-P01-001259,C01-P01,2026-02-16 09:51:59,Falha,509,638,18
BLD-C01-P01-001260,C01-P01,2026-02-06 20:32:57,Sucesso,407,138,0
BLD-C01-P01-001261,C01-P01,2026-02-04 08:03:33,Falha,511,284,15
BLD-C01-P01-001262,C01-P01,2026-02-24 18:09:26,Sucesso,368,417,0
BLD-C01-P01-001263,C01-P01,2026-02-20 18:28:12,Sucesso,156,424,0
BLD-C01-P01-001264,C01-P01,2026-02-05 11:55:36,Sucesso,110,442,1
BLD-C01-P01-001265,C01-P01,2026-02-04 20:23:49,Sucesso,510,115,0
BLD-C01-P01-001266,C01-P01,2026-02-03 18:47:53,Sucesso,562,335,0
BLD-C01-P01-001267,C01-P01,2026-02-15 18:23:21,Sucesso,260,572,0
BLD-C01-P01-001268,C01-P01,2026-02-11 10:50:32,Falha,356,333,3
BLD-C01-P01-001269,C01-P01,2026-02-15 17:42:08,Sucesso,251,94,0
BLD-C01-P01-001270,C01-P01,2026-02-02 20:24:09,Sucesso,462,200,0
BLD-C01-P01-001271,C01-P01,2026-02-20 15:41:05,Sucesso,308,322,0
BLD-C01-P01-001272,C01-P01,2026-02-21 11:51:19,Sucesso,493,357,0
BLD-C01-P01-001273,C01-P01,2026-02-21 18:48:28,Falha,376,261,9
BLD-C01-P01-001274,C01-P01,2026-02-16 13:13:45,Sucesso,275,904,0
BLD-C01-P01-001275,C01-P01,2026-02-06 07:16:52,Sucesso,387,53,0
BLD-C01-P01-001276,C01-P01,2026-02-22 10:30:29,Falha,350,433,1
BLD-C01-P01-001277,C01-P01,2026-02-09 19:48:26,Sucesso,388,551,0
BLD-C01-P01-001278,C01-P01,2026-02-15 21:05:27,Sucesso,420,465,0
BLD-C01-P01-001279,C01-P01,2026-02-15 07:29:29,Sucesso,211,162,0
BLD-C01-P01-001280,C01-P01,2026-02-16 17:04:15,Falha,130,163,13
BLD-C01-P01-001281,C01-P01,2026-02-02 07:52:41,Falha,439,529,4
BLD-C01-P01-001282,C01-P01,2026-02-05 13:47:07,Sucesso,415,133,0
BLD-C01-P01-001283,C01-P01,2026-02-21 19:44:08,Sucesso,320,919,0
BLD-C01-P01-001284,C01-P01,2026-02-07 07:09:39,Sucesso,368,282,0
BLD-C01-P01-001285,C01-P01,2026-02-03 10:28:15,Sucesso,339,235,0
BLD-C01-P01-001286,C01-P01,2026-02-04 19:45:22,Sucesso,432,125,0
BLD-C01-P01-001287,C01-P01,2026-02-07 21:27:05,Sucesso,146,417,0
BLD-C01-P01-001288,C01-P01,2026-02-16 18:55:42,Sucesso,20,306,0
BLD-C01-P01-001289,C01-P01,2026-02-23 07:22:56,Sucesso,146,791,0
BLD-C01-P01-001290,C01-P01,2026-02-02 13:22:29,Sucesso,350,408,0
BLD-C01-P01-001291,C01-P01,2026-02-21 08:53:56,Sucesso,186,10,0
BLD-C01-P01-001292,C01-P01,2026-02-22 18:39:33,Sucesso,252,235,0
BLD-C01-P01-001293,C01-P01,2026-02-09 12:37:52,Sucesso,273,190,0
BLD-C01-P01-001294,C01-P01,2026-02-23 18:31:01,Sucesso,322,163,0
BLD-C01-P01-001295,C01-P01,2026-02-17 13:30:10,Sucesso,256,369,0
BLD-C01-P01-001296,C01-P01,2026-02-07 11:05:21,Sucesso,306,234,0
BLD-C01-P01-001297,C01-P01,2026-02-08 20:08:45,Sucesso,471,438,0
BLD-C01-P01-001298,C01-P01,2026-02-09 08:29:23,Falha,214,630,4
BLD-C01-P01-001299,C01-P01,2026-02-26 09:22:56,Sucesso,270,258,0
BLD-C01-P01-001300,C01-P01,2026-02-11 12:01:47,Sucesso,201,677,0
BLD-C01-P01-001301,C01-P01,2026-02-08 14:29:39,Sucesso,301,179,0
BLD-C01-P01-001302,C01-P01,2026-02-05 18:26:06,Sucesso,95,609,0
BLD-C01-P01-001303,C01-P01,2026-02-24 14:32:14,Sucesso,508,288,0
BLD-C01-P01-001304,C01-P01,2026-02-11 20:42:45,Sucesso,451,719,0
BLD-C01-P01-001305,C01-P01,2026-02-14 09:21:20,Sucesso,438,339,0
BLD-C01-P01-001306,C01-P01,2026-02-15 19:33:25,Sucesso,246,505,0
BLD-C01-P01-001307,C01-P01,2026-02-01 07:20:44,Sucesso,266,339,0
BLD-C01-P01-001308,C01-P01,2026-02-18 16:29:14,Sucesso,392,369,0
BLD-C01-P01-001309,C01-P01,2026-02-14 09:40:47,Sucesso,274,639,0
BLD-C01-P01-001310,C01-P01,2026-02-07 08:29:16,Sucesso,121,128,0
BLD-C01-P01-001311,C01-P01,2026-02-07 07:06:50,Sucesso,149,399,0
BLD-C01-P01-001312,C01-P01,2026-02-19 19:29:52,Sucesso,619,219,0
BLD-C01-P01-001313,C01-P01,2026-02-03 16:01:36,Falha,449,386,4
BLD-C01-P01-001314,C01-P01,2026-02-28 19:04:32,Sucesso,224,18,0
BLD-C01-P01-001315,C01-P01,2026-02-24 18:34:45,Sucesso,20,714,0
BLD-C01-P01-001316,C01-P01,2026-02-20 15:54:32,Sucesso,89,337,0
BLD-C01-P01-001317,C01-P01,2026-02-23 14:32:12,Sucesso,311,498,0
BLD-C01-P01-001318,C01-P01,2026-02-06 09:57:57,Sucesso,362,259,0
BLD-C01-P01-001319,C01-P01,2026-02-20 15:55:05,Sucesso,279,185,0
BLD-C01-P01-001320,C01-P01,2026-02-27 07:04:05,Sucesso,412,708,0
BLD-C01-P01-001321,C01-P01,2026-02-17 16:42:14,Sucesso,582,522,0
BLD-C01-P01-001322,C01-P01,2026-02-24 13:13:04,Falha,266,347,1
BLD-C01-P01-001323,C01-P01,2026-02-26 14:42:12,Sucesso,283,298,0
BLD-C01-P01-001324,C01-P01,2026-02-22 07:16:34,Falha,251,125,6
BLD-C01-P01-001325,C01-P01,2026-02-10 19:08:52,Sucesso,309,646,0
BLD-C01-P01-001326,C01-P01,2026-02-17 09:18:49,Sucesso,195,377,0
BLD-C01-P01-001327,C01-P01,2026-02-12 21:39:56,Sucesso,292,322,0
BLD-C01-P01-001328,C01-P01,2026-02-11 20:45:23,Sucesso,45,335,0
BLD-C01-P01-001329,C01-P01,2026-02-17 10:44:54,Sucesso,102,520,0
BLD-C01-P01-001330,C01-P01,2026-02-16 20:29:49,Sucesso,110,808,0
BLD-C01-P01-001331,C01-P01,2026-02-22 19:33:25,Sucesso,300,554,0
BLD-C01-P01-001332,C01-P01,2026-02-18 16:06:36,Sucesso,196,499,0
BLD-C01-P01-001333,C01-P01,2026-02-01 20:53:37,Sucesso,399,367,0
BLD-C01-P01-001334,C01-P01,2026-02-20 08:55:41,Sucesso,112,381,0
BLD-C01-P01-001335,C01-P01,2026-02-09 19:02:35,Sucesso,408,471,0
BLD-C01-P01-001336,C01-P01,2026-02-09 08:11:50,Sucesso,176,251,0
BLD-C01-P01-001337,C01-P01,2026-02-21 10:36:04,Sucesso,218,669,0
BLD-C01-P01-001338,C01-P01,2026-02-20 14:00:49,Sucesso,301,518,0
BLD-C01-P01-001339,C01-P01,2026-02-20 07:43:37,Sucesso,238,575,0
BLD-C01-P01-001340,C01-P01,2026-02-12 18:38:07,Sucesso,398,608,0
BLD-C01-P01-001341,C01-P01,2026-02-17 16:17:36,Falha,397,656,2
BLD-C01-P01-001342,C01-P01,2026-02-16 11:22:09,Sucesso,213,463,0
BLD-C01-P01-001343,C01-P01,2026-02-26 13:21:32,Sucesso,416,386,0
BLD-C01-P01-001344,C01-P01,2026-02-15 07:59:55,Sucesso,302,285,0
BLD-C01-P01-001345,C01-P01,2026-02-04 14:07:18,Sucesso,541,641,0
BLD-C01-P01-001346,C01-P01,2026-02-11 07:15:10,Sucesso,231,277,0
BLD-C01-P01-001347,C01-P01,2026-02-09 10:34:15,Sucesso,221,826,1
BLD-C01-P01-001348,C01-P01,2026-02-20 10:41:29,Sucesso,429,556,0
BLD-C01-P01-001349,C01-P01,2026-02-08 09:56:25,Sucesso,20,593,0
BLD-C01-P01-001350,C01-P01,2026-02-23 10:14:09,Sucesso,227,488,0
BLD-C01-P01-001351,C01-P01,2026-02-26 18:42:41,Sucesso,382,92,0
BLD-C01-P01-001352,C01-P01,2026-02-19 14:42:15,Sucesso,434,451,0
BLD-C01-P01-001353,C01-P01,2026-02-07 11:28:51,Sucesso,356,218,0
BLD-C01-P01-001354,C01-P01,2026-02-14 16:53:45,Sucesso,151,382,0
BLD-C01-P01-001355,C01-P01,2026-02-08 20:01:04,Sucesso,343,194,0
BLD-C01-P01-001356,C01-P01,2026-02-23 07:14:18,Sucesso,201,641,0
BLD-C01-P01-001357,C01-P01,2026-02-20 18:10:24,Sucesso,292,546,0
BLD-C01-P01-001358,C01-P01,2026-02-27 16:16:32,Falha,98,254,7
BLD-C01-P01-001359,C01-P01,2026-02-22 13:45:13,Sucesso,517,908,0
BLD-C01-P01-001360,C01-P01,2026-02-02 14:02:30,Sucesso,465,10,3
BLD-C01-P01-001361,C01-P01,2026-02-06 15:53:18,Sucesso,193,259,2
BLD-C01-P01-001362,C01-P01,2026-02-03 07:28:49,Sucesso,604,195,0
BLD-C01-P01-001363,C01-P01,2026-02-15 19:45:36,Sucesso,271,430,0
BLD-C01-P01-001364,C01-P01,2026-02-16 19:35:58,Sucesso,393,767,0
BLD-C01-P01-001365,C01-P01,2026-02-13 18:44:46,Falha,140,637,3
BLD-C01-P01-001366,C01-P01,2026-02-24 17:15:02,Sucesso,246,625,0
BLD-C01-P01-001367,C01-P01,2026-02-16 17:18:43,Falha,700,560,1
BLD-C01-P01-001368,C01-P01,2026-02-03 14:14:23,Sucesso,346,370,0
BLD-C01-P01-001369,C01-P01,2026-02-14 21:52:45,Falha,351,281,5
BLD-C01-P01-001370,C01-P01,2026-02-24 12:52:14,Sucesso,393,241,0
BLD-C01-P01-001371,C01-P01,2026-02-02 20:34:12,Falha,438,412,4
BLD-C01-P01-001372,C01-P01,2026-02-11 07:59:22,Sucesso,415,319,0
BLD-C01-P01-001373,C01-P01,2026-02-21 07:51:20,Falha,378,71,1
BLD-C01-P01-001374,C01-P01,2026-02-17 19:23:39,Sucesso,278,509,0
BLD-C01-P01-001375,C01-P01,2026-02-22 12:41:22,Sucesso,282,70,0
BLD-C01-P01-001376,C01-P01,2026-02-13 16:43:55,Sucesso,307,348,0
BLD-C01-P01-001377,C01-P01,2026-02-05 18:28:19,Sucesso,381,75,0
BLD-C01-P01-001378,C01-P01,2026-02-14 17:41:34,Sucesso,485,352,0
BLD-C01-P01-001379,C01-P01,2026-02-22 11:56:31,Sucesso,401,444,0
BLD-C01-P01-001380,C01-P01,2026-02-02 18:47:16,Sucesso,280,625,1
BLD-C01-P01-001381,C01-P01,2026-02-05 12:48:00,Sucesso,314,144,0
BLD-C01-P01-001382,C01-P01,2026-02-15 15:19:32,Sucesso,302,547,0
BLD-C01-P01-001383,C01-P01,2026-02-23 07:28:07,Sucesso,217,648,0
BLD-C01-P01-001384,C01-P01,2026-02-12 18:38:03,Sucesso,482,362,0
BLD-C01-P01-001385,C01-P01,2026-02-04 07:30:08,Sucesso,121,302,0
BLD-C01-P01-001386,C01-P01,2026-02-24 18:56:46,Sucesso,735,243,0
BLD-C01-P01-001387,C01-P01,2026-02-19 07:06:42,Falha,612,378,8
BLD-C01-P01-001388,C01-P01,2026-02-13 21:19:25,Sucesso,256,518,0
BLD-C01-P01-001389,C01-P01,2026-02-08 09:57:18,Sucesso,541,457,0
BLD-C01-P01-001390,C01-P01,2026-02-26 16:07:16,Sucesso,427,348,0
BLD-C01-P01-001391,C01-P01,2026-02-26 17:08:54,Sucesso,315,491,0
BLD-C01-P01-001392,C01-P01,2026-02-12 08:32:52,Sucesso,446,370,0
BLD-C01-P01-001393,C01-P01,2026-02-28 19:50:34,Sucesso,85,422,0
BLD-C01-P01-001394,C01-P01,2026-02-24 21:06:11,Sucesso,495,465,0
BLD-C01-P01-001395,C01-P01,2026-02-04 10:02:07,Falha,518,410,1
BLD-C01-P01-001396,C01-P01,2026-02-28 08:23:01,Sucesso,295,683,0
BLD-C01-P01-001397,C01-P01,2026-02-26 11:08:29,Sucesso,188,74,0
BLD-C01-P01-001398,C01-P01,2026-02-28 19:16:27,Sucesso,651,556,0
BLD-C01-P01-001399,C01-P01,2026-02-12 19:09:32,Sucesso,112,532,0
BLD-C01-P01-001400,C01-P01,2026-02-05 07:17:37,Falha,258,483,3
BLD-C01-P01-001401,C01-P01,2026-02-24 08:14:49,Falha,348,496,4
BLD-C01-P01-001402,C01-P01,2026-02-27 11:18:48,Sucesso,583,715,0
BLD-C01-P01-001403,C01-P01,2026-02-23 13:28:09,Sucesso,323,336,0
BLD-C01-P01-001404,C01-P01,2026-02-23 19:05:25,Sucesso,114,516,3
BLD-C01-P01-001405,C01-P01,2026-02-27 17:20:39,Sucesso,244,211,0
BLD-C01-P01-001406,C01-P01,2026-02-21 18:04:54,Sucesso,335,168,0
BLD-C01-P01-001407,C01-P01,2026-02-11 20:37:35,Sucesso,396,706,0
BLD-C01-P01-001408,C01-P01,2026-03-26 18:42:03,Sucesso,330,604,0
BLD-C01-P01-001409,C01-P01,2026-03-12 15:25:18,Sucesso,199,345,0
BLD-C01-P01-001410,C01-P01,2026-03-22 08:55:09,Sucesso,286,508,0
BLD-C01-P01-001411,C01-P01,2026-03-22 16:40:57,Sucesso,391,484,0
BLD-C01-P01-001412,C01-P01,2026-03-18 16:31:30,Falha,392,278,3
BLD-C01-P01-001413,C01-P01,2026-03-08 18:18:22,Falha,312,76,1
BLD-C01-P01-001414,C01-P01,2026-03-05 16:51:52,Sucesso,190,734,0
BLD-C01-P01-001415,C01-P01,2026-03-21 17:08:32,Sucesso,212,662,0
BLD-C01-P01-001416,C01-P01,2026-03-27 13:46:20,Sucesso,289,354,0
BLD-C01-P01-001417,C01-P01,2026-03-07 07:58:22,Falha,211,371,6
BLD-C01-P01-001418,C01-P01,2026-03-15 20:28:09,Sucesso,336,425,0
BLD-C01-P01-001419,C01-P01,2026-03-01 09:30:09,Sucesso,20,569,1
BLD-C01-P01-001420,C01-P01,2026-03-25 08:10:16,Sucesso,491,317,0
BLD-C01-P01-001421,C01-P01,2026-03-01 21:33:56,Sucesso,311,434,5
BLD-C01-P01-001422,C01-P01,2026-03-11 08:11:39,Sucesso,328,297,0
BLD-C01-P01-001423,C01-P01,2026-03-09 08:46:23,Sucesso,306,283,0
BLD-C01-P01-001424,C01-P01,2026-03-16 13:21:58,Sucesso,358,675,1
BLD-C01-P01-001425,C01-P01,2026-03-23 07:55:56,Sucesso,479,291,0
BLD-C01-P01-001426,C01-P01,2026-03-24 13:12:04,Sucesso,242,339,0
BLD-C01-P01-001427,C01-P01,2026-03-17 19:33:16,Sucesso,383,493,0
BLD-C01-P01-001428,C01-P01,2026-03-23 14:41:38,Sucesso,20,75,0
BLD-C01-P01-001429,C01-P01,2026-03-24 21:22:34,Sucesso,420,635,0
BLD-C01-P01-001430,C01-P01,2026-03-04 16:27:32,Sucesso,473,531,0
BLD-C01-P01-001431,C01-P01,2026-03-28 21:32:57,Sucesso,535,301,0
BLD-C01-P01-001432,C01-P01,2026-03-28 09:29:16,Sucesso,210,715,0
BLD-C01-P01-001433,C01-P01,2026-03-10 14:21:19,Sucesso,212,280,0
BLD-C01-P01-001434,C01-P01,2026-03-28 20:20:08,Sucesso,402,523,0
BLD-C01-P01-001435,C01-P01,2026-03-27 15:02:19,Sucesso,374,161,0
BLD-C01-P01-001436,C01-P01,2026-03-22 21:15:41,Sucesso,510,688,0
BLD-C01-P01-001437,C01-P01,2026-03-31 08:49:25,Sucesso,126,216,0
BLD-C01-P01-001438,C01-P01,2026-03-26 09:06:52,Sucesso,180,275,0
BLD-C01-P01-001439,C01-P01,2026-03-11 10:50:28,Sucesso,752,193,0
BLD-C01-P01-001440,C01-P01,2026-03-21 19:29:54,Sucesso,322,512,0
BLD-C01-P01-001441,C01-P01,2026-03-21 21:35:47,Sucesso,475,605,0
BLD-C01-P01-001442,C01-P01,2026-03-20 16:05:23,Sucesso,208,302,0
BLD-C01-P01-001443,C01-P01,2026-03-14 13:01:45,Sucesso,387,157,0
BLD-C01-P01-001444,C01-P01,2026-03-08 16:48:11,Sucesso,325,367,0
BLD-C01-P01-001445,C01-P01,2026-03-31 17:30:29,Sucesso,397,331,0
BLD-C01-P01-001446,C01-P01,2026-03-21 08:41:32,Sucesso,260,482,0
BLD-C01-P01-001447,C01-P01,2026-03-21 19:17:29,Sucesso,307,360,0
BLD-C01-P01-001448,C01-P01,2026-03-30 21:21:43,Sucesso,316,562,0
BLD-C01-P01-001449,C01-P01,2026-03-25 08:47:06,Sucesso,631,478,0
BLD-C01-P01-001450,C01-P01,2026-03-24 17:30:17,Sucesso,250,217,0
BLD-C01-P01-001451,C01-P01,2026-03-04 12:40:03,Falha,248,279,7
BLD-C01-P01-001452,C01-P01,2026-03-02 10:14:19,Falha,286,511,7
BLD-C01-P01-001453,C01-P01,2026-03-08 08:35:31,Sucesso,550,353,0
BLD-C01-P01-001454,C01-P01,2026-03-30 12:11:45,Sucesso,133,80,2
BLD-C01-P01-001455,C01-P01,2026-03-09 15:31:28,Sucesso,304,483,0
BLD-C01-P01-001456,C01-P01,2026-03-07 18:46:40,Sucesso,465,512,0
BLD-C01-P01-001457,C01-P01,2026-03-11 08:40:30,Sucesso,262,627,0
BLD-C01-P01-001458,C01-P01,2026-03-22 18:14:21,Sucesso,286,701,0
BLD-C01-P01-001459,C01-P01,2026-03-01 14:57:04,Sucesso,517,390,0
BLD-C01-P01-001460,C01-P01,2026-03-18 11:29:34,Sucesso,114,191,0
BLD-C01-P01-001461,C01-P01,2026-03-17 15:51:35,Sucesso,255,451,0
BLD-C01-P01-001462,C01-P01,2026-03-24 09:03:40,Sucesso,114,201,0
BLD-C01-P01-001463,C01-P01,2026-03-09 11:07:15,Sucesso,181,409,0
BLD-C01-P01-001464,C01-P01,2026-03-29 16:43:21,Sucesso,273,241,0
BLD-C01-P01-001465,C01-P01,2026-03-28 11:37:19,Sucesso,264,272,0
BLD-C01-P01-001466,C01-P01,2026-03-19 17:27:33,Sucesso,499,203,0
BLD-C01-P01-001467,C01-P01,2026-03-31 11:11:27,Sucesso,596,471,0
BLD-C01-P01-001468,C01-P01,2026-03-31 13:28:18,Sucesso,439,634,0
BLD-C01-P01-001469,C01-P01,2026-03-14 13:02:32,Sucesso,372,291,0
BLD-C01-P01-001470,C01-P01,2026-03-12 14:17:32,Sucesso,336,94,0
BLD-C01-P01-001471,C01-P01,2026-03-01 13:03:19,Sucesso,136,373,0
BLD-C01-P01-001472,C01-P01,2026-03-09 15:23:14,Sucesso,298,595,1
BLD-C01-P01-001473,C01-P01,2026-03-18 11:53:28,Sucesso,520,288,0
BLD-C01-P01-001474,C01-P01,2026-03-05 10:26:30,Sucesso,542,600,0
BLD-C01-P01-001475,C01-P01,2026-03-31 21:57:13,Sucesso,428,416,0
BLD-C01-P01-001476,C01-P01,2026-03-02 19:30:15,Sucesso,419,274,0
BLD-C01-P01-001477,C01-P01,2026-03-11 12:05:30,Sucesso,201,448,0
BLD-C01-P01-001478,C01-P01,2026-03-04 16:39:32,Falha,198,372,9
BLD-C01-P01-001479,C01-P01,2026-03-14 11:43:34,Sucesso,553,436,0
BLD-C01-P01-001480,C01-P01,2026-03-03 21:59:29,Sucesso,295,621,0
BLD-C01-P01-001481,C01-P01,2026-03-16 11:03:24,Sucesso,441,500,0
BLD-C01-P01-001482,C01-P01,2026-03-16 17:57:30,Falha,376,317,1
BLD-C01-P01-001483,C01-P01,2026-03-31 16:40:06,Sucesso,168,579,0
BLD-C01-P01-001484,C01-P01,2026-03-10 21:03:17,Sucesso,401,408,0
BLD-C01-P01-001485,C01-P01,2026-03-05 21:40:35,Sucesso,304,94,0
BLD-C01-P01-001486,C01-P01,2026-03-05 19:05:00,Sucesso,25,466,0
BLD-C01-P01-001487,C01-P01,2026-03-29 09:37:04,Sucesso,459,375,0
BLD-C01-P01-001488,C01-P01,2026-03-02 14:04:02,Sucesso,322,950,0
BLD-C01-P01-001489,C01-P01,2026-03-25 18:39:58,Sucesso,384,351,0
BLD-C01-P01-001490,C01-P01,2026-03-15 21:34:08,Sucesso,401,562,0
BLD-C01-P01-001491,C01-P01,2026-03-19 08:35:13,Falha,246,527,7
BLD-C01-P01-001492,C01-P01,2026-03-12 15:04:21,Sucesso,183,163,0
BLD-C01-P01-001493,C01-P01,2026-03-28 15:10:43,Falha,470,623,3
BLD-C01-P01-001494,C01-P01,2026-03-22 17:12:59,Sucesso,227,366,0
BLD-C01-P01-001495,C01-P01,2026-03-17 14:24:22,Sucesso,318,970,0
BLD-C01-P01-001496,C01-P01,2026-03-30 16:41:04,Sucesso,342,498,0
BLD-C01-P01-001497,C01-P01,2026-03-05 20:46:11,Sucesso,209,197,0
BLD-C01-P01-001498,C01-P01,2026-03-27 16:45:23,Sucesso,540,37,3
BLD-C01-P01-001499,C01-P01,2026-03-03 14:52:51,Sucesso,445,272,0
BLD-C01-P01-001500,C01-P01,2026-03-16 15:10:36,Falha,341,444,11
BLD-C01-P01-001501,C01-P01,2026-03-23 16:12:43,Sucesso,397,299,0
BLD-C01-P01-001502,C01-P01,2026-03-11 15:12:54,Sucesso,572,380,0
BLD-C01-P01-001503,C01-P01,2026-03-31 16:23:46,Sucesso,254,801,0
BLD-C01-P01-001504,C01-P01,2026-03-17 07:21:00,Falha,288,208,6
BLD-C01-P01-001505,C01-P01,2026-03-14 19:47:50,Sucesso,555,188,0
BLD-C01-P01-001506,C01-P01,2026-03-07 07:44:22,Sucesso,99,687,0
BLD-C01-P01-001507,C01-P01,2026-03-23 14:13:11,Sucesso,317,629,0
BLD-C01-P01-001508,C01-P01,2026-03-20 19:02:02,Falha,428,619,3
BLD-C01-P01-001509,C01-P01,2026-03-17 09:49:36,Sucesso,392,251,0
BLD-C01-P01-001510,C01-P01,2026-03-21 21:03:54,Sucesso,278,150,0
BLD-C01-P01-001511,C01-P01,2026-03-21 11:31:15,Sucesso,323,247,0
BLD-C01-P01-001512,C01-P01,2026-03-15 18:42:02,Sucesso,306,574,0
BLD-C01-P01-001513,C01-P01,2026-03-28 11:18:18,Sucesso,304,691,0
BLD-C01-P01-001514,C01-P01,2026-03-20 08:47:03,Falha,402,672,7
BLD-C01-P01-001515,C01-P01,2026-03-10 16:25:19,Sucesso,511,482,1
BLD-C01-P01-001516,C01-P01,2026-03-25 12:02:16,Sucesso,355,636,0
BLD-C01-P01-001517,C01-P01,2026-03-13 11:21:36,Sucesso,181,258,0
BLD-C01-P01-001518,C01-P01,2026-03-23 21:58:40,Sucesso,334,245,0
BLD-C01-P01-001519,C01-P01,2026-03-06 13:24:27,Sucesso,450,479,0
BLD-C01-P01-001520,C01-P01,2026-03-26 11:08:57,Sucesso,384,271,0
BLD-C01-P01-001521,C01-P01,2026-03-12 20:14:01,Falha,256,137,29
BLD-C01-P01-001522,C01-P01,2026-03-29 13:30:30,Falha,323,393,1
BLD-C01-P01-001523,C01-P01,2026-03-08 13:04:31,Sucesso,362,413,0
BLD-C01-P01-001524,C01-P01,2026-03-19 20:12:32,Sucesso,304,327,0
BLD-C01-P01-001525,C01-P01,2026-03-14 09:17:47,Falha,288,646,6
BLD-C01-P01-001526,C01-P01,2026-03-24 11:52:16,Sucesso,194,379,0
BLD-C01-P01-001527,C01-P01,2026-03-28 07:57:58,Sucesso,340,89,0
BLD-C01-P01-001528,C01-P01,2026-03-13 13:35:23,Falha,359,348,3
BLD-C01-P01-001529,C01-P01,2026-03-18 20:42:48,Sucesso,485,593,0
BLD-C01-P01-001530,C01-P01,2026-03-31 19:09:18,Sucesso,129,348,0
BLD-C01-P01-001531,C01-P01,2026-03-12 19:08:49,Sucesso,382,592,0
BLD-C01-P01-001532,C01-P01,2026-03-12 13:52:06,Sucesso,394,265,0
BLD-C01-P01-001533,C01-P01,2026-03-22 14:29:05,Sucesso,321,401,0
BLD-C01-P01-001534,C01-P01,2026-03-23 12:03:57,Sucesso,401,452,0
BLD-C01-P01-001535,C01-P01,2026-03-10 08:25:37,Sucesso,299,313,0
BLD-C01-P01-001536,C01-P01,2026-03-16 19:05:23,Sucesso,599,305,0
BLD-C01-P01-001537,C01-P01,2026-03-13 19:30:38,Falha,455,426,5
BLD-C01-P01-001538,C01-P01,2026-03-01 09:42:37,Sucesso,175,46,0
BLD-C01-P01-001539,C01-P01,2026-03-18 16:15:30,Sucesso,472,594,0
BLD-C01-P01-001540,C01-P01,2026-03-12 13:32:43,Sucesso,270,539,0
BLD-C01-P01-001541,C01-P01,2026-03-29 19:41:14,Sucesso,545,391,2
BLD-C01-P01-001542,C01-P01,2026-03-30 17:13:54,Sucesso,243,484,0
BLD-C01-P01-001543,C01-P01,2026-03-24 08:23:11,Sucesso,224,49,0
BLD-C01-P01-001544,C01-P01,2026-03-29 15:38:41,Sucesso,411,550,0
BLD-C01-P01-001545,C01-P01,2026-03-19 19:08:59,Sucesso,618,353,0
BLD-C01-P01-001546,C01-P01,2026-03-19 11:05:01,Sucesso,463,10,0
BLD-C01-P01-001547,C01-P01,2026-03-26 19:26:27,Sucesso,317,147,0
BLD-C01-P01-001548,C01-P01,2026-03-02 19:53:52,Sucesso,373,179,0
BLD-C01-P01-001549,C01-P01,2026-03-03 08:53:42,Sucesso,303,124,3
BLD-C01-P01-001550,C01-P01,2026-03-10 15:42:31,Sucesso,389,414,0
BLD-C01-P01-001551,C01-P01,2026-03-31 12:59:47,Sucesso,142,237,0
BLD-C01-P01-001552,C01-P01,2026-03-21 09:06:44,Sucesso,201,389,0
BLD-C01-P01-001553,C01-P01,2026-03-12 09:51:04,Sucesso,172,492,0
BLD-C01-P01-001554,C01-P01,2026-03-08 10:44:04,Sucesso,325,645,0
BLD-C01-P01-001555,C01-P01,2026-03-07 12:04:35,Falha,86,546,3
BLD-C01-P01-001556,C01-P01,2026-03-19 16:08:27,Sucesso,202,178,0
BLD-C01-P01-001557,C01-P01,2026-04-05 17:42:24,Sucesso,491,723,0
BLD-C01-P01-001558,C01-P01,2026-04-27 17:48:55,Falha,233,516,2
BLD-C01-P01-001559,C01-P01,2026-04-15 17:05:13,Falha,162,529,1
BLD-C01-P01-001560,C01-P01,2026-04-02 08:31:56,Sucesso,613,632,0
BLD-C01-P01-001561,C01-P01,2026-04-22 16:53:47,Sucesso,357,273,0
BLD-C01-P01-001562,C01-P01,2026-04-28 12:08:49,Sucesso,304,517,0
BLD-C01-P01-001563,C01-P01,2026-04-02 07:30:29,Falha,480,296,8
BLD-C01-P01-001564,C01-P01,2026-04-29 14:24:40,Sucesso,330,471,0
BLD-C01-P01-001565,C01-P01,2026-04-30 13:42:46,Sucesso,244,370,0
BLD-C01-P01-001566,C01-P01,2026-04-05 13:04:59,Falha,348,352,2
BLD-C01-P01-001567,C01-P01,2026-04-06 16:15:17,Sucesso,466,401,0
BLD-C01-P01-001568,C01-P01,2026-04-18 20:52:44,Falha,124,573,9
BLD-C01-P01-001569,C01-P01,2026-04-30 21:24:58,Sucesso,171,300,0
BLD-C01-P01-001570,C01-P01,2026-04-25 16:40:27,Falha,364,519,3
BLD-C01-P01-001571,C01-P01,2026-04-02 11:54:16,Sucesso,274,162,0
BLD-C01-P01-001572,C01-P01,2026-04-25 19:45:06,Sucesso,276,497,0
BLD-C01-P01-001573,C01-P01,2026-04-21 14:29:02,Sucesso,392,317,0
BLD-C01-P01-001574,C01-P01,2026-04-14 19:55:25,Sucesso,567,345,0
BLD-C01-P01-001575,C01-P01,2026-04-18 21:32:26,Sucesso,359,328,0
BLD-C01-P01-001576,C01-P01,2026-04-02 20:58:39,Sucesso,350,260,0
BLD-C01-P01-001577,C01-P01,2026-04-10 21:02:58,Sucesso,200,275,0
BLD-C01-P01-001578,C01-P01,2026-04-04 19:56:35,Sucesso,415,390,0
BLD-C01-P01-001579,C01-P01,2026-04-14 12:53:33,Falha,150,360,2
BLD-C01-P01-001580,C01-P01,2026-04-14 20:46:54,Sucesso,333,72,0
BLD-C01-P01-001581,C01-P01,2026-04-30 17:56:34,Sucesso,341,547,0
BLD-C01-P01-001582,C01-P01,2026-04-02 09:48:27,Sucesso,178,195,0
BLD-C01-P01-001583,C01-P01,2026-04-19 07:19:09,Sucesso,596,163,0
BLD-C01-P01-001584,C01-P01,2026-04-23 08:22:40,Sucesso,265,592,0
BLD-C01-P01-001585,C01-P01,2026-04-10 21:13:42,Falha,247,515,4
BLD-C01-P01-001586,C01-P01,2026-04-07 16:43:34,Sucesso,347,361,0
BLD-C01-P01-001587,C01-P01,2026-04-09 09:53:36,Sucesso,538,94,0
BLD-C01-P01-001588,C01-P01,2026-04-10 21:05:41,Sucesso,238,500,0
BLD-C01-P01-001589,C01-P01,2026-04-10 16:55:39,Sucesso,434,307,0
BLD-C01-P01-001590,C01-P01,2026-04-26 10:31:59,Sucesso,299,120,0
BLD-C01-P01-001591,C01-P01,2026-04-03 17:14:34,Sucesso,458,424,0
BLD-C01-P01-001592,C01-P01,2026-04-26 13:15:15,Falha,278,456,8
BLD-C01-P01-001593,C01-P01,2026-04-12 08:45:16,Sucesso,494,238,0
BLD-C01-P01-001594,C01-P01,2026-04-25 15:48:38,Sucesso,551,556,0
BLD-C01-P01-001595,C01-P01,2026-04-08 16:44:57,Falha,179,569,4
BLD-C01-P01-001596,C01-P01,2026-04-11 11:44:12,Sucesso,93,267,0
BLD-C01-P01-001597,C01-P01,2026-04-11 09:15:06,Sucesso,172,263,0
BLD-C01-P01-001598,C01-P01,2026-04-09 16:07:56,Sucesso,167,435,0
BLD-C01-P01-001599,C01-P01,2026-04-23 20:24:57,Sucesso,210,465,0
BLD-C01-P01-001600,C01-P01,2026-04-09 19:46:49,Sucesso,287,538,0
BLD-C01-P01-001601,C01-P01,2026-04-06 19:59:06,Falha,288,473,1
BLD-C01-P01-001602,C01-P01,2026-04-23 07:38:21,Falha,332,562,10
BLD-C01-P01-001603,C01-P01,2026-04-28 09:30:45,Sucesso,364,534,0
BLD-C01-P01-001604,C01-P01,2026-04-26 12:21:30,Sucesso,467,180,0
BLD-C01-P01-001605,C01-P01,2026-04-17 09:38:50,Sucesso,116,321,0
BLD-C01-P01-001606,C01-P01,2026-04-18 19:48:59,Sucesso,375,258,0
BLD-C01-P01-001607,C01-P01,2026-04-05 12:18:08,Sucesso,318,664,0
BLD-C01-P01-001608,C01-P01,2026-04-10 21:35:11,Sucesso,239,786,0
BLD-C01-P01-001609,C01-P01,2026-04-10 07:27:43,Sucesso,353,283,0
BLD-C01-P01-001610,C01-P01,2026-04-13 18:35:57,Falha,20,668,4
BLD-C01-P01-001611,C01-P01,2026-04-26 20:07:05,Falha,283,10,6
BLD-C01-P01-001612,C01-P01,2026-04-10 11:31:26,Falha,248,244,5
BLD-C01-P01-001613,C01-P01,2026-04-16 21:44:11,Sucesso,474,281,0
BLD-C01-P01-001614,C01-P01,2026-04-24 19:05:59,Sucesso,455,339,1
BLD-C01-P01-001615,C01-P01,2026-04-02 15:24:49,Sucesso,491,256,0
BLD-C01-P01-001616,C01-P01,2026-04-06 16:29:01,Sucesso,273,360,0
BLD-C01-P01-001617,C01-P01,2026-04-12 07:45:11,Falha,174,1006,5
BLD-C01-P01-001618,C01-P01,2026-04-18 20:55:48,Sucesso,296,618,0
BLD-C01-P01-001619,C01-P01,2026-04-26 08:16:52,Sucesso,333,585,0
BLD-C01-P01-001620,C01-P01,2026-04-28 08:31:03,Sucesso,296,262,0
BLD-C01-P01-001621,C01-P01,2026-04-28 19:07:37,Sucesso,472,388,0
BLD-C01-P01-001622,C01-P01,2026-04-19 12:25:19,Falha,167,767,6
BLD-C01-P01-001623,C01-P01,2026-04-13 21:16:26,Sucesso,84,181,0
BLD-C01-P01-001624,C01-P01,2026-04-04 21:01:41,Sucesso,227,474,0
BLD-C01-P01-001625,C01-P01,2026-04-09 19:21:01,Sucesso,341,342,0
BLD-C01-P01-001626,C01-P01,2026-04-08 16:19:14,Sucesso,567,460,0
BLD-C01-P01-001627,C01-P01,2026-04-10 16:21:08,Sucesso,525,392,0
BLD-C01-P01-001628,C01-P01,2026-04-28 20:52:39,Sucesso,398,399,0
BLD-C01-P01-001629,C01-P01,2026-04-04 21:45:30,Falha,267,440,8
BLD-C01-P01-001630,C01-P01,2026-04-21 14:40:23,Sucesso,167,523,0
BLD-C01-P01-001631,C01-P01,2026-04-06 16:43:56,Sucesso,455,91,0
BLD-C01-P01-001632,C01-P01,2026-04-07 14:44:00,Sucesso,226,305,0
BLD-C01-P01-001633,C01-P01,2026-04-17 09:06:35,Sucesso,297,591,0
BLD-C01-P01-001634,C01-P01,2026-04-19 15:56:55,Sucesso,444,123,0
BLD-C01-P01-001635,C01-P01,2026-04-11 17:49:35,Sucesso,339,269,0
BLD-C01-P01-001636,C01-P01,2026-04-21 17:44:09,Sucesso,310,478,0
BLD-C01-P01-001637,C01-P01,2026-04-12 11:17:00,Sucesso,386,834,0
BLD-C01-P01-001638,C01-P01,2026-04-10 16:04:51,Falha,501,272,1
BLD-C01-P01-001639,C01-P01,2026-04-01 12:12:03,Sucesso,451,341,0
BLD-C01-P01-001640,C01-P01,2026-04-11 20:50:44,Sucesso,677,419,0
BLD-C01-P01-001641,C01-P01,2026-04-01 19:29:56,Falha,258,401,4
BLD-C01-P01-001642,C01-P01,2026-04-16 10:04:33,Sucesso,163,439,0
BLD-C01-P01-001643,C01-P01,2026-04-17 20:09:04,Falha,226,462,1
BLD-C01-P01-001644,C01-P01,2026-04-17 11:33:10,Sucesso,448,178,0
BLD-C01-P01-001645,C01-P01,2026-04-24 11:54:11,Sucesso,88,537,0
BLD-C01-P01-001646,C01-P01,2026-04-05 16:27:13,Sucesso,350,462,0
BLD-C01-P01-001647,C01-P01,2026-04-26 19:15:45,Sucesso,426,602,0
BLD-C01-P01-001648,C01-P01,2026-04-08 12:50:06,Sucesso,307,333,0
BLD-C01-P01-001649,C01-P01,2026-04-18 08:53:31,Sucesso,185,878,0
BLD-C01-P01-001650,C01-P01,2026-04-06 16:41:54,Sucesso,544,592,2
BLD-C01-P01-001651,C01-P01,2026-04-15 21:00:30,Sucesso,103,628,0
BLD-C01-P01-001652,C01-P01,2026-04-29 07:00:26,Sucesso,196,420,0
BLD-C01-P01-001653,C01-P01,2026-04-12 12:41:39,Sucesso,341,488,0
BLD-C01-P01-001654,C01-P01,2026-04-20 18:25:15,Falha,131,524,4
BLD-C01-P01-001655,C01-P01,2026-04-08 11:49:06,Sucesso,268,548,0
BLD-C01-P01-001656,C01-P01,2026-04-05 19:42:24,Sucesso,394,636,0
BLD-C01-P01-001657,C01-P01,2026-04-30 07:05:04,Sucesso,147,680,1
BLD-C01-P01-001658,C01-P01,2026-04-18 14:53:47,Falha,456,302,12
BLD-C01-P01-001659,C01-P01,2026-04-18 11:45:12,Sucesso,20,865,0
BLD-C01-P01-001660,C01-P01,2026-04-13 19:55:55,Falha,224,112,2
BLD-C01-P01-001661,C01-P01,2026-04-03 18:28:25,Sucesso,230,373,0
BLD-C01-P01-001662,C01-P01,2026-04-05 18:56:50,Falha,229,423,1
BLD-C01-P01-001663,C01-P01,2026-04-08 17:22:12,Sucesso,149,348,0
BLD-C01-P01-001664,C01-P01,2026-04-25 18:03:11,Sucesso,108,628,0
BLD-C01-P01-001665,C01-P01,2026-04-15 13:36:05,Sucesso,239,255,0
BLD-C01-P01-001666,C01-P01,2026-04-27 21:18:14,Sucesso,244,260,0
BLD-C01-P01-001667,C01-P01,2026-04-15 15:56:55,Sucesso,488,218,0
BLD-C01-P01-001668,C01-P01,2026-04-07 09:47:54,Sucesso,492,177,0
BLD-C01-P01-001669,C01-P01,2026-04-16 17:10:46,Sucesso,102,541,0
BLD-C01-P01-001670,C01-P01,2026-04-05 11:37:31,Sucesso,413,508,0
BLD-C01-P01-001671,C01-P01,2026-04-27 08:44:20,Sucesso,377,337,0
BLD-C01-P01-001672,C01-P01,2026-04-20 14:03:22,Sucesso,202,572,0
BLD-C01-P01-001673,C01-P01,2026-04-12 14:54:54,Falha,245,628,3
BLD-C01-P01-001674,C01-P01,2026-04-20 19:08:32,Sucesso,402,202,0
BLD-C01-P01-001675,C01-P01,2026-04-14 14:58:45,Sucesso,502,233,0
BLD-C01-P01-001676,C01-P01,2026-04-30 16:51:09,Sucesso,501,374,0
BLD-C01-P01-001677,C01-P01,2026-04-22 12:12:51,Sucesso,339,402,0
BLD-C01-P01-001678,C01-P01,2026-04-20 11:24:31,Sucesso,233,166,0
BLD-C01-P01-001679,C01-P01,2026-04-13 13:01:52,Sucesso,537,222,0
BLD-C01-P01-001680,C01-P01,2026-04-19 19:10:56,Sucesso,115,10,0
BLD-C01-P01-001681,C01-P01,2026-04-27 14:24:40,Sucesso,103,256,0
BLD-C01-P01-001682,C01-P01,2026-04-07 07:25:26,Sucesso,196,432,0
BLD-C01-P01-001683,C01-P01,2026-04-10 16:38:26,Sucesso,193,324,0
BLD-C01-P01-001684,C01-P01,2026-04-29 17:22:07,Falha,309,86,8
BLD-C01-P01-001685,C01-P01,2026-04-24 13:34:57,Sucesso,282,720,0
BLD-C01-P01-001686,C01-P01,2026-04-03 14:07:10,Falha,105,10,5
BLD-C01-P01-001687,C01-P01,2026-04-13 13:26:37,Sucesso,205,357,0
BLD-C01-P01-001688,C01-P01,2026-04-15 16:55:00,Sucesso,245,237,0
BLD-C01-P01-001689,C01-P01,2026-04-12 17:38:19,Sucesso,167,881,0
BLD-C01-P01-001690,C01-P01,2026-04-24 15:00:13,Falha,199,373,5
BLD-C01-P01-001691,C01-P01,2026-04-26 16:46:33,Sucesso,405,433,0
BLD-C01-P01-001692,C01-P01,2026-04-16 15:16:59,Sucesso,281,408,1
BLD-C01-P01-001693,C01-P01,2026-04-20 21:43:40,Sucesso,375,160,0
BLD-C01-P01-001694,C01-P01,2026-04-14 10:44:35,Falha,98,601,3
BLD-C01-P01-001695,C01-P01,2026-04-15 19:28:00,Sucesso,224,153,0
BLD-C01-P01-001696,C01-P01,2026-04-12 19:26:05,Sucesso,336,289,0
BLD-C01-P01-001697,C01-P01,2026-04-22 21:25:54,Sucesso,233,632,0
BLD-C01-P01-001698,C01-P01,2026-04-05 20:56:06,Sucesso,58,90,0
BLD-C01-P01-001699,C01-P01,2026-04-04 07:24:38,Sucesso,316,208,0
BLD-C01-P01-001700,C01-P01,2026-04-24 14:00:08,Sucesso,325,544,0
BLD-C01-P01-001701,C01-P01,2026-04-21 19:59:58,Sucesso,20,375,0
BLD-C01-P01-001702,C01-P01,2026-04-09 15:35:01,Sucesso,20,96,0
BLD-C01-P01-001703,C01-P01,2026-04-16 21:28:24,Sucesso,600,271,0
BLD-C01-P01-001704,C01-P01,2026-04-27 08:28:37,Sucesso,498,517,0
BLD-C01-P01-001705,C01-P01,2026-04-29 12:29:09,Falha,167,538,4
BLD-C01-P01-001706,C01-P01,2026-04-26 21:55:36,Sucesso,368,401,0
BLD-C01-P01-001707,C01-P01,2026-05-11 07:26:03,Sucesso,542,650,1
BLD-C01-P01-001708,C01-P01,2026-05-16 20:30:19,Sucesso,164,213,0
BLD-C01-P01-001709,C01-P01,2026-05-18 11:28:42,Sucesso,549,476,0
BLD-C01-P01-001710,C01-P01,2026-05-20 16:35:41,Sucesso,282,331,0
BLD-C01-P01-001711,C01-P01,2026-05-31 07:43:12,Sucesso,206,310,0
BLD-C01-P01-001712,C01-P01,2026-05-28 12:28:33,Falha,279,396,11
BLD-C01-P01-001713,C01-P01,2026-05-11 11:39:18,Sucesso,363,622,0
BLD-C01-P01-001714,C01-P01,2026-05-24 12:41:37,Falha,460,177,4
BLD-C01-P01-001715,C01-P01,2026-05-01 21:27:55,Falha,216,594,2
BLD-C01-P01-001716,C01-P01,2026-05-09 15:33:53,Sucesso,336,467,0
BLD-C01-P01-001717,C01-P01,2026-05-04 18:25:31,Sucesso,59,398,0
BLD-C01-P01-001718,C01-P01,2026-05-08 08:36:36,Sucesso,153,566,0
BLD-C01-P01-001719,C01-P01,2026-05-17 11:31:47,Sucesso,193,419,0
BLD-C01-P01-001720,C01-P01,2026-05-01 13:17:45,Sucesso,415,886,0
BLD-C01-P01-001721,C01-P01,2026-05-02 17:56:06,Sucesso,499,264,0
BLD-C01-P01-001722,C01-P01,2026-05-16 14:49:52,Sucesso,146,410,0
BLD-C01-P01-001723,C01-P01,2026-05-07 15:02:08,Sucesso,98,216,0
BLD-C01-P01-001724,C01-P01,2026-05-30 08:38:23,Sucesso,108,566,0
BLD-C01-P01-001725,C01-P01,2026-05-01 07:53:59,Sucesso,269,551,0
BLD-C01-P01-001726,C01-P01,2026-05-07 10:52:58,Sucesso,310,656,0
BLD-C01-P01-001727,C01-P01,2026-05-12 20:50:09,Sucesso,450,548,0
BLD-C01-P01-001728,C01-P01,2026-05-20 09:30:43,Sucesso,212,387,0
BLD-C01-P01-001729,C01-P01,2026-05-10 14:07:18,Sucesso,357,428,0
BLD-C01-P01-001730,C01-P01,2026-05-18 18:22:57,Falha,393,440,3
BLD-C01-P01-001731,C01-P01,2026-05-14 10:44:31,Sucesso,457,410,0
BLD-C01-P01-001732,C01-P01,2026-05-09 17:26:29,Sucesso,395,356,0
BLD-C01-P01-001733,C01-P01,2026-05-11 21:56:33,Falha,212,15,4
BLD-C01-P01-001734,C01-P01,2026-05-16 14:35:57,Sucesso,210,394,0
BLD-C01-P01-001735,C01-P01,2026-05-29 17:10:49,Sucesso,580,538,0
BLD-C01-P01-001736,C01-P01,2026-05-07 18:23:24,Sucesso,256,294,0
BLD-C01-P01-001737,C01-P01,2026-05-23 14:31:50,Falha,523,472,2
BLD-C01-P01-001738,C01-P01,2026-05-09 09:19:00,Sucesso,520,219,0
BLD-C01-P01-001739,C01-P01,2026-05-19 07:16:52,Sucesso,178,404,0
BLD-C01-P01-001740,C01-P01,2026-05-23 16:03:17,Falha,445,415,7
BLD-C01-P01-001741,C01-P01,2026-05-23 08:23:08,Sucesso,356,504,0
BLD-C01-P01-001742,C01-P01,2026-05-17 13:29:03,Sucesso,381,469,0
BLD-C01-P01-001743,C01-P01,2026-05-31 10:00:41,Sucesso,388,162,0
BLD-C01-P01-001744,C01-P01,2026-05-23 09:36:31,Sucesso,229,10,0
BLD-C01-P01-001745,C01-P01,2026-05-21 14:45:06,Sucesso,458,461,0
BLD-C01-P01-001746,C01-P01,2026-05-07 15:04:00,Sucesso,300,796,0
BLD-C01-P01-001747,C01-P01,2026-05-24 15:57:50,Sucesso,336,546,0
BLD-C01-P01-001748,C01-P01,2026-05-31 07:25:36,Sucesso,266,306,0
BLD-C01-P01-001749,C01-P01,2026-05-07 20:20:19,Falha,44,450,5
BLD-C01-P01-001750,C01-P01,2026-05-09 13:38:09,Sucesso,251,233,4
BLD-C01-P01-001751,C01-P01,2026-05-22 12:40:48,Sucesso,353,201,0
BLD-C01-P01-001752,C01-P01,2026-05-27 14:01:40,Sucesso,333,509,0
BLD-C01-P01-001753,C01-P01,2026-05-23 08:27:09,Sucesso,381,340,0
BLD-C01-P01-001754,C01-P01,2026-05-29 13:31:45,Sucesso,430,64,0
BLD-C01-P01-001755,C01-P01,2026-05-04 09:42:12,Sucesso,556,553,0
BLD-C01-P01-001756,C01-P01,2026-05-14 15:32:53,Sucesso,321,395,0
BLD-C01-P01-001757,C01-P01,2026-05-01 18:15:51,Falha,413,136,1
BLD-C01-P01-001758,C01-P01,2026-05-28 21:26:10,Sucesso,163,486,0
BLD-C01-P01-001759,C01-P01,2026-05-19 09:59:29,Sucesso,235,469,0
BLD-C01-P01-001760,C01-P01,2026-05-04 11:51:00,Sucesso,110,375,0
BLD-C01-P01-001761,C01-P01,2026-05-18 19:34:40,Sucesso,445,170,0
BLD-C01-P01-001762,C01-P01,2026-05-26 16:00:52,Sucesso,197,477,0
BLD-C01-P01-001763,C01-P01,2026-05-10 17:52:09,Sucesso,115,421,0
BLD-C01-P01-001764,C01-P01,2026-05-19 18:26:02,Sucesso,303,734,0
BLD-C01-P01-001765,C01-P01,2026-05-03 11:15:46,Sucesso,60,686,0
BLD-C01-P01-001766,C01-P01,2026-05-10 19:56:10,Sucesso,391,696,0
BLD-C01-P01-001767,C01-P01,2026-05-14 12:03:44,Sucesso,500,527,0
BLD-C01-P01-001768,C01-P01,2026-05-06 17:41:05,Sucesso,391,612,0
BLD-C01-P01-001769,C01-P01,2026-05-06 13:39:41,Sucesso,216,589,0
BLD-C01-P01-001770,C01-P01,2026-05-26 11:46:40,Sucesso,280,326,0
BLD-C01-P01-001771,C01-P01,2026-05-28 16:50:45,Sucesso,493,391,0
BLD-C01-P01-001772,C01-P01,2026-05-04 21:13:33,Falha,108,231,1
BLD-C01-P01-001773,C01-P01,2026-05-29 10:13:20,Sucesso,279,349,0
BLD-C01-P01-001774,C01-P01,2026-05-28 08:12:28,Falha,231,518,3
BLD-C01-P01-001775,C01-P01,2026-05-18 10:50:41,Sucesso,498,608,0
BLD-C01-P01-001776,C01-P01,2026-05-10 19:00:59,Sucesso,92,428,0
BLD-C01-P01-001777,C01-P01,2026-05-13 12:58:26,Sucesso,329,269,0
BLD-C01-P01-001778,C01-P01,2026-05-31 09:26:54,Sucesso,281,433,0
BLD-C01-P01-001779,C01-P01,2026-05-18 18:35:54,Sucesso,462,487,0
BLD-C01-P01-001780,C01-P01,2026-05-18 18:41:30,Sucesso,352,458,0
BLD-C01-P01-001781,C01-P01,2026-05-21 16:36:14,Sucesso,21,357,0
BLD-C01-P01-001782,C01-P01,2026-05-12 16:05:56,Sucesso,436,236,0
BLD-C01-P01-001783,C01-P01,2026-05-31 16:36:53,Sucesso,346,383,0
BLD-C01-P01-001784,C01-P01,2026-05-29 12:52:58,Sucesso,221,302,0
BLD-C01-P01-001785,C01-P01,2026-05-02 20:13:22,Falha,222,429,3
BLD-C01-P01-001786,C01-P01,2026-05-04 18:12:14,Sucesso,391,10,0
BLD-C01-P01-001787,C01-P01,2026-05-23 19:20:19,Sucesso,278,182,0
BLD-C01-P01-001788,C01-P01,2026-05-16 14:39:52,Falha,265,392,2
BLD-C01-P01-001789,C01-P01,2026-05-17 17:14:45,Sucesso,131,111,0
BLD-C01-P01-001790,C01-P01,2026-05-09 20:01:23,Sucesso,209,231,0
BLD-C01-P01-001791,C01-P01,2026-05-16 15:17:53,Sucesso,104,344,0
BLD-C01-P01-001792,C01-P01,2026-05-04 15:37:01,Sucesso,466,237,0
BLD-C01-P01-001793,C01-P01,2026-05-30 19:01:39,Sucesso,500,334,1
BLD-C01-P01-001794,C01-P01,2026-05-09 11:36:36,Sucesso,169,240,0
BLD-C01-P01-001795,C01-P01,2026-05-07 18:59:37,Sucesso,370,362,0
BLD-C01-P01-001796,C01-P01,2026-05-16 13:21:31,Sucesso,343,278,0
BLD-C01-P01-001797,C01-P01,2026-05-20 19:52:45,Sucesso,639,415,0
BLD-C01-P01-001798,C01-P01,2026-05-05 09:49:11,Sucesso,268,407,1
BLD-C01-P01-001799,C01-P01,2026-05-08 12:40:31,Falha,27,470,3
BLD-C01-P01-001800,C01-P01,2026-05-05 15:40:14,Sucesso,418,491,0
BLD-C01-P01-001801,C01-P01,2026-05-06 13:49:09,Sucesso,457,410,0
BLD-C01-P01-001802,C01-P01,2026-05-21 18:02:45,Sucesso,416,429,0
BLD-C01-P01-001803,C01-P01,2026-05-24 19:40:12,Sucesso,212,241,1
BLD-C01-P01-001804,C01-P01,2026-05-30 09:31:20,Sucesso,343,383,0
BLD-C01-P01-001805,C01-P01,2026-05-24 08:28:03,Sucesso,506,347,0
BLD-C01-P01-001806,C01-P01,2026-05-03 15:26:21,Sucesso,211,456,0
BLD-C01-P01-001807,C01-P01,2026-05-11 10:29:54,Falha,64,532,1
BLD-C01-P01-001808,C01-P01,2026-05-06 21:41:25,Sucesso,20,272,0
BLD-C01-P01-001809,C01-P01,2026-05-06 21:08:09,Sucesso,283,548,0
BLD-C01-P01-001810,C01-P01,2026-05-22 11:21:27,Sucesso,20,318,1
BLD-C01-P01-001811,C01-P01,2026-05-12 12:39:47,Sucesso,423,537,1
BLD-C01-P01-001812,C01-P01,2026-05-04 12:45:55,Sucesso,69,119,0
BLD-C01-P01-001813,C01-P01,2026-05-26 10:39:31,Sucesso,225,134,0
BLD-C01-P01-001814,C01-P01,2026-05-13 20:51:38,Sucesso,571,430,0
BLD-C01-P01-001815,C01-P01,2026-05-04 16:17:24,Sucesso,49,205,0
BLD-C01-P01-001816,C01-P01,2026-05-14 11:50:59,Sucesso,325,758,0
BLD-C01-P01-001817,C01-P01,2026-05-20 08:17:38,Sucesso,341,27,0
BLD-C01-P01-001818,C01-P01,2026-05-10 17:59:08,Sucesso,191,595,0
BLD-C01-P01-001819,C01-P01,2026-05-06 20:52:44,Sucesso,20,578,0
BLD-C01-P01-001820,C01-P01,2026-05-24 11:45:26,Sucesso,349,757,0
BLD-C01-P01-001821,C01-P01,2026-05-12 15:53:57,Sucesso,137,187,0
BLD-C01-P01-001822,C01-P01,2026-05-06 11:35:46,Sucesso,300,628,0
BLD-C01-P01-001823,C01-P01,2026-05-28 20:33:14,Sucesso,289,133,0
BLD-C01-P01-001824,C01-P01,2026-05-08 16:41:28,Falha,503,518,4
BLD-C01-P01-001825,C01-P01,2026-05-18 17:50:19,Falha,289,170,6
BLD-C01-P01-001826,C01-P01,2026-05-25 12:47:44,Sucesso,434,425,0
BLD-C01-P01-001827,C01-P01,2026-05-30 07:43:51,Falha,131,423,3
BLD-C01-P01-001828,C01-P01,2026-05-24 09:08:44,Sucesso,408,334,0
BLD-C01-P01-001829,C01-P01,2026-05-11 20:09:55,Sucesso,526,747,0
BLD-C01-P01-001830,C01-P01,2026-05-07 10:48:16,Sucesso,266,428,0
BLD-C01-P01-001831,C01-P01,2026-05-06 20:50:36,Sucesso,103,301,0
BLD-C01-P01-001832,C01-P01,2026-05-10 07:41:53,Sucesso,365,516,0
BLD-C01-P01-001833,C01-P01,2026-05-27 19:19:10,Sucesso,305,407,0
BLD-C01-P01-001834,C01-P01,2026-05-06 13:47:27,Sucesso,204,109,0
BLD-C01-P01-001835,C01-P01,2026-05-02 16:37:20,Sucesso,195,542,0
BLD-C01-P01-001836,C01-P01,2026-05-16 19:16:56,Sucesso,385,209,0
BLD-C01-P01-001837,C01-P01,2026-05-07 17:51:22,Sucesso,139,296,0
BLD-C01-P01-001838,C01-P01,2026-05-22 17:27:01,Falha,410,574,8
BLD-C01-P01-001839,C01-P01,2026-05-04 09:34:54,Sucesso,434,473,0
BLD-C01-P01-001840,C01-P01,2026-05-15 16:59:06,Sucesso,226,573,0
BLD-C01-P01-001841,C01-P01,2026-05-03 15:42:44,Sucesso,207,305,0
BLD-C01-P01-001842,C01-P01,2026-05-23 13:34:08,Sucesso,352,469,0
BLD-C01-P01-001843,C01-P01,2026-05-31 15:05:46,Sucesso,470,697,0
BLD-C01-P01-001844,C01-P01,2026-05-10 08:45:39,Sucesso,388,258,0
BLD-C01-P01-001845,C01-P01,2026-05-30 20:57:54,Sucesso,459,250,1
BLD-C01-P01-001846,C01-P01,2026-05-21 15:32:36,Falha,332,574,3
BLD-C01-P01-001847,C01-P01,2026-05-19 11:47:45,Falha,388,532,8
BLD-C01-P01-001848,C01-P01,2026-05-29 15:55:15,Sucesso,509,235,0
BLD-C01-P01-001849,C01-P01,2026-05-11 09:37:30,Sucesso,325,342,0
BLD-C01-P01-001850,C01-P01,2026-05-28 19:12:15,Sucesso,156,149,0
BLD-C01-P01-001851,C01-P01,2026-05-17 14:13:46,Sucesso,321,183,1
BLD-C01-P01-001852,C01-P01,2026-05-14 18:47:52,Falha,407,319,14
BLD-C01-P01-001853,C01-P01,2026-05-31 09:26:33,Sucesso,268,352,0
BLD-C01-P01-001854,C01-P01,2026-05-28 16:28:54,Sucesso,423,365,0
BLD-C01-P01-001855,C01-P01,2026-05-20 11:05:00,Falha,227,731,18
BLD-C01-P01-001856,C01-P01,2026-05-04 12:49:52,Falha,159,484,5
BLD-C01-P01-001857,C01-P01,2026-05-17 12:07:09,Sucesso,318,416,0
BLD-C01-P01-001858,C01-P01,2026-05-18 16:52:29,Sucesso,404,306,0
BLD-C01-P01-001859,C01-P01,2026-05-14 13:25:44,Sucesso,504,10,0
BLD-C01-P01-001860,C01-P01,2026-05-24 16:56:37,Sucesso,133,458,0
BLD-C01-P01-001861,C01-P01,2026-06-27 11:18:59,Sucesso,151,298,0
BLD-C01-P01-001862,C01-P01,2026-06-23 14:03:29,Sucesso,498,361,0
BLD-C01-P01-001863,C01-P01,2026-06-07 09:59:35,Sucesso,455,100,0
BLD-C01-P01-001864,C01-P01,2026-06-23 19:10:55,Sucesso,226,564,0
BLD-C01-P01-001865,C01-P01,2026-06-28 20:59:08,Sucesso,250,187,0
BLD-C01-P01-001866,C01-P01,2026-06-20 07:31:39,Sucesso,202,187,0
BLD-C01-P01-001867,C01-P01,2026-06-24 08:33:55,Sucesso,374,437,0
BLD-C01-P01-001868,C01-P01,2026-06-26 09:01:03,Falha,336,207,3
BLD-C01-P01-001869,C01-P01,2026-06-01 19:45:59,Sucesso,626,752,0
BLD-C01-P01-001870,C01-P01,2026-06-11 19:07:27,Sucesso,277,470,0
BLD-C01-P01-001871,C01-P01,2026-06-29 14:56:32,Sucesso,315,569,0
BLD-C01-P01-001872,C01-P01,2026-06-15 19:57:02,Sucesso,397,158,0
BLD-C01-P01-001873,C01-P01,2026-06-16 18:34:04,Sucesso,508,85,0
BLD-C01-P01-001874,C01-P01,2026-06-29 13:53:18,Falha,386,781,6
BLD-C01-P01-001875,C01-P01,2026-06-04 16:00:07,Sucesso,294,473,0
BLD-C01-P01-001876,C01-P01,2026-06-13 21:03:43,Sucesso,398,561,0
BLD-C01-P01-001877,C01-P01,2026-06-02 14:20:52,Sucesso,197,418,0
BLD-C01-P01-001878,C01-P01,2026-06-12 14:51:13,Sucesso,258,431,0
BLD-C01-P01-001879,C01-P01,2026-06-27 13:10:23,Falha,20,742,7
BLD-C01-P01-001880,C01-P01,2026-06-02 09:58:16,Sucesso,335,438,0
BLD-C01-P01-001881,C01-P01,2026-06-23 15:13:09,Sucesso,401,483,0
BLD-C01-P01-001882,C01-P01,2026-06-22 07:04:37,Sucesso,351,175,0
BLD-C01-P01-001883,C01-P01,2026-06-08 18:47:34,Sucesso,285,486,0
BLD-C01-P01-001884,C01-P01,2026-06-04 21:32:58,Sucesso,153,226,0
BLD-C01-P01-001885,C01-P01,2026-06-03 21:39:18,Sucesso,460,454,0
BLD-C01-P01-001886,C01-P01,2026-06-04 08:37:35,Sucesso,281,10,1
BLD-C01-P01-001887,C01-P01,2026-06-11 15:07:12,Sucesso,471,778,0
BLD-C01-P01-001888,C01-P01,2026-06-13 13:07:18,Falha,705,685,5
BLD-C01-P01-001889,C01-P01,2026-06-16 11:18:09,Sucesso,295,618,0
BLD-C01-P01-001890,C01-P01,2026-06-24 21:10:03,Sucesso,412,442,0
BLD-C01-P01-001891,C01-P01,2026-06-25 12:38:25,Sucesso,358,441,0
BLD-C01-P01-001892,C01-P01,2026-06-14 19:48:51,Sucesso,346,377,0
BLD-C01-P01-001893,C01-P01,2026-06-10 15:41:22,Sucesso,230,240,0
BLD-C01-P01-001894,C01-P01,2026-06-24 09:49:37,Sucesso,107,12,0
BLD-C01-P01-001895,C01-P01,2026-06-04 10:50:49,Sucesso,308,477,0
BLD-C01-P01-001896,C01-P01,2026-06-18 13:50:29,Sucesso,249,355,0
BLD-C01-P01-001897,C01-P01,2026-06-12 13:40:26,Sucesso,210,396,0
BLD-C01-P01-001898,C01-P01,2026-06-18 13:19:58,Sucesso,278,478,0
BLD-C01-P01-001899,C01-P01,2026-06-09 08:23:01,Sucesso,288,482,0
BLD-C01-P01-001900,C01-P01,2026-06-07 20:49:39,Sucesso,210,522,0
BLD-C01-P01-001901,C01-P01,2026-06-09 17:50:41,Sucesso,629,127,0
BLD-C01-P01-001902,C01-P01,2026-06-11 15:30:46,Sucesso,71,945,0
BLD-C01-P01-001903,C01-P01,2026-06-05 20:57:29,Sucesso,142,117,0
BLD-C01-P01-001904,C01-P01,2026-06-24 17:11:04,Sucesso,314,721,1
BLD-C01-P01-001905,C01-P01,2026-06-14 20:07:06,Sucesso,166,441,0
BLD-C01-P01-001906,C01-P01,2026-06-08 14:58:01,Sucesso,592,329,0
BLD-C01-P01-001907,C01-P01,2026-06-15 19:44:51,Falha,436,10,10
BLD-C01-P01-001908,C01-P01,2026-06-27 13:50:33,Sucesso,415,677,0
BLD-C01-P01-001909,C01-P01,2026-06-20 18:44:14,Sucesso,322,673,0
BLD-C01-P01-001910,C01-P01,2026-06-26 08:26:37,Sucesso,189,129,0
BLD-C01-P01-001911,C01-P01,2026-06-18 09:01:13,Sucesso,488,417,0
BLD-C01-P01-001912,C01-P01,2026-06-10 13:21:15,Sucesso,249,472,0
BLD-C01-P01-001913,C01-P01,2026-06-20 10:30:28,Sucesso,512,401,0
BLD-C01-P01-001914,C01-P01,2026-06-11 16:49:38,Sucesso,309,375,0
BLD-C01-P01-001915,C01-P01,2026-06-28 10:12:16,Sucesso,140,484,0
BLD-C01-P01-001916,C01-P01,2026-06-18 15:23:59,Sucesso,533,480,0
BLD-C01-P01-001917,C01-P01,2026-06-09 08:08:14,Sucesso,276,336,0
BLD-C01-P01-001918,C01-P01,2026-06-21 09:26:23,Sucesso,471,359,0
BLD-C01-P01-001919,C01-P01,2026-06-01 14:21:25,Sucesso,259,527,0
BLD-C01-P01-001920,C01-P01,2026-06-16 10:52:01,Sucesso,393,513,0
BLD-C01-P01-001921,C01-P01,2026-06-07 20:18:49,Sucesso,341,532,0
BLD-C01-P01-001922,C01-P01,2026-06-08 17:20:35,Sucesso,433,215,0
BLD-C01-P01-001923,C01-P01,2026-06-03 21:33:45,Sucesso,450,10,0
BLD-C01-P01-001924,C01-P01,2026-06-30 18:35:46,Sucesso,229,502,0
BLD-C01-P01-001925,C01-P01,2026-06-22 17:08:01,Sucesso,592,448,0
BLD-C01-P01-001926,C01-P01,2026-06-19 10:46:39,Sucesso,596,588,0
BLD-C01-P01-001927,C01-P01,2026-06-05 10:36:50,Falha,20,104,5
BLD-C01-P01-001928,C01-P01,2026-06-01 07:29:16,Sucesso,513,366,0
BLD-C01-P01-001929,C01-P01,2026-06-21 14:33:27,Sucesso,497,472,0
BLD-C01-P01-001930,C01-P01,2026-06-04 14:40:34,Sucesso,385,415,0
BLD-C01-P01-001931,C01-P01,2026-06-19 09:29:03,Falha,362,731,4
BLD-C01-P01-001932,C01-P01,2026-06-07 14:57:32,Falha,354,562,11
BLD-C01-P01-001933,C01-P01,2026-06-05 15:40:40,Sucesso,345,272,0
BLD-C01-P01-001934,C01-P01,2026-06-13 21:07:18,Sucesso,480,699,0
BLD-C01-P01-001935,C01-P01,2026-06-19 15:09:44,Sucesso,262,492,0
BLD-C01-P01-001936,C01-P01,2026-06-10 12:15:13,Falha,259,243,2
BLD-C01-P01-001937,C01-P01,2026-06-23 15:11:52,Sucesso,122,372,0
BLD-C01-P01-001938,C01-P01,2026-06-04 07:17:44,Sucesso,569,796,0
BLD-C01-P01-001939,C01-P01,2026-06-28 11:59:53,Sucesso,308,200,0
BLD-C01-P01-001940,C01-P01,2026-06-27 12:38:00,Sucesso,195,78,0
BLD-C01-P01-001941,C01-P01,2026-06-11 09:03:26,Falha,111,602,1
BLD-C01-P01-001942,C01-P01,2026-06-04 08:37:56,Sucesso,472,448,0
BLD-C01-P01-001943,C01-P01,2026-06-14 12:27:39,Sucesso,312,641,0
BLD-C01-P01-001944,C01-P01,2026-06-16 07:39:43,Sucesso,406,492,0
BLD-C01-P01-001945,C01-P01,2026-06-24 14:44:43,Falha,391,302,7
BLD-C01-P01-001946,C01-P01,2026-06-18 21:15:54,Falha,249,402,1
BLD-C01-P01-001947,C01-P01,2026-06-28 09:54:42,Sucesso,488,707,0
BLD-C01-P01-001948,C01-P01,2026-06-26 16:06:40,Sucesso,365,278,0
BLD-C01-P01-001949,C01-P01,2026-06-13 10:34:21,Sucesso,484,326,0
BLD-C01-P01-001950,C01-P01,2026-06-29 09:26:53,Falha,436,222,6
BLD-C01-P01-001951,C01-P01,2026-06-03 21:20:21,Sucesso,35,260,0
BLD-C01-P01-001952,C01-P01,2026-06-25 21:27:01,Sucesso,509,99,0
BLD-C01-P01-001953,C01-P01,2026-06-11 16:38:09,Sucesso,311,714,0
BLD-C01-P01-001954,C01-P01,2026-06-15 21:07:55,Sucesso,406,388,0
BLD-C01-P01-001955,C01-P01,2026-06-08 17:58:04,Sucesso,274,264,0
BLD-C01-P01-001956,C01-P01,2026-06-21 10:48:52,Sucesso,570,759,0
BLD-C01-P01-001957,C01-P01,2026-06-26 09:18:08,Sucesso,316,10,0
BLD-C01-P01-001958,C01-P01,2026-06-16 19:59:08,Sucesso,443,372,0
BLD-C01-P01-001959,C01-P01,2026-06-26 21:32:37,Sucesso,376,183,0
BLD-C01-P01-001960,C01-P01,2026-06-06 19:35:42,Sucesso,394,694,0
BLD-C01-P01-001961,C01-P01,2026-06-16 14:35:11,Sucesso,469,319,0
BLD-C01-P01-001962,C01-P01,2026-06-11 08:55:25,Sucesso,261,480,0
BLD-C01-P01-001963,C01-P01,2026-06-20 15:15:34,Sucesso,331,305,0
BLD-C01-P01-001964,C01-P01,2026-06-19 14:16:43,Falha,232,168,7
BLD-C01-P01-001965,C01-P01,2026-06-26 15:07:22,Sucesso,202,241,1
BLD-C01-P01-001966,C01-P01,2026-06-15 20:27:56,Sucesso,393,10,0
BLD-C01-P01-001967,C01-P01,2026-06-30 16:20:15,Falha,298,555,8
BLD-C01-P01-001968,C01-P01,2026-06-29 13:07:04,Sucesso,326,600,0
BLD-C01-P01-001969,C01-P01,2026-06-17 15:30:32,Sucesso,400,272,0
BLD-C01-P01-001970,C01-P01,2026-06-18 12:10:28,Sucesso,247,228,0
BLD-C01-P01-001971,C01-P01,2026-06-05 18:40:13,Sucesso,328,537,0
BLD-C01-P01-001972,C01-P01,2026-06-12 15:11:22,Sucesso,345,174,0
BLD-C01-P01-001973,C01-P01,2026-06-27 08:55:08,Sucesso,271,449,0
BLD-C01-P01-001974,C01-P01,2026-06-01 16:48:14,Sucesso,171,240,0
BLD-C01-P01-001975,C01-P01,2026-06-19 09:52:28,Sucesso,443,103,0
BLD-C01-P01-001976,C01-P01,2026-06-06 21:11:38,Sucesso,209,503,0
BLD-C01-P01-001977,C01-P01,2026-06-09 17:50:00,Falha,169,329,9
BLD-C01-P01-001978,C01-P01,2026-06-02 16:36:52,Sucesso,455,371,0
BLD-C01-P01-001979,C01-P01,2026-06-07 20:25:27,Sucesso,222,351,0
BLD-C01-P01-001980,C01-P01,2026-06-26 13:13:31,Falha,406,179,15
BLD-C01-P01-001981,C01-P01,2026-06-24 13:01:24,Sucesso,242,563,0
BLD-C01-P01-001982,C01-P01,2026-06-05 09:35:04,Falha,304,584,4
BLD-C01-P01-001983,C01-P01,2026-06-03 14:48:48,Sucesso,184,461,0
BLD-C01-P01-001984,C01-P01,2026-06-26 08:57:11,Sucesso,296,43,0
BLD-C01-P01-001985,C01-P01,2026-06-09 13:46:35,Sucesso,587,280,0
BLD-C01-P01-001986,C01-P01,2026-06-21 07:49:14,Sucesso,171,441,0
BLD-C01-P01-001987,C01-P01,2026-06-04 16:49:13,Sucesso,135,699,0
BLD-C01-P01-001988,C01-P01,2026-06-29 09:19:39,Sucesso,128,473,0
BLD-C01-P01-001989,C01-P01,2026-06-21 18:57:57,Sucesso,309,395,0
BLD-C01-P01-001990,C01-P01,2026-06-07 17:12:49,Falha,358,316,3
BLD-C01-P01-001991,C01-P01,2026-06-16 19:12:57,Sucesso,398,150,0
BLD-C01-P01-001992,C01-P01,2026-06-28 20:20:31,Sucesso,200,519,0
BLD-C01-P01-001993,C01-P01,2026-06-02 20:16:36,Sucesso,46,556,0
BLD-C01-P01-001994,C01-P01,2026-06-22 21:17:27,Sucesso,297,941,0
BLD-C01-P01-001995,C01-P01,2026-06-30 15:16:48,Sucesso,359,161,0
BLD-C01-P01-001996,C01-P01,2026-06-17 21:06:56,Sucesso,307,614,0
BLD-C01-P01-001997,C01-P01,2026-06-24 13:28:25,Sucesso,450,409,0
BLD-C01-P01-001998,C01-P01,2026-06-07 12:55:21,Sucesso,284,558,0
BLD-C01-P01-001999,C01-P01,2026-06-14 08:36:25,Sucesso,459,588,0
BLD-C01-P01-002000,C01-P01,2026-06-12 15:48:31,Falha,553,291,9
BLD-C01-P01-002001,C01-P01,2026-06-16 12:39:34,Sucesso,374,611,0
BLD-C01-P01-002002,C01-P01,2026-06-12 11:43:56,Sucesso,509,432,0
BLD-C01-P01-002003,C01-P01,2026-06-02 12:20:21,Sucesso,252,626,0
BLD-C01-P01-002004,C01-P01,2026-06-22 14:17:36,Sucesso,438,525,0
BLD-C01-P01-002005,C01-P01,2026-06-09 07:31:23,Sucesso,364,754,0
BLD-C01-P01-002006,C01-P01,2026-06-30 07:21:20,Sucesso,427,143,0
BLD-C01-P01-002007,C01-P01,2026-06-10 21:09:07,Sucesso,462,266,0
BLD-C01-P01-002008,C01-P01,2026-06-18 09:21:46,Sucesso,258,382,0
BLD-C01-P01-002009,C01-P01,2026-06-10 16:16:27,Sucesso,470,431,0
BLD-C01-P01-002010,C01-P01,2026-06-20 09:27:58,Sucesso,360,421,0
BLD-C01-P01-002011,C01-P01,2026-06-30 20:01:39,Sucesso,515,285,0
BLD-C01-P01-002012,C01-P01,2026-06-27 14:21:25,Sucesso,392,371,1
BLD-C01-P01-002013,C01-P01,2026-06-14 13:44:17,Falha,274,401,5
BLD-C01-P01-002014,C01-P01,2026-06-10 07:50:46,Sucesso,453,395,0
BLD-C01-P01-002015,C01-P01,2026-06-22 10:45:16,Sucesso,263,239,0
BLD-C01-P01-002016,C01-P01,2026-06-06 12:21:55,Sucesso,282,308,0
BLD-C01-P01-002017,C01-P01,2026-06-13 07:21:03,Falha,278,253,13
BLD-C01-P01-002018,C01-P01,2026-06-03 18:44:00,Sucesso,263,385,0
BLD-C01-P01-002019,C01-P01,2026-06-19 17:47:36,Sucesso,135,186,0
BLD-C01-P01-002020,C01-P01,2026-06-25 11:43:14,Sucesso,89,613,0
BLD-C01-P01-002021,C01-P01,2026-06-26 08:14:58,Sucesso,148,788,0
BLD-C01-P01-002022,C01-P01,2026-06-19 08:35:21,Sucesso,54,305,0
BLD-C01-P01-002023,C01-P01,2026-07-23 11:25:54,Sucesso,457,658,0
BLD-C01-P01-002024,C01-P01,2026-07-20 16:33:35,Sucesso,269,307,0
BLD-C01-P01-002025,C01-P01,2026-07-26 18:24:18,Sucesso,120,660,0
BLD-C01-P01-002026,C01-P01,2026-07-12 08:11:33,Sucesso,309,328,4
BLD-C01-P01-002027,C01-P01,2026-07-28 18:32:40,Sucesso,615,508,0
BLD-C01-P01-002028,C01-P01,2026-07-22 17:41:20,Sucesso,243,298,0
BLD-C01-P01-002029,C01-P01,2026-07-13 07:51:49,Sucesso,369,294,0
BLD-C01-P01-002030,C01-P01,2026-07-25 14:51:36,Sucesso,173,528,0
BLD-C01-P01-002031,C01-P01,2026-07-31 07:28:09,Sucesso,480,284,1
BLD-C01-P01-002032,C01-P01,2026-07-06 07:25:26,Sucesso,344,595,0
BLD-C01-P01-002033,C01-P01,2026-07-17 17:23:46,Sucesso,359,354,0
BLD-C01-P01-002034,C01-P01,2026-07-03 09:42:21,Sucesso,219,642,0
BLD-C01-P01-002035,C01-P01,2026-07-11 10:23:18,Sucesso,496,291,0
BLD-C01-P01-002036,C01-P01,2026-07-17 17:25:27,Sucesso,207,393,0
BLD-C01-P01-002037,C01-P01,2026-07-23 16:08:23,Sucesso,346,692,0
BLD-C01-P01-002038,C01-P01,2026-07-14 14:45:56,Falha,212,365,7
BLD-C01-P01-002039,C01-P01,2026-07-02 18:36:38,Sucesso,346,316,0
BLD-C01-P01-002040,C01-P01,2026-07-18 12:42:32,Sucesso,422,357,0
BLD-C01-P01-002041,C01-P01,2026-07-04 12:25:34,Sucesso,454,234,0
BLD-C01-P01-002042,C01-P01,2026-07-02 08:12:14,Sucesso,200,360,0
BLD-C01-P01-002043,C01-P01,2026-07-06 15:09:50,Sucesso,197,424,0
BLD-C01-P01-002044,C01-P01,2026-07-10 21:10:38,Sucesso,97,294,1
BLD-C01-P01-002045,C01-P01,2026-07-16 10:05:24,Sucesso,177,98,2
BLD-C01-P01-002046,C01-P01,2026-07-29 18:54:06,Sucesso,450,236,0
BLD-C01-P01-002047,C01-P01,2026-07-26 19:18:23,Sucesso,558,207,0
BLD-C01-P01-002048,C01-P01,2026-07-25 11:05:56,Sucesso,555,291,0
BLD-C01-P01-002049,C01-P01,2026-07-29 12:07:08,Sucesso,340,532,0
BLD-C01-P01-002050,C01-P01,2026-07-22 14:34:10,Sucesso,346,498,0
BLD-C01-P01-002051,C01-P01,2026-07-05 13:11:23,Sucesso,425,506,0
BLD-C01-P01-002052,C01-P01,2026-07-22 19:30:45,Sucesso,196,506,0
BLD-C01-P01-002053,C01-P01,2026-07-06 09:06:54,Sucesso,204,311,0
BLD-C01-P01-002054,C01-P01,2026-07-29 15:28:49,Sucesso,135,449,0
BLD-C01-P01-002055,C01-P01,2026-07-18 14:42:31,Sucesso,540,508,0
BLD-C01-P01-002056,C01-P01,2026-07-29 18:59:59,Sucesso,424,596,0
BLD-C01-P01-002057,C01-P01,2026-07-15 21:09:10,Sucesso,264,10,0
BLD-C01-P01-002058,C01-P01,2026-07-13 14:27:07,Sucesso,254,612,0
BLD-C01-P01-002059,C01-P01,2026-07-01 09:26:41,Sucesso,502,102,0
BLD-C01-P01-002060,C01-P01,2026-07-20 07:35:47,Sucesso,183,719,0
BLD-C01-P01-002061,C01-P01,2026-07-31 19:27:06,Sucesso,507,595,0
BLD-C01-P01-002062,C01-P01,2026-07-30 12:50:22,Sucesso,362,234,0
BLD-C01-P01-002063,C01-P01,2026-07-26 09:12:36,Falha,485,571,1
BLD-C01-P01-002064,C01-P01,2026-07-22 12:02:17,Sucesso,378,656,0
BLD-C01-P01-002065,C01-P01,2026-07-15 18:35:24,Falha,467,805,2
BLD-C01-P01-002066,C01-P01,2026-07-19 18:40:15,Sucesso,558,881,0
BLD-C01-P01-002067,C01-P01,2026-07-21 07:31:45,Sucesso,113,279,0
BLD-C01-P01-002068,C01-P01,2026-07-26 14:56:44,Sucesso,713,388,1
BLD-C01-P01-002069,C01-P01,2026-07-16 21:02:06,Sucesso,483,582,0
BLD-C01-P01-002070,C01-P01,2026-07-01 13:25:28,Sucesso,20,144,0
BLD-C01-P01-002071,C01-P01,2026-07-23 19:45:26,Sucesso,278,83,1
BLD-C01-P01-002072,C01-P01,2026-07-19 13:58:04,Falha,118,451,1
BLD-C01-P01-002073,C01-P01,2026-07-18 15:17:27,Sucesso,90,289,0
BLD-C01-P01-002074,C01-P01,2026-07-10 17:11:30,Sucesso,412,462,0
BLD-C01-P01-002075,C01-P01,2026-07-11 11:39:33,Sucesso,340,420,0
BLD-C01-P01-002076,C01-P01,2026-07-13 16:33:03,Falha,68,571,2
BLD-C01-P01-002077,C01-P01,2026-07-20 07:18:32,Falha,437,10,1
BLD-C01-P01-002078,C01-P01,2026-07-02 19:47:47,Sucesso,380,307,0
BLD-C01-P01-002079,C01-P01,2026-07-25 21:56:31,Falha,443,388,2
BLD-C01-P01-002080,C01-P01,2026-07-09 17:43:22,Sucesso,298,488,0
BLD-C01-P01-002081,C01-P01,2026-07-07 10:06:49,Sucesso,194,66,0
BLD-C01-P01-002082,C01-P01,2026-07-06 10:09:56,Sucesso,324,138,0
BLD-C01-P01-002083,C01-P01,2026-07-13 07:57:14,Sucesso,392,229,1
BLD-C01-P01-002084,C01-P01,2026-07-29 12:02:35,Sucesso,338,476,0
BLD-C01-P01-002085,C01-P01,2026-07-17 13:43:31,Sucesso,286,518,0
BLD-C01-P01-002086,C01-P01,2026-07-26 13:52:08,Sucesso,322,57,0
BLD-C01-P01-002087,C01-P01,2026-07-16 07:01:17,Sucesso,482,26,0
BLD-C01-P01-002088,C01-P01,2026-07-23 20:35:13,Sucesso,317,616,0
BLD-C01-P01-002089,C01-P01,2026-07-17 08:59:45,Sucesso,140,358,0
BLD-C01-P01-002090,C01-P01,2026-07-30 16:28:10,Sucesso,595,527,0
BLD-C01-P01-002091,C01-P01,2026-07-16 21:25:52,Sucesso,387,337,0
BLD-C01-P01-002092,C01-P01,2026-07-20 07:12:31,Sucesso,201,229,0
BLD-C01-P01-002093,C01-P01,2026-07-10 12:57:25,Sucesso,141,94,0
BLD-C01-P01-002094,C01-P01,2026-07-29 12:35:09,Sucesso,257,112,0
BLD-C01-P01-002095,C01-P01,2026-07-15 15:44:23,Sucesso,621,587,0
BLD-C01-P01-002096,C01-P01,2026-07-19 20:22:45,Sucesso,342,817,0
BLD-C01-P01-002097,C01-P01,2026-07-30 07:10:41,Falha,383,436,11
BLD-C01-P01-002098,C01-P01,2026-07-16 17:08:18,Sucesso,248,98,0
BLD-C01-P01-002099,C01-P01,2026-07-02 20:17:28,Sucesso,609,498,0
BLD-C01-P01-002100,C01-P01,2026-07-17 20:21:30,Falha,451,517,9
BLD-C01-P01-002101,C01-P01,2026-07-31 11:08:43,Sucesso,237,502,0
BLD-C01-P01-002102,C01-P01,2026-07-07 12:55:19,Sucesso,537,578,0
BLD-C01-P01-002103,C01-P01,2026-07-05 07:41:12,Sucesso,304,323,0
BLD-C01-P01-002104,C01-P01,2026-07-12 10:18:11,Sucesso,421,722,0
BLD-C01-P01-002105,C01-P01,2026-07-14 11:58:48,Falha,281,657,1
BLD-C01-P01-002106,C01-P01,2026-07-28 20:41:46,Falha,480,76,18
BLD-C01-P01-002107,C01-P01,2026-07-02 09:31:17,Sucesso,680,295,0
BLD-C01-P01-002108,C01-P01,2026-07-04 21:02:14,Sucesso,338,91,0
BLD-C01-P01-002109,C01-P01,2026-07-21 20:36:16,Sucesso,191,303,0
BLD-C01-P01-002110,C01-P01,2026-07-24 16:48:25,Sucesso,459,294,0
BLD-C01-P01-002111,C01-P01,2026-07-20 21:22:23,Falha,594,802,5
BLD-C01-P01-002112,C01-P01,2026-07-23 12:11:11,Sucesso,246,577,0
BLD-C01-P01-002113,C01-P01,2026-07-15 10:10:08,Sucesso,602,340,0
BLD-C01-P01-002114,C01-P01,2026-07-24 08:40:21,Falha,185,383,1
BLD-C01-P01-002115,C01-P01,2026-07-27 09:58:00,Sucesso,158,523,0
BLD-C01-P01-002116,C01-P01,2026-07-23 12:21:56,Sucesso,463,60,0
BLD-C01-P01-002117,C01-P01,2026-07-03 18:37:57,Sucesso,436,323,0
BLD-C01-P01-002118,C01-P01,2026-07-20 20:18:16,Falha,464,204,4
BLD-C01-P01-002119,C01-P01,2026-07-13 09:00:56,Sucesso,265,470,0
BLD-C01-P01-002120,C01-P01,2026-07-20 17:28:37,Sucesso,211,573,1
BLD-C01-P01-002121,C01-P01,2026-07-21 14:38:58,Sucesso,113,374,0
BLD-C01-P01-002122,C01-P01,2026-07-18 17:45:20,Sucesso,166,304,0
BLD-C01-P01-002123,C01-P01,2026-07-20 18:24:13,Sucesso,352,336,0
BLD-C01-P01-002124,C01-P01,2026-07-09 14:06:26,Sucesso,343,523,0
BLD-C01-P01-002125,C01-P01,2026-07-06 09:20:55,Sucesso,579,655,0
BLD-C01-P01-002126,C01-P01,2026-07-09 12:06:33,Sucesso,293,166,0
BLD-C01-P01-002127,C01-P01,2026-07-28 19:06:26,Sucesso,610,730,0
BLD-C01-P01-002128,C01-P01,2026-07-13 11:31:38,Sucesso,352,389,0
BLD-C01-P01-002129,C01-P01,2026-07-11 15:10:13,Sucesso,82,510,0
BLD-C01-P01-002130,C01-P01,2026-07-08 20:14:01,Falha,374,1009,11
BLD-C01-P01-002131,C01-P01,2026-07-10 20:39:35,Sucesso,329,769,0
BLD-C01-P01-002132,C01-P01,2026-07-10 20:29:13,Sucesso,190,469,0
BLD-C01-P01-002133,C01-P01,2026-07-29 11:59:04,Sucesso,420,254,0
BLD-C01-P01-002134,C01-P01,2026-07-01 16:56:52,Falha,371,730,2
BLD-C01-P01-002135,C01-P01,2026-07-15 14:45:51,Sucesso,34,684,0
BLD-C01-P01-002136,C01-P01,2026-07-17 15:39:05,Falha,308,588,4
BLD-C01-P01-002137,C01-P01,2026-07-22 09:58:22,Sucesso,210,393,0
BLD-C01-P01-002138,C01-P01,2026-07-18 12:10:26,Sucesso,275,184,0
BLD-C01-P01-002139,C01-P01,2026-07-17 11:57:58,Sucesso,20,210,0
BLD-C01-P01-002140,C01-P01,2026-07-03 20:18:59,Sucesso,268,277,0
BLD-C01-P01-002141,C01-P01,2026-07-01 18:53:17,Sucesso,304,576,0
BLD-C01-P01-002142,C01-P01,2026-07-02 13:50:02,Sucesso,259,208,0
BLD-C01-P01-002143,C01-P01,2026-07-17 07:38:11,Sucesso,444,442,0
BLD-C01-P01-002144,C01-P01,2026-07-30 11:54:31,Falha,362,457,6
BLD-C01-P01-002145,C01-P01,2026-07-08 08:17:08,Sucesso,351,260,0
BLD-C01-P01-002146,C01-P01,2026-07-04 19:27:10,Falha,360,401,3
BLD-C01-P01-002147,C01-P01,2026-07-28 12:42:52,Sucesso,156,441,0
BLD-C01-P01-002148,C01-P01,2026-07-28 19:39:16,Sucesso,406,358,0
BLD-C01-P01-002149,C01-P01,2026-07-27 14:14:06,Sucesso,174,392,0
BLD-C01-P01-002150,C01-P01,2026-07-22 11:44:42,Sucesso,260,743,0
BLD-C01-P01-002151,C01-P01,2026-07-04 18:29:08,Sucesso,287,342,0
BLD-C01-P01-002152,C01-P01,2026-07-08 07:59:16,Sucesso,386,189,0
BLD-C01-P01-002153,C01-P01,2026-07-08 10:18:07,Sucesso,309,79,0
BLD-C01-P01-002154,C01-P01,2026-07-19 16:36:29,Sucesso,46,317,1
BLD-C01-P01-002155,C01-P01,2026-07-24 18:29:06,Sucesso,530,623,0
BLD-C01-P01-002156,C01-P01,2026-07-02 08:49:27,Sucesso,337,585,0
BLD-C01-P01-002157,C01-P01,2026-07-02 07:33:07,Sucesso,447,505,0
BLD-C01-P01-002158,C01-P01,2026-07-23 12:28:59,Sucesso,547,128,0
BLD-C01-P01-002159,C01-P01,2026-07-05 12:07:20,Falha,468,257,21
BLD-C01-P01-002160,C01-P01,2026-07-10 17:19:18,Sucesso,286,104,0
BLD-C01-P01-002161,C01-P01,2026-07-01 09:42:58,Sucesso,513,507,0
BLD-C01-P02-002162,C01-P02,2025-06-24 11:19:38,Sucesso,497,219,0
BLD-C01-P02-002163,C01-P02,2025-06-12 09:07:51,Falha,257,564,13
BLD-C01-P02-002164,C01-P02,2025-06-20 09:32:29,Sucesso,348,419,0
BLD-C01-P02-002165,C01-P02,2025-06-12 10:40:14,Falha,385,584,1
BLD-C01-P02-002166,C01-P02,2025-06-16 10:15:19,Sucesso,387,428,0
BLD-C01-P02-002167,C01-P02,2025-06-04 18:20:48,Sucesso,229,557,0
BLD-C01-P02-002168,C01-P02,2025-06-30 14:06:45,Falha,345,476,1
BLD-C01-P02-002169,C01-P02,2025-06-10 17:44:58,Sucesso,626,417,0
BLD-C01-P02-002170,C01-P02,2025-06-26 18:58:49,Sucesso,300,573,0
BLD-C01-P02-002171,C01-P02,2025-06-14 08:09:56,Sucesso,438,67,0
BLD-C01-P02-002172,C01-P02,2025-06-09 17:49:21,Sucesso,480,268,0
BLD-C01-P02-002173,C01-P02,2025-06-15 11:16:51,Sucesso,419,102,0
BLD-C01-P02-002174,C01-P02,2025-06-15 13:14:15,Sucesso,309,400,0
BLD-C01-P02-002175,C01-P02,2025-06-10 14:44:19,Sucesso,234,517,0
BLD-C01-P02-002176,C01-P02,2025-06-13 12:15:25,Falha,33,521,7
BLD-C01-P02-002177,C01-P02,2025-06-12 14:58:23,Sucesso,418,361,2
BLD-C01-P02-002178,C01-P02,2025-06-23 12:40:20,Falha,202,408,4
BLD-C01-P02-002179,C01-P02,2025-06-16 16:23:00,Falha,205,208,4
BLD-C01-P02-002180,C01-P02,2025-06-29 19:09:19,Sucesso,361,294,0
BLD-C01-P02-002181,C01-P02,2025-06-17 21:08:03,Sucesso,376,495,0
BLD-C01-P02-002182,C01-P02,2025-06-12 20:15:02,Sucesso,322,667,0
BLD-C01-P02-002183,C01-P02,2025-06-02 13:34:14,Sucesso,418,265,0
BLD-C01-P02-002184,C01-P02,2025-06-25 16:16:11,Sucesso,444,813,0
BLD-C01-P02-002185,C01-P02,2025-06-01 11:15:19,Sucesso,756,498,0
BLD-C01-P02-002186,C01-P02,2025-06-29 10:00:50,Falha,88,508,5
BLD-C01-P02-002187,C01-P02,2025-06-26 19:08:39,Falha,306,128,4
BLD-C01-P02-002188,C01-P02,2025-06-21 15:29:46,Sucesso,205,693,0
BLD-C01-P02-002189,C01-P02,2025-06-01 12:48:47,Sucesso,428,374,0
BLD-C01-P02-002190,C01-P02,2025-06-09 12:39:06,Sucesso,393,142,0
BLD-C01-P02-002191,C01-P02,2025-06-09 17:39:27,Sucesso,264,797,0
BLD-C01-P02-002192,C01-P02,2025-06-14 14:06:33,Sucesso,392,225,0
BLD-C01-P02-002193,C01-P02,2025-06-10 15:20:19,Sucesso,413,729,0
BLD-C01-P02-002194,C01-P02,2025-06-28 19:11:45,Sucesso,304,749,0
BLD-C01-P02-002195,C01-P02,2025-06-15 09:06:56,Sucesso,428,345,0
BLD-C01-P02-002196,C01-P02,2025-06-26 13:57:37,Sucesso,254,509,0
BLD-C01-P02-002197,C01-P02,2025-06-16 19:12:19,Sucesso,144,623,0
BLD-C01-P02-002198,C01-P02,2025-06-28 20:00:04,Sucesso,328,347,0
BLD-C01-P02-002199,C01-P02,2025-06-01 18:43:42,Sucesso,376,154,0
BLD-C01-P02-002200,C01-P02,2025-06-26 08:57:04,Falha,210,484,1
BLD-C01-P02-002201,C01-P02,2025-06-21 16:28:09,Sucesso,242,418,0
BLD-C01-P02-002202,C01-P02,2025-06-13 11:56:56,Falha,463,120,1
BLD-C01-P02-002203,C01-P02,2025-06-18 08:13:16,Sucesso,232,391,0
BLD-C01-P02-002204,C01-P02,2025-06-06 16:40:30,Sucesso,516,181,0
BLD-C01-P02-002205,C01-P02,2025-06-30 17:00:17,Sucesso,316,153,0
BLD-C01-P02-002206,C01-P02,2025-06-11 11:33:53,Falha,337,514,6
BLD-C01-P02-002207,C01-P02,2025-06-07 19:55:23,Sucesso,242,459,0
BLD-C01-P02-002208,C01-P02,2025-06-27 11:57:59,Sucesso,137,165,0
BLD-C01-P02-002209,C01-P02,2025-06-04 07:52:06,Sucesso,459,342,0
BLD-C01-P02-002210,C01-P02,2025-06-13 11:43:29,Sucesso,22,627,0
BLD-C01-P02-002211,C01-P02,2025-06-02 21:51:05,Sucesso,20,425,0
BLD-C01-P02-002212,C01-P02,2025-06-28 14:00:44,Sucesso,479,719,0
BLD-C01-P02-002213,C01-P02,2025-06-13 21:40:36,Sucesso,430,493,0
BLD-C01-P02-002214,C01-P02,2025-06-05 19:43:48,Sucesso,383,51,3
BLD-C01-P02-002215,C01-P02,2025-06-21 11:06:19,Sucesso,289,819,0
BLD-C01-P02-002216,C01-P02,2025-06-09 13:35:40,Sucesso,396,566,0
BLD-C01-P02-002217,C01-P02,2025-06-28 08:49:36,Sucesso,428,112,1
BLD-C01-P02-002218,C01-P02,2025-06-14 08:46:03,Sucesso,347,29,0
BLD-C01-P02-002219,C01-P02,2025-06-20 16:56:37,Falha,390,159,10
BLD-C01-P02-002220,C01-P02,2025-06-14 10:09:04,Falha,478,430,13
BLD-C01-P02-002221,C01-P02,2025-06-07 21:09:10,Falha,171,442,7
BLD-C01-P02-002222,C01-P02,2025-06-24 07:59:10,Sucesso,54,242,0
BLD-C01-P02-002223,C01-P02,2025-06-14 19:36:46,Falha,217,274,2
BLD-C01-P02-002224,C01-P02,2025-06-17 13:27:11,Sucesso,313,157,0
BLD-C01-P02-002225,C01-P02,2025-06-03 16:13:34,Sucesso,137,292,0
BLD-C01-P02-002226,C01-P02,2025-06-03 16:49:16,Sucesso,352,556,0
BLD-C01-P02-002227,C01-P02,2025-06-15 20:59:42,Sucesso,432,441,0
BLD-C01-P02-002228,C01-P02,2025-06-15 10:57:00,Sucesso,110,571,0
BLD-C01-P02-002229,C01-P02,2025-06-04 13:50:25,Sucesso,469,352,0
BLD-C01-P02-002230,C01-P02,2025-06-10 20:13:41,Sucesso,345,740,0
BLD-C01-P02-002231,C01-P02,2025-06-24 12:10:19,Sucesso,209,779,0
BLD-C01-P02-002232,C01-P02,2025-06-18 21:58:35,Sucesso,75,147,0
BLD-C01-P02-002233,C01-P02,2025-06-15 15:06:03,Sucesso,20,509,0
BLD-C01-P02-002234,C01-P02,2025-06-29 21:15:58,Sucesso,631,326,0
BLD-C01-P02-002235,C01-P02,2025-06-24 07:55:57,Sucesso,598,446,0
BLD-C01-P02-002236,C01-P02,2025-06-09 18:26:47,Sucesso,389,363,0
BLD-C01-P02-002237,C01-P02,2025-06-28 09:00:24,Sucesso,248,522,0
BLD-C01-P02-002238,C01-P02,2025-06-20 12:12:11,Sucesso,379,144,0
BLD-C01-P02-002239,C01-P02,2025-06-12 17:27:19,Sucesso,192,310,0
BLD-C01-P02-002240,C01-P02,2025-06-19 07:10:27,Sucesso,406,592,0
BLD-C01-P02-002241,C01-P02,2025-06-27 11:41:34,Sucesso,604,586,0
BLD-C01-P02-002242,C01-P02,2025-06-18 17:08:40,Sucesso,268,311,0
BLD-C01-P02-002243,C01-P02,2025-06-08 14:22:26,Sucesso,127,650,0
BLD-C01-P02-002244,C01-P02,2025-06-24 08:43:01,Sucesso,474,85,0
BLD-C01-P02-002245,C01-P02,2025-06-17 13:46:56,Sucesso,461,733,0
BLD-C01-P02-002246,C01-P02,2025-06-09 20:00:02,Sucesso,337,363,1
BLD-C01-P02-002247,C01-P02,2025-06-05 08:41:00,Sucesso,415,412,0
BLD-C01-P02-002248,C01-P02,2025-06-06 10:23:56,Sucesso,256,488,0
BLD-C01-P02-002249,C01-P02,2025-06-20 17:41:32,Sucesso,284,407,0
BLD-C01-P02-002250,C01-P02,2025-06-06 07:59:36,Sucesso,61,112,0
BLD-C01-P02-002251,C01-P02,2025-06-10 18:18:39,Sucesso,57,154,0
BLD-C01-P02-002252,C01-P02,2025-06-29 09:28:13,Sucesso,20,117,0
BLD-C01-P02-002253,C01-P02,2025-06-26 09:30:18,Sucesso,645,463,0
BLD-C01-P02-002254,C01-P02,2025-06-08 17:24:07,Sucesso,151,196,0
BLD-C01-P02-002255,C01-P02,2025-06-29 13:19:28,Sucesso,634,389,0
BLD-C01-P02-002256,C01-P02,2025-06-18 17:37:30,Sucesso,398,179,0
BLD-C01-P02-002257,C01-P02,2025-06-24 21:31:49,Sucesso,499,70,0
BLD-C01-P02-002258,C01-P02,2025-06-15 14:02:19,Sucesso,500,353,0
BLD-C01-P02-002259,C01-P02,2025-06-28 07:49:05,Sucesso,347,424,0
BLD-C01-P02-002260,C01-P02,2025-06-08 12:58:12,Falha,309,633,1
BLD-C01-P02-002261,C01-P02,2025-06-20 07:22:22,Sucesso,272,506,0
BLD-C01-P02-002262,C01-P02,2025-06-04 09:10:36,Sucesso,737,545,0
BLD-C01-P02-002263,C01-P02,2025-06-17 21:44:35,Sucesso,370,553,0
BLD-C01-P02-002264,C01-P02,2025-06-29 14:49:17,Falha,152,620,5
BLD-C01-P02-002265,C01-P02,2025-06-19 10:48:14,Sucesso,259,259,0
BLD-C01-P02-002266,C01-P02,2025-06-17 14:18:13,Sucesso,306,386,0
BLD-C01-P02-002267,C01-P02,2025-06-27 20:50:02,Sucesso,258,249,0
BLD-C01-P02-002268,C01-P02,2025-06-22 14:30:48,Falha,460,368,8
BLD-C01-P02-002269,C01-P02,2025-06-27 08:01:48,Falha,339,10,6
BLD-C01-P02-002270,C01-P02,2025-06-27 15:31:11,Sucesso,583,570,0
BLD-C01-P02-002271,C01-P02,2025-06-05 12:41:13,Sucesso,190,561,0
BLD-C01-P02-002272,C01-P02,2025-06-11 07:44:11,Sucesso,260,309,0
BLD-C01-P02-002273,C01-P02,2025-06-20 09:49:19,Falha,421,536,4
BLD-C01-P02-002274,C01-P02,2025-06-02 17:18:49,Sucesso,236,534,2
BLD-C01-P02-002275,C01-P02,2025-06-23 16:09:44,Sucesso,85,420,0
BLD-C01-P02-002276,C01-P02,2025-06-09 16:08:10,Sucesso,68,282,0
BLD-C01-P02-002277,C01-P02,2025-06-02 07:23:38,Sucesso,505,399,0
BLD-C01-P02-002278,C01-P02,2025-06-22 11:44:38,Sucesso,465,491,0
BLD-C01-P02-002279,C01-P02,2025-06-11 09:01:28,Sucesso,456,671,0
BLD-C01-P02-002280,C01-P02,2025-06-07 15:49:35,Sucesso,20,458,0
BLD-C01-P02-002281,C01-P02,2025-06-26 08:40:59,Sucesso,36,717,0
BLD-C01-P02-002282,C01-P02,2025-06-09 11:30:54,Sucesso,475,415,0
BLD-C01-P02-002283,C01-P02,2025-06-03 13:44:14,Sucesso,406,369,0
BLD-C01-P02-002284,C01-P02,2025-06-26 08:01:23,Falha,489,300,5
BLD-C01-P02-002285,C01-P02,2025-06-02 12:57:41,Falha,211,225,14
BLD-C01-P02-002286,C01-P02,2025-06-27 14:46:14,Sucesso,458,87,0
BLD-C01-P02-002287,C01-P02,2025-06-05 11:01:25,Sucesso,20,256,0
BLD-C01-P02-002288,C01-P02,2025-06-08 18:35:35,Sucesso,351,201,0
BLD-C01-P02-002289,C01-P02,2025-06-04 12:05:23,Sucesso,89,345,0
BLD-C01-P02-002290,C01-P02,2025-06-02 12:49:17,Sucesso,217,10,0
BLD-C01-P02-002291,C01-P02,2025-06-25 10:03:55,Sucesso,421,456,0
BLD-C01-P02-002292,C01-P02,2025-06-17 10:41:07,Sucesso,485,423,1
BLD-C01-P02-002293,C01-P02,2025-06-06 16:53:38,Sucesso,410,647,0
BLD-C01-P02-002294,C01-P02,2025-06-15 15:01:53,Sucesso,432,531,0
BLD-C01-P02-002295,C01-P02,2025-06-22 12:13:02,Falha,407,525,19
BLD-C01-P02-002296,C01-P02,2025-06-19 08:27:13,Sucesso,310,11,2
BLD-C01-P02-002297,C01-P02,2025-06-15 15:22:26,Falha,290,10,5
BLD-C01-P02-002298,C01-P02,2025-06-07 12:40:31,Falha,362,84,4
BLD-C01-P02-002299,C01-P02,2025-06-20 16:43:09,Sucesso,204,335,0
BLD-C01-P02-002300,C01-P02,2025-06-03 08:46:57,Falha,511,566,3
BLD-C01-P02-002301,C01-P02,2025-06-19 13:08:08,Sucesso,265,425,0
BLD-C01-P02-002302,C01-P02,2025-06-01 13:58:32,Sucesso,345,10,1
BLD-C01-P02-002303,C01-P02,2025-06-05 12:31:09,Sucesso,533,649,0
BLD-C01-P02-002304,C01-P02,2025-06-11 17:43:45,Sucesso,505,462,0
BLD-C01-P02-002305,C01-P02,2025-06-08 18:10:29,Falha,190,591,3
BLD-C01-P02-002306,C01-P02,2025-06-04 21:52:24,Sucesso,331,455,0
BLD-C01-P02-002307,C01-P02,2025-06-28 16:28:05,Sucesso,141,472,0
BLD-C01-P02-002308,C01-P02,2025-07-05 16:30:27,Sucesso,55,318,0
BLD-C01-P02-002309,C01-P02,2025-07-05 09:14:29,Sucesso,278,433,0
BLD-C01-P02-002310,C01-P02,2025-07-26 17:37:30,Sucesso,163,174,0
BLD-C01-P02-002311,C01-P02,2025-07-04 18:28:23,Sucesso,469,153,0
BLD-C01-P02-002312,C01-P02,2025-07-31 08:56:11,Falha,232,351,11
BLD-C01-P02-002313,C01-P02,2025-07-04 16:49:41,Sucesso,475,660,0
BLD-C01-P02-002314,C01-P02,2025-07-07 08:36:55,Falha,376,704,2
BLD-C01-P02-002315,C01-P02,2025-07-06 09:17:36,Sucesso,320,556,0
BLD-C01-P02-002316,C01-P02,2025-07-29 12:45:26,Sucesso,163,389,1
BLD-C01-P02-002317,C01-P02,2025-07-22 17:56:59,Sucesso,513,93,1
BLD-C01-P02-002318,C01-P02,2025-07-14 19:20:22,Sucesso,442,570,0
BLD-C01-P02-002319,C01-P02,2025-07-04 07:34:36,Sucesso,518,193,0
BLD-C01-P02-002320,C01-P02,2025-07-05 12:03:49,Sucesso,348,623,0
BLD-C01-P02-002321,C01-P02,2025-07-08 12:15:00,Sucesso,110,496,0
BLD-C01-P02-002322,C01-P02,2025-07-22 21:45:25,Sucesso,140,674,0
BLD-C01-P02-002323,C01-P02,2025-07-04 16:05:48,Sucesso,590,304,0
BLD-C01-P02-002324,C01-P02,2025-07-26 16:12:58,Falha,411,197,13
BLD-C01-P02-002325,C01-P02,2025-07-19 18:21:22,Falha,317,78,1
BLD-C01-P02-002326,C01-P02,2025-07-25 10:27:46,Sucesso,353,424,0
BLD-C01-P02-002327,C01-P02,2025-07-16 19:59:08,Sucesso,264,10,0
BLD-C01-P02-002328,C01-P02,2025-07-16 18:24:35,Sucesso,354,625,0
BLD-C01-P02-002329,C01-P02,2025-07-28 10:54:07,Sucesso,473,570,0
BLD-C01-P02-002330,C01-P02,2025-07-23 07:43:14,Falha,424,339,3
BLD-C01-P02-002331,C01-P02,2025-07-01 20:04:10,Sucesso,158,10,0
BLD-C01-P02-002332,C01-P02,2025-07-06 13:22:18,Sucesso,446,357,0
BLD-C01-P02-002333,C01-P02,2025-07-14 07:10:02,Sucesso,387,229,0
BLD-C01-P02-002334,C01-P02,2025-07-06 17:39:52,Falha,474,398,5
BLD-C01-P02-002335,C01-P02,2025-07-23 18:26:08,Falha,145,244,4
BLD-C01-P02-002336,C01-P02,2025-07-05 09:14:25,Sucesso,385,267,1
BLD-C01-P02-002337,C01-P02,2025-07-25 20:52:39,Sucesso,133,377,0
BLD-C01-P02-002338,C01-P02,2025-07-26 21:02:22,Sucesso,219,572,0
BLD-C01-P02-002339,C01-P02,2025-07-03 18:49:09,Sucesso,478,681,0
BLD-C01-P02-002340,C01-P02,2025-07-23 14:34:41,Sucesso,404,513,0
BLD-C01-P02-002341,C01-P02,2025-07-27 20:31:39,Sucesso,246,163,0
BLD-C01-P02-002342,C01-P02,2025-07-14 21:14:29,Falha,293,217,1
BLD-C01-P02-002343,C01-P02,2025-07-04 21:36:12,Sucesso,317,623,0
BLD-C01-P02-002344,C01-P02,2025-07-05 12:36:37,Sucesso,539,451,0
BLD-C01-P02-002345,C01-P02,2025-07-09 19:33:08,Sucesso,75,333,0
BLD-C01-P02-002346,C01-P02,2025-07-17 17:56:36,Sucesso,275,396,0
BLD-C01-P02-002347,C01-P02,2025-07-25 21:00:53,Sucesso,241,519,0
BLD-C01-P02-002348,C01-P02,2025-07-05 15:32:18,Falha,272,326,3
BLD-C01-P02-002349,C01-P02,2025-07-02 08:11:08,Sucesso,252,719,0
BLD-C01-P02-002350,C01-P02,2025-07-19 14:32:57,Sucesso,460,433,1
BLD-C01-P02-002351,C01-P02,2025-07-03 16:31:18,Sucesso,231,298,0
BLD-C01-P02-002352,C01-P02,2025-07-29 11:00:17,Sucesso,257,241,0
BLD-C01-P02-002353,C01-P02,2025-07-26 15:29:59,Sucesso,240,163,0
BLD-C01-P02-002354,C01-P02,2025-07-16 13:37:34,Sucesso,207,428,0
BLD-C01-P02-002355,C01-P02,2025-07-19 15:54:28,Falha,470,143,8
BLD-C01-P02-002356,C01-P02,2025-07-25 11:15:31,Sucesso,378,512,0
BLD-C01-P02-002357,C01-P02,2025-07-29 17:24:27,Sucesso,333,163,0
BLD-C01-P02-002358,C01-P02,2025-07-04 17:58:33,Sucesso,632,250,0
BLD-C01-P02-002359,C01-P02,2025-07-28 11:37:46,Falha,212,854,7
BLD-C01-P02-002360,C01-P02,2025-07-04 10:57:58,Falha,325,139,21
BLD-C01-P02-002361,C01-P02,2025-07-19 19:52:35,Sucesso,328,21,1
BLD-C01-P02-002362,C01-P02,2025-07-06 17:30:01,Sucesso,367,634,0
BLD-C01-P02-002363,C01-P02,2025-07-31 18:52:10,Sucesso,146,714,0
BLD-C01-P02-002364,C01-P02,2025-07-15 08:54:05,Sucesso,75,613,0
BLD-C01-P02-002365,C01-P02,2025-07-15 12:46:08,Sucesso,440,305,0
BLD-C01-P02-002366,C01-P02,2025-07-29 15:18:49,Sucesso,366,369,0
BLD-C01-P02-002367,C01-P02,2025-07-27 11:09:18,Sucesso,288,459,0
BLD-C01-P02-002368,C01-P02,2025-07-31 18:11:38,Sucesso,20,381,0
BLD-C01-P02-002369,C01-P02,2025-07-14 14:00:13,Sucesso,458,753,0
BLD-C01-P02-002370,C01-P02,2025-07-26 08:11:38,Sucesso,334,527,0
BLD-C01-P02-002371,C01-P02,2025-07-10 13:02:05,Sucesso,94,264,0
BLD-C01-P02-002372,C01-P02,2025-07-09 10:34:50,Falha,488,338,2
BLD-C01-P02-002373,C01-P02,2025-07-11 18:44:32,Sucesso,388,463,0
BLD-C01-P02-002374,C01-P02,2025-07-18 08:48:57,Sucesso,122,286,1
BLD-C01-P02-002375,C01-P02,2025-07-17 20:25:27,Sucesso,494,796,0
BLD-C01-P02-002376,C01-P02,2025-07-31 07:25:53,Sucesso,58,432,0
BLD-C01-P02-002377,C01-P02,2025-07-02 20:18:51,Sucesso,298,332,0
BLD-C01-P02-002378,C01-P02,2025-07-04 13:56:49,Sucesso,329,332,0
BLD-C01-P02-002379,C01-P02,2025-07-17 15:58:10,Sucesso,365,654,0
BLD-C01-P02-002380,C01-P02,2025-07-15 19:06:37,Falha,517,558,15
BLD-C01-P02-002381,C01-P02,2025-07-03 19:10:06,Sucesso,398,378,0
BLD-C01-P02-002382,C01-P02,2025-07-29 19:43:35,Sucesso,351,523,0
BLD-C01-P02-002383,C01-P02,2025-07-25 09:04:56,Sucesso,431,514,0
BLD-C01-P02-002384,C01-P02,2025-07-06 17:03:09,Sucesso,554,444,1
BLD-C01-P02-002385,C01-P02,2025-07-30 15:14:31,Falha,352,553,1
BLD-C01-P02-002386,C01-P02,2025-07-25 15:08:52,Sucesso,427,456,0
BLD-C01-P02-002387,C01-P02,2025-07-29 07:50:56,Sucesso,490,273,0
BLD-C01-P02-002388,C01-P02,2025-07-16 14:22:57,Sucesso,387,428,0
BLD-C01-P02-002389,C01-P02,2025-07-03 20:23:35,Falha,521,424,1
BLD-C01-P02-002390,C01-P02,2025-07-20 21:53:01,Sucesso,440,395,0
BLD-C01-P02-002391,C01-P02,2025-07-24 21:04:10,Sucesso,319,186,0
BLD-C01-P02-002392,C01-P02,2025-07-13 19:25:51,Sucesso,177,236,0
BLD-C01-P02-002393,C01-P02,2025-07-28 10:04:24,Falha,477,446,1
BLD-C01-P02-002394,C01-P02,2025-07-03 10:23:39,Sucesso,371,273,0
BLD-C01-P02-002395,C01-P02,2025-07-06 13:23:14,Sucesso,458,632,0
BLD-C01-P02-002396,C01-P02,2025-07-02 10:16:54,Sucesso,330,708,0
BLD-C01-P02-002397,C01-P02,2025-07-23 10:23:24,Sucesso,113,339,0
BLD-C01-P02-002398,C01-P02,2025-07-03 21:07:03,Sucesso,267,604,0
BLD-C01-P02-002399,C01-P02,2025-07-01 14:13:03,Falha,370,533,2
BLD-C01-P02-002400,C01-P02,2025-07-27 13:52:59,Sucesso,448,491,0
BLD-C01-P02-002401,C01-P02,2025-07-07 16:11:36,Sucesso,295,604,0
BLD-C01-P02-002402,C01-P02,2025-07-14 18:21:04,Sucesso,378,402,0
BLD-C01-P02-002403,C01-P02,2025-07-20 13:05:24,Sucesso,418,530,0
BLD-C01-P02-002404,C01-P02,2025-07-27 11:22:34,Sucesso,247,542,0
BLD-C01-P02-002405,C01-P02,2025-07-07 07:24:31,Falha,423,427,4
BLD-C01-P02-002406,C01-P02,2025-07-04 08:58:30,Sucesso,21,150,0
BLD-C01-P02-002407,C01-P02,2025-07-14 15:52:34,Sucesso,153,608,0
BLD-C01-P02-002408,C01-P02,2025-07-13 19:29:28,Sucesso,87,518,0
BLD-C01-P02-002409,C01-P02,2025-07-14 09:52:50,Sucesso,359,276,0
BLD-C01-P02-002410,C01-P02,2025-07-25 08:50:03,Sucesso,550,598,0
BLD-C01-P02-002411,C01-P02,2025-07-17 20:38:31,Sucesso,69,101,0
BLD-C01-P02-002412,C01-P02,2025-07-26 08:30:05,Sucesso,467,171,0
BLD-C01-P02-002413,C01-P02,2025-07-21 12:24:02,Sucesso,200,709,0
BLD-C01-P02-002414,C01-P02,2025-07-29 10:31:19,Sucesso,143,471,1
BLD-C01-P02-002415,C01-P02,2025-07-16 11:21:36,Sucesso,599,459,0
BLD-C01-P02-002416,C01-P02,2025-07-30 18:36:49,Sucesso,240,450,0
BLD-C01-P02-002417,C01-P02,2025-07-19 17:34:25,Falha,221,245,16
BLD-C01-P02-002418,C01-P02,2025-07-28 16:38:55,Sucesso,190,10,0
BLD-C01-P02-002419,C01-P02,2025-07-12 14:04:13,Sucesso,243,344,0
BLD-C01-P02-002420,C01-P02,2025-07-23 17:28:55,Sucesso,241,697,0
BLD-C01-P02-002421,C01-P02,2025-07-04 15:32:18,Sucesso,282,500,0
BLD-C01-P02-002422,C01-P02,2025-07-29 20:47:59,Sucesso,543,290,0
BLD-C01-P02-002423,C01-P02,2025-07-04 12:55:51,Sucesso,160,687,0
BLD-C01-P02-002424,C01-P02,2025-07-10 13:55:32,Falha,510,588,5
BLD-C01-P02-002425,C01-P02,2025-07-22 11:48:35,Sucesso,75,564,0
BLD-C01-P02-002426,C01-P02,2025-07-25 19:59:26,Sucesso,106,490,0
BLD-C01-P02-002427,C01-P02,2025-07-17 20:47:32,Sucesso,417,360,0
BLD-C01-P02-002428,C01-P02,2025-07-10 13:35:13,Sucesso,426,474,1
BLD-C01-P02-002429,C01-P02,2025-07-15 20:18:13,Sucesso,559,578,0
BLD-C01-P02-002430,C01-P02,2025-07-12 11:28:12,Sucesso,504,10,0
BLD-C01-P02-002431,C01-P02,2025-07-07 17:44:56,Sucesso,445,145,0
BLD-C01-P02-002432,C01-P02,2025-07-04 14:00:40,Sucesso,304,474,0
BLD-C01-P02-002433,C01-P02,2025-07-05 19:57:28,Sucesso,617,692,0
BLD-C01-P02-002434,C01-P02,2025-07-09 21:31:36,Sucesso,411,87,0
BLD-C01-P02-002435,C01-P02,2025-07-10 20:20:51,Sucesso,350,753,1
BLD-C01-P02-002436,C01-P02,2025-07-29 13:47:47,Sucesso,100,431,0
BLD-C01-P02-002437,C01-P02,2025-07-22 12:46:16,Sucesso,190,305,0
BLD-C01-P02-002438,C01-P02,2025-07-12 10:57:56,Sucesso,112,121,0
BLD-C01-P02-002439,C01-P02,2025-07-08 17:30:28,Sucesso,319,648,0
BLD-C01-P02-002440,C01-P02,2025-07-15 09:53:40,Sucesso,162,233,0
BLD-C01-P02-002441,C01-P02,2025-07-13 10:06:30,Sucesso,491,498,2
BLD-C01-P02-002442,C01-P02,2025-07-10 17:33:17,Falha,135,370,16
BLD-C01-P02-002443,C01-P02,2025-07-08 11:09:58,Sucesso,314,388,0
BLD-C01-P02-002444,C01-P02,2025-07-27 10:40:30,Sucesso,511,216,0
BLD-C01-P02-002445,C01-P02,2025-07-12 11:17:11,Sucesso,130,415,0
BLD-C01-P02-002446,C01-P02,2025-07-18 19:59:32,Sucesso,443,120,0
BLD-C01-P02-002447,C01-P02,2025-07-05 15:19:41,Sucesso,432,307,0
BLD-C01-P02-002448,C01-P02,2025-07-30 21:42:52,Sucesso,482,413,1
BLD-C01-P02-002449,C01-P02,2025-07-20 18:49:25,Sucesso,311,497,0
BLD-C01-P02-002450,C01-P02,2025-07-21 09:49:34,Sucesso,342,276,0
BLD-C01-P02-002451,C01-P02,2025-07-03 14:03:53,Falha,136,466,5
BLD-C01-P02-002452,C01-P02,2025-07-02 10:06:26,Sucesso,377,301,0
BLD-C01-P02-002453,C01-P02,2025-07-31 15:18:47,Sucesso,126,634,0
BLD-C01-P02-002454,C01-P02,2025-07-26 12:22:28,Sucesso,423,636,0
BLD-C01-P02-002455,C01-P02,2025-07-03 07:21:39,Sucesso,470,356,0
BLD-C01-P02-002456,C01-P02,2025-07-19 17:43:52,Sucesso,426,497,0
BLD-C01-P02-002457,C01-P02,2025-07-03 16:29:05,Sucesso,391,758,0
BLD-C01-P02-002458,C01-P02,2025-07-04 12:20:28,Sucesso,284,542,0
BLD-C01-P02-002459,C01-P02,2025-07-02 12:25:46,Sucesso,102,694,0
BLD-C01-P02-002460,C01-P02,2025-07-15 18:21:17,Sucesso,325,625,0
BLD-C01-P02-002461,C01-P02,2025-07-12 20:31:34,Sucesso,216,294,0
BLD-C01-P02-002462,C01-P02,2025-08-05 21:42:37,Falha,290,549,4
BLD-C01-P02-002463,C01-P02,2025-08-24 15:45:12,Sucesso,496,230,0
BLD-C01-P02-002464,C01-P02,2025-08-10 12:53:05,Sucesso,758,451,0
BLD-C01-P02-002465,C01-P02,2025-08-21 19:43:36,Falha,664,454,2
BLD-C01-P02-002466,C01-P02,2025-08-02 09:13:28,Sucesso,305,512,0
BLD-C01-P02-002467,C01-P02,2025-08-07 08:18:37,Sucesso,308,437,0
BLD-C01-P02-002468,C01-P02,2025-08-20 10:32:04,Sucesso,294,186,0
BLD-C01-P02-002469,C01-P02,2025-08-15 18:21:02,Falha,190,609,14
BLD-C01-P02-002470,C01-P02,2025-08-16 13:20:33,Falha,101,42,6
BLD-C01-P02-002471,C01-P02,2025-08-03 16:07:15,Sucesso,197,197,0
BLD-C01-P02-002472,C01-P02,2025-08-06 12:23:35,Sucesso,90,214,0
BLD-C01-P02-002473,C01-P02,2025-08-15 12:04:21,Sucesso,77,338,0
BLD-C01-P02-002474,C01-P02,2025-08-27 08:34:04,Sucesso,20,10,0
BLD-C01-P02-002475,C01-P02,2025-08-22 15:05:55,Sucesso,300,40,0
BLD-C01-P02-002476,C01-P02,2025-08-22 09:11:15,Sucesso,163,285,1
BLD-C01-P02-002477,C01-P02,2025-08-24 11:40:58,Sucesso,368,426,0
BLD-C01-P02-002478,C01-P02,2025-08-29 20:46:34,Falha,241,573,4
BLD-C01-P02-002479,C01-P02,2025-08-01 19:24:03,Falha,293,272,13
BLD-C01-P02-002480,C01-P02,2025-08-09 12:59:56,Sucesso,184,482,0
BLD-C01-P02-002481,C01-P02,2025-08-27 08:11:11,Sucesso,571,385,0
BLD-C01-P02-002482,C01-P02,2025-08-26 12:41:37,Sucesso,525,300,0
BLD-C01-P02-002483,C01-P02,2025-08-24 13:09:56,Sucesso,382,410,0
BLD-C01-P02-002484,C01-P02,2025-08-28 08:11:37,Sucesso,270,204,0
BLD-C01-P02-002485,C01-P02,2025-08-30 10:56:52,Sucesso,313,658,0
BLD-C01-P02-002486,C01-P02,2025-08-16 20:05:31,Sucesso,418,707,0
BLD-C01-P02-002487,C01-P02,2025-08-16 12:51:37,Sucesso,190,616,0
BLD-C01-P02-002488,C01-P02,2025-08-16 10:09:49,Sucesso,323,694,0
BLD-C01-P02-002489,C01-P02,2025-08-12 17:33:06,Falha,239,90,1
BLD-C01-P02-002490,C01-P02,2025-08-14 07:16:01,Sucesso,303,199,0
BLD-C01-P02-002491,C01-P02,2025-08-25 12:00:54,Sucesso,22,22,0
BLD-C01-P02-002492,C01-P02,2025-08-09 18:45:34,Sucesso,261,518,0
BLD-C01-P02-002493,C01-P02,2025-08-22 17:23:22,Sucesso,442,585,0
BLD-C01-P02-002494,C01-P02,2025-08-05 16:17:01,Sucesso,244,455,0
BLD-C01-P02-002495,C01-P02,2025-08-28 15:46:44,Sucesso,360,327,0
BLD-C01-P02-002496,C01-P02,2025-08-29 08:26:36,Sucesso,129,125,1
BLD-C01-P02-002497,C01-P02,2025-08-25 14:21:44,Sucesso,239,394,0
BLD-C01-P02-002498,C01-P02,2025-08-26 18:43:07,Sucesso,421,398,0
BLD-C01-P02-002499,C01-P02,2025-08-24 14:15:14,Sucesso,301,243,0
BLD-C01-P02-002500,C01-P02,2025-08-15 14:30:57,Sucesso,575,402,0
BLD-C01-P02-002501,C01-P02,2025-08-18 09:05:40,Sucesso,438,505,0
BLD-C01-P02-002502,C01-P02,2025-08-08 21:17:06,Sucesso,167,602,0
BLD-C01-P02-002503,C01-P02,2025-08-26 18:38:34,Sucesso,514,512,0
BLD-C01-P02-002504,C01-P02,2025-08-10 12:41:56,Sucesso,213,457,0
BLD-C01-P02-002505,C01-P02,2025-08-22 13:30:09,Sucesso,385,495,0
BLD-C01-P02-002506,C01-P02,2025-08-07 09:25:37,Sucesso,268,10,0
BLD-C01-P02-002507,C01-P02,2025-08-23 16:25:28,Sucesso,357,268,0
BLD-C01-P02-002508,C01-P02,2025-08-31 15:05:50,Sucesso,364,526,0
BLD-C01-P02-002509,C01-P02,2025-08-28 17:12:48,Sucesso,420,453,0
BLD-C01-P02-002510,C01-P02,2025-08-08 10:14:03,Sucesso,365,575,0
BLD-C01-P02-002511,C01-P02,2025-08-07 08:35:30,Sucesso,212,574,0
BLD-C01-P02-002512,C01-P02,2025-08-04 17:57:54,Sucesso,663,317,0
BLD-C01-P02-002513,C01-P02,2025-08-07 17:46:32,Sucesso,185,288,0
BLD-C01-P02-002514,C01-P02,2025-08-03 20:12:49,Sucesso,198,325,0
BLD-C01-P02-002515,C01-P02,2025-08-03 20:01:28,Sucesso,469,414,0
BLD-C01-P02-002516,C01-P02,2025-08-11 11:44:27,Sucesso,282,499,0
BLD-C01-P02-002517,C01-P02,2025-08-09 11:09:01,Sucesso,476,436,0
BLD-C01-P02-002518,C01-P02,2025-08-05 17:26:35,Sucesso,254,536,0
BLD-C01-P02-002519,C01-P02,2025-08-03 18:10:06,Sucesso,99,15,0
BLD-C01-P02-002520,C01-P02,2025-08-11 07:54:57,Sucesso,371,404,0
BLD-C01-P02-002521,C01-P02,2025-08-26 09:53:16,Sucesso,262,173,1
BLD-C01-P02-002522,C01-P02,2025-08-13 09:53:56,Sucesso,595,10,0
BLD-C01-P02-002523,C01-P02,2025-08-10 16:04:52,Sucesso,235,640,0
BLD-C01-P02-002524,C01-P02,2025-08-02 16:10:46,Sucesso,369,606,0
BLD-C01-P02-002525,C01-P02,2025-08-04 19:43:33,Sucesso,229,243,0
BLD-C01-P02-002526,C01-P02,2025-08-22 21:39:39,Falha,421,233,2
BLD-C01-P02-002527,C01-P02,2025-08-11 19:07:35,Sucesso,392,161,0
BLD-C01-P02-002528,C01-P02,2025-08-10 13:23:09,Sucesso,297,101,0
BLD-C01-P02-002529,C01-P02,2025-08-24 09:52:53,Sucesso,515,385,0
BLD-C01-P02-002530,C01-P02,2025-08-09 15:49:32,Falha,446,298,2
BLD-C01-P02-002531,C01-P02,2025-08-18 07:18:45,Sucesso,458,279,0
BLD-C01-P02-002532,C01-P02,2025-08-27 14:46:59,Sucesso,175,264,0
BLD-C01-P02-002533,C01-P02,2025-08-02 16:36:41,Sucesso,343,484,0
BLD-C01-P02-002534,C01-P02,2025-08-28 13:35:02,Sucesso,224,492,0
BLD-C01-P02-002535,C01-P02,2025-08-20 16:51:54,Sucesso,420,582,0
BLD-C01-P02-002536,C01-P02,2025-08-26 07:25:11,Sucesso,399,409,0
BLD-C01-P02-002537,C01-P02,2025-08-13 19:31:24,Falha,377,359,5
BLD-C01-P02-002538,C01-P02,2025-08-05 19:26:50,Sucesso,376,412,0
BLD-C01-P02-002539,C01-P02,2025-08-06 09:07:51,Falha,406,330,5
BLD-C01-P02-002540,C01-P02,2025-08-09 11:38:25,Falha,297,239,6
BLD-C01-P02-002541,C01-P02,2025-08-11 16:33:25,Sucesso,206,543,0
BLD-C01-P02-002542,C01-P02,2025-08-21 17:54:53,Sucesso,424,231,0
BLD-C01-P02-002543,C01-P02,2025-08-18 10:43:30,Sucesso,418,524,0
BLD-C01-P02-002544,C01-P02,2025-08-26 19:41:46,Sucesso,430,523,0
BLD-C01-P02-002545,C01-P02,2025-08-27 11:53:19,Falha,89,374,3
BLD-C01-P02-002546,C01-P02,2025-08-28 19:34:46,Sucesso,271,321,0
BLD-C01-P02-002547,C01-P02,2025-08-18 09:35:08,Sucesso,269,466,0
BLD-C01-P02-002548,C01-P02,2025-08-24 11:22:18,Falha,478,797,6
BLD-C01-P02-002549,C01-P02,2025-08-15 09:33:26,Sucesso,375,516,0
BLD-C01-P02-002550,C01-P02,2025-08-11 16:57:16,Falha,112,505,2
BLD-C01-P02-002551,C01-P02,2025-08-09 08:07:10,Sucesso,388,918,0
BLD-C01-P02-002552,C01-P02,2025-08-10 12:06:06,Falha,362,430,1
BLD-C01-P02-002553,C01-P02,2025-08-15 12:11:32,Falha,165,606,11
BLD-C01-P02-002554,C01-P02,2025-08-25 11:12:41,Sucesso,284,287,0
BLD-C01-P02-002555,C01-P02,2025-08-16 14:40:03,Sucesso,182,467,0
BLD-C01-P02-002556,C01-P02,2025-08-23 09:41:26,Sucesso,497,251,0
BLD-C01-P02-002557,C01-P02,2025-08-30 16:43:29,Sucesso,220,529,0
BLD-C01-P02-002558,C01-P02,2025-08-10 21:25:12,Falha,118,488,1
BLD-C01-P02-002559,C01-P02,2025-08-18 11:25:10,Falha,287,167,2
BLD-C01-P02-002560,C01-P02,2025-08-21 08:58:11,Sucesso,224,483,0
BLD-C01-P02-002561,C01-P02,2025-08-03 09:29:10,Sucesso,20,520,0
BLD-C01-P02-002562,C01-P02,2025-08-19 10:53:32,Sucesso,186,264,0
BLD-C01-P02-002563,C01-P02,2025-08-29 21:07:12,Sucesso,552,351,0
BLD-C01-P02-002564,C01-P02,2025-08-09 11:23:36,Sucesso,389,427,0
BLD-C01-P02-002565,C01-P02,2025-08-23 20:30:40,Sucesso,20,162,0
BLD-C01-P02-002566,C01-P02,2025-08-06 19:29:54,Falha,535,398,12
BLD-C01-P02-002567,C01-P02,2025-08-20 16:10:41,Sucesso,384,453,0
BLD-C01-P02-002568,C01-P02,2025-08-28 21:43:26,Sucesso,331,82,0
BLD-C01-P02-002569,C01-P02,2025-08-07 07:02:55,Sucesso,220,236,0
BLD-C01-P02-002570,C01-P02,2025-08-09 10:44:30,Sucesso,313,452,0
BLD-C01-P02-002571,C01-P02,2025-08-21 09:05:01,Falha,369,589,6
BLD-C01-P02-002572,C01-P02,2025-08-24 11:28:41,Sucesso,237,631,0
BLD-C01-P02-002573,C01-P02,2025-08-20 20:26:20,Sucesso,445,177,0
BLD-C01-P02-002574,C01-P02,2025-08-16 15:31:48,Sucesso,669,393,0
BLD-C01-P02-002575,C01-P02,2025-08-09 19:14:44,Sucesso,337,374,0
BLD-C01-P02-002576,C01-P02,2025-08-06 07:59:46,Falha,377,84,1
BLD-C01-P02-002577,C01-P02,2025-08-19 11:16:44,Sucesso,304,354,0
BLD-C01-P02-002578,C01-P02,2025-08-11 15:06:01,Sucesso,320,461,0
BLD-C01-P02-002579,C01-P02,2025-08-16 21:51:18,Sucesso,74,449,0
BLD-C01-P02-002580,C01-P02,2025-08-20 12:49:12,Sucesso,350,150,0
BLD-C01-P02-002581,C01-P02,2025-08-04 14:23:51,Sucesso,411,785,0
BLD-C01-P02-002582,C01-P02,2025-08-18 11:38:55,Falha,171,587,2
BLD-C01-P02-002583,C01-P02,2025-08-07 16:48:01,Falha,420,361,4
BLD-C01-P02-002584,C01-P02,2025-08-17 20:12:20,Falha,295,413,4
BLD-C01-P02-002585,C01-P02,2025-08-24 18:47:17,Sucesso,592,401,1
BLD-C01-P02-002586,C01-P02,2025-08-31 15:52:57,Sucesso,363,151,0
BLD-C01-P02-002587,C01-P02,2025-08-13 10:38:48,Sucesso,468,363,0
BLD-C01-P02-002588,C01-P02,2025-08-31 10:04:17,Sucesso,193,614,0
BLD-C01-P02-002589,C01-P02,2025-08-03 18:43:34,Sucesso,339,815,0
BLD-C01-P02-002590,C01-P02,2025-08-22 21:13:57,Falha,399,407,2
BLD-C01-P02-002591,C01-P02,2025-08-21 11:35:42,Sucesso,390,649,0
BLD-C01-P02-002592,C01-P02,2025-08-17 09:40:24,Falha,321,929,2
BLD-C01-P02-002593,C01-P02,2025-08-09 12:30:12,Sucesso,344,374,0
BLD-C01-P02-002594,C01-P02,2025-08-11 07:04:56,Falha,492,375,4
BLD-C01-P02-002595,C01-P02,2025-08-31 20:50:46,Sucesso,442,382,0
BLD-C01-P02-002596,C01-P02,2025-08-29 17:08:38,Falha,168,352,2
BLD-C01-P02-002597,C01-P02,2025-08-04 14:46:03,Sucesso,77,228,0
BLD-C01-P02-002598,C01-P02,2025-08-21 09:30:21,Sucesso,458,520,0
BLD-C01-P02-002599,C01-P02,2025-08-21 17:09:26,Falha,499,393,1
BLD-C01-P02-002600,C01-P02,2025-08-25 13:47:04,Sucesso,469,334,0
BLD-C01-P02-002601,C01-P02,2025-08-29 18:20:00,Sucesso,205,10,0
BLD-C01-P02-002602,C01-P02,2025-08-13 13:06:02,Sucesso,262,537,0
BLD-C01-P02-002603,C01-P02,2025-08-15 08:41:12,Sucesso,275,678,0
BLD-C01-P02-002604,C01-P02,2025-08-11 09:52:27,Sucesso,372,56,0
BLD-C01-P02-002605,C01-P02,2025-08-26 07:55:55,Sucesso,444,430,0
BLD-C01-P02-002606,C01-P02,2025-08-18 20:38:56,Sucesso,498,382,0
BLD-C01-P02-002607,C01-P02,2025-08-09 17:23:41,Sucesso,302,10,0
BLD-C01-P02-002608,C01-P02,2025-08-28 13:06:36,Falha,509,10,10
BLD-C01-P02-002609,C01-P02,2025-09-13 16:14:34,Sucesso,230,689,0
BLD-C01-P02-002610,C01-P02,2025-09-02 14:11:47,Sucesso,371,204,0
BLD-C01-P02-002611,C01-P02,2025-09-30 16:12:57,Falha,238,275,2
BLD-C01-P02-002612,C01-P02,2025-09-23 19:44:15,Sucesso,483,384,0
BLD-C01-P02-002613,C01-P02,2025-09-28 17:08:19,Sucesso,154,699,0
BLD-C01-P02-002614,C01-P02,2025-09-24 07:41:49,Sucesso,424,17,0
BLD-C01-P02-002615,C01-P02,2025-09-12 14:32:14,Sucesso,335,457,0
BLD-C01-P02-002616,C01-P02,2025-09-24 11:21:37,Sucesso,20,387,0
BLD-C01-P02-002617,C01-P02,2025-09-14 19:50:52,Sucesso,59,243,0
BLD-C01-P02-002618,C01-P02,2025-09-22 14:08:35,Sucesso,148,356,0
BLD-C01-P02-002619,C01-P02,2025-09-11 15:24:55,Sucesso,491,221,0
BLD-C01-P02-002620,C01-P02,2025-09-22 12:05:29,Sucesso,386,529,0
BLD-C01-P02-002621,C01-P02,2025-09-01 10:28:33,Sucesso,111,464,0
BLD-C01-P02-002622,C01-P02,2025-09-03 14:41:57,Sucesso,299,10,0
BLD-C01-P02-002623,C01-P02,2025-09-04 16:26:15,Sucesso,161,397,1
BLD-C01-P02-002624,C01-P02,2025-09-25 17:06:31,Sucesso,467,327,1
BLD-C01-P02-002625,C01-P02,2025-09-04 20:48:49,Sucesso,98,357,0
BLD-C01-P02-002626,C01-P02,2025-09-11 15:08:44,Sucesso,118,255,0
BLD-C01-P02-002627,C01-P02,2025-09-02 09:06:43,Sucesso,169,531,0
BLD-C01-P02-002628,C01-P02,2025-09-05 08:44:05,Sucesso,380,389,0
BLD-C01-P02-002629,C01-P02,2025-09-07 09:34:08,Sucesso,271,494,0
BLD-C01-P02-002630,C01-P02,2025-09-14 19:23:41,Sucesso,424,545,1
BLD-C01-P02-002631,C01-P02,2025-09-25 09:04:45,Sucesso,384,473,0
BLD-C01-P02-002632,C01-P02,2025-09-16 17:28:57,Sucesso,366,456,0
BLD-C01-P02-002633,C01-P02,2025-09-08 15:44:10,Falha,515,329,4
BLD-C01-P02-002634,C01-P02,2025-09-13 08:45:47,Sucesso,58,231,0
BLD-C01-P02-002635,C01-P02,2025-09-01 16:37:48,Sucesso,20,368,0
BLD-C01-P02-002636,C01-P02,2025-09-14 07:48:38,Sucesso,248,238,0
BLD-C01-P02-002637,C01-P02,2025-09-25 20:46:09,Sucesso,398,52,2
BLD-C01-P02-002638,C01-P02,2025-09-16 21:07:10,Sucesso,20,655,0
BLD-C01-P02-002639,C01-P02,2025-09-30 10:05:34,Sucesso,496,599,0
BLD-C01-P02-002640,C01-P02,2025-09-11 19:57:43,Sucesso,210,738,0
BLD-C01-P02-002641,C01-P02,2025-09-05 13:10:13,Sucesso,399,617,0
BLD-C01-P02-002642,C01-P02,2025-09-09 10:58:32,Sucesso,88,137,0
BLD-C01-P02-002643,C01-P02,2025-09-18 21:55:43,Sucesso,354,822,0
BLD-C01-P02-002644,C01-P02,2025-09-24 16:42:27,Sucesso,246,194,0
BLD-C01-P02-002645,C01-P02,2025-09-30 18:10:46,Sucesso,303,166,0
BLD-C01-P02-002646,C01-P02,2025-09-19 17:49:19,Sucesso,166,339,0
BLD-C01-P02-002647,C01-P02,2025-09-09 07:48:44,Sucesso,347,430,0
BLD-C01-P02-002648,C01-P02,2025-09-16 10:10:46,Sucesso,642,244,0
BLD-C01-P02-002649,C01-P02,2025-09-18 13:28:47,Sucesso,541,608,0
BLD-C01-P02-002650,C01-P02,2025-09-12 08:35:57,Sucesso,109,626,0
BLD-C01-P02-002651,C01-P02,2025-09-24 09:19:02,Sucesso,370,10,0
BLD-C01-P02-002652,C01-P02,2025-09-20 11:52:56,Falha,533,697,2
BLD-C01-P02-002653,C01-P02,2025-09-17 19:39:43,Sucesso,323,114,0
BLD-C01-P02-002654,C01-P02,2025-09-28 19:30:45,Sucesso,276,338,0
BLD-C01-P02-002655,C01-P02,2025-09-07 15:15:58,Sucesso,138,473,0
BLD-C01-P02-002656,C01-P02,2025-09-09 20:17:04,Sucesso,337,10,0
BLD-C01-P02-002657,C01-P02,2025-09-26 08:47:58,Sucesso,338,400,0
BLD-C01-P02-002658,C01-P02,2025-09-18 16:32:49,Sucesso,491,466,1
BLD-C01-P02-002659,C01-P02,2025-09-10 12:06:34,Sucesso,226,319,0
BLD-C01-P02-002660,C01-P02,2025-09-21 13:54:58,Sucesso,300,584,0
BLD-C01-P02-002661,C01-P02,2025-09-22 18:43:02,Sucesso,243,113,0
BLD-C01-P02-002662,C01-P02,2025-09-20 14:51:12,Sucesso,114,704,0
BLD-C01-P02-002663,C01-P02,2025-09-30 08:16:57,Sucesso,488,136,0
BLD-C01-P02-002664,C01-P02,2025-09-29 14:46:21,Falha,138,213,1
BLD-C01-P02-002665,C01-P02,2025-09-19 09:28:48,Falha,517,586,8
BLD-C01-P02-002666,C01-P02,2025-09-02 15:08:19,Sucesso,122,372,0
BLD-C01-P02-002667,C01-P02,2025-09-24 13:03:10,Sucesso,20,637,0
BLD-C01-P02-002668,C01-P02,2025-09-01 18:28:57,Sucesso,758,364,0
BLD-C01-P02-002669,C01-P02,2025-09-17 14:11:52,Sucesso,343,501,0
BLD-C01-P02-002670,C01-P02,2025-09-19 11:19:01,Sucesso,294,510,0
BLD-C01-P02-002671,C01-P02,2025-09-30 18:47:45,Sucesso,184,555,0
BLD-C01-P02-002672,C01-P02,2025-09-16 15:30:51,Sucesso,386,552,1
BLD-C01-P02-002673,C01-P02,2025-09-29 09:55:13,Sucesso,266,350,0
BLD-C01-P02-002674,C01-P02,2025-09-17 10:05:03,Falha,20,593,6
BLD-C01-P02-002675,C01-P02,2025-09-14 09:28:19,Falha,302,409,13
BLD-C01-P02-002676,C01-P02,2025-09-22 19:00:46,Sucesso,471,219,0
BLD-C01-P02-002677,C01-P02,2025-09-19 17:33:29,Sucesso,201,475,0
BLD-C01-P02-002678,C01-P02,2025-09-29 19:16:19,Sucesso,543,643,0
BLD-C01-P02-002679,C01-P02,2025-09-28 15:37:04,Sucesso,263,174,0
BLD-C01-P02-002680,C01-P02,2025-09-08 07:39:56,Sucesso,316,398,1
BLD-C01-P02-002681,C01-P02,2025-09-15 08:15:14,Sucesso,106,74,0
BLD-C01-P02-002682,C01-P02,2025-09-06 21:30:37,Falha,430,215,27
BLD-C01-P02-002683,C01-P02,2025-09-13 11:05:09,Falha,117,414,6
BLD-C01-P02-002684,C01-P02,2025-09-03 14:44:55,Sucesso,418,322,0
BLD-C01-P02-002685,C01-P02,2025-09-18 21:19:53,Falha,466,369,4
BLD-C01-P02-002686,C01-P02,2025-09-10 09:51:49,Sucesso,362,965,0
BLD-C01-P02-002687,C01-P02,2025-09-04 17:51:53,Sucesso,285,491,0
BLD-C01-P02-002688,C01-P02,2025-09-03 08:56:47,Sucesso,572,566,0
BLD-C01-P02-002689,C01-P02,2025-09-24 20:29:29,Falha,155,561,2
BLD-C01-P02-002690,C01-P02,2025-09-04 09:39:55,Sucesso,657,577,0
BLD-C01-P02-002691,C01-P02,2025-09-09 13:41:51,Sucesso,317,427,0
BLD-C01-P02-002692,C01-P02,2025-09-11 09:51:37,Sucesso,320,416,0
BLD-C01-P02-002693,C01-P02,2025-09-19 07:08:21,Sucesso,421,454,0
BLD-C01-P02-002694,C01-P02,2025-09-19 20:47:48,Sucesso,20,194,0
BLD-C01-P02-002695,C01-P02,2025-09-11 19:42:02,Sucesso,307,576,4
BLD-C01-P02-002696,C01-P02,2025-09-28 16:55:43,Sucesso,381,375,0
BLD-C01-P02-002697,C01-P02,2025-09-28 07:12:17,Sucesso,237,248,0
BLD-C01-P02-002698,C01-P02,2025-09-03 21:38:23,Sucesso,453,91,0
BLD-C01-P02-002699,C01-P02,2025-09-09 12:09:39,Sucesso,422,462,0
BLD-C01-P02-002700,C01-P02,2025-09-20 14:25:14,Sucesso,113,278,0
BLD-C01-P02-002701,C01-P02,2025-09-27 16:06:41,Sucesso,341,465,0
BLD-C01-P02-002702,C01-P02,2025-09-24 16:35:00,Sucesso,351,627,0
BLD-C01-P02-002703,C01-P02,2025-09-20 19:27:58,Sucesso,371,217,0
BLD-C01-P02-002704,C01-P02,2025-09-26 13:19:09,Sucesso,427,467,0
BLD-C01-P02-002705,C01-P02,2025-09-04 17:35:12,Falha,383,214,6
BLD-C01-P02-002706,C01-P02,2025-09-07 07:55:54,Sucesso,175,405,0
BLD-C01-P02-002707,C01-P02,2025-09-19 11:48:37,Sucesso,296,537,0
BLD-C01-P02-002708,C01-P02,2025-09-09 20:29:05,Sucesso,387,114,0
BLD-C01-P02-002709,C01-P02,2025-09-12 15:02:05,Sucesso,225,504,0
BLD-C01-P02-002710,C01-P02,2025-09-20 15:38:41,Sucesso,379,289,0
BLD-C01-P02-002711,C01-P02,2025-09-21 12:02:56,Sucesso,321,243,0
BLD-C01-P02-002712,C01-P02,2025-09-30 18:39:30,Sucesso,509,986,0
BLD-C01-P02-002713,C01-P02,2025-09-15 07:14:01,Sucesso,351,578,0
BLD-C01-P02-002714,C01-P02,2025-09-28 16:08:16,Falha,235,273,13
BLD-C01-P02-002715,C01-P02,2025-09-18 11:42:15,Sucesso,594,291,0
BLD-C01-P02-002716,C01-P02,2025-09-01 12:33:16,Sucesso,176,10,0
BLD-C01-P02-002717,C01-P02,2025-09-19 14:47:37,Falha,316,297,3
BLD-C01-P02-002718,C01-P02,2025-09-21 13:22:52,Sucesso,460,328,0
BLD-C01-P02-002719,C01-P02,2025-09-18 20:12:15,Sucesso,418,446,0
BLD-C01-P02-002720,C01-P02,2025-09-10 19:03:12,Sucesso,215,536,1
BLD-C01-P02-002721,C01-P02,2025-09-14 13:51:14,Sucesso,232,290,0
BLD-C01-P02-002722,C01-P02,2025-09-18 21:43:43,Sucesso,275,581,0
BLD-C01-P02-002723,C01-P02,2025-09-20 07:40:02,Falha,414,386,8
BLD-C01-P02-002724,C01-P02,2025-09-06 12:12:23,Sucesso,403,526,0
BLD-C01-P02-002725,C01-P02,2025-09-19 12:43:42,Sucesso,269,289,0
BLD-C01-P02-002726,C01-P02,2025-09-06 13:46:07,Sucesso,332,266,0
BLD-C01-P02-002727,C01-P02,2025-09-24 12:06:14,Sucesso,393,756,0
BLD-C01-P02-002728,C01-P02,2025-09-13 18:50:09,Sucesso,510,390,0
BLD-C01-P02-002729,C01-P02,2025-09-08 12:54:27,Sucesso,363,196,0
BLD-C01-P02-002730,C01-P02,2025-09-03 19:40:19,Sucesso,329,260,0
BLD-C01-P02-002731,C01-P02,2025-09-08 10:27:05,Sucesso,159,114,0
BLD-C01-P02-002732,C01-P02,2025-09-19 21:54:02,Sucesso,396,576,0
BLD-C01-P02-002733,C01-P02,2025-09-29 17:16:04,Sucesso,258,281,0
BLD-C01-P02-002734,C01-P02,2025-09-21 18:14:26,Sucesso,625,442,0
BLD-C01-P02-002735,C01-P02,2025-09-28 10:34:27,Falha,269,505,2
BLD-C01-P02-002736,C01-P02,2025-09-24 17:15:17,Sucesso,345,649,0
BLD-C01-P02-002737,C01-P02,2025-09-08 15:10:02,Sucesso,402,272,0
BLD-C01-P02-002738,C01-P02,2025-09-16 21:14:00,Sucesso,409,873,0
BLD-C01-P02-002739,C01-P02,2025-10-15 12:05:42,Falha,345,307,8
BLD-C01-P02-002740,C01-P02,2025-10-30 12:36:04,Sucesso,410,153,1
BLD-C01-P02-002741,C01-P02,2025-10-12 15:15:28,Sucesso,310,426,0
BLD-C01-P02-002742,C01-P02,2025-10-16 19:56:02,Falha,377,307,16
BLD-C01-P02-002743,C01-P02,2025-10-25 09:07:02,Sucesso,530,494,1
BLD-C01-P02-002744,C01-P02,2025-10-10 14:10:59,Falha,234,270,1
BLD-C01-P02-002745,C01-P02,2025-10-02 17:01:44,Sucesso,116,469,0
BLD-C01-P02-002746,C01-P02,2025-10-05 09:47:42,Sucesso,604,264,1
BLD-C01-P02-002747,C01-P02,2025-10-09 15:36:20,Sucesso,207,479,0
BLD-C01-P02-002748,C01-P02,2025-10-13 20:28:07,Sucesso,366,302,0
BLD-C01-P02-002749,C01-P02,2025-10-26 13:41:19,Sucesso,508,70,0
BLD-C01-P02-002750,C01-P02,2025-10-22 21:06:26,Sucesso,365,472,0
BLD-C01-P02-002751,C01-P02,2025-10-03 17:10:22,Sucesso,404,613,0
BLD-C01-P02-002752,C01-P02,2025-10-11 08:57:13,Sucesso,522,117,0
BLD-C01-P02-002753,C01-P02,2025-10-08 12:34:51,Sucesso,261,384,0
BLD-C01-P02-002754,C01-P02,2025-10-12 09:17:06,Sucesso,654,344,0
BLD-C01-P02-002755,C01-P02,2025-10-30 07:47:41,Sucesso,491,300,0
BLD-C01-P02-002756,C01-P02,2025-10-04 10:11:19,Falha,570,504,8
BLD-C01-P02-002757,C01-P02,2025-10-24 18:05:35,Sucesso,531,432,0
BLD-C01-P02-002758,C01-P02,2025-10-14 19:33:33,Sucesso,20,398,0
BLD-C01-P02-002759,C01-P02,2025-10-14 18:52:48,Sucesso,131,443,1
BLD-C01-P02-002760,C01-P02,2025-10-30 13:39:09,Sucesso,253,262,0
BLD-C01-P02-002761,C01-P02,2025-10-01 07:28:55,Sucesso,352,285,0
BLD-C01-P02-002762,C01-P02,2025-10-26 17:55:00,Sucesso,326,401,0
BLD-C01-P02-002763,C01-P02,2025-10-21 12:46:00,Sucesso,262,331,0
BLD-C01-P02-002764,C01-P02,2025-10-14 09:50:05,Sucesso,189,334,0
BLD-C01-P02-002765,C01-P02,2025-10-05 21:18:57,Sucesso,169,586,0
BLD-C01-P02-002766,C01-P02,2025-10-25 14:01:16,Sucesso,225,595,1
BLD-C01-P02-002767,C01-P02,2025-10-06 15:39:28,Sucesso,146,643,0
BLD-C01-P02-002768,C01-P02,2025-10-30 10:05:42,Sucesso,209,607,0
BLD-C01-P02-002769,C01-P02,2025-10-12 09:08:14,Sucesso,449,331,0
BLD-C01-P02-002770,C01-P02,2025-10-30 21:13:46,Sucesso,186,501,0
BLD-C01-P02-002771,C01-P02,2025-10-10 07:50:41,Sucesso,392,244,0
BLD-C01-P02-002772,C01-P02,2025-10-25 09:40:38,Sucesso,285,191,0
BLD-C01-P02-002773,C01-P02,2025-10-25 10:19:23,Sucesso,155,475,0
BLD-C01-P02-002774,C01-P02,2025-10-26 21:19:09,Sucesso,429,235,0
BLD-C01-P02-002775,C01-P02,2025-10-13 16:12:01,Sucesso,352,474,0
BLD-C01-P02-002776,C01-P02,2025-10-22 21:31:36,Sucesso,439,377,0
BLD-C01-P02-002777,C01-P02,2025-10-12 08:34:53,Sucesso,617,220,0
BLD-C01-P02-002778,C01-P02,2025-10-10 16:30:55,Sucesso,370,253,0
BLD-C01-P02-002779,C01-P02,2025-10-02 19:50:10,Sucesso,224,519,0
BLD-C01-P02-002780,C01-P02,2025-10-31 17:15:54,Sucesso,668,707,0
BLD-C01-P02-002781,C01-P02,2025-10-14 13:03:13,Sucesso,323,486,0
BLD-C01-P02-002782,C01-P02,2025-10-21 20:33:29,Sucesso,203,437,0
BLD-C01-P02-002783,C01-P02,2025-10-16 13:37:32,Sucesso,309,442,0
BLD-C01-P02-002784,C01-P02,2025-10-02 15:02:18,Sucesso,269,443,0
BLD-C01-P02-002785,C01-P02,2025-10-21 20:20:04,Falha,260,211,1
BLD-C01-P02-002786,C01-P02,2025-10-17 07:03:41,Sucesso,301,314,0
BLD-C01-P02-002787,C01-P02,2025-10-27 11:39:32,Sucesso,305,545,0
BLD-C01-P02-002788,C01-P02,2025-10-14 11:29:51,Sucesso,66,580,0
BLD-C01-P02-002789,C01-P02,2025-10-13 16:28:59,Sucesso,257,422,0
BLD-C01-P02-002790,C01-P02,2025-10-15 15:12:08,Sucesso,234,545,0
BLD-C01-P02-002791,C01-P02,2025-10-13 19:09:14,Sucesso,349,148,0
BLD-C01-P02-002792,C01-P02,2025-10-20 20:20:09,Sucesso,344,558,0
BLD-C01-P02-002793,C01-P02,2025-10-27 07:56:09,Sucesso,107,485,0
BLD-C01-P02-002794,C01-P02,2025-10-08 18:00:22,Sucesso,250,210,1
BLD-C01-P02-002795,C01-P02,2025-10-28 16:26:53,Sucesso,502,272,0
BLD-C01-P02-002796,C01-P02,2025-10-12 18:29:28,Sucesso,438,265,0
BLD-C01-P02-002797,C01-P02,2025-10-08 09:05:22,Sucesso,292,318,0
BLD-C01-P02-002798,C01-P02,2025-10-09 16:27:21,Sucesso,357,428,1
BLD-C01-P02-002799,C01-P02,2025-10-16 16:31:12,Sucesso,377,568,0
BLD-C01-P02-002800,C01-P02,2025-10-28 14:52:59,Sucesso,542,280,0
BLD-C01-P02-002801,C01-P02,2025-10-07 21:38:39,Sucesso,458,283,0
BLD-C01-P02-002802,C01-P02,2025-10-19 18:46:27,Sucesso,202,476,0
BLD-C01-P02-002803,C01-P02,2025-10-24 09:17:47,Falha,220,52,8
BLD-C01-P02-002804,C01-P02,2025-10-08 13:07:44,Falha,495,621,3
BLD-C01-P02-002805,C01-P02,2025-10-06 13:33:32,Sucesso,185,583,0
BLD-C01-P02-002806,C01-P02,2025-10-23 15:10:29,Sucesso,439,118,0
BLD-C01-P02-002807,C01-P02,2025-10-25 10:19:27,Sucesso,390,385,1
BLD-C01-P02-002808,C01-P02,2025-10-04 13:35:56,Falha,459,165,12
BLD-C01-P02-002809,C01-P02,2025-10-27 20:42:18,Sucesso,634,678,0
BLD-C01-P02-002810,C01-P02,2025-10-22 12:43:11,Sucesso,483,168,0
BLD-C01-P02-002811,C01-P02,2025-10-25 08:50:30,Sucesso,515,35,0
BLD-C01-P02-002812,C01-P02,2025-10-22 11:41:19,Falha,415,94,16
BLD-C01-P02-002813,C01-P02,2025-10-15 08:58:09,Falha,476,252,8
BLD-C01-P02-002814,C01-P02,2025-10-05 08:19:39,Falha,279,563,1
BLD-C01-P02-002815,C01-P02,2025-10-03 09:16:39,Sucesso,94,546,0
BLD-C01-P02-002816,C01-P02,2025-10-19 16:16:36,Sucesso,27,520,0
BLD-C01-P02-002817,C01-P02,2025-10-14 20:41:59,Sucesso,242,359,0
BLD-C01-P02-002818,C01-P02,2025-10-12 21:27:07,Sucesso,229,503,0
BLD-C01-P02-002819,C01-P02,2025-10-06 07:02:12,Sucesso,102,290,0
BLD-C01-P02-002820,C01-P02,2025-10-17 19:54:32,Sucesso,255,88,0
BLD-C01-P02-002821,C01-P02,2025-10-27 12:15:05,Sucesso,538,502,0
BLD-C01-P02-002822,C01-P02,2025-10-20 07:13:28,Sucesso,362,630,0
BLD-C01-P02-002823,C01-P02,2025-10-10 11:37:43,Sucesso,329,10,0
BLD-C01-P02-002824,C01-P02,2025-10-05 10:54:22,Sucesso,296,605,0
BLD-C01-P02-002825,C01-P02,2025-10-17 10:13:01,Sucesso,94,942,0
BLD-C01-P02-002826,C01-P02,2025-10-11 10:17:19,Sucesso,252,179,0
BLD-C01-P02-002827,C01-P02,2025-10-10 17:51:49,Falha,290,288,11
BLD-C01-P02-002828,C01-P02,2025-10-25 20:28:57,Sucesso,330,398,0
BLD-C01-P02-002829,C01-P02,2025-10-02 20:57:42,Sucesso,333,561,0
BLD-C01-P02-002830,C01-P02,2025-10-19 18:51:40,Sucesso,226,151,0
BLD-C01-P02-002831,C01-P02,2025-10-18 11:26:26,Sucesso,288,338,0
BLD-C01-P02-002832,C01-P02,2025-10-09 20:34:14,Sucesso,446,292,0
BLD-C01-P02-002833,C01-P02,2025-10-10 20:53:43,Sucesso,301,99,0
BLD-C01-P02-002834,C01-P02,2025-10-24 19:08:18,Sucesso,299,251,0
BLD-C01-P02-002835,C01-P02,2025-10-14 12:25:48,Sucesso,565,652,0
BLD-C01-P02-002836,C01-P02,2025-10-08 20:42:47,Sucesso,459,391,0
BLD-C01-P02-002837,C01-P02,2025-10-11 19:49:08,Sucesso,412,369,0
BLD-C01-P02-002838,C01-P02,2025-10-01 20:49:00,Falha,537,151,3
BLD-C01-P02-002839,C01-P02,2025-10-10 14:35:54,Sucesso,291,299,2
BLD-C01-P02-002840,C01-P02,2025-10-06 11:02:41,Sucesso,393,551,0
BLD-C01-P02-002841,C01-P02,2025-10-31 12:27:15,Sucesso,384,129,0
BLD-C01-P02-002842,C01-P02,2025-10-30 08:00:49,Falha,263,870,2
BLD-C01-P02-002843,C01-P02,2025-10-09 12:36:39,Sucesso,228,386,0
BLD-C01-P02-002844,C01-P02,2025-10-20 11:09:09,Sucesso,174,331,2
BLD-C01-P02-002845,C01-P02,2025-10-26 09:58:54,Sucesso,647,633,0
BLD-C01-P02-002846,C01-P02,2025-10-08 20:15:55,Sucesso,536,138,0
BLD-C01-P02-002847,C01-P02,2025-10-15 16:57:22,Sucesso,312,571,0
BLD-C01-P02-002848,C01-P02,2025-10-27 07:04:40,Sucesso,83,397,0
BLD-C01-P02-002849,C01-P02,2025-10-31 07:45:13,Sucesso,159,347,0
BLD-C01-P02-002850,C01-P02,2025-10-06 15:58:06,Sucesso,379,479,0
BLD-C01-P02-002851,C01-P02,2025-10-15 12:53:14,Sucesso,468,300,0
BLD-C01-P02-002852,C01-P02,2025-10-04 08:37:51,Sucesso,355,188,0
BLD-C01-P02-002853,C01-P02,2025-10-26 14:49:18,Sucesso,407,498,0
BLD-C01-P02-002854,C01-P02,2025-10-17 18:35:36,Falha,215,455,1
BLD-C01-P02-002855,C01-P02,2025-10-08 20:51:00,Sucesso,547,708,0
BLD-C01-P02-002856,C01-P02,2025-10-14 20:46:44,Sucesso,139,521,0
BLD-C01-P02-002857,C01-P02,2025-10-31 19:20:26,Sucesso,459,611,1
BLD-C01-P02-002858,C01-P02,2025-10-26 14:13:20,Sucesso,495,652,0
BLD-C01-P02-002859,C01-P02,2025-10-06 19:37:28,Sucesso,333,731,0
BLD-C01-P02-002860,C01-P02,2025-10-08 10:14:39,Sucesso,288,830,0
BLD-C01-P02-002861,C01-P02,2025-10-22 17:32:39,Sucesso,456,495,0
BLD-C01-P02-002862,C01-P02,2025-10-08 07:45:04,Sucesso,498,580,0
BLD-C01-P02-002863,C01-P02,2025-10-12 12:12:56,Sucesso,363,404,0
BLD-C01-P02-002864,C01-P02,2025-10-22 21:00:40,Sucesso,383,703,0
BLD-C01-P02-002865,C01-P02,2025-10-28 11:17:51,Sucesso,251,223,0
BLD-C01-P02-002866,C01-P02,2025-10-28 15:44:19,Sucesso,176,514,0
BLD-C01-P02-002867,C01-P02,2025-10-30 13:08:50,Sucesso,20,626,0
BLD-C01-P02-002868,C01-P02,2025-10-05 10:05:42,Sucesso,286,89,0
BLD-C01-P02-002869,C01-P02,2025-10-19 07:25:25,Sucesso,325,57,0
BLD-C01-P02-002870,C01-P02,2025-10-15 11:54:49,Sucesso,159,574,0
BLD-C01-P02-002871,C01-P02,2025-10-14 07:54:12,Sucesso,481,10,0
BLD-C01-P02-002872,C01-P02,2025-10-01 19:50:55,Falha,311,548,1
BLD-C01-P02-002873,C01-P02,2025-10-24 11:00:47,Sucesso,247,450,0
BLD-C01-P02-002874,C01-P02,2025-10-05 21:16:05,Sucesso,418,262,0
BLD-C01-P02-002875,C01-P02,2025-10-25 15:10:56,Sucesso,249,256,0
BLD-C01-P02-002876,C01-P02,2025-10-18 17:17:32,Sucesso,466,689,0
BLD-C01-P02-002877,C01-P02,2025-10-30 21:42:31,Sucesso,160,435,0
BLD-C01-P02-002878,C01-P02,2025-10-01 07:15:56,Sucesso,314,158,0
BLD-C01-P02-002879,C01-P02,2025-10-10 16:41:40,Falha,219,286,11
BLD-C01-P02-002880,C01-P02,2025-10-19 10:08:08,Sucesso,415,282,0
BLD-C01-P02-002881,C01-P02,2025-10-29 17:34:23,Sucesso,426,355,0
BLD-C01-P02-002882,C01-P02,2025-10-30 16:49:54,Sucesso,484,382,0
BLD-C01-P02-002883,C01-P02,2025-10-26 12:22:25,Sucesso,308,216,0
BLD-C01-P02-002884,C01-P02,2025-10-10 13:31:18,Sucesso,172,490,0
BLD-C01-P02-002885,C01-P02,2025-10-04 14:11:31,Falha,36,480,3
BLD-C01-P02-002886,C01-P02,2025-10-21 15:01:17,Sucesso,355,256,0
BLD-C01-P02-002887,C01-P02,2025-10-07 15:14:45,Falha,318,458,1
BLD-C01-P02-002888,C01-P02,2025-10-27 11:42:18,Sucesso,406,538,1
BLD-C01-P02-002889,C01-P02,2025-10-08 10:51:14,Sucesso,416,534,0
BLD-C01-P02-002890,C01-P02,2025-10-25 17:19:11,Falha,202,341,3
BLD-C01-P02-002891,C01-P02,2025-11-24 20:19:20,Sucesso,215,280,0
BLD-C01-P02-002892,C01-P02,2025-11-20 18:18:36,Sucesso,165,418,0
BLD-C01-P02-002893,C01-P02,2025-11-03 14:00:55,Sucesso,433,275,0
BLD-C01-P02-002894,C01-P02,2025-11-07 13:38:35,Sucesso,392,293,0
BLD-C01-P02-002895,C01-P02,2025-11-06 15:54:32,Sucesso,391,238,0
BLD-C01-P02-002896,C01-P02,2025-11-04 17:36:30,Sucesso,162,305,2
BLD-C01-P02-002897,C01-P02,2025-11-14 14:27:56,Sucesso,124,648,0
BLD-C01-P02-002898,C01-P02,2025-11-30 12:01:30,Falha,172,456,3
BLD-C01-P02-002899,C01-P02,2025-11-13 09:27:55,Sucesso,422,167,0
BLD-C01-P02-002900,C01-P02,2025-11-03 09:47:49,Sucesso,373,326,0
BLD-C01-P02-002901,C01-P02,2025-11-15 21:32:43,Sucesso,536,429,0
BLD-C01-P02-002902,C01-P02,2025-11-11 08:42:39,Sucesso,489,487,0
BLD-C01-P02-002903,C01-P02,2025-11-27 18:45:58,Sucesso,400,431,0
BLD-C01-P02-002904,C01-P02,2025-11-07 12:54:23,Sucesso,346,424,1
BLD-C01-P02-002905,C01-P02,2025-11-03 19:07:52,Sucesso,552,442,0
BLD-C01-P02-002906,C01-P02,2025-11-06 21:05:10,Sucesso,344,10,0
BLD-C01-P02-002907,C01-P02,2025-11-12 09:45:50,Sucesso,318,258,0
BLD-C01-P02-002908,C01-P02,2025-11-21 12:11:32,Sucesso,399,288,0
BLD-C01-P02-002909,C01-P02,2025-11-08 17:33:10,Sucesso,164,386,0
BLD-C01-P02-002910,C01-P02,2025-11-14 14:52:41,Falha,31,104,1
BLD-C01-P02-002911,C01-P02,2025-11-29 08:27:12,Sucesso,229,255,0
BLD-C01-P02-002912,C01-P02,2025-11-04 16:41:27,Sucesso,398,516,0
BLD-C01-P02-002913,C01-P02,2025-11-09 15:52:53,Falha,206,10,1
BLD-C01-P02-002914,C01-P02,2025-11-21 20:41:56,Sucesso,403,412,0
BLD-C01-P02-002915,C01-P02,2025-11-23 15:23:02,Sucesso,487,774,0
BLD-C01-P02-002916,C01-P02,2025-11-28 11:54:36,Sucesso,527,623,0
BLD-C01-P02-002917,C01-P02,2025-11-07 07:37:54,Sucesso,566,816,0
BLD-C01-P02-002918,C01-P02,2025-11-21 19:42:43,Sucesso,531,10,0
BLD-C01-P02-002919,C01-P02,2025-11-08 20:26:26,Sucesso,20,584,0
BLD-C01-P02-002920,C01-P02,2025-11-04 14:45:48,Sucesso,207,409,0
BLD-C01-P02-002921,C01-P02,2025-11-27 21:01:40,Sucesso,44,89,0
BLD-C01-P02-002922,C01-P02,2025-11-22 21:29:42,Sucesso,744,457,0
BLD-C01-P02-002923,C01-P02,2025-11-28 18:40:36,Sucesso,628,439,0
BLD-C01-P02-002924,C01-P02,2025-11-07 11:37:48,Sucesso,295,275,0
BLD-C01-P02-002925,C01-P02,2025-11-22 20:31:52,Sucesso,401,450,3
BLD-C01-P02-002926,C01-P02,2025-11-12 07:24:54,Sucesso,247,411,0
BLD-C01-P02-002927,C01-P02,2025-11-23 17:53:21,Sucesso,272,573,0
BLD-C01-P02-002928,C01-P02,2025-11-08 07:47:46,Sucesso,393,353,0
BLD-C01-P02-002929,C01-P02,2025-11-08 19:23:10,Falha,113,628,1
BLD-C01-P02-002930,C01-P02,2025-11-18 13:24:22,Sucesso,459,313,0
BLD-C01-P02-002931,C01-P02,2025-11-03 18:06:21,Sucesso,263,390,1
BLD-C01-P02-002932,C01-P02,2025-11-29 17:12:51,Sucesso,331,483,0
BLD-C01-P02-002933,C01-P02,2025-11-03 10:52:24,Sucesso,442,268,0
BLD-C01-P02-002934,C01-P02,2025-11-09 10:47:43,Sucesso,447,681,0
BLD-C01-P02-002935,C01-P02,2025-11-26 10:27:09,Sucesso,145,692,0
BLD-C01-P02-002936,C01-P02,2025-11-28 21:40:31,Sucesso,594,377,0
BLD-C01-P02-002937,C01-P02,2025-11-10 16:27:13,Sucesso,190,374,0
BLD-C01-P02-002938,C01-P02,2025-11-29 08:39:13,Sucesso,218,355,0
BLD-C01-P02-002939,C01-P02,2025-11-25 07:25:05,Sucesso,402,556,0
BLD-C01-P02-002940,C01-P02,2025-11-18 09:27:29,Sucesso,383,389,0
BLD-C01-P02-002941,C01-P02,2025-11-12 12:04:17,Sucesso,639,316,0
BLD-C01-P02-002942,C01-P02,2025-11-02 15:17:14,Sucesso,93,295,0
BLD-C01-P02-002943,C01-P02,2025-11-01 11:17:51,Sucesso,51,471,0
BLD-C01-P02-002944,C01-P02,2025-11-06 09:18:22,Falha,415,274,4
BLD-C01-P02-002945,C01-P02,2025-11-23 10:58:56,Sucesso,219,625,0
BLD-C01-P02-002946,C01-P02,2025-11-22 18:14:03,Sucesso,417,600,0
BLD-C01-P02-002947,C01-P02,2025-11-21 07:05:14,Sucesso,274,262,0
BLD-C01-P02-002948,C01-P02,2025-11-22 09:30:00,Sucesso,127,497,0
BLD-C01-P02-002949,C01-P02,2025-11-27 11:47:20,Sucesso,272,628,0
BLD-C01-P02-002950,C01-P02,2025-11-21 18:32:51,Sucesso,392,561,0
BLD-C01-P02-002951,C01-P02,2025-11-21 13:18:10,Sucesso,164,482,1
BLD-C01-P02-002952,C01-P02,2025-11-20 21:08:48,Falha,164,331,1
BLD-C01-P02-002953,C01-P02,2025-11-10 15:16:50,Sucesso,305,640,0
BLD-C01-P02-002954,C01-P02,2025-11-12 09:19:44,Sucesso,177,560,0
BLD-C01-P02-002955,C01-P02,2025-11-02 17:57:29,Sucesso,441,447,0
BLD-C01-P02-002956,C01-P02,2025-11-23 19:44:38,Sucesso,198,108,0
BLD-C01-P02-002957,C01-P02,2025-11-05 09:23:16,Sucesso,344,532,0
BLD-C01-P02-002958,C01-P02,2025-11-28 16:48:11,Sucesso,370,623,0
BLD-C01-P02-002959,C01-P02,2025-11-16 10:53:54,Sucesso,43,388,0
BLD-C01-P02-002960,C01-P02,2025-11-07 09:08:51,Sucesso,281,275,0
BLD-C01-P02-002961,C01-P02,2025-11-07 12:09:33,Sucesso,545,28,0
BLD-C01-P02-002962,C01-P02,2025-11-16 15:12:08,Sucesso,539,451,0
BLD-C01-P02-002963,C01-P02,2025-11-23 10:50:47,Sucesso,242,395,0
BLD-C01-P02-002964,C01-P02,2025-11-12 10:26:31,Falha,256,434,5
BLD-C01-P02-002965,C01-P02,2025-11-20 20:58:58,Sucesso,306,477,0
BLD-C01-P02-002966,C01-P02,2025-11-04 18:13:21,Sucesso,354,498,0
BLD-C01-P02-002967,C01-P02,2025-11-09 09:13:28,Sucesso,244,497,0
BLD-C01-P02-002968,C01-P02,2025-11-01 19:41:09,Sucesso,545,428,0
BLD-C01-P02-002969,C01-P02,2025-11-18 21:54:27,Sucesso,411,397,0
BLD-C01-P02-002970,C01-P02,2025-11-06 10:15:19,Sucesso,492,820,0
BLD-C01-P02-002971,C01-P02,2025-11-11 13:31:53,Sucesso,232,679,0
BLD-C01-P02-002972,C01-P02,2025-11-09 19:06:48,Sucesso,443,359,0
BLD-C01-P02-002973,C01-P02,2025-11-06 20:53:12,Sucesso,621,10,0
BLD-C01-P02-002974,C01-P02,2025-11-18 07:15:46,Sucesso,636,139,0
BLD-C01-P02-002975,C01-P02,2025-11-02 11:25:04,Sucesso,304,255,0
BLD-C01-P02-002976,C01-P02,2025-11-06 21:41:11,Sucesso,68,152,0
BLD-C01-P02-002977,C01-P02,2025-11-05 08:36:43,Sucesso,135,427,0
BLD-C01-P02-002978,C01-P02,2025-11-25 10:35:30,Sucesso,309,354,1
BLD-C01-P02-002979,C01-P02,2025-11-01 09:59:49,Sucesso,466,224,0
BLD-C01-P02-002980,C01-P02,2025-11-07 21:02:29,Sucesso,227,531,0
BLD-C01-P02-002981,C01-P02,2025-11-04 19:38:30,Sucesso,439,368,0
BLD-C01-P02-002982,C01-P02,2025-11-15 15:31:32,Sucesso,148,408,0
BLD-C01-P02-002983,C01-P02,2025-11-10 09:59:45,Sucesso,349,497,0
BLD-C01-P02-002984,C01-P02,2025-11-24 21:52:56,Sucesso,281,726,0
BLD-C01-P02-002985,C01-P02,2025-11-26 08:45:30,Sucesso,335,335,0
BLD-C01-P02-002986,C01-P02,2025-11-25 11:32:22,Sucesso,252,301,0
BLD-C01-P02-002987,C01-P02,2025-11-09 21:06:02,Sucesso,426,320,0
BLD-C01-P02-002988,C01-P02,2025-11-15 15:26:47,Falha,218,162,2
BLD-C01-P02-002989,C01-P02,2025-11-26 10:50:55,Sucesso,362,217,0
BLD-C01-P02-002990,C01-P02,2025-11-20 21:50:00,Sucesso,87,575,0
BLD-C01-P02-002991,C01-P02,2025-11-22 21:29:10,Sucesso,334,443,0
BLD-C01-P02-002992,C01-P02,2025-11-01 07:56:13,Sucesso,162,559,0
BLD-C01-P02-002993,C01-P02,2025-11-24 09:10:23,Sucesso,312,745,0
BLD-C01-P02-002994,C01-P02,2025-11-03 11:26:50,Sucesso,20,383,0
BLD-C01-P02-002995,C01-P02,2025-11-12 12:31:55,Sucesso,48,593,0
BLD-C01-P02-002996,C01-P02,2025-11-25 08:20:12,Sucesso,579,333,0
BLD-C01-P02-002997,C01-P02,2025-11-06 16:10:22,Sucesso,350,468,0
BLD-C01-P02-002998,C01-P02,2025-11-03 21:25:54,Sucesso,377,518,0
BLD-C01-P02-002999,C01-P02,2025-11-08 16:57:11,Sucesso,200,364,0
BLD-C01-P02-003000,C01-P02,2025-11-22 13:19:01,Sucesso,234,371,0
BLD-C01-P02-003001,C01-P02,2025-11-21 09:31:04,Sucesso,444,215,0
BLD-C01-P02-003002,C01-P02,2025-11-11 20:34:57,Sucesso,440,462,0
BLD-C01-P02-003003,C01-P02,2025-11-17 21:59:37,Sucesso,29,373,0
BLD-C01-P02-003004,C01-P02,2025-11-17 21:38:17,Sucesso,585,293,0
BLD-C01-P02-003005,C01-P02,2025-11-17 10:54:07,Falha,225,585,1
BLD-C01-P02-003006,C01-P02,2025-11-05 08:57:02,Sucesso,251,456,0
BLD-C01-P02-003007,C01-P02,2025-11-17 18:00:55,Sucesso,483,414,0
BLD-C01-P02-003008,C01-P02,2025-11-30 15:38:36,Sucesso,634,356,0
BLD-C01-P02-003009,C01-P02,2025-11-18 13:24:08,Sucesso,20,247,0
BLD-C01-P02-003010,C01-P02,2025-11-04 14:41:00,Falha,367,241,8
BLD-C01-P02-003011,C01-P02,2025-11-19 08:27:08,Sucesso,348,30,0
BLD-C01-P02-003012,C01-P02,2025-11-26 12:46:41,Sucesso,461,830,0
BLD-C01-P02-003013,C01-P02,2025-11-16 08:44:36,Sucesso,560,10,0
BLD-C01-P02-003014,C01-P02,2025-11-08 08:11:26,Sucesso,558,298,0
BLD-C01-P02-003015,C01-P02,2025-11-15 07:11:54,Falha,586,193,1
BLD-C01-P02-003016,C01-P02,2025-11-29 18:18:14,Sucesso,317,428,0
BLD-C01-P02-003017,C01-P02,2025-11-29 19:04:54,Sucesso,203,116,0
BLD-C01-P02-003018,C01-P02,2025-11-18 17:25:12,Sucesso,71,358,0
BLD-C01-P02-003019,C01-P02,2025-11-20 19:26:19,Falha,127,456,6
BLD-C01-P02-003020,C01-P02,2025-11-14 13:52:10,Sucesso,276,497,0
BLD-C01-P02-003021,C01-P02,2025-11-24 15:36:32,Sucesso,31,434,0
BLD-C01-P02-003022,C01-P02,2025-11-05 09:01:13,Sucesso,178,316,1
BLD-C01-P02-003023,C01-P02,2025-11-16 17:05:48,Sucesso,264,498,0
BLD-C01-P02-003024,C01-P02,2025-11-28 16:11:41,Sucesso,338,531,0
BLD-C01-P02-003025,C01-P02,2025-11-05 20:10:38,Sucesso,585,392,1
BLD-C01-P02-003026,C01-P02,2025-11-18 21:35:15,Sucesso,537,369,0
BLD-C01-P02-003027,C01-P02,2025-11-26 08:09:25,Falha,385,242,4
BLD-C01-P02-003028,C01-P02,2025-11-11 11:40:50,Sucesso,135,524,0
BLD-C01-P02-003029,C01-P02,2025-11-07 09:05:23,Sucesso,459,492,0
BLD-C01-P02-003030,C01-P02,2025-11-15 16:02:10,Sucesso,620,311,0
BLD-C01-P02-003031,C01-P02,2025-11-11 12:53:11,Falha,412,322,5
BLD-C01-P02-003032,C01-P02,2025-11-18 13:20:56,Sucesso,322,521,0
BLD-C01-P02-003033,C01-P02,2025-11-12 16:59:44,Sucesso,310,422,1
BLD-C01-P02-003034,C01-P02,2025-11-08 18:23:30,Sucesso,445,378,0
BLD-C01-P02-003035,C01-P02,2025-11-15 19:12:58,Sucesso,234,208,0
BLD-C01-P02-003036,C01-P02,2025-11-03 13:59:32,Sucesso,218,359,0
BLD-C01-P02-003037,C01-P02,2025-11-01 08:32:15,Sucesso,496,404,1
BLD-C01-P02-003038,C01-P02,2025-11-10 20:17:11,Sucesso,719,673,0
BLD-C01-P02-003039,C01-P02,2025-11-30 09:08:23,Sucesso,289,481,0
BLD-C01-P02-003040,C01-P02,2025-11-11 12:37:02,Sucesso,412,626,0
BLD-C01-P02-003041,C01-P02,2025-11-15 16:04:32,Sucesso,192,693,0
BLD-C01-P02-003042,C01-P02,2025-11-30 17:56:41,Sucesso,122,684,0
BLD-C01-P02-003043,C01-P02,2025-12-06 11:04:10,Sucesso,316,493,0
BLD-C01-P02-003044,C01-P02,2025-12-12 09:09:31,Falha,379,356,6
BLD-C01-P02-003045,C01-P02,2025-12-15 14:41:38,Sucesso,482,447,0
BLD-C01-P02-003046,C01-P02,2025-12-10 14:54:05,Sucesso,402,239,0
BLD-C01-P02-003047,C01-P02,2025-12-15 16:51:06,Sucesso,235,576,0
BLD-C01-P02-003048,C01-P02,2025-12-30 08:03:04,Sucesso,105,676,0
BLD-C01-P02-003049,C01-P02,2025-12-16 13:20:44,Sucesso,187,534,0
BLD-C01-P02-003050,C01-P02,2025-12-19 18:15:05,Sucesso,155,324,0
BLD-C01-P02-003051,C01-P02,2025-12-27 11:12:05,Falha,180,10,10
BLD-C01-P02-003052,C01-P02,2025-12-05 07:05:57,Falha,206,393,4
BLD-C01-P02-003053,C01-P02,2025-12-15 09:47:12,Falha,233,659,2
BLD-C01-P02-003054,C01-P02,2025-12-09 20:13:08,Sucesso,416,345,0
BLD-C01-P02-003055,C01-P02,2025-12-03 21:00:54,Sucesso,136,442,0
BLD-C01-P02-003056,C01-P02,2025-12-06 13:43:54,Sucesso,192,833,0
BLD-C01-P02-003057,C01-P02,2025-12-13 21:39:55,Sucesso,226,353,0
BLD-C01-P02-003058,C01-P02,2025-12-24 15:57:43,Falha,235,493,4
BLD-C01-P02-003059,C01-P02,2025-12-31 21:52:34,Sucesso,481,689,0
BLD-C01-P02-003060,C01-P02,2025-12-31 14:16:25,Sucesso,218,155,0
BLD-C01-P02-003061,C01-P02,2025-12-27 21:19:06,Sucesso,21,558,0
BLD-C01-P02-003062,C01-P02,2025-12-26 11:23:41,Sucesso,20,439,0
BLD-C01-P02-003063,C01-P02,2025-12-16 07:29:58,Sucesso,305,630,0
BLD-C01-P02-003064,C01-P02,2025-12-22 20:28:35,Sucesso,229,404,0
BLD-C01-P02-003065,C01-P02,2025-12-31 12:42:23,Sucesso,311,234,0
BLD-C01-P02-003066,C01-P02,2025-12-01 11:11:36,Sucesso,487,343,0
BLD-C01-P02-003067,C01-P02,2025-12-24 13:16:48,Falha,353,82,3
BLD-C01-P02-003068,C01-P02,2025-12-19 20:40:05,Sucesso,172,519,0
BLD-C01-P02-003069,C01-P02,2025-12-31 15:13:46,Sucesso,474,58,0
BLD-C01-P02-003070,C01-P02,2025-12-05 08:07:17,Falha,575,465,8
BLD-C01-P02-003071,C01-P02,2025-12-19 15:21:40,Sucesso,356,503,0
BLD-C01-P02-003072,C01-P02,2025-12-21 16:54:11,Sucesso,280,278,0
BLD-C01-P02-003073,C01-P02,2025-12-13 16:10:33,Sucesso,312,243,0
BLD-C01-P02-003074,C01-P02,2025-12-15 08:49:33,Sucesso,191,894,0
BLD-C01-P02-003075,C01-P02,2025-12-24 16:29:05,Sucesso,344,274,0
BLD-C01-P02-003076,C01-P02,2025-12-14 11:08:42,Sucesso,194,531,0
BLD-C01-P02-003077,C01-P02,2025-12-23 09:22:56,Sucesso,440,577,0
BLD-C01-P02-003078,C01-P02,2025-12-19 09:18:06,Sucesso,393,297,0
BLD-C01-P02-003079,C01-P02,2025-12-20 09:33:05,Sucesso,275,598,0
BLD-C01-P02-003080,C01-P02,2025-12-17 15:37:59,Sucesso,277,542,0
BLD-C01-P02-003081,C01-P02,2025-12-05 13:10:41,Sucesso,334,687,0
BLD-C01-P02-003082,C01-P02,2025-12-09 08:42:10,Sucesso,316,365,0
BLD-C01-P02-003083,C01-P02,2025-12-28 10:46:36,Sucesso,198,615,0
BLD-C01-P02-003084,C01-P02,2025-12-03 12:49:12,Sucesso,373,10,0
BLD-C01-P02-003085,C01-P02,2025-12-19 08:03:22,Sucesso,144,307,0
BLD-C01-P02-003086,C01-P02,2025-12-19 12:21:12,Sucesso,196,353,0
BLD-C01-P02-003087,C01-P02,2025-12-24 13:15:10,Sucesso,199,178,0
BLD-C01-P02-003088,C01-P02,2025-12-07 12:09:26,Falha,421,432,4
BLD-C01-P02-003089,C01-P02,2025-12-16 13:56:23,Sucesso,205,131,0
BLD-C01-P02-003090,C01-P02,2025-12-03 11:47:55,Falha,341,369,2
BLD-C01-P02-003091,C01-P02,2025-12-04 19:01:38,Sucesso,472,283,0
BLD-C01-P02-003092,C01-P02,2025-12-17 08:05:11,Sucesso,474,438,0
BLD-C01-P02-003093,C01-P02,2025-12-24 19:46:12,Sucesso,567,280,0
BLD-C01-P02-003094,C01-P02,2025-12-31 21:29:10,Sucesso,260,350,0
BLD-C01-P02-003095,C01-P02,2025-12-18 08:49:15,Falha,621,382,5
BLD-C01-P02-003096,C01-P02,2025-12-07 09:35:20,Falha,233,192,4
BLD-C01-P02-003097,C01-P02,2025-12-15 09:35:46,Sucesso,181,192,0
BLD-C01-P02-003098,C01-P02,2025-12-15 15:20:06,Falha,352,479,2
BLD-C01-P02-003099,C01-P02,2025-12-31 07:57:45,Sucesso,378,681,0
BLD-C01-P02-003100,C01-P02,2025-12-05 21:21:21,Falha,230,271,5
BLD-C01-P02-003101,C01-P02,2025-12-04 11:03:08,Sucesso,546,10,0
BLD-C01-P02-003102,C01-P02,2025-12-26 16:29:33,Falha,288,10,2
BLD-C01-P02-003103,C01-P02,2025-12-06 08:05:16,Sucesso,368,250,0
BLD-C01-P02-003104,C01-P02,2025-12-12 17:05:49,Sucesso,531,647,0
BLD-C01-P02-003105,C01-P02,2025-12-02 15:54:34,Sucesso,395,166,0
BLD-C01-P02-003106,C01-P02,2025-12-04 10:15:21,Sucesso,485,674,0
BLD-C01-P02-003107,C01-P02,2025-12-29 14:31:55,Sucesso,303,501,0
BLD-C01-P02-003108,C01-P02,2025-12-02 12:49:53,Falha,424,420,3
BLD-C01-P02-003109,C01-P02,2025-12-26 08:23:38,Sucesso,331,392,0
BLD-C01-P02-003110,C01-P02,2025-12-21 21:55:49,Sucesso,307,478,0
BLD-C01-P02-003111,C01-P02,2025-12-10 08:42:52,Sucesso,523,393,0
BLD-C01-P02-003112,C01-P02,2025-12-06 08:03:43,Sucesso,181,509,0
BLD-C01-P02-003113,C01-P02,2025-12-10 11:42:40,Sucesso,410,353,0
BLD-C01-P02-003114,C01-P02,2025-12-24 21:30:57,Sucesso,807,581,0
BLD-C01-P02-003115,C01-P02,2025-12-09 07:29:48,Sucesso,601,322,0
BLD-C01-P02-003116,C01-P02,2025-12-01 15:41:57,Sucesso,409,247,0
BLD-C01-P02-003117,C01-P02,2025-12-01 07:53:03,Sucesso,255,691,0
BLD-C01-P02-003118,C01-P02,2025-12-22 18:52:52,Sucesso,65,550,0
BLD-C01-P02-003119,C01-P02,2025-12-26 07:13:00,Sucesso,191,335,0
BLD-C01-P02-003120,C01-P02,2025-12-05 12:34:26,Sucesso,197,539,0
BLD-C01-P02-003121,C01-P02,2025-12-14 17:39:16,Sucesso,112,424,0
BLD-C01-P02-003122,C01-P02,2025-12-02 19:26:23,Sucesso,200,451,0
BLD-C01-P02-003123,C01-P02,2025-12-26 12:35:34,Sucesso,227,409,0
BLD-C01-P02-003124,C01-P02,2025-12-25 19:52:17,Sucesso,309,244,0
BLD-C01-P02-003125,C01-P02,2025-12-04 12:52:23,Sucesso,318,923,0
BLD-C01-P02-003126,C01-P02,2025-12-23 21:36:44,Sucesso,260,245,0
BLD-C01-P02-003127,C01-P02,2025-12-28 20:51:12,Sucesso,243,470,0
BLD-C01-P02-003128,C01-P02,2025-12-13 17:52:23,Falha,316,186,1
BLD-C01-P02-003129,C01-P02,2025-12-26 15:03:11,Sucesso,397,578,0
BLD-C01-P02-003130,C01-P02,2025-12-25 21:06:46,Sucesso,278,392,0
BLD-C01-P02-003131,C01-P02,2025-12-12 14:19:50,Sucesso,488,170,0
BLD-C01-P02-003132,C01-P02,2025-12-22 07:57:19,Sucesso,60,429,0
BLD-C01-P02-003133,C01-P02,2025-12-02 16:09:11,Sucesso,412,503,0
BLD-C01-P02-003134,C01-P02,2025-12-02 14:29:25,Sucesso,376,572,0
BLD-C01-P02-003135,C01-P02,2025-12-24 08:12:58,Sucesso,313,10,0
BLD-C01-P02-003136,C01-P02,2025-12-01 18:05:11,Falha,496,248,5
BLD-C01-P02-003137,C01-P02,2025-12-07 08:06:21,Sucesso,486,406,0
BLD-C01-P02-003138,C01-P02,2025-12-17 13:27:50,Sucesso,226,146,0
BLD-C01-P02-003139,C01-P02,2025-12-03 19:01:38,Sucesso,416,383,0
BLD-C01-P02-003140,C01-P02,2025-12-14 21:11:23,Sucesso,573,178,0
BLD-C01-P02-003141,C01-P02,2025-12-15 15:39:47,Sucesso,398,391,0
BLD-C01-P02-003142,C01-P02,2025-12-13 12:13:43,Sucesso,389,123,0
BLD-C01-P02-003143,C01-P02,2025-12-25 14:55:46,Sucesso,349,309,0
BLD-C01-P02-003144,C01-P02,2025-12-29 07:17:05,Sucesso,332,654,1
BLD-C01-P02-003145,C01-P02,2025-12-15 11:51:25,Falha,343,320,4
BLD-C01-P02-003146,C01-P02,2025-12-01 20:28:41,Falha,566,334,1
BLD-C01-P02-003147,C01-P02,2025-12-23 17:21:43,Sucesso,531,204,0
BLD-C01-P02-003148,C01-P02,2025-12-29 21:18:30,Sucesso,301,557,0
BLD-C01-P02-003149,C01-P02,2025-12-26 12:15:46,Sucesso,399,312,0
BLD-C01-P02-003150,C01-P02,2025-12-06 11:54:13,Sucesso,499,74,0
BLD-C01-P02-003151,C01-P02,2025-12-04 16:56:14,Sucesso,259,306,0
BLD-C01-P02-003152,C01-P02,2025-12-02 12:32:25,Sucesso,316,578,0
BLD-C01-P02-003153,C01-P02,2025-12-15 14:58:49,Sucesso,417,317,0
BLD-C01-P02-003154,C01-P02,2025-12-08 16:17:50,Sucesso,229,87,0
BLD-C01-P02-003155,C01-P02,2025-12-14 19:23:38,Sucesso,257,408,0
BLD-C01-P02-003156,C01-P02,2025-12-23 19:25:09,Sucesso,525,316,0
BLD-C01-P02-003157,C01-P02,2025-12-07 08:46:21,Falha,357,570,1
BLD-C01-P02-003158,C01-P02,2025-12-21 08:19:45,Sucesso,277,481,0
BLD-C01-P02-003159,C01-P02,2025-12-23 18:05:31,Sucesso,263,231,0
BLD-C01-P02-003160,C01-P02,2025-12-06 10:01:40,Sucesso,162,271,0
BLD-C01-P02-003161,C01-P02,2025-12-11 11:40:37,Sucesso,160,158,0
BLD-C01-P02-003162,C01-P02,2025-12-01 13:11:12,Sucesso,403,319,0
BLD-C01-P02-003163,C01-P02,2025-12-28 10:42:16,Sucesso,232,541,0
BLD-C01-P02-003164,C01-P02,2025-12-28 19:24:05,Sucesso,249,197,0
BLD-C01-P02-003165,C01-P02,2025-12-08 09:18:54,Falha,257,636,7
BLD-C01-P02-003166,C01-P02,2025-12-30 14:50:00,Sucesso,354,566,1
BLD-C01-P02-003167,C01-P02,2025-12-25 21:38:56,Sucesso,475,236,0
BLD-C01-P02-003168,C01-P02,2025-12-14 14:50:36,Falha,405,500,1
BLD-C01-P02-003169,C01-P02,2025-12-28 14:02:58,Sucesso,385,718,0
BLD-C01-P02-003170,C01-P02,2025-12-23 13:21:18,Sucesso,20,563,0
BLD-C01-P02-003171,C01-P02,2025-12-22 10:24:51,Sucesso,61,99,0
BLD-C01-P02-003172,C01-P02,2025-12-06 17:59:20,Sucesso,280,362,0
BLD-C01-P02-003173,C01-P02,2025-12-19 17:37:42,Falha,291,293,11
BLD-C01-P02-003174,C01-P02,2025-12-25 21:19:17,Sucesso,360,374,0
BLD-C01-P02-003175,C01-P02,2025-12-26 20:46:18,Sucesso,483,645,0
BLD-C01-P02-003176,C01-P02,2025-12-02 10:07:58,Sucesso,20,253,0
BLD-C01-P02-003177,C01-P02,2025-12-31 12:14:26,Falha,376,470,1
BLD-C01-P02-003178,C01-P02,2025-12-01 12:18:52,Sucesso,594,370,0
BLD-C01-P02-003179,C01-P02,2025-12-28 19:30:08,Sucesso,513,304,1
BLD-C01-P02-003180,C01-P02,2025-12-17 09:59:15,Sucesso,409,564,0
BLD-C01-P02-003181,C01-P02,2025-12-28 08:42:03,Sucesso,297,324,0
BLD-C01-P02-003182,C01-P02,2025-12-21 19:59:50,Sucesso,277,447,1
BLD-C01-P02-003183,C01-P02,2025-12-08 07:27:46,Sucesso,418,394,0
BLD-C01-P02-003184,C01-P02,2025-12-02 10:36:23,Sucesso,628,375,0
BLD-C01-P02-003185,C01-P02,2026-01-18 17:34:38,Sucesso,467,588,0
BLD-C01-P02-003186,C01-P02,2026-01-28 12:54:01,Sucesso,265,442,0
BLD-C01-P02-003187,C01-P02,2026-01-20 12:52:39,Sucesso,20,575,0
BLD-C01-P02-003188,C01-P02,2026-01-23 12:27:55,Sucesso,559,517,0
BLD-C01-P02-003189,C01-P02,2026-01-08 18:26:02,Falha,238,709,3
BLD-C01-P02-003190,C01-P02,2026-01-22 13:33:03,Sucesso,222,442,0
BLD-C01-P02-003191,C01-P02,2026-01-25 08:48:04,Sucesso,416,183,0
BLD-C01-P02-003192,C01-P02,2026-01-20 08:45:03,Sucesso,292,237,0
BLD-C01-P02-003193,C01-P02,2026-01-08 09:48:20,Sucesso,363,80,0
BLD-C01-P02-003194,C01-P02,2026-01-17 13:22:52,Sucesso,348,280,0
BLD-C01-P02-003195,C01-P02,2026-01-20 15:08:06,Sucesso,406,607,0
BLD-C01-P02-003196,C01-P02,2026-01-08 11:08:17,Falha,266,188,5
BLD-C01-P02-003197,C01-P02,2026-01-06 11:45:48,Sucesso,397,228,0
BLD-C01-P02-003198,C01-P02,2026-01-15 14:45:45,Falha,333,239,6
BLD-C01-P02-003199,C01-P02,2026-01-24 17:18:21,Sucesso,290,406,0
BLD-C01-P02-003200,C01-P02,2026-01-27 13:25:14,Sucesso,304,397,0
BLD-C01-P02-003201,C01-P02,2026-01-07 15:26:44,Falha,289,647,6
BLD-C01-P02-003202,C01-P02,2026-01-30 13:06:08,Sucesso,118,359,0
BLD-C01-P02-003203,C01-P02,2026-01-14 10:18:28,Falha,249,409,3
BLD-C01-P02-003204,C01-P02,2026-01-11 10:05:41,Falha,721,171,7
BLD-C01-P02-003205,C01-P02,2026-01-11 11:27:09,Sucesso,490,305,0
BLD-C01-P02-003206,C01-P02,2026-01-12 21:01:09,Sucesso,531,626,0
BLD-C01-P02-003207,C01-P02,2026-01-12 13:59:54,Falha,188,566,4
BLD-C01-P02-003208,C01-P02,2026-01-27 07:38:40,Sucesso,355,384,1
BLD-C01-P02-003209,C01-P02,2026-01-02 20:38:13,Falha,520,387,8
BLD-C01-P02-003210,C01-P02,2026-01-29 13:01:20,Falha,268,595,3
BLD-C01-P02-003211,C01-P02,2026-01-01 16:30:15,Sucesso,350,387,0
BLD-C01-P02-003212,C01-P02,2026-01-01 13:37:47,Sucesso,304,228,0
BLD-C01-P02-003213,C01-P02,2026-01-29 11:42:39,Falha,264,323,3
BLD-C01-P02-003214,C01-P02,2026-01-23 19:16:08,Falha,393,280,7
BLD-C01-P02-003215,C01-P02,2026-01-09 16:15:59,Sucesso,325,409,0
BLD-C01-P02-003216,C01-P02,2026-01-18 18:28:22,Sucesso,299,403,0
BLD-C01-P02-003217,C01-P02,2026-01-18 10:27:56,Falha,20,95,1
BLD-C01-P02-003218,C01-P02,2026-01-09 21:26:36,Sucesso,229,390,0
BLD-C01-P02-003219,C01-P02,2026-01-28 20:06:52,Sucesso,165,552,0
BLD-C01-P02-003220,C01-P02,2026-01-27 16:31:08,Sucesso,430,404,0
BLD-C01-P02-003221,C01-P02,2026-01-22 15:15:23,Sucesso,370,450,0
BLD-C01-P02-003222,C01-P02,2026-01-31 11:35:28,Sucesso,111,284,0
BLD-C01-P02-003223,C01-P02,2026-01-14 08:01:47,Sucesso,457,294,0
BLD-C01-P02-003224,C01-P02,2026-01-08 07:37:12,Sucesso,226,413,0
BLD-C01-P02-003225,C01-P02,2026-01-18 09:07:00,Sucesso,240,184,0
BLD-C01-P02-003226,C01-P02,2026-01-07 14:39:03,Sucesso,429,525,0
BLD-C01-P02-003227,C01-P02,2026-01-31 14:08:14,Sucesso,460,496,1
BLD-C01-P02-003228,C01-P02,2026-01-09 20:20:39,Sucesso,381,96,0
BLD-C01-P02-003229,C01-P02,2026-01-05 21:06:17,Sucesso,66,464,0
BLD-C01-P02-003230,C01-P02,2026-01-09 14:26:31,Falha,101,265,5
BLD-C01-P02-003231,C01-P02,2026-01-08 12:17:18,Sucesso,341,324,1
BLD-C01-P02-003232,C01-P02,2026-01-17 14:57:20,Sucesso,458,548,0
BLD-C01-P02-003233,C01-P02,2026-01-24 10:47:27,Sucesso,267,390,0
BLD-C01-P02-003234,C01-P02,2026-01-28 12:39:01,Sucesso,259,156,0
BLD-C01-P02-003235,C01-P02,2026-01-28 10:55:43,Sucesso,365,185,0
BLD-C01-P02-003236,C01-P02,2026-01-11 19:37:53,Sucesso,322,455,0
BLD-C01-P02-003237,C01-P02,2026-01-14 08:07:08,Falha,409,217,5
BLD-C01-P02-003238,C01-P02,2026-01-12 14:13:28,Sucesso,220,478,0
BLD-C01-P02-003239,C01-P02,2026-01-16 20:00:22,Sucesso,135,475,0
BLD-C01-P02-003240,C01-P02,2026-01-22 16:07:32,Sucesso,55,437,0
BLD-C01-P02-003241,C01-P02,2026-01-02 20:46:37,Sucesso,439,292,0
BLD-C01-P02-003242,C01-P02,2026-01-14 07:06:53,Sucesso,595,559,0
BLD-C01-P02-003243,C01-P02,2026-01-04 12:48:57,Sucesso,146,375,0
BLD-C01-P02-003244,C01-P02,2026-01-23 21:41:42,Falha,363,234,10
BLD-C01-P02-003245,C01-P02,2026-01-31 07:40:51,Sucesso,112,479,0
BLD-C01-P02-003246,C01-P02,2026-01-26 07:54:29,Sucesso,440,553,0
BLD-C01-P02-003247,C01-P02,2026-01-25 15:27:21,Falha,265,383,11
BLD-C01-P02-003248,C01-P02,2026-01-20 21:17:13,Sucesso,634,513,0
BLD-C01-P02-003249,C01-P02,2026-01-04 15:48:39,Sucesso,435,161,0
BLD-C01-P02-003250,C01-P02,2026-01-29 11:07:28,Sucesso,413,348,0
BLD-C01-P02-003251,C01-P02,2026-01-25 09:38:49,Sucesso,448,516,0
BLD-C01-P02-003252,C01-P02,2026-01-01 10:13:12,Sucesso,52,242,0
BLD-C01-P02-003253,C01-P02,2026-01-06 07:42:10,Sucesso,278,185,0
BLD-C01-P02-003254,C01-P02,2026-01-24 12:40:07,Sucesso,130,669,0
BLD-C01-P02-003255,C01-P02,2026-01-27 17:31:02,Sucesso,601,550,0
BLD-C01-P02-003256,C01-P02,2026-01-05 21:04:40,Sucesso,816,750,0
BLD-C01-P02-003257,C01-P02,2026-01-29 09:06:18,Sucesso,428,534,1
BLD-C01-P02-003258,C01-P02,2026-01-18 08:59:49,Falha,290,209,7
BLD-C01-P02-003259,C01-P02,2026-01-27 16:25:30,Falha,321,664,8
BLD-C01-P02-003260,C01-P02,2026-01-05 21:46:51,Sucesso,300,319,0
BLD-C01-P02-003261,C01-P02,2026-01-06 18:13:14,Sucesso,297,10,0
BLD-C01-P02-003262,C01-P02,2026-01-04 20:46:38,Sucesso,411,456,0
BLD-C01-P02-003263,C01-P02,2026-01-31 12:57:55,Sucesso,478,315,0
BLD-C01-P02-003264,C01-P02,2026-01-09 14:37:59,Falha,338,511,6
BLD-C01-P02-003265,C01-P02,2026-01-22 21:39:00,Falha,358,421,5
BLD-C01-P02-003266,C01-P02,2026-01-07 18:21:33,Sucesso,144,655,0
BLD-C01-P02-003267,C01-P02,2026-01-14 16:27:31,Sucesso,214,586,0
BLD-C01-P02-003268,C01-P02,2026-01-05 17:41:41,Sucesso,301,274,0
BLD-C01-P02-003269,C01-P02,2026-01-06 21:06:58,Sucesso,448,627,0
BLD-C01-P02-003270,C01-P02,2026-01-21 10:10:14,Sucesso,400,467,0
BLD-C01-P02-003271,C01-P02,2026-01-21 19:24:56,Sucesso,460,697,0
BLD-C01-P02-003272,C01-P02,2026-01-04 08:51:29,Sucesso,483,151,0
BLD-C01-P02-003273,C01-P02,2026-01-02 21:57:58,Falha,336,611,4
BLD-C01-P02-003274,C01-P02,2026-01-16 07:18:13,Sucesso,342,389,0
BLD-C01-P02-003275,C01-P02,2026-01-06 08:53:56,Falha,181,546,2
BLD-C01-P02-003276,C01-P02,2026-01-05 09:21:03,Sucesso,108,218,1
BLD-C01-P02-003277,C01-P02,2026-01-17 19:24:52,Sucesso,645,558,0
BLD-C01-P02-003278,C01-P02,2026-01-08 13:55:58,Sucesso,124,514,0
BLD-C01-P02-003279,C01-P02,2026-01-10 16:53:38,Sucesso,265,320,0
BLD-C01-P02-003280,C01-P02,2026-01-20 15:47:38,Sucesso,402,524,0
BLD-C01-P02-003281,C01-P02,2026-01-17 19:03:39,Sucesso,370,247,0
BLD-C01-P02-003282,C01-P02,2026-01-07 12:43:51,Sucesso,142,38,0
BLD-C01-P02-003283,C01-P02,2026-01-06 17:22:15,Sucesso,167,517,0
BLD-C01-P02-003284,C01-P02,2026-01-29 14:52:50,Sucesso,572,452,0
BLD-C01-P02-003285,C01-P02,2026-01-31 15:52:11,Sucesso,502,395,0
BLD-C01-P02-003286,C01-P02,2026-01-10 18:43:30,Sucesso,197,312,0
BLD-C01-P02-003287,C01-P02,2026-01-13 14:42:57,Sucesso,329,601,0
BLD-C01-P02-003288,C01-P02,2026-01-13 13:27:25,Sucesso,177,369,0
BLD-C01-P02-003289,C01-P02,2026-01-19 17:27:37,Sucesso,163,416,0
BLD-C01-P02-003290,C01-P02,2026-01-30 14:55:13,Sucesso,261,302,0
BLD-C01-P02-003291,C01-P02,2026-01-16 15:33:59,Sucesso,213,369,0
BLD-C01-P02-003292,C01-P02,2026-01-31 11:39:43,Sucesso,443,362,0
BLD-C01-P02-003293,C01-P02,2026-01-18 21:20:42,Sucesso,167,671,0
BLD-C01-P02-003294,C01-P02,2026-01-27 19:47:32,Sucesso,318,214,0
BLD-C01-P02-003295,C01-P02,2026-01-27 14:45:44,Sucesso,479,184,0
BLD-C01-P02-003296,C01-P02,2026-01-11 21:32:34,Sucesso,39,310,0
BLD-C01-P02-003297,C01-P02,2026-01-10 11:07:10,Sucesso,535,399,0
BLD-C01-P02-003298,C01-P02,2026-01-20 13:29:34,Sucesso,374,563,0
BLD-C01-P02-003299,C01-P02,2026-01-31 12:46:44,Sucesso,385,242,0
BLD-C01-P02-003300,C01-P02,2026-01-28 18:09:26,Sucesso,157,200,2
BLD-C01-P02-003301,C01-P02,2026-01-03 07:44:20,Falha,311,324,5
BLD-C01-P02-003302,C01-P02,2026-01-13 12:12:36,Falha,111,695,1
BLD-C01-P02-003303,C01-P02,2026-01-09 09:35:04,Sucesso,80,662,0
BLD-C01-P02-003304,C01-P02,2026-01-15 11:28:07,Sucesso,403,204,0
BLD-C01-P02-003305,C01-P02,2026-01-22 10:13:57,Sucesso,258,181,0
BLD-C01-P02-003306,C01-P02,2026-01-15 15:31:47,Falha,20,594,4
BLD-C01-P02-003307,C01-P02,2026-01-22 09:27:24,Sucesso,469,341,0
BLD-C01-P02-003308,C01-P02,2026-01-31 17:59:58,Sucesso,364,667,0
BLD-C01-P02-003309,C01-P02,2026-01-01 08:31:15,Falha,360,844,1
BLD-C01-P02-003310,C01-P02,2026-01-22 10:35:23,Falha,307,57,1
BLD-C01-P02-003311,C01-P02,2026-01-12 12:40:33,Sucesso,59,738,0
BLD-C01-P02-003312,C01-P02,2026-01-29 15:14:32,Sucesso,221,261,0
BLD-C01-P02-003313,C01-P02,2026-01-14 19:48:32,Sucesso,468,506,0
BLD-C01-P02-003314,C01-P02,2026-01-09 15:09:51,Falha,349,10,1
BLD-C01-P02-003315,C01-P02,2026-01-09 21:25:50,Sucesso,460,435,0
BLD-C01-P02-003316,C01-P02,2026-01-14 07:49:25,Falha,648,278,6
BLD-C01-P02-003317,C01-P02,2026-01-16 08:38:40,Sucesso,465,639,0
BLD-C01-P02-003318,C01-P02,2026-01-08 20:21:36,Sucesso,377,315,0
BLD-C01-P02-003319,C01-P02,2026-01-31 16:33:17,Sucesso,763,234,0
BLD-C01-P02-003320,C01-P02,2026-01-31 11:02:37,Sucesso,122,343,0
BLD-C01-P02-003321,C01-P02,2026-01-12 10:43:48,Sucesso,141,273,0
BLD-C01-P02-003322,C01-P02,2026-01-24 12:02:39,Sucesso,332,264,0
BLD-C01-P02-003323,C01-P02,2026-01-07 13:55:10,Sucesso,355,505,0
BLD-C01-P02-003324,C01-P02,2026-01-01 13:18:52,Sucesso,340,27,0
BLD-C01-P02-003325,C01-P02,2026-01-06 12:59:14,Sucesso,473,76,1
BLD-C01-P02-003326,C01-P02,2026-01-31 12:41:30,Falha,128,424,4
BLD-C01-P02-003327,C01-P02,2026-01-31 14:58:43,Falha,285,58,1
BLD-C01-P02-003328,C01-P02,2026-01-30 11:56:47,Falha,418,428,4
BLD-C01-P02-003329,C01-P02,2026-01-12 18:15:16,Sucesso,424,433,0
BLD-C01-P02-003330,C01-P02,2026-01-25 10:40:10,Sucesso,101,537,0
BLD-C01-P02-003331,C01-P02,2026-01-19 15:34:13,Sucesso,253,47,0
BLD-C01-P02-003332,C01-P02,2026-01-30 21:11:03,Sucesso,359,530,0
BLD-C01-P02-003333,C01-P02,2026-01-25 11:33:59,Sucesso,87,368,0
BLD-C01-P02-003334,C01-P02,2026-01-10 20:53:22,Sucesso,284,564,0
BLD-C01-P02-003335,C01-P02,2026-02-09 13:45:30,Sucesso,224,507,0
BLD-C01-P02-003336,C01-P02,2026-02-10 12:17:09,Sucesso,423,76,0
BLD-C01-P02-003337,C01-P02,2026-02-19 09:04:38,Sucesso,435,719,0
BLD-C01-P02-003338,C01-P02,2026-02-20 08:55:11,Falha,266,15,4
BLD-C01-P02-003339,C01-P02,2026-02-05 18:06:19,Sucesso,360,159,0
BLD-C01-P02-003340,C01-P02,2026-02-07 20:29:58,Sucesso,459,129,0
BLD-C01-P02-003341,C01-P02,2026-02-09 14:28:06,Sucesso,406,317,0
BLD-C01-P02-003342,C01-P02,2026-02-03 11:56:30,Sucesso,334,152,0
BLD-C01-P02-003343,C01-P02,2026-02-05 18:22:06,Sucesso,278,431,0
BLD-C01-P02-003344,C01-P02,2026-02-11 07:25:36,Sucesso,571,333,0
BLD-C01-P02-003345,C01-P02,2026-02-15 15:04:45,Falha,442,513,12
BLD-C01-P02-003346,C01-P02,2026-02-16 16:38:09,Falha,381,478,1
BLD-C01-P02-003347,C01-P02,2026-02-17 18:48:02,Sucesso,292,585,0
BLD-C01-P02-003348,C01-P02,2026-02-02 12:45:42,Sucesso,195,376,0
BLD-C01-P02-003349,C01-P02,2026-02-23 11:53:49,Sucesso,181,533,0
BLD-C01-P02-003350,C01-P02,2026-02-02 16:18:12,Sucesso,240,393,0
BLD-C01-P02-003351,C01-P02,2026-02-07 18:44:36,Sucesso,293,400,0
BLD-C01-P02-003352,C01-P02,2026-02-07 19:12:35,Sucesso,333,328,0
BLD-C01-P02-003353,C01-P02,2026-02-24 12:13:29,Falha,235,578,2
BLD-C01-P02-003354,C01-P02,2026-02-11 17:01:24,Sucesso,327,582,1
BLD-C01-P02-003355,C01-P02,2026-02-10 19:14:40,Falha,214,518,11
BLD-C01-P02-003356,C01-P02,2026-02-11 13:48:19,Sucesso,105,485,0
BLD-C01-P02-003357,C01-P02,2026-02-26 07:59:54,Sucesso,119,470,0
BLD-C01-P02-003358,C01-P02,2026-02-12 09:35:31,Sucesso,346,240,0
BLD-C01-P02-003359,C01-P02,2026-02-08 18:44:41,Sucesso,198,183,0
BLD-C01-P02-003360,C01-P02,2026-02-20 17:56:05,Falha,448,133,5
BLD-C01-P02-003361,C01-P02,2026-02-28 13:53:25,Falha,354,171,9
BLD-C01-P02-003362,C01-P02,2026-02-09 10:56:02,Sucesso,30,707,0
BLD-C01-P02-003363,C01-P02,2026-02-07 15:09:26,Falha,259,155,3
BLD-C01-P02-003364,C01-P02,2026-02-14 09:43:35,Sucesso,570,344,0
BLD-C01-P02-003365,C01-P02,2026-02-16 17:08:54,Sucesso,443,457,0
BLD-C01-P02-003366,C01-P02,2026-02-18 21:28:43,Sucesso,491,596,0
BLD-C01-P02-003367,C01-P02,2026-02-10 13:04:25,Sucesso,319,312,0
BLD-C01-P02-003368,C01-P02,2026-02-04 18:29:18,Sucesso,199,314,0
BLD-C01-P02-003369,C01-P02,2026-02-21 12:34:24,Sucesso,639,708,0
BLD-C01-P02-003370,C01-P02,2026-02-02 15:18:25,Sucesso,249,468,0
BLD-C01-P02-003371,C01-P02,2026-02-17 09:07:48,Sucesso,312,356,0
BLD-C01-P02-003372,C01-P02,2026-02-16 15:28:05,Sucesso,332,446,0
BLD-C01-P02-003373,C01-P02,2026-02-17 12:12:36,Sucesso,508,572,0
BLD-C01-P02-003374,C01-P02,2026-02-01 18:40:05,Sucesso,340,446,0
BLD-C01-P02-003375,C01-P02,2026-02-01 10:43:06,Sucesso,157,243,0
BLD-C01-P02-003376,C01-P02,2026-02-27 18:56:43,Sucesso,574,343,0
BLD-C01-P02-003377,C01-P02,2026-02-17 13:30:51,Falha,254,288,8
BLD-C01-P02-003378,C01-P02,2026-02-13 19:08:52,Sucesso,420,145,0
BLD-C01-P02-003379,C01-P02,2026-02-22 13:52:51,Sucesso,252,337,0
BLD-C01-P02-003380,C01-P02,2026-02-21 10:12:48,Sucesso,176,688,1
BLD-C01-P02-003381,C01-P02,2026-02-17 15:56:22,Sucesso,107,467,0
BLD-C01-P02-003382,C01-P02,2026-02-27 08:13:58,Sucesso,691,467,0
BLD-C01-P02-003383,C01-P02,2026-02-23 14:42:20,Sucesso,245,210,0
BLD-C01-P02-003384,C01-P02,2026-02-23 18:34:15,Sucesso,181,338,0
BLD-C01-P02-003385,C01-P02,2026-02-15 13:25:24,Sucesso,292,494,0
BLD-C01-P02-003386,C01-P02,2026-02-28 21:16:11,Sucesso,452,361,0
BLD-C01-P02-003387,C01-P02,2026-02-19 16:13:51,Sucesso,451,97,2
BLD-C01-P02-003388,C01-P02,2026-02-06 12:18:17,Sucesso,679,372,0
BLD-C01-P02-003389,C01-P02,2026-02-06 20:02:43,Sucesso,361,818,0
BLD-C01-P02-003390,C01-P02,2026-02-13 15:34:45,Sucesso,260,150,0
BLD-C01-P02-003391,C01-P02,2026-02-25 13:48:56,Falha,299,343,12
BLD-C01-P02-003392,C01-P02,2026-02-06 16:24:50,Falha,20,492,2
BLD-C01-P02-003393,C01-P02,2026-02-26 18:00:55,Sucesso,129,63,0
BLD-C01-P02-003394,C01-P02,2026-02-09 21:56:38,Sucesso,352,438,0
BLD-C01-P02-003395,C01-P02,2026-02-26 07:22:03,Sucesso,454,156,0
BLD-C01-P02-003396,C01-P02,2026-02-25 14:05:21,Sucesso,503,435,3
BLD-C01-P02-003397,C01-P02,2026-02-06 14:58:42,Falha,215,608,13
BLD-C01-P02-003398,C01-P02,2026-02-25 10:02:09,Sucesso,527,576,0
BLD-C01-P02-003399,C01-P02,2026-02-07 19:13:17,Sucesso,502,442,0
BLD-C01-P02-003400,C01-P02,2026-02-25 07:20:44,Sucesso,543,289,0
BLD-C01-P02-003401,C01-P02,2026-02-25 08:02:41,Sucesso,328,402,5
BLD-C01-P02-003402,C01-P02,2026-02-05 19:28:03,Sucesso,185,374,0
BLD-C01-P02-003403,C01-P02,2026-02-10 08:24:20,Sucesso,187,549,0
BLD-C01-P02-003404,C01-P02,2026-02-27 08:09:42,Sucesso,331,435,0
BLD-C01-P02-003405,C01-P02,2026-02-19 07:01:56,Sucesso,296,224,0
BLD-C01-P02-003406,C01-P02,2026-02-15 09:26:45,Sucesso,558,597,0
BLD-C01-P02-003407,C01-P02,2026-02-11 12:40:12,Sucesso,261,467,0
BLD-C01-P02-003408,C01-P02,2026-02-03 11:58:07,Sucesso,616,213,0
BLD-C01-P02-003409,C01-P02,2026-02-28 14:42:04,Sucesso,733,426,2
BLD-C01-P02-003410,C01-P02,2026-02-11 08:06:51,Sucesso,342,537,0
BLD-C01-P02-003411,C01-P02,2026-02-11 19:01:43,Sucesso,407,410,0
BLD-C01-P02-003412,C01-P02,2026-02-02 20:19:32,Sucesso,472,10,0
BLD-C01-P02-003413,C01-P02,2026-02-12 18:02:26,Falha,344,875,3
BLD-C01-P02-003414,C01-P02,2026-02-08 15:12:27,Sucesso,199,814,0
BLD-C01-P02-003415,C01-P02,2026-02-03 12:36:29,Sucesso,108,372,0
BLD-C01-P02-003416,C01-P02,2026-02-06 18:45:19,Sucesso,238,118,0
BLD-C01-P02-003417,C01-P02,2026-02-28 19:43:41,Sucesso,276,689,0
BLD-C01-P02-003418,C01-P02,2026-02-23 16:02:46,Sucesso,388,645,0
BLD-C01-P02-003419,C01-P02,2026-02-15 19:00:33,Sucesso,320,534,0
BLD-C01-P02-003420,C01-P02,2026-02-22 19:46:38,Sucesso,376,457,0
BLD-C01-P02-003421,C01-P02,2026-02-18 13:40:46,Falha,34,351,8
BLD-C01-P02-003422,C01-P02,2026-02-14 16:20:32,Sucesso,395,10,0
BLD-C01-P02-003423,C01-P02,2026-02-06 13:23:42,Sucesso,554,693,0
BLD-C01-P02-003424,C01-P02,2026-02-02 12:12:00,Sucesso,547,760,0
BLD-C01-P02-003425,C01-P02,2026-02-25 20:39:55,Sucesso,264,412,0
BLD-C01-P02-003426,C01-P02,2026-02-05 12:38:43,Sucesso,299,394,0
BLD-C01-P02-003427,C01-P02,2026-02-12 18:08:09,Sucesso,286,372,0
BLD-C01-P02-003428,C01-P02,2026-02-08 11:49:46,Sucesso,113,321,0
BLD-C01-P02-003429,C01-P02,2026-02-09 11:24:32,Falha,329,656,10
BLD-C01-P02-003430,C01-P02,2026-02-20 21:22:38,Sucesso,321,10,0
BLD-C01-P02-003431,C01-P02,2026-02-02 13:14:16,Sucesso,294,515,5
BLD-C01-P02-003432,C01-P02,2026-02-27 10:09:35,Sucesso,541,218,0
BLD-C01-P02-003433,C01-P02,2026-02-18 08:48:49,Sucesso,277,662,0
BLD-C01-P02-003434,C01-P02,2026-02-20 21:26:38,Sucesso,361,383,0
BLD-C01-P02-003435,C01-P02,2026-02-23 21:02:30,Sucesso,277,283,0
BLD-C01-P02-003436,C01-P02,2026-02-10 08:17:06,Sucesso,202,543,0
BLD-C01-P02-003437,C01-P02,2026-02-27 13:36:34,Sucesso,373,10,0
BLD-C01-P02-003438,C01-P02,2026-02-16 08:15:53,Sucesso,115,474,0
BLD-C01-P02-003439,C01-P02,2026-02-04 14:03:03,Sucesso,182,425,0
BLD-C01-P02-003440,C01-P02,2026-02-27 18:52:03,Sucesso,169,324,0
BLD-C01-P02-003441,C01-P02,2026-02-18 17:20:30,Falha,249,10,5
BLD-C01-P02-003442,C01-P02,2026-02-26 21:21:44,Sucesso,327,647,0
BLD-C01-P02-003443,C01-P02,2026-02-13 09:49:11,Sucesso,440,409,0
BLD-C01-P02-003444,C01-P02,2026-02-10 17:49:45,Sucesso,636,24,0
BLD-C01-P02-003445,C01-P02,2026-02-19 07:38:40,Sucesso,415,485,0
BLD-C01-P02-003446,C01-P02,2026-02-15 15:58:25,Sucesso,237,393,0
BLD-C01-P02-003447,C01-P02,2026-02-03 17:23:13,Sucesso,325,133,0
BLD-C01-P02-003448,C01-P02,2026-02-08 18:07:43,Falha,345,316,3
BLD-C01-P02-003449,C01-P02,2026-02-21 18:31:34,Sucesso,456,652,0
BLD-C01-P02-003450,C01-P02,2026-02-09 13:16:00,Falha,71,605,3
BLD-C01-P02-003451,C01-P02,2026-02-14 17:10:59,Falha,317,354,1
BLD-C01-P02-003452,C01-P02,2026-02-21 12:12:29,Sucesso,219,431,0
BLD-C01-P02-003453,C01-P02,2026-02-16 13:00:41,Sucesso,222,282,0
BLD-C01-P02-003454,C01-P02,2026-02-01 20:59:03,Sucesso,250,521,0
BLD-C01-P02-003455,C01-P02,2026-02-14 21:32:43,Sucesso,360,532,0
BLD-C01-P02-003456,C01-P02,2026-02-09 15:25:26,Sucesso,276,86,0
BLD-C01-P02-003457,C01-P02,2026-02-11 21:40:14,Sucesso,550,323,0
BLD-C01-P02-003458,C01-P02,2026-02-14 09:24:06,Sucesso,111,324,0
BLD-C01-P02-003459,C01-P02,2026-02-16 11:42:04,Sucesso,556,197,0
BLD-C01-P02-003460,C01-P02,2026-02-15 12:17:47,Falha,99,537,2
BLD-C01-P02-003461,C01-P02,2026-02-19 07:58:12,Sucesso,299,41,0
BLD-C01-P02-003462,C01-P02,2026-02-17 14:48:56,Sucesso,352,963,0
BLD-C01-P02-003463,C01-P02,2026-02-18 20:46:20,Sucesso,420,394,0
BLD-C01-P02-003464,C01-P02,2026-02-21 14:16:15,Sucesso,172,28,0
BLD-C01-P02-003465,C01-P02,2026-02-12 08:07:18,Sucesso,362,156,0
BLD-C01-P02-003466,C01-P02,2026-02-22 09:25:04,Sucesso,227,477,0
BLD-C01-P02-003467,C01-P02,2026-02-24 13:47:07,Sucesso,383,287,0
BLD-C01-P02-003468,C01-P02,2026-02-09 07:27:52,Falha,439,399,7
BLD-C01-P02-003469,C01-P02,2026-02-20 12:26:01,Sucesso,486,307,0
BLD-C01-P02-003470,C01-P02,2026-02-02 16:17:56,Sucesso,240,210,0
BLD-C01-P02-003471,C01-P02,2026-02-07 15:32:44,Sucesso,265,1198,0
BLD-C01-P02-003472,C01-P02,2026-03-08 16:30:03,Sucesso,361,487,0
BLD-C01-P02-003473,C01-P02,2026-03-01 19:15:39,Sucesso,20,10,0
BLD-C01-P02-003474,C01-P02,2026-03-27 16:41:45,Sucesso,104,332,0
BLD-C01-P02-003475,C01-P02,2026-03-05 09:27:43,Sucesso,436,281,0
BLD-C01-P02-003476,C01-P02,2026-03-11 19:45:13,Sucesso,204,340,0
BLD-C01-P02-003477,C01-P02,2026-03-10 11:03:53,Sucesso,20,10,0
BLD-C01-P02-003478,C01-P02,2026-03-24 15:37:44,Falha,192,68,3
BLD-C01-P02-003479,C01-P02,2026-03-31 16:02:09,Sucesso,349,189,0
BLD-C01-P02-003480,C01-P02,2026-03-21 19:00:49,Sucesso,400,460,0
BLD-C01-P02-003481,C01-P02,2026-03-22 18:27:33,Falha,432,446,6
BLD-C01-P02-003482,C01-P02,2026-03-03 08:43:46,Sucesso,69,772,0
BLD-C01-P02-003483,C01-P02,2026-03-07 09:01:43,Falha,20,114,2
BLD-C01-P02-003484,C01-P02,2026-03-29 11:12:11,Sucesso,292,391,1
BLD-C01-P02-003485,C01-P02,2026-03-20 09:50:52,Falha,71,222,4
BLD-C01-P02-003486,C01-P02,2026-03-25 08:34:20,Sucesso,393,200,0
BLD-C01-P02-003487,C01-P02,2026-03-04 20:42:57,Sucesso,180,669,1
BLD-C01-P02-003488,C01-P02,2026-03-01 09:55:40,Falha,596,113,3
BLD-C01-P02-003489,C01-P02,2026-03-06 12:40:58,Sucesso,287,519,0
BLD-C01-P02-003490,C01-P02,2026-03-24 17:40:00,Sucesso,352,251,0
BLD-C01-P02-003491,C01-P02,2026-03-05 20:34:52,Falha,196,609,5
BLD-C01-P02-003492,C01-P02,2026-03-08 17:55:11,Sucesso,459,219,0
BLD-C01-P02-003493,C01-P02,2026-03-04 14:53:21,Sucesso,256,142,0
BLD-C01-P02-003494,C01-P02,2026-03-28 18:44:23,Falha,382,259,9
BLD-C01-P02-003495,C01-P02,2026-03-19 16:59:36,Falha,495,451,9
BLD-C01-P02-003496,C01-P02,2026-03-19 19:07:09,Sucesso,529,187,0
BLD-C01-P02-003497,C01-P02,2026-03-07 18:40:28,Sucesso,319,664,0
BLD-C01-P02-003498,C01-P02,2026-03-15 07:10:40,Sucesso,238,403,0
BLD-C01-P02-003499,C01-P02,2026-03-10 10:54:09,Sucesso,396,336,0
BLD-C01-P02-003500,C01-P02,2026-03-06 14:55:46,Sucesso,222,131,0
BLD-C01-P02-003501,C01-P02,2026-03-25 19:18:32,Falha,133,601,2
BLD-C01-P02-003502,C01-P02,2026-03-30 21:31:32,Sucesso,316,436,0
BLD-C01-P02-003503,C01-P02,2026-03-17 11:56:12,Sucesso,362,406,0
BLD-C01-P02-003504,C01-P02,2026-03-03 15:57:51,Sucesso,208,559,0
BLD-C01-P02-003505,C01-P02,2026-03-18 09:57:01,Falha,298,506,7
BLD-C01-P02-003506,C01-P02,2026-03-25 18:36:49,Sucesso,215,194,0
BLD-C01-P02-003507,C01-P02,2026-03-23 17:38:38,Falha,140,206,1
BLD-C01-P02-003508,C01-P02,2026-03-09 20:04:28,Falha,286,291,7
BLD-C01-P02-003509,C01-P02,2026-03-15 09:28:39,Falha,449,465,9
BLD-C01-P02-003510,C01-P02,2026-03-27 07:10:47,Sucesso,514,533,0
BLD-C01-P02-003511,C01-P02,2026-03-11 10:11:27,Sucesso,310,263,0
BLD-C01-P02-003512,C01-P02,2026-03-04 12:03:11,Sucesso,162,277,0
BLD-C01-P02-003513,C01-P02,2026-03-12 20:25:53,Falha,393,192,2
BLD-C01-P02-003514,C01-P02,2026-03-12 17:07:18,Sucesso,431,390,0
BLD-C01-P02-003515,C01-P02,2026-03-01 19:46:40,Sucesso,275,446,0
BLD-C01-P02-003516,C01-P02,2026-03-15 08:36:39,Sucesso,20,525,0
BLD-C01-P02-003517,C01-P02,2026-03-27 08:25:47,Falha,387,427,14
BLD-C01-P02-003518,C01-P02,2026-03-04 09:25:57,Sucesso,486,583,1
BLD-C01-P02-003519,C01-P02,2026-03-05 09:40:49,Sucesso,328,784,0
BLD-C01-P02-003520,C01-P02,2026-03-10 18:43:52,Sucesso,241,84,0
BLD-C01-P02-003521,C01-P02,2026-03-07 14:23:40,Sucesso,392,502,0
BLD-C01-P02-003522,C01-P02,2026-03-30 14:30:12,Falha,193,10,8
BLD-C01-P02-003523,C01-P02,2026-03-21 19:26:07,Sucesso,20,409,0
BLD-C01-P02-003524,C01-P02,2026-03-09 17:17:05,Falha,432,458,6
BLD-C01-P02-003525,C01-P02,2026-03-08 10:17:41,Sucesso,440,112,0
BLD-C01-P02-003526,C01-P02,2026-03-08 18:14:18,Sucesso,349,193,0
BLD-C01-P02-003527,C01-P02,2026-03-06 15:50:50,Sucesso,168,217,0
BLD-C01-P02-003528,C01-P02,2026-03-29 09:42:11,Sucesso,186,640,0
BLD-C01-P02-003529,C01-P02,2026-03-08 10:15:15,Sucesso,310,367,0
BLD-C01-P02-003530,C01-P02,2026-03-25 07:53:02,Sucesso,440,338,0
BLD-C01-P02-003531,C01-P02,2026-03-24 19:42:26,Sucesso,292,317,0
BLD-C01-P02-003532,C01-P02,2026-03-28 07:19:41,Sucesso,311,801,0
BLD-C01-P02-003533,C01-P02,2026-03-03 11:45:52,Sucesso,231,557,0
BLD-C01-P02-003534,C01-P02,2026-03-25 15:16:45,Sucesso,361,592,0
BLD-C01-P02-003535,C01-P02,2026-03-25 19:34:40,Sucesso,422,356,0
BLD-C01-P02-003536,C01-P02,2026-03-07 09:02:35,Sucesso,174,462,0
BLD-C01-P02-003537,C01-P02,2026-03-13 11:59:18,Sucesso,224,706,0
BLD-C01-P02-003538,C01-P02,2026-03-06 15:29:36,Sucesso,95,301,0
BLD-C01-P02-003539,C01-P02,2026-03-09 11:55:52,Sucesso,528,161,0
BLD-C01-P02-003540,C01-P02,2026-03-08 17:51:53,Sucesso,327,516,0
BLD-C01-P02-003541,C01-P02,2026-03-12 16:14:35,Sucesso,176,530,0
BLD-C01-P02-003542,C01-P02,2026-03-07 12:14:51,Sucesso,253,322,0
BLD-C01-P02-003543,C01-P02,2026-03-28 09:42:40,Sucesso,594,495,0
BLD-C01-P02-003544,C01-P02,2026-03-20 21:38:51,Sucesso,234,301,0
BLD-C01-P02-003545,C01-P02,2026-03-12 20:18:14,Sucesso,368,492,0
BLD-C01-P02-003546,C01-P02,2026-03-20 09:35:45,Sucesso,242,478,0
BLD-C01-P02-003547,C01-P02,2026-03-24 11:04:39,Sucesso,97,512,0
BLD-C01-P02-003548,C01-P02,2026-03-04 20:01:43,Falha,288,221,1
BLD-C01-P02-003549,C01-P02,2026-03-06 13:59:38,Sucesso,426,525,0
BLD-C01-P02-003550,C01-P02,2026-03-02 21:46:49,Sucesso,149,484,0
BLD-C01-P02-003551,C01-P02,2026-03-28 17:29:48,Sucesso,611,303,0
BLD-C01-P02-003552,C01-P02,2026-03-05 09:24:52,Falha,472,595,2
BLD-C01-P02-003553,C01-P02,2026-03-13 08:40:18,Sucesso,431,295,0
BLD-C01-P02-003554,C01-P02,2026-03-16 15:39:38,Sucesso,182,775,0
BLD-C01-P02-003555,C01-P02,2026-03-08 09:45:54,Sucesso,160,271,0
BLD-C01-P02-003556,C01-P02,2026-03-09 20:26:18,Sucesso,237,808,0
BLD-C01-P02-003557,C01-P02,2026-03-21 20:35:12,Sucesso,529,723,0
BLD-C01-P02-003558,C01-P02,2026-03-19 08:30:23,Sucesso,239,282,0
BLD-C01-P02-003559,C01-P02,2026-03-31 13:59:00,Sucesso,195,610,2
BLD-C01-P02-003560,C01-P02,2026-03-11 07:12:21,Sucesso,423,744,0
BLD-C01-P02-003561,C01-P02,2026-03-16 19:03:34,Falha,327,449,3
BLD-C01-P02-003562,C01-P02,2026-03-17 15:53:53,Sucesso,273,565,0
BLD-C01-P02-003563,C01-P02,2026-03-01 18:02:24,Sucesso,144,285,0
BLD-C01-P02-003564,C01-P02,2026-03-21 16:35:33,Sucesso,20,370,0
BLD-C01-P02-003565,C01-P02,2026-03-18 14:56:59,Sucesso,315,389,0
BLD-C01-P02-003566,C01-P02,2026-03-15 12:41:43,Sucesso,390,604,0
BLD-C01-P02-003567,C01-P02,2026-03-19 11:37:09,Sucesso,266,74,0
BLD-C01-P02-003568,C01-P02,2026-03-27 15:11:10,Sucesso,337,99,0
BLD-C01-P02-003569,C01-P02,2026-03-11 12:05:39,Sucesso,74,476,0
BLD-C01-P02-003570,C01-P02,2026-03-17 08:04:52,Sucesso,387,351,0
BLD-C01-P02-003571,C01-P02,2026-03-01 07:57:15,Sucesso,171,362,0
BLD-C01-P02-003572,C01-P02,2026-03-04 09:03:10,Sucesso,374,286,0
BLD-C01-P02-003573,C01-P02,2026-03-12 18:13:22,Sucesso,210,322,0
BLD-C01-P02-003574,C01-P02,2026-03-26 07:17:25,Sucesso,262,248,0
BLD-C01-P02-003575,C01-P02,2026-03-08 07:52:51,Sucesso,476,161,0
BLD-C01-P02-003576,C01-P02,2026-03-15 08:21:56,Sucesso,495,433,1
BLD-C01-P02-003577,C01-P02,2026-03-24 07:09:58,Sucesso,478,516,2
BLD-C01-P02-003578,C01-P02,2026-03-16 14:31:14,Sucesso,154,412,0
BLD-C01-P02-003579,C01-P02,2026-03-08 18:37:11,Sucesso,314,256,0
BLD-C01-P02-003580,C01-P02,2026-03-03 14:21:48,Sucesso,222,782,0
BLD-C01-P02-003581,C01-P02,2026-03-08 11:04:01,Sucesso,165,249,0
BLD-C01-P02-003582,C01-P02,2026-03-14 20:49:35,Falha,114,368,7
BLD-C01-P02-003583,C01-P02,2026-03-04 08:16:28,Sucesso,486,446,0
BLD-C01-P02-003584,C01-P02,2026-03-14 21:16:14,Falha,296,285,3
BLD-C01-P02-003585,C01-P02,2026-03-15 17:19:50,Sucesso,171,602,0
BLD-C01-P02-003586,C01-P02,2026-03-01 11:20:14,Sucesso,333,424,0
BLD-C01-P02-003587,C01-P02,2026-03-01 11:04:06,Sucesso,407,560,0
BLD-C01-P02-003588,C01-P02,2026-03-15 19:07:44,Sucesso,525,362,0
BLD-C01-P02-003589,C01-P02,2026-03-08 17:44:17,Sucesso,410,23,0
BLD-C01-P02-003590,C01-P02,2026-03-29 16:22:31,Sucesso,346,494,0
BLD-C01-P02-003591,C01-P02,2026-03-17 19:39:28,Falha,487,321,1
BLD-C01-P02-003592,C01-P02,2026-03-24 17:53:54,Sucesso,282,540,0
BLD-C01-P02-003593,C01-P02,2026-03-02 13:25:52,Sucesso,115,778,0
BLD-C01-P02-003594,C01-P02,2026-03-04 16:23:22,Sucesso,447,828,0
BLD-C01-P02-003595,C01-P02,2026-03-16 10:41:27,Sucesso,295,707,0
BLD-C01-P02-003596,C01-P02,2026-03-14 16:23:45,Sucesso,100,474,0
BLD-C01-P02-003597,C01-P02,2026-03-24 20:40:10,Sucesso,141,474,0
BLD-C01-P02-003598,C01-P02,2026-03-12 19:19:24,Falha,230,541,5
BLD-C01-P02-003599,C01-P02,2026-03-12 18:32:55,Sucesso,254,541,0
BLD-C01-P02-003600,C01-P02,2026-03-31 14:48:57,Sucesso,363,354,0
BLD-C01-P02-003601,C01-P02,2026-03-19 15:22:35,Sucesso,71,465,0
BLD-C01-P02-003602,C01-P02,2026-03-10 08:30:00,Sucesso,72,198,0
BLD-C01-P02-003603,C01-P02,2026-03-22 19:47:37,Sucesso,594,282,0
BLD-C01-P02-003604,C01-P02,2026-03-17 16:38:27,Sucesso,294,646,0
BLD-C01-P02-003605,C01-P02,2026-03-04 17:30:52,Sucesso,234,498,0
BLD-C01-P02-003606,C01-P02,2026-03-13 12:26:28,Sucesso,396,364,2
BLD-C01-P02-003607,C01-P02,2026-03-06 14:58:39,Sucesso,227,178,0
BLD-C01-P02-003608,C01-P02,2026-03-02 16:15:44,Sucesso,282,20,0
BLD-C01-P02-003609,C01-P02,2026-03-24 16:19:32,Sucesso,339,456,0
BLD-C01-P02-003610,C01-P02,2026-03-13 15:31:44,Sucesso,253,10,0
BLD-C01-P02-003611,C01-P02,2026-03-17 15:18:11,Sucesso,356,521,0
BLD-C01-P02-003612,C01-P02,2026-03-10 15:16:34,Sucesso,547,328,0
BLD-C01-P02-003613,C01-P02,2026-03-30 21:06:08,Sucesso,412,663,0
BLD-C01-P02-003614,C01-P02,2026-03-19 20:53:45,Sucesso,499,629,0
BLD-C01-P02-003615,C01-P02,2026-03-12 18:53:49,Sucesso,258,517,0
BLD-C01-P02-003616,C01-P02,2026-03-10 13:54:57,Sucesso,277,419,0
BLD-C01-P02-003617,C01-P02,2026-03-05 20:32:39,Sucesso,535,313,0
BLD-C01-P02-003618,C01-P02,2026-03-20 19:07:18,Sucesso,265,267,0
BLD-C01-P02-003619,C01-P02,2026-03-23 21:51:10,Sucesso,291,440,0
BLD-C01-P02-003620,C01-P02,2026-03-18 10:45:32,Sucesso,265,307,0
BLD-C01-P02-003621,C01-P02,2026-04-09 12:39:31,Sucesso,227,385,0
BLD-C01-P02-003622,C01-P02,2026-04-15 07:54:19,Sucesso,373,411,0
BLD-C01-P02-003623,C01-P02,2026-04-17 16:34:21,Sucesso,276,662,0
BLD-C01-P02-003624,C01-P02,2026-04-14 12:00:31,Sucesso,373,549,0
BLD-C01-P02-003625,C01-P02,2026-04-19 12:27:18,Sucesso,150,470,3
BLD-C01-P02-003626,C01-P02,2026-04-04 07:19:55,Sucesso,444,584,0
BLD-C01-P02-003627,C01-P02,2026-04-13 20:52:28,Sucesso,341,635,0
BLD-C01-P02-003628,C01-P02,2026-04-24 21:58:17,Sucesso,204,174,0
BLD-C01-P02-003629,C01-P02,2026-04-29 15:03:28,Sucesso,300,576,0
BLD-C01-P02-003630,C01-P02,2026-04-16 08:34:47,Sucesso,437,545,0
BLD-C01-P02-003631,C01-P02,2026-04-15 08:42:03,Sucesso,373,457,0
BLD-C01-P02-003632,C01-P02,2026-04-04 20:33:22,Sucesso,71,220,0
BLD-C01-P02-003633,C01-P02,2026-04-12 14:49:45,Sucesso,250,473,0
BLD-C01-P02-003634,C01-P02,2026-04-22 18:53:21,Sucesso,441,336,0
BLD-C01-P02-003635,C01-P02,2026-04-10 12:42:44,Sucesso,214,280,0
BLD-C01-P02-003636,C01-P02,2026-04-11 08:00:15,Sucesso,353,733,0
BLD-C01-P02-003637,C01-P02,2026-04-03 15:49:21,Falha,398,329,8
BLD-C01-P02-003638,C01-P02,2026-04-28 18:43:48,Sucesso,351,531,0
BLD-C01-P02-003639,C01-P02,2026-04-23 11:44:07,Falha,383,127,1
BLD-C01-P02-003640,C01-P02,2026-04-15 07:54:29,Sucesso,496,708,0
BLD-C01-P02-003641,C01-P02,2026-04-30 16:35:07,Falha,441,578,11
BLD-C01-P02-003642,C01-P02,2026-04-24 15:54:53,Sucesso,284,408,0
BLD-C01-P02-003643,C01-P02,2026-04-17 11:11:30,Sucesso,270,22,0
BLD-C01-P02-003644,C01-P02,2026-04-01 10:36:11,Sucesso,547,136,0
BLD-C01-P02-003645,C01-P02,2026-04-12 18:24:43,Sucesso,336,662,0
BLD-C01-P02-003646,C01-P02,2026-04-24 08:22:15,Sucesso,443,538,0
BLD-C01-P02-003647,C01-P02,2026-04-23 14:18:14,Sucesso,315,295,0
BLD-C01-P02-003648,C01-P02,2026-04-23 14:12:28,Sucesso,410,184,0
BLD-C01-P02-003649,C01-P02,2026-04-29 16:30:09,Sucesso,404,505,2
BLD-C01-P02-003650,C01-P02,2026-04-15 10:35:56,Falha,638,590,2
BLD-C01-P02-003651,C01-P02,2026-04-10 12:56:20,Sucesso,529,580,0
BLD-C01-P02-003652,C01-P02,2026-04-07 14:36:38,Sucesso,434,691,0
BLD-C01-P02-003653,C01-P02,2026-04-30 07:23:01,Sucesso,588,393,0
BLD-C01-P02-003654,C01-P02,2026-04-19 14:02:38,Sucesso,357,582,0
BLD-C01-P02-003655,C01-P02,2026-04-05 21:55:03,Sucesso,376,843,0
BLD-C01-P02-003656,C01-P02,2026-04-16 17:38:37,Sucesso,228,339,0
BLD-C01-P02-003657,C01-P02,2026-04-11 14:40:17,Sucesso,225,407,0
BLD-C01-P02-003658,C01-P02,2026-04-15 15:49:37,Sucesso,375,298,0
BLD-C01-P02-003659,C01-P02,2026-04-10 13:55:12,Sucesso,234,444,0
BLD-C01-P02-003660,C01-P02,2026-04-28 10:31:26,Sucesso,338,713,0
BLD-C01-P02-003661,C01-P02,2026-04-28 08:40:44,Sucesso,397,319,0
BLD-C01-P02-003662,C01-P02,2026-04-29 21:35:39,Sucesso,43,454,0
BLD-C01-P02-003663,C01-P02,2026-04-23 12:29:21,Sucesso,662,524,0
BLD-C01-P02-003664,C01-P02,2026-04-12 12:18:44,Sucesso,480,532,0
BLD-C01-P02-003665,C01-P02,2026-04-28 16:08:43,Sucesso,466,540,0
BLD-C01-P02-003666,C01-P02,2026-04-07 17:29:56,Sucesso,264,456,0
BLD-C01-P02-003667,C01-P02,2026-04-12 11:39:30,Sucesso,356,257,0
BLD-C01-P02-003668,C01-P02,2026-04-24 14:07:54,Falha,497,541,1
BLD-C01-P02-003669,C01-P02,2026-04-11 20:28:11,Sucesso,273,867,0
BLD-C01-P02-003670,C01-P02,2026-04-21 20:09:34,Sucesso,316,244,0
BLD-C01-P02-003671,C01-P02,2026-04-06 07:45:21,Sucesso,213,490,0
BLD-C01-P02-003672,C01-P02,2026-04-17 12:33:55,Sucesso,101,10,0
BLD-C01-P02-003673,C01-P02,2026-04-22 11:29:25,Sucesso,605,391,0
BLD-C01-P02-003674,C01-P02,2026-04-23 11:38:04,Sucesso,147,507,0
BLD-C01-P02-003675,C01-P02,2026-04-14 12:16:28,Sucesso,200,10,0
BLD-C01-P02-003676,C01-P02,2026-04-19 16:53:53,Sucesso,116,72,0
BLD-C01-P02-003677,C01-P02,2026-04-17 14:07:17,Sucesso,256,219,0
BLD-C01-P02-003678,C01-P02,2026-04-26 19:13:54,Sucesso,284,271,0
BLD-C01-P02-003679,C01-P02,2026-04-19 21:55:27,Sucesso,364,261,0
BLD-C01-P02-003680,C01-P02,2026-04-14 15:55:59,Sucesso,512,209,0
BLD-C01-P02-003681,C01-P02,2026-04-15 16:15:58,Sucesso,110,514,0
BLD-C01-P02-003682,C01-P02,2026-04-10 11:03:15,Falha,446,215,10
BLD-C01-P02-003683,C01-P02,2026-04-21 12:32:13,Falha,329,401,13
BLD-C01-P02-003684,C01-P02,2026-04-27 11:34:25,Sucesso,604,212,0
BLD-C01-P02-003685,C01-P02,2026-04-01 16:17:41,Falha,518,393,3
BLD-C01-P02-003686,C01-P02,2026-04-03 10:07:58,Sucesso,195,555,0
BLD-C01-P02-003687,C01-P02,2026-04-10 19:23:42,Sucesso,202,645,0
BLD-C01-P02-003688,C01-P02,2026-04-17 16:09:30,Sucesso,80,505,0
BLD-C01-P02-003689,C01-P02,2026-04-15 12:25:51,Falha,561,472,13
BLD-C01-P02-003690,C01-P02,2026-04-19 10:29:14,Sucesso,368,388,0
BLD-C01-P02-003691,C01-P02,2026-04-07 17:57:10,Sucesso,434,768,0
BLD-C01-P02-003692,C01-P02,2026-04-08 17:06:16,Sucesso,414,284,0
BLD-C01-P02-003693,C01-P02,2026-04-23 16:45:01,Sucesso,142,444,0
BLD-C01-P02-003694,C01-P02,2026-04-28 11:35:46,Sucesso,461,746,0
BLD-C01-P02-003695,C01-P02,2026-04-06 14:45:43,Sucesso,262,275,0
BLD-C01-P02-003696,C01-P02,2026-04-13 09:19:12,Sucesso,190,295,0
BLD-C01-P02-003697,C01-P02,2026-04-22 20:49:13,Falha,415,499,7
BLD-C01-P02-003698,C01-P02,2026-04-17 13:40:14,Sucesso,404,622,0
BLD-C01-P02-003699,C01-P02,2026-04-11 07:18:08,Sucesso,519,547,0
BLD-C01-P02-003700,C01-P02,2026-04-17 08:45:19,Falha,103,259,8
BLD-C01-P02-003701,C01-P02,2026-04-24 21:30:10,Falha,228,219,1
BLD-C01-P02-003702,C01-P02,2026-04-22 11:52:55,Sucesso,334,416,0
BLD-C01-P02-003703,C01-P02,2026-04-14 10:20:16,Sucesso,94,261,0
BLD-C01-P02-003704,C01-P02,2026-04-07 20:53:16,Sucesso,286,366,0
BLD-C01-P02-003705,C01-P02,2026-04-27 10:22:04,Sucesso,355,224,0
BLD-C01-P02-003706,C01-P02,2026-04-14 11:25:45,Sucesso,352,760,0
BLD-C01-P02-003707,C01-P02,2026-04-15 21:40:30,Sucesso,258,698,1
BLD-C01-P02-003708,C01-P02,2026-04-07 11:45:22,Sucesso,323,423,0
BLD-C01-P02-003709,C01-P02,2026-04-21 19:22:40,Sucesso,331,610,0
BLD-C01-P02-003710,C01-P02,2026-04-08 19:17:08,Sucesso,332,373,1
BLD-C01-P02-003711,C01-P02,2026-04-14 11:56:00,Sucesso,399,275,0
BLD-C01-P02-003712,C01-P02,2026-04-08 10:58:59,Falha,195,152,4
BLD-C01-P02-003713,C01-P02,2026-04-05 11:16:10,Sucesso,591,10,0
BLD-C01-P02-003714,C01-P02,2026-04-24 13:46:27,Sucesso,146,589,0
BLD-C01-P02-003715,C01-P02,2026-04-03 16:42:35,Sucesso,365,185,0
BLD-C01-P02-003716,C01-P02,2026-04-26 12:10:47,Sucesso,128,449,0
BLD-C01-P02-003717,C01-P02,2026-04-02 14:39:04,Falha,371,332,2
BLD-C01-P02-003718,C01-P02,2026-04-16 09:48:16,Sucesso,287,180,0
BLD-C01-P02-003719,C01-P02,2026-04-28 20:46:40,Sucesso,466,432,0
BLD-C01-P02-003720,C01-P02,2026-04-10 14:30:24,Sucesso,325,293,0
BLD-C01-P02-003721,C01-P02,2026-04-01 12:49:58,Sucesso,20,273,0
BLD-C01-P02-003722,C01-P02,2026-04-09 09:34:10,Falha,381,577,6
BLD-C01-P02-003723,C01-P02,2026-04-28 07:44:40,Sucesso,320,473,0
BLD-C01-P02-003724,C01-P02,2026-04-27 18:24:32,Sucesso,420,549,0
BLD-C01-P02-003725,C01-P02,2026-04-04 11:36:17,Sucesso,20,423,0
BLD-C01-P02-003726,C01-P02,2026-04-20 08:00:59,Sucesso,306,75,0
BLD-C01-P02-003727,C01-P02,2026-04-20 20:50:02,Sucesso,563,205,0
BLD-C01-P02-003728,C01-P02,2026-04-26 19:57:07,Sucesso,495,283,0
BLD-C01-P02-003729,C01-P02,2026-04-24 09:23:13,Falha,178,768,2
BLD-C01-P02-003730,C01-P02,2026-04-25 10:54:29,Sucesso,449,259,0
BLD-C01-P02-003731,C01-P02,2026-04-04 07:02:45,Sucesso,212,533,0
BLD-C01-P02-003732,C01-P02,2026-04-15 19:04:38,Falha,25,25,1
BLD-C01-P02-003733,C01-P02,2026-04-22 12:28:52,Sucesso,388,635,2
BLD-C01-P02-003734,C01-P02,2026-04-28 19:58:56,Falha,348,388,13
BLD-C01-P02-003735,C01-P02,2026-04-28 11:52:22,Sucesso,370,625,0
BLD-C01-P02-003736,C01-P02,2026-04-09 14:46:12,Sucesso,552,340,0
BLD-C01-P02-003737,C01-P02,2026-04-02 10:35:55,Sucesso,410,316,0
BLD-C01-P02-003738,C01-P02,2026-04-17 21:56:34,Sucesso,319,352,0
BLD-C01-P02-003739,C01-P02,2026-04-02 09:43:04,Sucesso,427,460,0
BLD-C01-P02-003740,C01-P02,2026-04-03 08:55:44,Sucesso,365,439,0
BLD-C01-P02-003741,C01-P02,2026-04-08 18:37:20,Sucesso,373,350,0
BLD-C01-P02-003742,C01-P02,2026-04-06 12:05:59,Sucesso,186,164,0
BLD-C01-P02-003743,C01-P02,2026-04-28 16:23:03,Sucesso,236,624,0
BLD-C01-P02-003744,C01-P02,2026-04-24 15:42:05,Sucesso,572,399,0
BLD-C01-P02-003745,C01-P02,2026-04-01 12:45:32,Sucesso,238,652,0
BLD-C01-P02-003746,C01-P02,2026-04-28 15:22:57,Sucesso,177,737,0
BLD-C01-P02-003747,C01-P02,2026-04-25 10:54:08,Sucesso,42,529,0
BLD-C01-P02-003748,C01-P02,2026-04-22 12:24:07,Sucesso,582,318,0
BLD-C01-P02-003749,C01-P02,2026-04-30 12:47:37,Falha,617,402,3
BLD-C01-P02-003750,C01-P02,2026-04-30 09:24:17,Sucesso,419,468,0
BLD-C01-P02-003751,C01-P02,2026-04-25 20:14:11,Sucesso,297,702,0
BLD-C01-P02-003752,C01-P02,2026-04-03 18:50:28,Falha,187,566,2
BLD-C01-P02-003753,C01-P02,2026-04-18 11:58:48,Sucesso,485,490,0
BLD-C01-P02-003754,C01-P02,2026-04-05 12:01:45,Sucesso,502,673,0
BLD-C01-P02-003755,C01-P02,2026-04-05 12:48:49,Sucesso,352,286,0
BLD-C01-P02-003756,C01-P02,2026-05-29 08:32:54,Sucesso,204,665,0
BLD-C01-P02-003757,C01-P02,2026-05-18 09:11:21,Sucesso,589,553,0
BLD-C01-P02-003758,C01-P02,2026-05-06 19:53:34,Sucesso,374,540,0
BLD-C01-P02-003759,C01-P02,2026-05-12 16:03:02,Sucesso,337,256,0
BLD-C01-P02-003760,C01-P02,2026-05-08 10:44:03,Sucesso,293,10,0
BLD-C01-P02-003761,C01-P02,2026-05-08 18:12:46,Falha,118,319,2
BLD-C01-P02-003762,C01-P02,2026-05-13 15:29:14,Sucesso,252,131,0
BLD-C01-P02-003763,C01-P02,2026-05-31 14:11:50,Falha,405,506,4
BLD-C01-P02-003764,C01-P02,2026-05-29 11:40:31,Sucesso,199,534,0
BLD-C01-P02-003765,C01-P02,2026-05-22 18:03:13,Falha,261,321,7
BLD-C01-P02-003766,C01-P02,2026-05-29 07:55:48,Sucesso,193,363,0
BLD-C01-P02-003767,C01-P02,2026-05-09 19:01:00,Falha,156,209,9
BLD-C01-P02-003768,C01-P02,2026-05-17 19:18:47,Falha,168,107,1
BLD-C01-P02-003769,C01-P02,2026-05-29 19:22:14,Sucesso,479,373,1
BLD-C01-P02-003770,C01-P02,2026-05-13 15:03:28,Sucesso,427,634,0
BLD-C01-P02-003771,C01-P02,2026-05-08 08:34:06,Sucesso,298,350,0
BLD-C01-P02-003772,C01-P02,2026-05-04 12:26:14,Sucesso,235,510,0
BLD-C01-P02-003773,C01-P02,2026-05-11 18:24:49,Falha,395,411,4
BLD-C01-P02-003774,C01-P02,2026-05-26 16:11:53,Falha,196,515,1
BLD-C01-P02-003775,C01-P02,2026-05-20 12:33:03,Sucesso,65,915,0
BLD-C01-P02-003776,C01-P02,2026-05-27 15:21:50,Sucesso,20,592,0
BLD-C01-P02-003777,C01-P02,2026-05-26 21:28:28,Sucesso,378,404,0
BLD-C01-P02-003778,C01-P02,2026-05-27 18:38:33,Sucesso,215,436,5
BLD-C01-P02-003779,C01-P02,2026-05-26 15:05:45,Falha,221,347,1
BLD-C01-P02-003780,C01-P02,2026-05-17 15:07:09,Sucesso,542,449,0
BLD-C01-P02-003781,C01-P02,2026-05-12 14:31:07,Sucesso,322,410,0
BLD-C01-P02-003782,C01-P02,2026-05-09 20:33:56,Sucesso,96,242,0
BLD-C01-P02-003783,C01-P02,2026-05-08 08:52:21,Sucesso,346,350,0
BLD-C01-P02-003784,C01-P02,2026-05-01 18:53:30,Sucesso,406,331,0
BLD-C01-P02-003785,C01-P02,2026-05-24 14:02:35,Sucesso,200,368,0
BLD-C01-P02-003786,C01-P02,2026-05-13 17:46:32,Sucesso,183,545,0
BLD-C01-P02-003787,C01-P02,2026-05-25 13:12:12,Falha,441,491,22
BLD-C01-P02-003788,C01-P02,2026-05-12 17:28:38,Sucesso,302,662,0
BLD-C01-P02-003789,C01-P02,2026-05-09 10:07:07,Sucesso,256,566,0
BLD-C01-P02-003790,C01-P02,2026-05-16 08:54:12,Sucesso,261,746,0
BLD-C01-P02-003791,C01-P02,2026-05-05 21:31:24,Sucesso,235,526,0
BLD-C01-P02-003792,C01-P02,2026-05-15 18:29:47,Sucesso,530,389,0
BLD-C01-P02-003793,C01-P02,2026-05-02 16:20:40,Sucesso,185,791,0
BLD-C01-P02-003794,C01-P02,2026-05-24 12:56:42,Sucesso,230,344,0
BLD-C01-P02-003795,C01-P02,2026-05-22 07:57:45,Sucesso,234,132,0
BLD-C01-P02-003796,C01-P02,2026-05-10 12:10:21,Sucesso,247,210,0
BLD-C01-P02-003797,C01-P02,2026-05-12 08:22:12,Sucesso,20,662,0
BLD-C01-P02-003798,C01-P02,2026-05-12 10:43:36,Sucesso,130,10,0
BLD-C01-P02-003799,C01-P02,2026-05-11 12:24:45,Sucesso,269,677,0
BLD-C01-P02-003800,C01-P02,2026-05-06 07:15:40,Sucesso,409,121,0
BLD-C01-P02-003801,C01-P02,2026-05-20 19:56:44,Sucesso,517,881,0
BLD-C01-P02-003802,C01-P02,2026-05-04 18:01:28,Sucesso,239,745,0
BLD-C01-P02-003803,C01-P02,2026-05-09 16:31:31,Sucesso,313,48,0
BLD-C01-P02-003804,C01-P02,2026-05-17 12:49:02,Sucesso,429,503,0
BLD-C01-P02-003805,C01-P02,2026-05-06 14:54:48,Sucesso,205,724,0
BLD-C01-P02-003806,C01-P02,2026-05-25 14:59:08,Falha,190,202,2
BLD-C01-P02-003807,C01-P02,2026-05-22 12:09:39,Sucesso,308,30,0
BLD-C01-P02-003808,C01-P02,2026-05-14 09:05:13,Sucesso,508,111,1
BLD-C01-P02-003809,C01-P02,2026-05-23 09:17:31,Sucesso,495,263,1
BLD-C01-P02-003810,C01-P02,2026-05-08 07:15:24,Sucesso,346,121,0
BLD-C01-P02-003811,C01-P02,2026-05-20 21:58:28,Sucesso,259,335,0
BLD-C01-P02-003812,C01-P02,2026-05-30 08:10:13,Sucesso,466,619,0
BLD-C01-P02-003813,C01-P02,2026-05-26 13:49:06,Sucesso,314,496,0
BLD-C01-P02-003814,C01-P02,2026-05-15 16:42:54,Falha,91,192,4
BLD-C01-P02-003815,C01-P02,2026-05-18 11:45:04,Sucesso,344,384,0
BLD-C01-P02-003816,C01-P02,2026-05-30 12:25:55,Falha,187,438,2
BLD-C01-P02-003817,C01-P02,2026-05-20 10:54:44,Sucesso,273,320,1
BLD-C01-P02-003818,C01-P02,2026-05-29 19:24:40,Falha,221,258,5
BLD-C01-P02-003819,C01-P02,2026-05-19 15:29:31,Sucesso,197,439,0
BLD-C01-P02-003820,C01-P02,2026-05-31 10:12:17,Sucesso,159,365,0
BLD-C01-P02-003821,C01-P02,2026-05-27 13:37:43,Sucesso,302,249,0
BLD-C01-P02-003822,C01-P02,2026-05-25 08:26:59,Sucesso,593,610,0
BLD-C01-P02-003823,C01-P02,2026-05-11 10:49:24,Sucesso,179,415,0
BLD-C01-P02-003824,C01-P02,2026-05-04 08:27:02,Sucesso,550,276,0
BLD-C01-P02-003825,C01-P02,2026-05-28 20:30:07,Sucesso,335,368,0
BLD-C01-P02-003826,C01-P02,2026-05-23 15:24:52,Sucesso,330,393,0
BLD-C01-P02-003827,C01-P02,2026-05-21 15:47:14,Sucesso,232,112,0
BLD-C01-P02-003828,C01-P02,2026-05-05 16:16:56,Sucesso,307,392,0
BLD-C01-P02-003829,C01-P02,2026-05-09 15:10:13,Sucesso,475,266,0
BLD-C01-P02-003830,C01-P02,2026-05-17 14:55:10,Sucesso,340,403,0
BLD-C01-P02-003831,C01-P02,2026-05-11 15:47:27,Sucesso,259,330,0
BLD-C01-P02-003832,C01-P02,2026-05-04 09:41:20,Sucesso,380,115,0
BLD-C01-P02-003833,C01-P02,2026-05-02 09:16:15,Sucesso,220,396,0
BLD-C01-P02-003834,C01-P02,2026-05-21 19:14:01,Sucesso,20,265,0
BLD-C01-P02-003835,C01-P02,2026-05-03 18:56:33,Sucesso,436,236,0
BLD-C01-P02-003836,C01-P02,2026-05-20 12:34:31,Sucesso,277,330,0
BLD-C01-P02-003837,C01-P02,2026-05-11 14:47:47,Sucesso,363,342,0
BLD-C01-P02-003838,C01-P02,2026-05-21 14:10:02,Sucesso,257,563,0
BLD-C01-P02-003839,C01-P02,2026-05-20 14:19:09,Sucesso,264,143,0
BLD-C01-P02-003840,C01-P02,2026-05-10 19:13:48,Falha,409,404,1
BLD-C01-P02-003841,C01-P02,2026-05-30 19:48:56,Sucesso,32,372,0
BLD-C01-P02-003842,C01-P02,2026-05-20 13:46:30,Sucesso,256,502,0
BLD-C01-P02-003843,C01-P02,2026-05-17 07:35:41,Sucesso,296,134,0
BLD-C01-P02-003844,C01-P02,2026-05-29 08:36:15,Sucesso,211,10,1
BLD-C01-P02-003845,C01-P02,2026-05-11 19:19:16,Sucesso,239,135,0
BLD-C01-P02-003846,C01-P02,2026-05-06 19:37:26,Sucesso,397,563,0
BLD-C01-P02-003847,C01-P02,2026-05-27 09:37:04,Sucesso,470,90,0
BLD-C01-P02-003848,C01-P02,2026-05-08 15:59:12,Sucesso,416,576,0
BLD-C01-P02-003849,C01-P02,2026-05-11 18:39:21,Sucesso,670,527,0
BLD-C01-P02-003850,C01-P02,2026-05-07 19:26:50,Sucesso,150,284,0
BLD-C01-P02-003851,C01-P02,2026-05-30 08:24:36,Falha,521,693,1
BLD-C01-P02-003852,C01-P02,2026-05-16 20:05:44,Sucesso,535,779,1
BLD-C01-P02-003853,C01-P02,2026-05-01 14:54:55,Sucesso,307,44,0
BLD-C01-P02-003854,C01-P02,2026-05-10 18:12:21,Sucesso,166,489,0
BLD-C01-P02-003855,C01-P02,2026-05-31 08:12:28,Sucesso,291,485,0
BLD-C01-P02-003856,C01-P02,2026-05-24 21:53:17,Sucesso,222,451,0
BLD-C01-P02-003857,C01-P02,2026-05-02 20:52:24,Sucesso,257,563,0
BLD-C01-P02-003858,C01-P02,2026-05-18 07:20:01,Falha,297,289,6
BLD-C01-P02-003859,C01-P02,2026-05-03 12:03:09,Sucesso,328,563,0
BLD-C01-P02-003860,C01-P02,2026-05-31 11:28:19,Sucesso,307,659,0
BLD-C01-P02-003861,C01-P02,2026-05-06 16:47:42,Sucesso,20,551,0
BLD-C01-P02-003862,C01-P02,2026-05-17 12:44:21,Sucesso,249,468,0
BLD-C01-P02-003863,C01-P02,2026-05-14 17:09:43,Sucesso,185,405,0
BLD-C01-P02-003864,C01-P02,2026-05-06 16:48:15,Falha,233,586,8
BLD-C01-P02-003865,C01-P02,2026-05-10 07:29:40,Sucesso,174,535,0
BLD-C01-P02-003866,C01-P02,2026-05-13 14:46:16,Sucesso,402,186,0
BLD-C01-P02-003867,C01-P02,2026-05-17 12:30:42,Sucesso,298,514,0
BLD-C01-P02-003868,C01-P02,2026-05-23 13:10:03,Sucesso,276,645,0
BLD-C01-P02-003869,C01-P02,2026-05-22 21:30:49,Sucesso,680,460,0
BLD-C01-P02-003870,C01-P02,2026-05-20 09:08:47,Sucesso,116,644,0
BLD-C01-P02-003871,C01-P02,2026-05-25 07:28:49,Falha,213,553,1
BLD-C01-P02-003872,C01-P02,2026-05-21 07:05:53,Sucesso,549,130,0
BLD-C01-P02-003873,C01-P02,2026-05-09 19:47:47,Sucesso,573,632,0
BLD-C01-P02-003874,C01-P02,2026-05-18 09:02:33,Sucesso,360,773,0
BLD-C01-P02-003875,C01-P02,2026-05-17 15:01:13,Falha,91,528,1
BLD-C01-P02-003876,C01-P02,2026-05-31 13:28:17,Sucesso,166,460,0
BLD-C01-P02-003877,C01-P02,2026-05-30 15:22:09,Sucesso,464,337,0
BLD-C01-P02-003878,C01-P02,2026-05-05 17:46:44,Sucesso,525,686,0
BLD-C01-P02-003879,C01-P02,2026-05-26 09:41:01,Sucesso,346,57,0
BLD-C01-P02-003880,C01-P02,2026-05-01 09:22:32,Sucesso,519,223,0
BLD-C01-P02-003881,C01-P02,2026-05-02 09:50:21,Sucesso,541,326,1
BLD-C01-P02-003882,C01-P02,2026-05-28 19:54:30,Sucesso,290,668,0
BLD-C01-P02-003883,C01-P02,2026-05-07 15:38:17,Sucesso,347,103,0
BLD-C01-P02-003884,C01-P02,2026-05-05 10:25:01,Sucesso,315,182,0
BLD-C01-P02-003885,C01-P02,2026-05-07 14:54:55,Sucesso,157,361,0
BLD-C01-P02-003886,C01-P02,2026-05-23 21:49:45,Sucesso,214,525,0
BLD-C01-P02-003887,C01-P02,2026-05-13 19:29:16,Sucesso,294,327,0
BLD-C01-P02-003888,C01-P02,2026-05-23 16:58:37,Sucesso,340,493,0
BLD-C01-P02-003889,C01-P02,2026-05-13 14:49:44,Sucesso,625,467,0
BLD-C01-P02-003890,C01-P02,2026-05-16 19:55:41,Falha,109,402,6
BLD-C01-P02-003891,C01-P02,2026-05-03 15:49:40,Falha,226,561,11
BLD-C01-P02-003892,C01-P02,2026-05-06 09:22:29,Sucesso,366,378,0
BLD-C01-P02-003893,C01-P02,2026-05-04 08:05:49,Sucesso,133,395,0
BLD-C01-P02-003894,C01-P02,2026-05-01 07:54:01,Sucesso,275,520,0
BLD-C01-P02-003895,C01-P02,2026-05-02 20:50:23,Falha,283,552,3
BLD-C01-P02-003896,C01-P02,2026-06-15 21:09:22,Sucesso,471,372,0
BLD-C01-P02-003897,C01-P02,2026-06-19 08:12:01,Sucesso,470,310,0
BLD-C01-P02-003898,C01-P02,2026-06-30 14:15:14,Sucesso,222,610,3
BLD-C01-P02-003899,C01-P02,2026-06-24 20:56:48,Sucesso,467,343,0
BLD-C01-P02-003900,C01-P02,2026-06-23 16:34:04,Sucesso,440,609,0
BLD-C01-P02-003901,C01-P02,2026-06-28 20:09:01,Sucesso,248,309,1
BLD-C01-P02-003902,C01-P02,2026-06-27 11:41:48,Falha,334,37,2
BLD-C01-P02-003903,C01-P02,2026-06-24 21:09:17,Sucesso,304,281,0
BLD-C01-P02-003904,C01-P02,2026-06-02 15:33:52,Sucesso,244,343,0
BLD-C01-P02-003905,C01-P02,2026-06-29 15:59:59,Sucesso,319,592,0
BLD-C01-P02-003906,C01-P02,2026-06-27 14:43:13,Sucesso,78,619,0
BLD-C01-P02-003907,C01-P02,2026-06-06 11:22:45,Sucesso,238,428,1
BLD-C01-P02-003908,C01-P02,2026-06-21 19:38:53,Sucesso,345,276,0
BLD-C01-P02-003909,C01-P02,2026-06-16 07:37:30,Sucesso,315,164,0
BLD-C01-P02-003910,C01-P02,2026-06-01 12:35:14,Sucesso,303,216,0
BLD-C01-P02-003911,C01-P02,2026-06-22 13:26:43,Sucesso,416,582,0
BLD-C01-P02-003912,C01-P02,2026-06-30 14:36:33,Sucesso,474,351,0
BLD-C01-P02-003913,C01-P02,2026-06-11 08:42:24,Sucesso,78,407,0
BLD-C01-P02-003914,C01-P02,2026-06-08 17:00:16,Falha,248,269,4
BLD-C01-P02-003915,C01-P02,2026-06-29 12:19:57,Sucesso,264,425,0
BLD-C01-P02-003916,C01-P02,2026-06-07 13:33:31,Falha,489,381,9
BLD-C01-P02-003917,C01-P02,2026-06-30 13:55:34,Sucesso,381,10,0
BLD-C01-P02-003918,C01-P02,2026-06-06 08:22:45,Sucesso,27,99,0
BLD-C01-P02-003919,C01-P02,2026-06-14 19:30:22,Sucesso,151,10,0
BLD-C01-P02-003920,C01-P02,2026-06-03 15:36:29,Sucesso,463,437,0
BLD-C01-P02-003921,C01-P02,2026-06-30 17:09:00,Sucesso,261,422,0
BLD-C01-P02-003922,C01-P02,2026-06-08 19:33:56,Falha,375,522,2
BLD-C01-P02-003923,C01-P02,2026-06-10 13:00:49,Sucesso,361,526,0
BLD-C01-P02-003924,C01-P02,2026-06-29 07:09:09,Sucesso,311,152,0
BLD-C01-P02-003925,C01-P02,2026-06-02 15:51:37,Sucesso,307,545,0
BLD-C01-P02-003926,C01-P02,2026-06-10 08:26:23,Sucesso,429,328,0
BLD-C01-P02-003927,C01-P02,2026-06-25 19:47:55,Sucesso,265,431,0
BLD-C01-P02-003928,C01-P02,2026-06-21 14:04:08,Sucesso,513,477,0
BLD-C01-P02-003929,C01-P02,2026-06-10 17:36:37,Sucesso,392,223,0
BLD-C01-P02-003930,C01-P02,2026-06-23 13:27:46,Sucesso,205,253,0
BLD-C01-P02-003931,C01-P02,2026-06-20 20:54:10,Sucesso,181,684,0
BLD-C01-P02-003932,C01-P02,2026-06-01 08:19:54,Sucesso,120,517,0
BLD-C01-P02-003933,C01-P02,2026-06-28 15:47:39,Sucesso,377,10,0
BLD-C01-P02-003934,C01-P02,2026-06-10 07:24:21,Falha,362,38,2
BLD-C01-P02-003935,C01-P02,2026-06-05 20:33:43,Sucesso,221,333,0
BLD-C01-P02-003936,C01-P02,2026-06-24 19:19:35,Sucesso,496,256,0
BLD-C01-P02-003937,C01-P02,2026-06-17 19:23:11,Sucesso,281,428,0
BLD-C01-P02-003938,C01-P02,2026-06-17 08:36:03,Sucesso,468,264,0
BLD-C01-P02-003939,C01-P02,2026-06-23 07:14:39,Sucesso,247,193,0
BLD-C01-P02-003940,C01-P02,2026-06-25 08:36:55,Sucesso,305,417,0
BLD-C01-P02-003941,C01-P02,2026-06-19 07:44:57,Sucesso,322,918,0
BLD-C01-P02-003942,C01-P02,2026-06-20 13:05:07,Sucesso,177,58,0
BLD-C01-P02-003943,C01-P02,2026-06-22 10:37:33,Falha,199,432,1
BLD-C01-P02-003944,C01-P02,2026-06-30 09:31:50,Sucesso,395,679,0
BLD-C01-P02-003945,C01-P02,2026-06-02 17:33:00,Sucesso,588,513,0
BLD-C01-P02-003946,C01-P02,2026-06-11 14:23:56,Sucesso,503,732,0
BLD-C01-P02-003947,C01-P02,2026-06-25 16:25:32,Sucesso,234,202,0
BLD-C01-P02-003948,C01-P02,2026-06-20 10:29:15,Falha,297,195,14
BLD-C01-P02-003949,C01-P02,2026-06-22 07:45:00,Sucesso,347,549,0
BLD-C01-P02-003950,C01-P02,2026-06-09 08:16:46,Sucesso,332,628,0
BLD-C01-P02-003951,C01-P02,2026-06-23 18:27:51,Sucesso,214,116,0
BLD-C01-P02-003952,C01-P02,2026-06-28 18:03:55,Falha,406,418,1
BLD-C01-P02-003953,C01-P02,2026-06-29 14:29:45,Sucesso,269,457,0
BLD-C01-P02-003954,C01-P02,2026-06-16 21:03:11,Sucesso,134,184,0
BLD-C01-P02-003955,C01-P02,2026-06-26 13:30:21,Falha,122,330,1
BLD-C01-P02-003956,C01-P02,2026-06-14 20:17:18,Sucesso,578,359,0
BLD-C01-P02-003957,C01-P02,2026-06-20 07:41:36,Sucesso,160,406,0
BLD-C01-P02-003958,C01-P02,2026-06-19 10:33:44,Sucesso,111,396,0
BLD-C01-P02-003959,C01-P02,2026-06-29 20:12:05,Sucesso,377,499,0
BLD-C01-P02-003960,C01-P02,2026-06-11 11:19:08,Sucesso,291,687,0
BLD-C01-P02-003961,C01-P02,2026-06-18 17:50:48,Sucesso,457,593,0
BLD-C01-P02-003962,C01-P02,2026-06-28 17:45:21,Sucesso,540,356,0
BLD-C01-P02-003963,C01-P02,2026-06-07 15:21:02,Sucesso,453,262,0
BLD-C01-P02-003964,C01-P02,2026-06-20 08:24:22,Sucesso,200,464,0
BLD-C01-P02-003965,C01-P02,2026-06-22 08:04:29,Sucesso,274,471,0
BLD-C01-P02-003966,C01-P02,2026-06-28 08:06:21,Sucesso,316,670,0
BLD-C01-P02-003967,C01-P02,2026-06-16 12:38:50,Sucesso,483,434,0
BLD-C01-P02-003968,C01-P02,2026-06-07 16:38:41,Falha,332,219,3
BLD-C01-P02-003969,C01-P02,2026-06-16 11:19:03,Sucesso,117,403,0
BLD-C01-P02-003970,C01-P02,2026-06-23 07:30:43,Sucesso,440,157,0
BLD-C01-P02-003971,C01-P02,2026-06-13 10:56:27,Sucesso,537,683,0
BLD-C01-P02-003972,C01-P02,2026-06-12 18:02:21,Sucesso,425,131,0
BLD-C01-P02-003973,C01-P02,2026-06-05 19:59:52,Sucesso,370,637,0
BLD-C01-P02-003974,C01-P02,2026-06-07 21:51:39,Sucesso,283,475,0
BLD-C01-P02-003975,C01-P02,2026-06-24 16:34:57,Sucesso,305,773,0
BLD-C01-P02-003976,C01-P02,2026-06-18 09:51:36,Sucesso,571,619,0
BLD-C01-P02-003977,C01-P02,2026-06-04 12:33:13,Sucesso,563,869,0
BLD-C01-P02-003978,C01-P02,2026-06-11 20:41:02,Sucesso,318,35,0
BLD-C01-P02-003979,C01-P02,2026-06-13 09:27:51,Sucesso,219,568,0
BLD-C01-P02-003980,C01-P02,2026-06-27 13:58:56,Sucesso,122,583,0
BLD-C01-P02-003981,C01-P02,2026-06-17 12:05:41,Falha,217,529,7
BLD-C01-P02-003982,C01-P02,2026-06-07 18:59:47,Falha,369,827,1
BLD-C01-P02-003983,C01-P02,2026-06-03 18:08:05,Sucesso,306,455,0
BLD-C01-P02-003984,C01-P02,2026-06-12 09:55:34,Sucesso,443,295,0
BLD-C01-P02-003985,C01-P02,2026-06-19 11:58:22,Sucesso,443,519,4
BLD-C01-P02-003986,C01-P02,2026-06-09 21:33:48,Sucesso,113,618,0
BLD-C01-P02-003987,C01-P02,2026-06-03 07:10:45,Falha,487,467,4
BLD-C01-P02-003988,C01-P02,2026-06-14 21:34:02,Sucesso,299,165,0
BLD-C01-P02-003989,C01-P02,2026-06-24 19:02:44,Falha,22,603,11
BLD-C01-P02-003990,C01-P02,2026-06-29 07:56:43,Falha,365,624,1
BLD-C01-P02-003991,C01-P02,2026-06-05 08:43:16,Sucesso,357,236,0
BLD-C01-P02-003992,C01-P02,2026-06-20 15:36:05,Sucesso,342,270,0
BLD-C01-P02-003993,C01-P02,2026-06-10 15:48:00,Sucesso,498,445,0
BLD-C01-P02-003994,C01-P02,2026-06-03 10:07:08,Sucesso,437,199,0
BLD-C01-P02-003995,C01-P02,2026-06-15 15:34:58,Sucesso,165,543,1
BLD-C01-P02-003996,C01-P02,2026-06-03 12:24:10,Sucesso,111,674,2
BLD-C01-P02-003997,C01-P02,2026-06-13 20:03:12,Sucesso,390,735,0
BLD-C01-P02-003998,C01-P02,2026-06-25 18:33:47,Falha,427,637,1
BLD-C01-P02-003999,C01-P02,2026-06-23 07:28:20,Sucesso,450,494,0
BLD-C01-P02-004000,C01-P02,2026-06-04 10:28:57,Sucesso,306,207,0
BLD-C01-P02-004001,C01-P02,2026-06-17 19:45:46,Sucesso,146,471,0
BLD-C01-P02-004002,C01-P02,2026-06-15 18:49:24,Sucesso,387,10,0
BLD-C01-P02-004003,C01-P02,2026-06-04 17:18:49,Falha,538,752,4
BLD-C01-P02-004004,C01-P02,2026-06-16 11:16:44,Sucesso,268,732,0
BLD-C01-P02-004005,C01-P02,2026-06-23 14:08:22,Sucesso,305,255,0
BLD-C01-P02-004006,C01-P02,2026-06-18 20:32:55,Falha,505,590,14
BLD-C01-P02-004007,C01-P02,2026-06-09 09:50:25,Sucesso,413,655,0
BLD-C01-P02-004008,C01-P02,2026-06-09 19:22:23,Sucesso,334,245,0
BLD-C01-P02-004009,C01-P02,2026-06-30 10:25:25,Sucesso,522,557,0
BLD-C01-P02-004010,C01-P02,2026-06-02 09:23:06,Sucesso,394,614,0
BLD-C01-P02-004011,C01-P02,2026-06-26 14:22:04,Sucesso,305,299,0
BLD-C01-P02-004012,C01-P02,2026-06-06 17:24:23,Sucesso,323,538,0
BLD-C01-P02-004013,C01-P02,2026-06-09 11:45:14,Sucesso,408,582,0
BLD-C01-P02-004014,C01-P02,2026-06-12 08:06:28,Sucesso,499,335,0
BLD-C01-P02-004015,C01-P02,2026-06-13 10:47:52,Sucesso,575,336,0
BLD-C01-P02-004016,C01-P02,2026-06-09 07:53:57,Sucesso,351,180,0
BLD-C01-P02-004017,C01-P02,2026-06-29 07:22:59,Sucesso,642,104,0
BLD-C01-P02-004018,C01-P02,2026-06-29 20:32:11,Sucesso,445,552,0
BLD-C01-P02-004019,C01-P02,2026-06-14 13:33:27,Falha,363,10,1
BLD-C01-P02-004020,C01-P02,2026-06-22 13:47:36,Sucesso,212,670,0
BLD-C01-P02-004021,C01-P02,2026-06-14 07:15:24,Sucesso,372,615,0
BLD-C01-P02-004022,C01-P02,2026-06-27 07:07:28,Sucesso,95,348,0
BLD-C01-P02-004023,C01-P02,2026-06-29 15:29:01,Sucesso,323,336,0
BLD-C01-P02-004024,C01-P02,2026-06-28 21:41:23,Sucesso,250,704,0
BLD-C01-P02-004025,C01-P02,2026-06-13 20:06:02,Sucesso,500,275,0
BLD-C01-P02-004026,C01-P02,2026-06-24 15:58:37,Sucesso,193,845,0
BLD-C01-P02-004027,C01-P02,2026-06-20 15:24:52,Sucesso,448,406,0
BLD-C01-P02-004028,C01-P02,2026-06-01 12:27:29,Sucesso,316,838,0
BLD-C01-P02-004029,C01-P02,2026-06-01 07:40:28,Sucesso,541,697,0
BLD-C01-P02-004030,C01-P02,2026-06-20 13:06:55,Sucesso,599,477,0
BLD-C01-P02-004031,C01-P02,2026-06-27 10:26:11,Sucesso,306,398,0
BLD-C01-P02-004032,C01-P02,2026-06-29 14:39:47,Sucesso,518,707,1
BLD-C01-P02-004033,C01-P02,2026-06-09 15:02:38,Sucesso,192,10,0
BLD-C01-P02-004034,C01-P02,2026-06-02 21:57:42,Falha,329,331,1
BLD-C01-P02-004035,C01-P02,2026-06-26 12:52:31,Sucesso,518,178,0
BLD-C01-P02-004036,C01-P02,2026-06-12 17:34:59,Sucesso,181,567,0
BLD-C01-P02-004037,C01-P02,2026-06-29 14:20:34,Sucesso,439,335,0
BLD-C01-P02-004038,C01-P02,2026-06-03 18:49:35,Falha,20,486,3
BLD-C01-P02-004039,C01-P02,2026-06-12 07:04:00,Sucesso,454,350,0
BLD-C01-P02-004040,C01-P02,2026-06-19 10:28:08,Sucesso,107,319,0
BLD-C01-P02-004041,C01-P02,2026-06-12 13:57:01,Sucesso,372,228,0
BLD-C01-P02-004042,C01-P02,2026-06-05 15:45:40,Sucesso,166,200,0
BLD-C01-P02-004043,C01-P02,2026-06-01 11:04:13,Sucesso,67,528,0
BLD-C01-P02-004044,C01-P02,2026-07-06 09:35:32,Sucesso,170,306,0
BLD-C01-P02-004045,C01-P02,2026-07-28 13:30:01,Sucesso,213,822,0
BLD-C01-P02-004046,C01-P02,2026-07-09 19:48:23,Sucesso,237,168,0
BLD-C01-P02-004047,C01-P02,2026-07-28 12:38:13,Sucesso,373,774,0
BLD-C01-P02-004048,C01-P02,2026-07-02 07:42:57,Sucesso,323,410,0
BLD-C01-P02-004049,C01-P02,2026-07-03 09:06:58,Sucesso,225,381,0
BLD-C01-P02-004050,C01-P02,2026-07-16 16:47:22,Sucesso,533,73,0
BLD-C01-P02-004051,C01-P02,2026-07-16 17:54:17,Sucesso,266,381,0
BLD-C01-P02-004052,C01-P02,2026-07-06 15:01:25,Sucesso,316,481,0
BLD-C01-P02-004053,C01-P02,2026-07-25 12:30:50,Sucesso,38,10,1
BLD-C01-P02-004054,C01-P02,2026-07-27 15:17:09,Sucesso,186,621,0
BLD-C01-P02-004055,C01-P02,2026-07-05 18:53:36,Sucesso,431,371,0
BLD-C01-P02-004056,C01-P02,2026-07-07 19:52:54,Sucesso,465,268,0
BLD-C01-P02-004057,C01-P02,2026-07-26 18:09:01,Sucesso,356,806,0
BLD-C01-P02-004058,C01-P02,2026-07-11 15:14:35,Sucesso,503,352,0
BLD-C01-P02-004059,C01-P02,2026-07-16 13:38:03,Sucesso,20,489,0
BLD-C01-P02-004060,C01-P02,2026-07-04 13:49:17,Falha,315,258,1
BLD-C01-P02-004061,C01-P02,2026-07-13 18:25:57,Sucesso,467,10,0
BLD-C01-P02-004062,C01-P02,2026-07-02 14:44:14,Sucesso,140,271,0
BLD-C01-P02-004063,C01-P02,2026-07-08 19:48:46,Sucesso,456,212,0
BLD-C01-P02-004064,C01-P02,2026-07-20 15:38:28,Sucesso,364,500,0
BLD-C01-P02-004065,C01-P02,2026-07-09 20:18:25,Sucesso,358,290,0
BLD-C01-P02-004066,C01-P02,2026-07-26 08:15:23,Sucesso,216,387,1
BLD-C01-P02-004067,C01-P02,2026-07-20 18:35:46,Sucesso,357,636,1
BLD-C01-P02-004068,C01-P02,2026-07-06 08:35:58,Sucesso,167,225,0
BLD-C01-P02-004069,C01-P02,2026-07-20 07:38:00,Sucesso,290,440,0
BLD-C01-P02-004070,C01-P02,2026-07-10 19:40:50,Sucesso,419,241,0
BLD-C01-P02-004071,C01-P02,2026-07-18 08:07:27,Sucesso,302,474,1
BLD-C01-P02-004072,C01-P02,2026-07-17 17:12:03,Sucesso,20,351,0
BLD-C01-P02-004073,C01-P02,2026-07-22 17:03:02,Falha,386,376,6
BLD-C01-P02-004074,C01-P02,2026-07-03 21:23:06,Sucesso,98,267,0
BLD-C01-P02-004075,C01-P02,2026-07-11 16:35:32,Sucesso,217,459,0
BLD-C01-P02-004076,C01-P02,2026-07-20 08:37:20,Sucesso,464,464,0
BLD-C01-P02-004077,C01-P02,2026-07-08 10:28:22,Sucesso,530,644,0
BLD-C01-P02-004078,C01-P02,2026-07-24 10:24:38,Falha,174,588,10
BLD-C01-P02-004079,C01-P02,2026-07-12 20:16:26,Sucesso,172,717,0
BLD-C01-P02-004080,C01-P02,2026-07-23 16:35:29,Sucesso,435,188,0
BLD-C01-P02-004081,C01-P02,2026-07-11 08:54:20,Sucesso,84,715,0
BLD-C01-P02-004082,C01-P02,2026-07-20 14:13:25,Falha,332,929,4
BLD-C01-P02-004083,C01-P02,2026-07-17 21:04:57,Sucesso,191,412,0
BLD-C01-P02-004084,C01-P02,2026-07-05 12:30:10,Sucesso,475,10,0
BLD-C01-P02-004085,C01-P02,2026-07-18 21:56:36,Sucesso,342,655,0
BLD-C01-P02-004086,C01-P02,2026-07-28 10:42:51,Sucesso,238,407,0
BLD-C01-P02-004087,C01-P02,2026-07-22 07:46:24,Sucesso,494,154,0
BLD-C01-P02-004088,C01-P02,2026-07-09 12:24:35,Sucesso,376,413,1
BLD-C01-P02-004089,C01-P02,2026-07-30 21:09:24,Sucesso,302,404,0
BLD-C01-P02-004090,C01-P02,2026-07-27 13:11:07,Sucesso,283,857,0
BLD-C01-P02-004091,C01-P02,2026-07-31 10:50:18,Sucesso,516,404,0
BLD-C01-P02-004092,C01-P02,2026-07-20 08:20:13,Sucesso,269,306,0
BLD-C01-P02-004093,C01-P02,2026-07-09 08:49:06,Sucesso,97,522,4
BLD-C01-P02-004094,C01-P02,2026-07-26 17:06:05,Sucesso,390,272,0
BLD-C01-P02-004095,C01-P02,2026-07-01 21:33:20,Sucesso,451,173,0
BLD-C01-P02-004096,C01-P02,2026-07-22 19:39:42,Sucesso,341,245,0
BLD-C01-P02-004097,C01-P02,2026-07-12 10:39:49,Sucesso,453,280,0
BLD-C01-P02-004098,C01-P02,2026-07-16 15:33:15,Sucesso,371,153,0
BLD-C01-P02-004099,C01-P02,2026-07-17 08:07:18,Sucesso,119,278,0
BLD-C01-P02-004100,C01-P02,2026-07-10 10:26:32,Sucesso,467,325,1
BLD-C01-P02-004101,C01-P02,2026-07-17 18:43:15,Sucesso,62,394,0
BLD-C01-P02-004102,C01-P02,2026-07-24 07:03:49,Falha,346,95,2
BLD-C01-P02-004103,C01-P02,2026-07-10 16:12:53,Sucesso,339,450,0
BLD-C01-P02-004104,C01-P02,2026-07-07 12:33:53,Sucesso,303,637,0
BLD-C01-P02-004105,C01-P02,2026-07-27 16:04:47,Sucesso,516,408,0
BLD-C01-P02-004106,C01-P02,2026-07-06 09:17:57,Sucesso,357,309,0
BLD-C01-P02-004107,C01-P02,2026-07-14 07:55:30,Sucesso,384,648,0
BLD-C01-P02-004108,C01-P02,2026-07-30 10:43:58,Sucesso,249,270,0
BLD-C01-P02-004109,C01-P02,2026-07-23 07:12:18,Sucesso,481,304,0
BLD-C01-P02-004110,C01-P02,2026-07-12 07:47:08,Sucesso,561,467,0
BLD-C01-P02-004111,C01-P02,2026-07-13 11:54:17,Sucesso,353,314,0
BLD-C01-P02-004112,C01-P02,2026-07-13 12:31:33,Sucesso,192,674,0
BLD-C01-P02-004113,C01-P02,2026-07-04 18:53:07,Sucesso,187,166,0
BLD-C01-P02-004114,C01-P02,2026-07-22 07:25:46,Sucesso,268,361,0
BLD-C01-P02-004115,C01-P02,2026-07-14 11:01:53,Sucesso,660,120,1
BLD-C01-P02-004116,C01-P02,2026-07-15 09:04:43,Sucesso,265,889,0
BLD-C01-P02-004117,C01-P02,2026-07-24 12:20:45,Sucesso,248,297,0
BLD-C01-P02-004118,C01-P02,2026-07-30 07:12:55,Sucesso,474,676,0
BLD-C01-P02-004119,C01-P02,2026-07-18 13:40:13,Sucesso,204,599,0
BLD-C01-P02-004120,C01-P02,2026-07-08 12:12:08,Sucesso,294,715,0
BLD-C01-P02-004121,C01-P02,2026-07-16 19:22:52,Sucesso,605,374,0
BLD-C01-P02-004122,C01-P02,2026-07-26 10:17:15,Sucesso,507,377,0
BLD-C01-P02-004123,C01-P02,2026-07-21 19:14:53,Sucesso,412,285,0
BLD-C01-P02-004124,C01-P02,2026-07-25 09:21:51,Sucesso,187,412,0
BLD-C01-P02-004125,C01-P02,2026-07-21 11:51:47,Sucesso,214,577,0
BLD-C01-P02-004126,C01-P02,2026-07-01 10:20:50,Falha,274,198,1
BLD-C01-P02-004127,C01-P02,2026-07-01 08:50:29,Sucesso,406,800,0
BLD-C01-P02-004128,C01-P02,2026-07-08 21:38:38,Sucesso,319,274,0
BLD-C01-P02-004129,C01-P02,2026-07-18 09:57:32,Sucesso,354,408,0
BLD-C01-P02-004130,C01-P02,2026-07-20 10:19:14,Falha,178,590,6
BLD-C01-P02-004131,C01-P02,2026-07-12 10:13:59,Falha,471,399,1
BLD-C01-P02-004132,C01-P02,2026-07-26 16:38:13,Falha,275,503,23
BLD-C01-P02-004133,C01-P02,2026-07-01 07:06:24,Sucesso,125,660,0
BLD-C01-P02-004134,C01-P02,2026-07-24 09:46:18,Sucesso,672,182,0
BLD-C01-P02-004135,C01-P02,2026-07-23 12:26:58,Sucesso,221,169,0
BLD-C01-P02-004136,C01-P02,2026-07-26 13:10:04,Sucesso,546,381,0
BLD-C01-P02-004137,C01-P02,2026-07-18 11:08:38,Sucesso,358,409,0
BLD-C01-P02-004138,C01-P02,2026-07-03 15:11:59,Sucesso,368,388,0
BLD-C01-P02-004139,C01-P02,2026-07-31 09:44:54,Sucesso,204,507,0
BLD-C01-P02-004140,C01-P02,2026-07-07 09:18:08,Sucesso,420,150,0
BLD-C01-P02-004141,C01-P02,2026-07-16 07:38:06,Sucesso,288,656,0
BLD-C01-P02-004142,C01-P02,2026-07-30 09:49:41,Sucesso,115,389,0
BLD-C01-P02-004143,C01-P02,2026-07-25 20:17:34,Sucesso,448,612,0
BLD-C01-P02-004144,C01-P02,2026-07-20 09:51:35,Sucesso,441,292,0
BLD-C01-P02-004145,C01-P02,2026-07-06 08:53:35,Sucesso,795,501,0
BLD-C01-P02-004146,C01-P02,2026-07-09 13:59:46,Sucesso,420,220,0
BLD-C01-P02-004147,C01-P02,2026-07-30 21:28:14,Sucesso,370,579,0
BLD-C01-P02-004148,C01-P02,2026-07-22 15:38:08,Sucesso,426,283,0
BLD-C01-P02-004149,C01-P02,2026-07-13 14:53:56,Sucesso,583,247,0
BLD-C01-P02-004150,C01-P02,2026-07-04 12:05:12,Sucesso,351,232,0
BLD-C01-P02-004151,C01-P02,2026-07-19 08:28:24,Sucesso,317,328,4
BLD-C01-P02-004152,C01-P02,2026-07-16 19:12:13,Sucesso,620,395,0
BLD-C01-P02-004153,C01-P02,2026-07-15 17:07:33,Sucesso,45,244,0
BLD-C01-P02-004154,C01-P02,2026-07-17 18:33:55,Falha,264,204,3
BLD-C01-P02-004155,C01-P02,2026-07-04 15:47:42,Sucesso,244,494,0
BLD-C01-P02-004156,C01-P02,2026-07-11 14:52:13,Sucesso,368,518,1
BLD-C01-P02-004157,C01-P02,2026-07-05 09:26:42,Sucesso,510,582,0
BLD-C01-P02-004158,C01-P02,2026-07-16 16:45:09,Falha,529,612,1
BLD-C01-P02-004159,C01-P02,2026-07-03 15:26:03,Sucesso,270,801,0
BLD-C01-P02-004160,C01-P02,2026-07-01 21:02:00,Sucesso,448,665,0
BLD-C01-P02-004161,C01-P02,2026-07-12 16:05:57,Sucesso,374,466,0
BLD-C01-P02-004162,C01-P02,2026-07-17 19:36:38,Sucesso,216,328,0
BLD-C01-P02-004163,C01-P02,2026-07-30 07:41:24,Sucesso,208,385,0
BLD-C01-P02-004164,C01-P02,2026-07-19 15:49:10,Sucesso,469,652,0
BLD-C01-P02-004165,C01-P02,2026-07-04 13:13:09,Sucesso,417,469,0
BLD-C01-P02-004166,C01-P02,2026-07-21 21:03:11,Sucesso,365,884,0
BLD-C01-P02-004167,C01-P02,2026-07-05 16:53:32,Sucesso,439,322,5
BLD-C01-P02-004168,C01-P02,2026-07-16 07:01:00,Sucesso,491,371,0
BLD-C01-P02-004169,C01-P02,2026-07-15 11:54:32,Sucesso,31,517,0
BLD-C01-P02-004170,C01-P02,2026-07-09 19:26:55,Sucesso,203,523,0
BLD-C01-P02-004171,C01-P02,2026-07-07 12:44:11,Sucesso,90,600,0
BLD-C01-P02-004172,C01-P02,2026-07-23 13:36:38,Sucesso,312,481,0
BLD-C01-P02-004173,C01-P02,2026-07-19 13:04:37,Sucesso,122,184,0
BLD-C01-P02-004174,C01-P02,2026-07-12 17:06:56,Sucesso,148,591,0
BLD-C01-P02-004175,C01-P02,2026-07-12 16:11:51,Sucesso,359,314,0
BLD-C01-P02-004176,C01-P02,2026-07-01 18:04:45,Sucesso,383,114,0
BLD-C01-P02-004177,C01-P02,2026-07-05 16:48:58,Sucesso,380,323,0
BLD-C01-P02-004178,C01-P02,2026-07-06 21:38:54,Sucesso,158,180,0
BLD-C01-P02-004179,C01-P02,2026-07-25 14:24:17,Sucesso,302,466,0
BLD-C01-P02-004180,C01-P02,2026-07-19 16:47:15,Sucesso,307,10,0
BLD-C01-P03-004181,C01-P03,2025-10-08 13:01:39,Sucesso,284,327,0
BLD-C01-P03-004182,C01-P03,2025-10-22 18:46:59,Sucesso,403,321,0
BLD-C01-P03-004183,C01-P03,2025-10-08 18:55:18,Sucesso,458,530,0
BLD-C01-P03-004184,C01-P03,2025-10-19 20:49:55,Sucesso,246,347,0
BLD-C01-P03-004185,C01-P03,2025-10-21 08:10:34,Sucesso,550,20,0
BLD-C01-P03-004186,C01-P03,2025-10-23 07:36:28,Sucesso,69,254,0
BLD-C01-P03-004187,C01-P03,2025-10-20 09:00:39,Sucesso,185,706,0
BLD-C01-P03-004188,C01-P03,2025-10-24 10:10:13,Sucesso,340,191,0
BLD-C01-P03-004189,C01-P03,2025-10-26 07:42:14,Sucesso,236,373,0
BLD-C01-P03-004190,C01-P03,2025-10-18 11:46:01,Sucesso,364,745,0
BLD-C01-P03-004191,C01-P03,2025-10-12 18:59:02,Sucesso,548,190,0
BLD-C01-P03-004192,C01-P03,2025-10-10 15:36:13,Falha,105,858,9
BLD-C01-P03-004193,C01-P03,2025-10-22 12:09:50,Sucesso,20,467,0
BLD-C01-P03-004194,C01-P03,2025-10-07 17:40:02,Sucesso,293,289,0
BLD-C01-P03-004195,C01-P03,2025-10-19 14:43:01,Falha,283,342,8
BLD-C01-P03-004196,C01-P03,2025-10-20 09:17:50,Sucesso,450,375,0
BLD-C01-P03-004197,C01-P03,2025-10-27 19:36:33,Sucesso,252,342,0
BLD-C01-P03-004198,C01-P03,2025-10-31 10:08:44,Sucesso,389,783,0
BLD-C01-P03-004199,C01-P03,2025-10-24 16:29:57,Sucesso,244,357,0
BLD-C01-P03-004200,C01-P03,2025-10-25 21:18:47,Sucesso,126,270,0
BLD-C01-P03-004201,C01-P03,2025-10-27 17:27:42,Sucesso,362,440,0
BLD-C01-P03-004202,C01-P03,2025-10-20 18:02:16,Sucesso,579,273,0
BLD-C01-P03-004203,C01-P03,2025-10-02 20:07:12,Sucesso,589,156,0
BLD-C01-P03-004204,C01-P03,2025-10-22 13:48:21,Sucesso,350,922,0
BLD-C01-P03-004205,C01-P03,2025-10-22 20:42:33,Sucesso,429,10,0
BLD-C01-P03-004206,C01-P03,2025-10-05 16:56:20,Sucesso,367,645,0
BLD-C01-P03-004207,C01-P03,2025-10-11 10:24:27,Sucesso,266,369,0
BLD-C01-P03-004208,C01-P03,2025-10-08 09:04:23,Sucesso,329,735,0
BLD-C01-P03-004209,C01-P03,2025-10-11 11:12:36,Falha,64,145,1
BLD-C01-P03-004210,C01-P03,2025-10-29 19:03:14,Falha,411,530,2
BLD-C01-P03-004211,C01-P03,2025-10-22 21:10:43,Sucesso,242,620,0
BLD-C01-P03-004212,C01-P03,2025-10-20 08:40:12,Sucesso,507,544,0
BLD-C01-P03-004213,C01-P03,2025-10-02 19:03:00,Falha,455,312,2
BLD-C01-P03-004214,C01-P03,2025-10-24 10:13:26,Falha,261,10,3
BLD-C01-P03-004215,C01-P03,2025-10-02 16:57:43,Sucesso,148,339,0
BLD-C01-P03-004216,C01-P03,2025-10-30 08:55:13,Sucesso,293,219,0
BLD-C01-P03-004217,C01-P03,2025-10-01 10:04:19,Sucesso,247,688,0
BLD-C01-P03-004218,C01-P03,2025-10-31 15:15:12,Sucesso,387,237,0
BLD-C01-P03-004219,C01-P03,2025-10-28 20:42:22,Sucesso,395,502,0
BLD-C01-P03-004220,C01-P03,2025-10-27 09:34:01,Sucesso,456,308,0
BLD-C01-P03-004221,C01-P03,2025-10-04 19:53:33,Sucesso,586,259,0
BLD-C01-P03-004222,C01-P03,2025-10-22 15:09:55,Sucesso,387,389,1
BLD-C01-P03-004223,C01-P03,2025-10-17 17:11:00,Sucesso,298,246,0
BLD-C01-P03-004224,C01-P03,2025-10-21 07:53:49,Falha,536,459,11
BLD-C01-P03-004225,C01-P03,2025-10-12 11:38:34,Sucesso,26,256,0
BLD-C01-P03-004226,C01-P03,2025-10-11 14:31:14,Sucesso,319,252,0
BLD-C01-P03-004227,C01-P03,2025-10-26 15:05:45,Sucesso,269,231,0
BLD-C01-P03-004228,C01-P03,2025-10-26 12:38:19,Sucesso,534,506,0
BLD-C01-P03-004229,C01-P03,2025-10-11 11:13:08,Sucesso,241,413,0
BLD-C01-P03-004230,C01-P03,2025-10-08 18:39:41,Sucesso,460,585,0
BLD-C01-P03-004231,C01-P03,2025-10-13 14:11:28,Sucesso,221,189,0
BLD-C01-P03-004232,C01-P03,2025-10-07 12:16:57,Sucesso,419,253,0
BLD-C01-P03-004233,C01-P03,2025-10-11 19:06:57,Sucesso,710,429,0
BLD-C01-P03-004234,C01-P03,2025-10-31 18:41:41,Sucesso,45,73,0
BLD-C01-P03-004235,C01-P03,2025-10-22 19:25:37,Sucesso,176,32,0
BLD-C01-P03-004236,C01-P03,2025-10-12 11:45:26,Sucesso,288,469,0
BLD-C01-P03-004237,C01-P03,2025-10-25 12:37:41,Sucesso,216,916,0
BLD-C01-P03-004238,C01-P03,2025-10-08 14:36:29,Sucesso,477,185,0
BLD-C01-P03-004239,C01-P03,2025-10-26 20:25:30,Sucesso,177,392,0
BLD-C01-P03-004240,C01-P03,2025-10-25 17:01:54,Sucesso,339,350,0
BLD-C01-P03-004241,C01-P03,2025-10-26 15:52:11,Sucesso,477,141,0
BLD-C01-P03-004242,C01-P03,2025-10-24 11:10:46,Sucesso,394,872,0
BLD-C01-P03-004243,C01-P03,2025-10-27 15:18:13,Sucesso,250,784,0
BLD-C01-P03-004244,C01-P03,2025-10-28 15:15:32,Sucesso,253,605,0
BLD-C01-P03-004245,C01-P03,2025-10-10 17:04:08,Sucesso,279,410,0
BLD-C01-P03-004246,C01-P03,2025-10-19 16:35:55,Sucesso,247,377,0
BLD-C01-P03-004247,C01-P03,2025-10-20 09:45:39,Falha,320,450,7
BLD-C01-P03-004248,C01-P03,2025-10-27 15:38:59,Sucesso,347,304,0
BLD-C01-P03-004249,C01-P03,2025-10-09 20:44:43,Sucesso,279,10,0
BLD-C01-P03-004250,C01-P03,2025-10-28 13:34:12,Sucesso,165,236,0
BLD-C01-P03-004251,C01-P03,2025-10-14 11:20:13,Sucesso,170,537,0
BLD-C01-P03-004252,C01-P03,2025-10-04 10:08:55,Sucesso,318,344,0
BLD-C01-P03-004253,C01-P03,2025-10-30 10:25:30,Sucesso,170,516,0
BLD-C01-P03-004254,C01-P03,2025-10-27 16:58:48,Sucesso,124,274,0
BLD-C01-P03-004255,C01-P03,2025-10-29 07:26:50,Falha,380,385,1
BLD-C01-P03-004256,C01-P03,2025-10-18 11:46:39,Sucesso,419,310,0
BLD-C01-P03-004257,C01-P03,2025-10-02 16:03:00,Sucesso,30,600,3
BLD-C01-P03-004258,C01-P03,2025-10-06 10:56:44,Falha,185,247,1
BLD-C01-P03-004259,C01-P03,2025-10-11 17:01:02,Sucesso,253,254,0
BLD-C01-P03-004260,C01-P03,2025-10-19 12:35:08,Sucesso,346,251,0
BLD-C01-P03-004261,C01-P03,2025-10-28 16:29:47,Sucesso,178,321,0
BLD-C01-P03-004262,C01-P03,2025-10-06 08:05:11,Sucesso,293,455,0
BLD-C01-P03-004263,C01-P03,2025-10-08 12:40:40,Sucesso,282,411,0
BLD-C01-P03-004264,C01-P03,2025-10-27 19:41:48,Falha,374,201,3
BLD-C01-P03-004265,C01-P03,2025-10-25 10:34:25,Sucesso,605,669,0
BLD-C01-P03-004266,C01-P03,2025-10-22 09:43:57,Sucesso,20,475,0
BLD-C01-P03-004267,C01-P03,2025-10-05 19:08:35,Sucesso,189,289,0
BLD-C01-P03-004268,C01-P03,2025-10-08 11:22:20,Falha,424,333,8
BLD-C01-P03-004269,C01-P03,2025-10-20 16:27:46,Sucesso,206,271,0
BLD-C01-P03-004270,C01-P03,2025-10-30 15:00:33,Sucesso,261,313,0
BLD-C01-P03-004271,C01-P03,2025-10-10 15:28:49,Sucesso,400,262,0
BLD-C01-P03-004272,C01-P03,2025-10-09 20:52:12,Sucesso,272,288,0
BLD-C01-P03-004273,C01-P03,2025-10-05 18:13:44,Sucesso,318,593,0
BLD-C01-P03-004274,C01-P03,2025-10-20 09:19:27,Sucesso,331,604,0
BLD-C01-P03-004275,C01-P03,2025-10-09 08:22:43,Falha,247,434,6
BLD-C01-P03-004276,C01-P03,2025-10-12 20:14:23,Sucesso,221,611,0
BLD-C01-P03-004277,C01-P03,2025-10-29 09:04:39,Sucesso,302,502,0
BLD-C01-P03-004278,C01-P03,2025-10-22 21:42:34,Sucesso,359,537,0
BLD-C01-P03-004279,C01-P03,2025-10-20 20:51:13,Sucesso,123,326,0
BLD-C01-P03-004280,C01-P03,2025-10-26 14:18:45,Sucesso,269,317,0
BLD-C01-P03-004281,C01-P03,2025-10-30 12:18:45,Sucesso,175,426,0
BLD-C01-P03-004282,C01-P03,2025-10-16 13:30:57,Falha,443,354,17
BLD-C01-P03-004283,C01-P03,2025-10-14 21:48:31,Falha,604,267,15
BLD-C01-P03-004284,C01-P03,2025-10-23 18:46:24,Falha,287,335,3
BLD-C01-P03-004285,C01-P03,2025-10-06 11:23:44,Sucesso,345,382,0
BLD-C01-P03-004286,C01-P03,2025-10-04 09:36:07,Sucesso,350,30,0
BLD-C01-P03-004287,C01-P03,2025-10-31 13:31:13,Sucesso,445,491,0
BLD-C01-P03-004288,C01-P03,2025-10-11 10:01:35,Falha,270,271,5
BLD-C01-P03-004289,C01-P03,2025-10-27 13:07:25,Sucesso,357,408,0
BLD-C01-P03-004290,C01-P03,2025-10-12 11:56:30,Sucesso,275,786,0
BLD-C01-P03-004291,C01-P03,2025-10-03 10:39:52,Sucesso,486,620,0
BLD-C01-P03-004292,C01-P03,2025-10-09 20:16:35,Falha,240,527,2
BLD-C01-P03-004293,C01-P03,2025-10-25 13:10:46,Falha,222,404,3
BLD-C01-P03-004294,C01-P03,2025-10-25 10:42:44,Sucesso,57,635,0
BLD-C01-P03-004295,C01-P03,2025-10-28 07:34:59,Falha,289,468,2
BLD-C01-P03-004296,C01-P03,2025-10-11 17:27:05,Falha,262,544,1
BLD-C01-P03-004297,C01-P03,2025-10-18 17:29:01,Sucesso,307,192,0
BLD-C01-P03-004298,C01-P03,2025-10-10 09:07:29,Sucesso,404,378,0
BLD-C01-P03-004299,C01-P03,2025-10-28 18:25:58,Sucesso,36,394,0
BLD-C01-P03-004300,C01-P03,2025-10-27 08:03:04,Sucesso,161,632,0
BLD-C01-P03-004301,C01-P03,2025-10-06 19:16:03,Sucesso,245,700,0
BLD-C01-P03-004302,C01-P03,2025-10-08 14:53:43,Sucesso,238,515,0
BLD-C01-P03-004303,C01-P03,2025-10-27 15:37:49,Sucesso,347,442,0
BLD-C01-P03-004304,C01-P03,2025-10-25 08:13:48,Sucesso,605,103,0
BLD-C01-P03-004305,C01-P03,2025-10-08 21:16:23,Sucesso,225,331,1
BLD-C01-P03-004306,C01-P03,2025-10-29 07:59:49,Falha,394,317,6
BLD-C01-P03-004307,C01-P03,2025-10-19 13:11:12,Sucesso,313,360,0
BLD-C01-P03-004308,C01-P03,2025-10-14 10:31:44,Sucesso,204,517,0
BLD-C01-P03-004309,C01-P03,2025-10-19 08:14:31,Sucesso,417,395,0
BLD-C01-P03-004310,C01-P03,2025-10-05 08:21:39,Sucesso,427,253,0
BLD-C01-P03-004311,C01-P03,2025-10-31 12:57:56,Sucesso,237,564,0
BLD-C01-P03-004312,C01-P03,2025-10-21 08:04:07,Sucesso,423,302,0
BLD-C01-P03-004313,C01-P03,2025-10-21 14:29:40,Sucesso,149,502,0
BLD-C01-P03-004314,C01-P03,2025-10-05 21:31:09,Sucesso,368,514,0
BLD-C01-P03-004315,C01-P03,2025-10-19 19:53:04,Sucesso,319,686,0
BLD-C01-P03-004316,C01-P03,2025-10-10 10:16:11,Sucesso,301,592,0
BLD-C01-P03-004317,C01-P03,2025-10-14 19:52:41,Sucesso,444,581,0
BLD-C01-P03-004318,C01-P03,2025-10-26 09:27:49,Sucesso,529,137,0
BLD-C01-P03-004319,C01-P03,2025-10-29 17:19:43,Sucesso,441,175,0
BLD-C01-P03-004320,C01-P03,2025-10-20 10:31:12,Sucesso,464,582,0
BLD-C01-P03-004321,C01-P03,2025-10-05 07:01:21,Sucesso,331,409,0
BLD-C01-P03-004322,C01-P03,2025-10-30 11:39:24,Sucesso,382,591,0
BLD-C01-P03-004323,C01-P03,2025-10-09 16:27:21,Falha,280,207,3
BLD-C01-P03-004324,C01-P03,2025-10-03 14:52:48,Sucesso,129,103,0
BLD-C01-P03-004325,C01-P03,2025-10-21 12:58:05,Sucesso,244,659,0
BLD-C01-P03-004326,C01-P03,2025-10-18 14:09:07,Sucesso,329,370,0
BLD-C01-P03-004327,C01-P03,2025-10-02 18:20:11,Sucesso,431,86,2
BLD-C01-P03-004328,C01-P03,2025-10-19 10:10:56,Sucesso,446,460,0
BLD-C01-P03-004329,C01-P03,2025-10-19 20:45:22,Sucesso,340,514,0
BLD-C01-P03-004330,C01-P03,2025-10-03 17:47:20,Sucesso,67,320,0
BLD-C01-P03-004331,C01-P03,2025-11-21 14:18:52,Sucesso,502,338,0
BLD-C01-P03-004332,C01-P03,2025-11-09 12:23:58,Sucesso,273,724,0
BLD-C01-P03-004333,C01-P03,2025-11-29 09:36:27,Sucesso,379,325,0
BLD-C01-P03-004334,C01-P03,2025-11-19 21:51:50,Sucesso,286,287,0
BLD-C01-P03-004335,C01-P03,2025-11-29 18:55:46,Sucesso,425,12,0
BLD-C01-P03-004336,C01-P03,2025-11-08 10:20:21,Sucesso,209,304,0
BLD-C01-P03-004337,C01-P03,2025-11-07 09:28:22,Sucesso,619,448,0
BLD-C01-P03-004338,C01-P03,2025-11-20 11:39:21,Falha,248,247,25
BLD-C01-P03-004339,C01-P03,2025-11-26 11:44:51,Sucesso,168,236,0
BLD-C01-P03-004340,C01-P03,2025-11-13 14:57:24,Sucesso,237,583,0
BLD-C01-P03-004341,C01-P03,2025-11-05 17:07:08,Sucesso,352,128,2
BLD-C01-P03-004342,C01-P03,2025-11-29 11:16:17,Sucesso,228,359,0
BLD-C01-P03-004343,C01-P03,2025-11-01 08:03:08,Sucesso,435,171,0
BLD-C01-P03-004344,C01-P03,2025-11-28 16:29:36,Sucesso,382,457,0
BLD-C01-P03-004345,C01-P03,2025-11-29 17:33:49,Sucesso,416,310,0
BLD-C01-P03-004346,C01-P03,2025-11-07 10:05:29,Sucesso,330,868,0
BLD-C01-P03-004347,C01-P03,2025-11-02 20:21:43,Sucesso,133,727,0
BLD-C01-P03-004348,C01-P03,2025-11-28 14:59:53,Falha,211,348,2
BLD-C01-P03-004349,C01-P03,2025-11-29 18:14:55,Sucesso,315,349,0
BLD-C01-P03-004350,C01-P03,2025-11-21 21:25:54,Falha,128,337,1
BLD-C01-P03-004351,C01-P03,2025-11-18 17:37:51,Sucesso,142,226,0
BLD-C01-P03-004352,C01-P03,2025-11-30 09:14:34,Falha,359,173,5
BLD-C01-P03-004353,C01-P03,2025-11-15 10:21:16,Sucesso,594,475,0
BLD-C01-P03-004354,C01-P03,2025-11-15 14:57:52,Sucesso,195,572,0
BLD-C01-P03-004355,C01-P03,2025-11-11 14:22:16,Falha,187,556,2
BLD-C01-P03-004356,C01-P03,2025-11-07 11:03:41,Falha,523,215,12
BLD-C01-P03-004357,C01-P03,2025-11-01 09:51:10,Falha,428,252,2
BLD-C01-P03-004358,C01-P03,2025-11-22 20:37:14,Sucesso,467,376,1
BLD-C01-P03-004359,C01-P03,2025-11-30 13:00:24,Sucesso,169,186,0
BLD-C01-P03-004360,C01-P03,2025-11-12 08:08:11,Falha,46,179,5
BLD-C01-P03-004361,C01-P03,2025-11-09 12:56:04,Sucesso,312,450,0
BLD-C01-P03-004362,C01-P03,2025-11-07 21:13:57,Sucesso,473,513,0
BLD-C01-P03-004363,C01-P03,2025-11-15 13:29:57,Sucesso,292,572,3
BLD-C01-P03-004364,C01-P03,2025-11-07 16:12:05,Falha,354,335,2
BLD-C01-P03-004365,C01-P03,2025-11-12 09:39:09,Sucesso,347,568,0
BLD-C01-P03-004366,C01-P03,2025-11-12 16:00:27,Sucesso,590,676,0
BLD-C01-P03-004367,C01-P03,2025-11-13 08:04:47,Sucesso,549,515,0
BLD-C01-P03-004368,C01-P03,2025-11-19 20:35:53,Sucesso,308,344,0
BLD-C01-P03-004369,C01-P03,2025-11-05 11:45:24,Sucesso,455,422,0
BLD-C01-P03-004370,C01-P03,2025-11-18 19:05:42,Sucesso,24,579,1
BLD-C01-P03-004371,C01-P03,2025-11-06 20:28:54,Sucesso,154,570,0
BLD-C01-P03-004372,C01-P03,2025-11-01 12:39:51,Sucesso,20,888,0
BLD-C01-P03-004373,C01-P03,2025-11-16 09:46:19,Sucesso,56,389,0
BLD-C01-P03-004374,C01-P03,2025-11-02 18:04:39,Sucesso,559,723,0
BLD-C01-P03-004375,C01-P03,2025-11-17 12:31:04,Sucesso,291,380,0
BLD-C01-P03-004376,C01-P03,2025-11-21 10:15:44,Sucesso,439,271,1
BLD-C01-P03-004377,C01-P03,2025-11-05 10:40:20,Sucesso,293,400,0
BLD-C01-P03-004378,C01-P03,2025-11-16 11:01:54,Falha,120,641,4
BLD-C01-P03-004379,C01-P03,2025-11-13 14:23:39,Sucesso,298,580,0
BLD-C01-P03-004380,C01-P03,2025-11-10 12:18:21,Sucesso,411,481,0
BLD-C01-P03-004381,C01-P03,2025-11-16 19:39:48,Falha,464,122,3
BLD-C01-P03-004382,C01-P03,2025-11-16 09:35:58,Sucesso,196,393,0
BLD-C01-P03-004383,C01-P03,2025-11-29 08:53:41,Sucesso,333,222,0
BLD-C01-P03-004384,C01-P03,2025-11-05 12:40:59,Sucesso,20,491,0
BLD-C01-P03-004385,C01-P03,2025-11-13 13:14:53,Sucesso,115,341,1
BLD-C01-P03-004386,C01-P03,2025-11-29 19:26:03,Sucesso,382,526,0
BLD-C01-P03-004387,C01-P03,2025-11-05 07:04:28,Falha,268,531,10
BLD-C01-P03-004388,C01-P03,2025-11-12 16:55:54,Falha,242,226,8
BLD-C01-P03-004389,C01-P03,2025-11-04 11:56:17,Sucesso,417,826,0
BLD-C01-P03-004390,C01-P03,2025-11-17 21:47:11,Sucesso,64,614,0
BLD-C01-P03-004391,C01-P03,2025-11-05 09:22:47,Sucesso,533,302,1
BLD-C01-P03-004392,C01-P03,2025-11-28 10:46:40,Sucesso,244,633,0
BLD-C01-P03-004393,C01-P03,2025-11-16 19:21:14,Falha,385,819,6
BLD-C01-P03-004394,C01-P03,2025-11-24 11:11:08,Sucesso,424,137,0
BLD-C01-P03-004395,C01-P03,2025-11-03 16:30:31,Sucesso,519,426,0
BLD-C01-P03-004396,C01-P03,2025-11-07 16:35:02,Sucesso,280,593,0
BLD-C01-P03-004397,C01-P03,2025-11-30 12:32:21,Sucesso,318,350,1
BLD-C01-P03-004398,C01-P03,2025-11-19 21:58:32,Sucesso,419,246,2
BLD-C01-P03-004399,C01-P03,2025-11-22 18:06:40,Sucesso,584,575,0
BLD-C01-P03-004400,C01-P03,2025-11-07 07:30:51,Sucesso,225,182,1
BLD-C01-P03-004401,C01-P03,2025-11-22 10:37:48,Sucesso,360,432,0
BLD-C01-P03-004402,C01-P03,2025-11-19 15:25:16,Sucesso,306,506,0
BLD-C01-P03-004403,C01-P03,2025-11-15 20:37:11,Sucesso,575,379,0
BLD-C01-P03-004404,C01-P03,2025-11-04 09:01:28,Sucesso,354,204,0
BLD-C01-P03-004405,C01-P03,2025-11-29 13:26:30,Sucesso,553,581,0
BLD-C01-P03-004406,C01-P03,2025-11-11 07:38:37,Sucesso,283,512,0
BLD-C01-P03-004407,C01-P03,2025-11-13 14:19:02,Sucesso,501,447,0
BLD-C01-P03-004408,C01-P03,2025-11-06 15:10:11,Sucesso,185,708,0
BLD-C01-P03-004409,C01-P03,2025-11-28 10:46:57,Sucesso,234,305,0
BLD-C01-P03-004410,C01-P03,2025-11-23 09:44:14,Falha,234,370,3
BLD-C01-P03-004411,C01-P03,2025-11-21 09:06:33,Sucesso,20,572,0
BLD-C01-P03-004412,C01-P03,2025-11-23 19:33:26,Sucesso,251,598,0
BLD-C01-P03-004413,C01-P03,2025-11-13 17:19:27,Sucesso,547,328,0
BLD-C01-P03-004414,C01-P03,2025-11-05 13:33:15,Sucesso,321,429,0
BLD-C01-P03-004415,C01-P03,2025-11-27 14:44:25,Sucesso,358,305,0
BLD-C01-P03-004416,C01-P03,2025-11-19 07:47:45,Sucesso,254,363,0
BLD-C01-P03-004417,C01-P03,2025-11-18 13:32:47,Sucesso,274,761,0
BLD-C01-P03-004418,C01-P03,2025-11-08 09:45:36,Sucesso,203,529,0
BLD-C01-P03-004419,C01-P03,2025-11-22 18:06:28,Sucesso,149,534,0
BLD-C01-P03-004420,C01-P03,2025-11-19 18:17:40,Sucesso,243,611,0
BLD-C01-P03-004421,C01-P03,2025-11-19 08:15:50,Sucesso,261,243,0
BLD-C01-P03-004422,C01-P03,2025-11-04 11:21:29,Sucesso,448,303,0
BLD-C01-P03-004423,C01-P03,2025-11-22 15:42:49,Sucesso,434,161,0
BLD-C01-P03-004424,C01-P03,2025-11-28 11:34:37,Falha,418,450,7
BLD-C01-P03-004425,C01-P03,2025-11-10 09:35:53,Falha,443,639,4
BLD-C01-P03-004426,C01-P03,2025-11-22 16:37:11,Sucesso,121,559,0
BLD-C01-P03-004427,C01-P03,2025-11-23 11:39:25,Sucesso,436,257,0
BLD-C01-P03-004428,C01-P03,2025-11-29 13:02:45,Sucesso,322,517,0
BLD-C01-P03-004429,C01-P03,2025-11-01 12:36:06,Sucesso,193,600,0
BLD-C01-P03-004430,C01-P03,2025-11-20 08:18:02,Falha,127,650,2
BLD-C01-P03-004431,C01-P03,2025-11-03 14:01:17,Sucesso,163,589,0
BLD-C01-P03-004432,C01-P03,2025-11-09 09:06:45,Sucesso,435,282,0
BLD-C01-P03-004433,C01-P03,2025-11-25 19:52:19,Sucesso,233,576,0
BLD-C01-P03-004434,C01-P03,2025-11-12 13:34:06,Sucesso,129,854,0
BLD-C01-P03-004435,C01-P03,2025-11-23 08:12:29,Sucesso,351,421,0
BLD-C01-P03-004436,C01-P03,2025-11-12 13:15:51,Sucesso,291,254,0
BLD-C01-P03-004437,C01-P03,2025-11-13 09:49:13,Sucesso,468,590,0
BLD-C01-P03-004438,C01-P03,2025-11-25 17:27:51,Sucesso,20,589,0
BLD-C01-P03-004439,C01-P03,2025-11-17 15:41:02,Falha,20,508,6
BLD-C01-P03-004440,C01-P03,2025-11-23 21:42:31,Sucesso,221,599,0
BLD-C01-P03-004441,C01-P03,2025-11-23 15:04:51,Sucesso,474,673,0
BLD-C01-P03-004442,C01-P03,2025-11-06 10:32:03,Sucesso,311,538,0
BLD-C01-P03-004443,C01-P03,2025-11-02 17:15:50,Falha,168,339,9
BLD-C01-P03-004444,C01-P03,2025-11-01 07:02:59,Sucesso,291,407,0
BLD-C01-P03-004445,C01-P03,2025-11-27 07:19:57,Sucesso,469,415,0
BLD-C01-P03-004446,C01-P03,2025-11-21 16:24:34,Falha,588,505,11
BLD-C01-P03-004447,C01-P03,2025-11-23 08:43:08,Sucesso,619,686,0
BLD-C01-P03-004448,C01-P03,2025-11-02 10:29:19,Sucesso,118,132,0
BLD-C01-P03-004449,C01-P03,2025-11-03 20:01:31,Sucesso,370,172,0
BLD-C01-P03-004450,C01-P03,2025-11-28 13:28:54,Sucesso,384,399,0
BLD-C01-P03-004451,C01-P03,2025-11-08 10:09:27,Sucesso,20,307,0
BLD-C01-P03-004452,C01-P03,2025-11-25 18:17:39,Sucesso,426,475,0
BLD-C01-P03-004453,C01-P03,2025-11-17 18:03:34,Sucesso,300,552,0
BLD-C01-P03-004454,C01-P03,2025-11-27 08:50:02,Sucesso,239,369,0
BLD-C01-P03-004455,C01-P03,2025-11-25 11:10:30,Sucesso,241,569,0
BLD-C01-P03-004456,C01-P03,2025-11-12 11:02:01,Falha,90,638,5
BLD-C01-P03-004457,C01-P03,2025-11-07 08:21:25,Sucesso,78,10,0
BLD-C01-P03-004458,C01-P03,2025-11-05 07:23:56,Sucesso,289,559,0
BLD-C01-P03-004459,C01-P03,2025-11-30 07:55:41,Sucesso,238,423,0
BLD-C01-P03-004460,C01-P03,2025-11-21 10:19:40,Sucesso,383,255,0
BLD-C01-P03-004461,C01-P03,2025-11-02 15:52:15,Sucesso,323,601,0
BLD-C01-P03-004462,C01-P03,2025-11-25 15:56:34,Sucesso,20,526,0
BLD-C01-P03-004463,C01-P03,2025-11-09 13:58:59,Sucesso,520,445,0
BLD-C01-P03-004464,C01-P03,2025-11-07 20:08:22,Sucesso,97,299,0
BLD-C01-P03-004465,C01-P03,2025-11-05 12:08:38,Sucesso,98,181,0
BLD-C01-P03-004466,C01-P03,2025-11-11 14:15:17,Sucesso,272,682,0
BLD-C01-P03-004467,C01-P03,2025-11-24 16:19:45,Falha,365,348,10
BLD-C01-P03-004468,C01-P03,2025-11-11 14:50:57,Sucesso,353,453,4
BLD-C01-P03-004469,C01-P03,2025-11-13 13:01:40,Sucesso,346,415,0
BLD-C01-P03-004470,C01-P03,2025-11-23 14:43:44,Sucesso,522,448,0
BLD-C01-P03-004471,C01-P03,2025-11-24 08:04:47,Falha,485,267,9
BLD-C01-P03-004472,C01-P03,2025-11-17 19:02:27,Sucesso,241,168,0
BLD-C01-P03-004473,C01-P03,2025-11-27 18:24:18,Sucesso,355,527,0
BLD-C01-P03-004474,C01-P03,2025-11-30 11:18:50,Sucesso,118,485,0
BLD-C01-P03-004475,C01-P03,2025-11-21 19:41:22,Sucesso,490,261,0
BLD-C01-P03-004476,C01-P03,2025-11-18 15:35:33,Sucesso,528,179,0
BLD-C01-P03-004477,C01-P03,2025-11-16 17:35:05,Sucesso,197,106,0
BLD-C01-P03-004478,C01-P03,2025-11-06 08:24:10,Sucesso,493,503,0
BLD-C01-P03-004479,C01-P03,2025-11-03 16:44:22,Sucesso,473,235,0
BLD-C01-P03-004480,C01-P03,2025-11-25 17:54:19,Sucesso,25,404,0
BLD-C01-P03-004481,C01-P03,2025-11-06 16:59:28,Falha,308,258,3
BLD-C01-P03-004482,C01-P03,2025-11-04 17:39:52,Sucesso,152,572,0
BLD-C01-P03-004483,C01-P03,2025-11-03 14:53:21,Sucesso,654,227,0
BLD-C01-P03-004484,C01-P03,2025-11-26 15:09:54,Sucesso,357,341,0
BLD-C01-P03-004485,C01-P03,2025-11-28 16:24:20,Sucesso,525,243,0
BLD-C01-P03-004486,C01-P03,2025-11-15 21:29:48,Sucesso,290,476,0
BLD-C01-P03-004487,C01-P03,2025-11-17 21:34:16,Falha,259,812,8
BLD-C01-P03-004488,C01-P03,2025-11-18 17:22:19,Sucesso,232,157,0
BLD-C01-P03-004489,C01-P03,2025-11-12 11:21:08,Sucesso,305,198,0
BLD-C01-P03-004490,C01-P03,2025-11-27 07:44:33,Falha,271,593,4
BLD-C01-P03-004491,C01-P03,2025-11-22 07:19:53,Sucesso,502,10,0
BLD-C01-P03-004492,C01-P03,2025-11-19 11:41:46,Sucesso,296,174,0
BLD-C01-P03-004493,C01-P03,2025-11-25 14:45:08,Sucesso,388,477,0
BLD-C01-P03-004494,C01-P03,2025-11-01 19:46:53,Sucesso,377,457,0
BLD-C01-P03-004495,C01-P03,2025-11-10 10:54:10,Sucesso,528,506,0
BLD-C01-P03-004496,C01-P03,2025-11-09 14:09:45,Sucesso,283,494,0
BLD-C01-P03-004497,C01-P03,2025-11-06 10:40:06,Sucesso,332,445,0
BLD-C01-P03-004498,C01-P03,2025-11-03 12:13:00,Sucesso,264,443,0
BLD-C01-P03-004499,C01-P03,2025-11-26 09:23:45,Sucesso,408,449,0
BLD-C01-P03-004500,C01-P03,2025-11-10 12:45:38,Sucesso,501,525,0
BLD-C01-P03-004501,C01-P03,2025-11-05 19:40:59,Sucesso,419,587,0
BLD-C01-P03-004502,C01-P03,2025-11-01 12:51:14,Sucesso,186,229,0
BLD-C01-P03-004503,C01-P03,2025-11-30 10:21:37,Sucesso,358,152,0
BLD-C01-P03-004504,C01-P03,2025-11-08 17:51:46,Sucesso,279,379,0
BLD-C01-P03-004505,C01-P03,2025-11-12 21:36:47,Sucesso,479,632,0
BLD-C01-P03-004506,C01-P03,2025-11-22 17:34:01,Sucesso,412,697,0
BLD-C01-P03-004507,C01-P03,2025-12-31 12:44:16,Sucesso,97,442,0
BLD-C01-P03-004508,C01-P03,2025-12-28 15:27:58,Sucesso,293,576,0
BLD-C01-P03-004509,C01-P03,2025-12-29 17:18:04,Sucesso,413,748,0
BLD-C01-P03-004510,C01-P03,2025-12-29 14:57:24,Sucesso,142,309,0
BLD-C01-P03-004511,C01-P03,2025-12-09 17:54:54,Sucesso,315,463,0
BLD-C01-P03-004512,C01-P03,2025-12-14 11:10:34,Sucesso,248,10,0
BLD-C01-P03-004513,C01-P03,2025-12-25 15:43:56,Sucesso,291,306,0
BLD-C01-P03-004514,C01-P03,2025-12-15 16:26:48,Sucesso,566,445,0
BLD-C01-P03-004515,C01-P03,2025-12-06 21:24:37,Sucesso,193,617,0
BLD-C01-P03-004516,C01-P03,2025-12-11 11:53:48,Sucesso,247,152,0
BLD-C01-P03-004517,C01-P03,2025-12-30 18:49:30,Sucesso,519,285,0
BLD-C01-P03-004518,C01-P03,2025-12-25 21:51:27,Sucesso,191,549,0
BLD-C01-P03-004519,C01-P03,2025-12-22 14:45:38,Sucesso,167,669,0
BLD-C01-P03-004520,C01-P03,2025-12-02 12:10:45,Sucesso,543,375,0
BLD-C01-P03-004521,C01-P03,2025-12-26 07:35:29,Sucesso,314,457,0
BLD-C01-P03-004522,C01-P03,2025-12-22 19:24:18,Sucesso,294,507,0
BLD-C01-P03-004523,C01-P03,2025-12-14 16:43:08,Sucesso,298,547,0
BLD-C01-P03-004524,C01-P03,2025-12-13 17:05:55,Sucesso,329,653,0
BLD-C01-P03-004525,C01-P03,2025-12-11 18:29:00,Sucesso,313,242,0
BLD-C01-P03-004526,C01-P03,2025-12-22 15:44:09,Sucesso,162,335,0
BLD-C01-P03-004527,C01-P03,2025-12-11 07:04:28,Sucesso,367,372,0
BLD-C01-P03-004528,C01-P03,2025-12-27 14:28:23,Sucesso,362,600,0
BLD-C01-P03-004529,C01-P03,2025-12-17 21:23:34,Falha,520,473,9
BLD-C01-P03-004530,C01-P03,2025-12-24 16:56:25,Sucesso,587,290,0
BLD-C01-P03-004531,C01-P03,2025-12-11 07:02:30,Sucesso,307,683,0
BLD-C01-P03-004532,C01-P03,2025-12-07 11:25:17,Sucesso,94,467,0
BLD-C01-P03-004533,C01-P03,2025-12-02 17:02:40,Sucesso,264,361,0
BLD-C01-P03-004534,C01-P03,2025-12-31 08:52:12,Sucesso,193,10,0
BLD-C01-P03-004535,C01-P03,2025-12-20 15:55:21,Falha,662,79,4
BLD-C01-P03-004536,C01-P03,2025-12-12 07:30:37,Sucesso,20,516,0
BLD-C01-P03-004537,C01-P03,2025-12-11 20:18:21,Sucesso,238,123,0
BLD-C01-P03-004538,C01-P03,2025-12-16 11:19:23,Sucesso,341,727,0
BLD-C01-P03-004539,C01-P03,2025-12-25 10:34:17,Sucesso,373,276,0
BLD-C01-P03-004540,C01-P03,2025-12-28 17:35:37,Sucesso,248,307,0
BLD-C01-P03-004541,C01-P03,2025-12-07 12:57:31,Sucesso,169,693,0
BLD-C01-P03-004542,C01-P03,2025-12-04 14:21:57,Sucesso,139,401,0
BLD-C01-P03-004543,C01-P03,2025-12-17 20:53:24,Sucesso,443,542,0
BLD-C01-P03-004544,C01-P03,2025-12-09 21:16:48,Sucesso,268,407,0
BLD-C01-P03-004545,C01-P03,2025-12-25 08:22:11,Sucesso,136,257,0
BLD-C01-P03-004546,C01-P03,2025-12-06 10:20:02,Sucesso,446,468,0
BLD-C01-P03-004547,C01-P03,2025-12-14 07:40:37,Falha,536,10,3
BLD-C01-P03-004548,C01-P03,2025-12-21 15:26:12,Sucesso,288,548,0
BLD-C01-P03-004549,C01-P03,2025-12-19 17:24:24,Sucesso,192,250,1
BLD-C01-P03-004550,C01-P03,2025-12-22 16:46:55,Sucesso,294,469,0
BLD-C01-P03-004551,C01-P03,2025-12-29 10:21:12,Falha,28,379,3
BLD-C01-P03-004552,C01-P03,2025-12-27 17:50:11,Sucesso,451,376,0
BLD-C01-P03-004553,C01-P03,2025-12-31 15:37:06,Sucesso,169,296,0
BLD-C01-P03-004554,C01-P03,2025-12-22 11:18:59,Sucesso,256,553,2
BLD-C01-P03-004555,C01-P03,2025-12-16 18:26:26,Sucesso,192,472,0
BLD-C01-P03-004556,C01-P03,2025-12-24 08:56:39,Falha,308,472,22
BLD-C01-P03-004557,C01-P03,2025-12-19 19:58:43,Sucesso,321,295,0
BLD-C01-P03-004558,C01-P03,2025-12-10 10:12:14,Sucesso,250,10,0
BLD-C01-P03-004559,C01-P03,2025-12-25 19:41:22,Sucesso,332,409,0
BLD-C01-P03-004560,C01-P03,2025-12-13 11:00:57,Sucesso,113,460,0
BLD-C01-P03-004561,C01-P03,2025-12-11 12:23:50,Sucesso,451,460,0
BLD-C01-P03-004562,C01-P03,2025-12-28 15:16:32,Sucesso,274,431,0
BLD-C01-P03-004563,C01-P03,2025-12-20 21:19:20,Sucesso,93,163,0
BLD-C01-P03-004564,C01-P03,2025-12-23 20:20:12,Sucesso,469,527,0
BLD-C01-P03-004565,C01-P03,2025-12-27 21:15:17,Sucesso,151,283,1
BLD-C01-P03-004566,C01-P03,2025-12-05 13:52:49,Sucesso,419,438,0
BLD-C01-P03-004567,C01-P03,2025-12-06 09:19:09,Sucesso,554,421,0
BLD-C01-P03-004568,C01-P03,2025-12-19 08:47:41,Sucesso,333,219,0
BLD-C01-P03-004569,C01-P03,2025-12-24 16:22:55,Sucesso,258,715,0
BLD-C01-P03-004570,C01-P03,2025-12-14 20:47:31,Sucesso,633,434,0
BLD-C01-P03-004571,C01-P03,2025-12-13 10:15:42,Sucesso,82,206,0
BLD-C01-P03-004572,C01-P03,2025-12-21 17:52:46,Sucesso,101,237,0
BLD-C01-P03-004573,C01-P03,2025-12-07 18:38:16,Sucesso,170,120,0
BLD-C01-P03-004574,C01-P03,2025-12-31 13:34:39,Sucesso,308,128,0
BLD-C01-P03-004575,C01-P03,2025-12-25 10:12:53,Sucesso,336,341,0
BLD-C01-P03-004576,C01-P03,2025-12-12 17:50:45,Falha,20,767,8
BLD-C01-P03-004577,C01-P03,2025-12-31 08:23:22,Sucesso,316,216,0
BLD-C01-P03-004578,C01-P03,2025-12-07 10:38:19,Sucesso,389,420,0
BLD-C01-P03-004579,C01-P03,2025-12-04 12:25:39,Sucesso,319,241,0
BLD-C01-P03-004580,C01-P03,2025-12-25 10:19:03,Sucesso,123,399,0
BLD-C01-P03-004581,C01-P03,2025-12-12 11:58:24,Sucesso,217,636,0
BLD-C01-P03-004582,C01-P03,2025-12-19 18:13:56,Sucesso,221,298,0
BLD-C01-P03-004583,C01-P03,2025-12-10 20:17:03,Sucesso,562,295,0
BLD-C01-P03-004584,C01-P03,2025-12-15 12:13:16,Sucesso,356,330,0
BLD-C01-P03-004585,C01-P03,2025-12-30 12:03:57,Falha,569,399,15
BLD-C01-P03-004586,C01-P03,2025-12-30 12:10:15,Sucesso,430,695,0
BLD-C01-P03-004587,C01-P03,2025-12-04 07:00:26,Sucesso,504,530,0
BLD-C01-P03-004588,C01-P03,2025-12-22 16:03:05,Sucesso,308,840,0
BLD-C01-P03-004589,C01-P03,2025-12-16 09:13:54,Sucesso,390,456,0
BLD-C01-P03-004590,C01-P03,2025-12-11 20:05:43,Sucesso,501,458,0
BLD-C01-P03-004591,C01-P03,2025-12-09 17:20:04,Sucesso,354,366,0
BLD-C01-P03-004592,C01-P03,2025-12-22 17:05:43,Sucesso,555,585,0
BLD-C01-P03-004593,C01-P03,2025-12-08 09:13:44,Sucesso,261,383,0
BLD-C01-P03-004594,C01-P03,2025-12-15 07:02:23,Sucesso,20,487,0
BLD-C01-P03-004595,C01-P03,2025-12-11 17:09:50,Falha,359,675,2
BLD-C01-P03-004596,C01-P03,2025-12-26 12:14:34,Sucesso,400,10,0
BLD-C01-P03-004597,C01-P03,2025-12-11 09:13:03,Sucesso,450,318,0
BLD-C01-P03-004598,C01-P03,2025-12-29 10:29:08,Falha,167,286,1
BLD-C01-P03-004599,C01-P03,2025-12-21 19:41:28,Sucesso,506,509,0
BLD-C01-P03-004600,C01-P03,2025-12-30 16:50:23,Sucesso,329,583,4
BLD-C01-P03-004601,C01-P03,2025-12-25 19:54:45,Sucesso,221,338,0
BLD-C01-P03-004602,C01-P03,2025-12-25 10:00:12,Sucesso,262,239,0
BLD-C01-P03-004603,C01-P03,2025-12-19 15:23:19,Sucesso,607,355,0
BLD-C01-P03-004604,C01-P03,2025-12-22 07:31:50,Sucesso,383,331,0
BLD-C01-P03-004605,C01-P03,2025-12-13 20:26:05,Sucesso,471,299,0
BLD-C01-P03-004606,C01-P03,2025-12-16 16:56:05,Sucesso,125,385,0
BLD-C01-P03-004607,C01-P03,2025-12-27 19:27:17,Sucesso,310,428,0
BLD-C01-P03-004608,C01-P03,2025-12-25 14:15:22,Falha,151,370,3
BLD-C01-P03-004609,C01-P03,2025-12-18 16:37:53,Sucesso,396,488,0
BLD-C01-P03-004610,C01-P03,2025-12-23 21:44:40,Sucesso,344,663,0
BLD-C01-P03-004611,C01-P03,2025-12-26 12:41:59,Sucesso,224,552,0
BLD-C01-P03-004612,C01-P03,2025-12-03 21:07:10,Falha,452,493,11
BLD-C01-P03-004613,C01-P03,2025-12-06 16:28:22,Sucesso,485,390,0
BLD-C01-P03-004614,C01-P03,2025-12-01 17:49:37,Sucesso,462,415,0
BLD-C01-P03-004615,C01-P03,2025-12-16 17:47:37,Falha,430,491,2
BLD-C01-P03-004616,C01-P03,2025-12-26 08:48:30,Sucesso,613,249,0
BLD-C01-P03-004617,C01-P03,2025-12-25 17:02:51,Sucesso,439,779,0
BLD-C01-P03-004618,C01-P03,2025-12-08 16:49:38,Sucesso,210,706,0
BLD-C01-P03-004619,C01-P03,2025-12-04 12:58:38,Sucesso,409,494,0
BLD-C01-P03-004620,C01-P03,2025-12-04 10:48:50,Sucesso,439,773,0
BLD-C01-P03-004621,C01-P03,2025-12-02 07:33:43,Sucesso,477,593,0
BLD-C01-P03-004622,C01-P03,2025-12-18 16:05:42,Sucesso,282,439,0
BLD-C01-P03-004623,C01-P03,2025-12-24 08:19:41,Sucesso,512,683,0
BLD-C01-P03-004624,C01-P03,2025-12-03 19:24:37,Sucesso,129,148,0
BLD-C01-P03-004625,C01-P03,2025-12-08 14:25:16,Sucesso,217,979,0
BLD-C01-P03-004626,C01-P03,2025-12-26 14:34:47,Sucesso,422,328,0
BLD-C01-P03-004627,C01-P03,2025-12-02 07:20:58,Falha,406,275,8
BLD-C01-P03-004628,C01-P03,2025-12-06 13:51:33,Sucesso,460,123,0
BLD-C01-P03-004629,C01-P03,2025-12-30 17:04:44,Sucesso,409,104,1
BLD-C01-P03-004630,C01-P03,2025-12-16 17:26:12,Sucesso,20,337,0
BLD-C01-P03-004631,C01-P03,2025-12-04 14:52:42,Sucesso,72,117,0
BLD-C01-P03-004632,C01-P03,2025-12-10 09:02:50,Sucesso,362,349,0
BLD-C01-P03-004633,C01-P03,2025-12-18 10:53:55,Sucesso,313,448,0
BLD-C01-P03-004634,C01-P03,2025-12-01 20:38:45,Sucesso,553,583,0
BLD-C01-P03-004635,C01-P03,2025-12-03 17:54:24,Sucesso,503,355,0
BLD-C01-P03-004636,C01-P03,2025-12-14 17:38:43,Sucesso,243,754,0
BLD-C01-P03-004637,C01-P03,2025-12-14 10:56:55,Sucesso,283,346,0
BLD-C01-P03-004638,C01-P03,2025-12-04 19:37:59,Sucesso,249,585,0
BLD-C01-P03-004639,C01-P03,2025-12-13 21:32:44,Sucesso,414,398,0
BLD-C01-P03-004640,C01-P03,2025-12-08 12:23:59,Sucesso,20,439,0
BLD-C01-P03-004641,C01-P03,2025-12-13 07:41:51,Sucesso,439,383,3
BLD-C01-P03-004642,C01-P03,2025-12-21 14:40:45,Sucesso,461,246,0
BLD-C01-P03-004643,C01-P03,2025-12-30 16:42:08,Falha,396,393,6
BLD-C01-P03-004644,C01-P03,2025-12-13 10:45:36,Sucesso,345,580,0
BLD-C01-P03-004645,C01-P03,2025-12-10 19:55:26,Sucesso,209,696,0
BLD-C01-P03-004646,C01-P03,2025-12-24 17:35:44,Falha,288,231,8
BLD-C01-P03-004647,C01-P03,2025-12-26 10:27:27,Sucesso,139,445,0
BLD-C01-P03-004648,C01-P03,2025-12-11 21:19:15,Sucesso,21,440,0
BLD-C01-P03-004649,C01-P03,2025-12-11 08:57:16,Sucesso,367,363,0
BLD-C01-P03-004650,C01-P03,2025-12-16 13:03:16,Sucesso,216,512,0
BLD-C01-P03-004651,C01-P03,2025-12-24 15:18:04,Sucesso,253,408,0
BLD-C01-P03-004652,C01-P03,2025-12-08 14:07:45,Sucesso,532,114,0
BLD-C01-P03-004653,C01-P03,2025-12-07 10:06:58,Sucesso,471,378,0
BLD-C01-P03-004654,C01-P03,2025-12-04 21:14:00,Falha,253,266,9
BLD-C01-P03-004655,C01-P03,2025-12-16 09:36:17,Sucesso,562,415,0
BLD-C01-P03-004656,C01-P03,2025-12-14 10:06:51,Sucesso,307,65,0
BLD-C01-P03-004657,C01-P03,2025-12-04 15:37:22,Sucesso,408,234,0
BLD-C01-P03-004658,C01-P03,2025-12-05 18:11:16,Sucesso,453,643,0
BLD-C01-P03-004659,C01-P03,2025-12-05 08:52:28,Sucesso,121,334,0
BLD-C01-P03-004660,C01-P03,2025-12-08 20:49:52,Sucesso,475,464,0
BLD-C01-P03-004661,C01-P03,2025-12-01 09:48:03,Sucesso,185,564,0
BLD-C01-P03-004662,C01-P03,2026-01-30 08:42:37,Sucesso,172,361,0
BLD-C01-P03-004663,C01-P03,2026-01-07 12:10:14,Sucesso,357,241,0
BLD-C01-P03-004664,C01-P03,2026-01-16 12:39:02,Falha,384,35,13
BLD-C01-P03-004665,C01-P03,2026-01-15 13:26:27,Sucesso,535,478,0
BLD-C01-P03-004666,C01-P03,2026-01-02 15:58:22,Sucesso,200,420,0
BLD-C01-P03-004667,C01-P03,2026-01-12 13:44:58,Sucesso,415,632,0
BLD-C01-P03-004668,C01-P03,2026-01-15 12:18:24,Falha,390,650,1
BLD-C01-P03-004669,C01-P03,2026-01-08 11:28:49,Sucesso,490,616,1
BLD-C01-P03-004670,C01-P03,2026-01-30 11:01:14,Falha,333,312,2
BLD-C01-P03-004671,C01-P03,2026-01-29 11:18:03,Sucesso,468,611,0
BLD-C01-P03-004672,C01-P03,2026-01-20 19:58:11,Sucesso,355,487,0
BLD-C01-P03-004673,C01-P03,2026-01-06 13:46:12,Sucesso,436,383,0
BLD-C01-P03-004674,C01-P03,2026-01-19 19:44:09,Sucesso,254,451,0
BLD-C01-P03-004675,C01-P03,2026-01-21 20:45:30,Falha,120,473,7
BLD-C01-P03-004676,C01-P03,2026-01-31 10:56:35,Sucesso,424,494,0
BLD-C01-P03-004677,C01-P03,2026-01-02 09:00:38,Sucesso,160,494,0
BLD-C01-P03-004678,C01-P03,2026-01-31 13:18:11,Sucesso,398,143,0
BLD-C01-P03-004679,C01-P03,2026-01-25 08:59:27,Sucesso,327,202,0
BLD-C01-P03-004680,C01-P03,2026-01-23 09:15:24,Sucesso,20,375,0
BLD-C01-P03-004681,C01-P03,2026-01-03 16:32:48,Sucesso,265,211,0
BLD-C01-P03-004682,C01-P03,2026-01-22 10:20:54,Sucesso,376,833,0
BLD-C01-P03-004683,C01-P03,2026-01-29 18:34:17,Sucesso,447,225,0
BLD-C01-P03-004684,C01-P03,2026-01-04 14:12:05,Sucesso,62,378,0
BLD-C01-P03-004685,C01-P03,2026-01-12 11:46:35,Sucesso,285,243,0
BLD-C01-P03-004686,C01-P03,2026-01-26 18:30:48,Sucesso,189,489,0
BLD-C01-P03-004687,C01-P03,2026-01-29 08:57:44,Sucesso,368,756,0
BLD-C01-P03-004688,C01-P03,2026-01-21 17:46:14,Sucesso,24,135,0
BLD-C01-P03-004689,C01-P03,2026-01-10 14:27:12,Sucesso,243,407,0
BLD-C01-P03-004690,C01-P03,2026-01-06 18:10:34,Falha,134,412,4
BLD-C01-P03-004691,C01-P03,2026-01-02 10:07:23,Sucesso,236,10,0
BLD-C01-P03-004692,C01-P03,2026-01-26 12:50:43,Sucesso,326,248,0
BLD-C01-P03-004693,C01-P03,2026-01-03 10:35:20,Sucesso,353,730,0
BLD-C01-P03-004694,C01-P03,2026-01-26 10:41:53,Sucesso,240,558,0
BLD-C01-P03-004695,C01-P03,2026-01-29 08:10:09,Sucesso,267,323,0
BLD-C01-P03-004696,C01-P03,2026-01-29 07:36:03,Sucesso,412,295,0
BLD-C01-P03-004697,C01-P03,2026-01-22 08:36:00,Sucesso,212,399,0
BLD-C01-P03-004698,C01-P03,2026-01-20 07:18:50,Sucesso,197,437,0
BLD-C01-P03-004699,C01-P03,2026-01-22 15:57:57,Sucesso,370,409,0
BLD-C01-P03-004700,C01-P03,2026-01-11 08:35:07,Sucesso,501,654,0
BLD-C01-P03-004701,C01-P03,2026-01-03 07:47:41,Sucesso,208,404,0
BLD-C01-P03-004702,C01-P03,2026-01-29 08:18:05,Sucesso,405,314,1
BLD-C01-P03-004703,C01-P03,2026-01-14 08:36:14,Sucesso,447,718,0
BLD-C01-P03-004704,C01-P03,2026-01-09 08:36:24,Sucesso,220,540,0
BLD-C01-P03-004705,C01-P03,2026-01-25 17:23:37,Sucesso,529,251,1
BLD-C01-P03-004706,C01-P03,2026-01-08 09:18:28,Sucesso,342,78,0
BLD-C01-P03-004707,C01-P03,2026-01-15 19:37:36,Falha,449,454,6
BLD-C01-P03-004708,C01-P03,2026-01-30 21:53:26,Sucesso,187,628,0
BLD-C01-P03-004709,C01-P03,2026-01-05 09:01:53,Sucesso,584,202,0
BLD-C01-P03-004710,C01-P03,2026-01-07 21:05:47,Sucesso,418,538,0
BLD-C01-P03-004711,C01-P03,2026-01-07 21:35:21,Falha,542,301,1
BLD-C01-P03-004712,C01-P03,2026-01-19 14:49:40,Sucesso,239,609,0
BLD-C01-P03-004713,C01-P03,2026-01-14 20:44:10,Sucesso,74,269,0
BLD-C01-P03-004714,C01-P03,2026-01-19 12:53:28,Sucesso,287,197,0
BLD-C01-P03-004715,C01-P03,2026-01-05 13:11:42,Sucesso,209,290,0
BLD-C01-P03-004716,C01-P03,2026-01-28 16:43:20,Sucesso,367,721,0
BLD-C01-P03-004717,C01-P03,2026-01-10 18:22:41,Sucesso,55,10,1
BLD-C01-P03-004718,C01-P03,2026-01-03 21:49:37,Sucesso,383,634,0
BLD-C01-P03-004719,C01-P03,2026-01-14 09:42:41,Falha,449,575,2
BLD-C01-P03-004720,C01-P03,2026-01-30 15:16:55,Sucesso,394,326,0
BLD-C01-P03-004721,C01-P03,2026-01-31 21:48:31,Sucesso,84,485,0
BLD-C01-P03-004722,C01-P03,2026-01-25 17:00:37,Sucesso,240,568,0
BLD-C01-P03-004723,C01-P03,2026-01-06 17:01:48,Sucesso,364,725,0
BLD-C01-P03-004724,C01-P03,2026-01-02 15:55:52,Sucesso,390,287,0
BLD-C01-P03-004725,C01-P03,2026-01-25 10:07:21,Sucesso,154,47,0
BLD-C01-P03-004726,C01-P03,2026-01-05 11:28:25,Sucesso,552,10,0
BLD-C01-P03-004727,C01-P03,2026-01-31 08:32:57,Falha,195,113,2
BLD-C01-P03-004728,C01-P03,2026-01-13 14:15:21,Sucesso,388,545,0
BLD-C01-P03-004729,C01-P03,2026-01-03 21:02:37,Sucesso,475,302,0
BLD-C01-P03-004730,C01-P03,2026-01-29 07:12:58,Sucesso,154,631,0
BLD-C01-P03-004731,C01-P03,2026-01-21 19:23:58,Sucesso,159,340,0
BLD-C01-P03-004732,C01-P03,2026-01-06 17:59:35,Sucesso,403,335,0
BLD-C01-P03-004733,C01-P03,2026-01-20 19:47:36,Sucesso,455,286,0
BLD-C01-P03-004734,C01-P03,2026-01-05 16:10:11,Sucesso,176,202,0
BLD-C01-P03-004735,C01-P03,2026-01-11 20:38:38,Sucesso,628,10,0
BLD-C01-P03-004736,C01-P03,2026-01-30 18:10:23,Sucesso,388,574,0
BLD-C01-P03-004737,C01-P03,2026-01-15 19:14:34,Sucesso,177,316,1
BLD-C01-P03-004738,C01-P03,2026-01-16 16:38:52,Sucesso,278,321,1
BLD-C01-P03-004739,C01-P03,2026-01-01 21:44:34,Sucesso,367,191,0
BLD-C01-P03-004740,C01-P03,2026-01-19 08:10:51,Falha,184,444,1
BLD-C01-P03-004741,C01-P03,2026-01-14 14:21:31,Sucesso,476,351,0
BLD-C01-P03-004742,C01-P03,2026-01-23 18:01:18,Falha,380,274,16
BLD-C01-P03-004743,C01-P03,2026-01-24 11:36:56,Sucesso,143,47,0
BLD-C01-P03-004744,C01-P03,2026-01-08 19:21:37,Sucesso,369,200,0
BLD-C01-P03-004745,C01-P03,2026-01-22 17:25:26,Sucesso,303,561,0
BLD-C01-P03-004746,C01-P03,2026-01-03 08:32:17,Sucesso,20,701,0
BLD-C01-P03-004747,C01-P03,2026-01-31 19:01:04,Sucesso,247,154,0
BLD-C01-P03-004748,C01-P03,2026-01-28 07:47:00,Falha,126,58,2
BLD-C01-P03-004749,C01-P03,2026-01-11 21:09:39,Sucesso,435,365,0
BLD-C01-P03-004750,C01-P03,2026-01-24 18:20:16,Falha,402,548,1
BLD-C01-P03-004751,C01-P03,2026-01-11 12:56:22,Sucesso,667,707,0
BLD-C01-P03-004752,C01-P03,2026-01-30 07:27:51,Sucesso,275,648,0
BLD-C01-P03-004753,C01-P03,2026-01-01 20:07:08,Sucesso,479,728,0
BLD-C01-P03-004754,C01-P03,2026-01-17 20:09:35,Sucesso,212,423,0
BLD-C01-P03-004755,C01-P03,2026-01-15 17:18:57,Sucesso,293,341,0
BLD-C01-P03-004756,C01-P03,2026-01-21 17:10:39,Falha,461,502,2
BLD-C01-P03-004757,C01-P03,2026-01-29 08:29:30,Sucesso,20,699,0
BLD-C01-P03-004758,C01-P03,2026-01-07 13:39:00,Sucesso,155,218,0
BLD-C01-P03-004759,C01-P03,2026-01-28 07:08:58,Falha,389,91,1
BLD-C01-P03-004760,C01-P03,2026-01-26 20:55:58,Falha,429,104,4
BLD-C01-P03-004761,C01-P03,2026-01-05 18:39:31,Falha,477,546,2
BLD-C01-P03-004762,C01-P03,2026-01-15 19:51:22,Sucesso,241,452,0
BLD-C01-P03-004763,C01-P03,2026-01-18 20:45:49,Sucesso,384,877,0
BLD-C01-P03-004764,C01-P03,2026-01-12 13:34:49,Sucesso,268,576,0
BLD-C01-P03-004765,C01-P03,2026-01-26 11:36:02,Falha,342,470,2
BLD-C01-P03-004766,C01-P03,2026-01-19 20:22:25,Sucesso,228,677,0
BLD-C01-P03-004767,C01-P03,2026-01-16 12:10:33,Sucesso,594,634,0
BLD-C01-P03-004768,C01-P03,2026-01-01 17:32:58,Sucesso,517,641,0
BLD-C01-P03-004769,C01-P03,2026-01-22 13:30:50,Sucesso,360,574,0
BLD-C01-P03-004770,C01-P03,2026-01-04 19:44:35,Sucesso,409,931,0
BLD-C01-P03-004771,C01-P03,2026-01-15 19:36:00,Sucesso,90,306,0
BLD-C01-P03-004772,C01-P03,2026-01-20 13:57:23,Sucesso,556,497,0
BLD-C01-P03-004773,C01-P03,2026-01-12 16:15:11,Sucesso,514,453,0
BLD-C01-P03-004774,C01-P03,2026-01-15 11:13:15,Sucesso,537,220,0
BLD-C01-P03-004775,C01-P03,2026-01-17 14:20:00,Sucesso,211,538,0
BLD-C01-P03-004776,C01-P03,2026-01-10 17:34:35,Sucesso,146,396,0
BLD-C01-P03-004777,C01-P03,2026-01-27 12:31:50,Sucesso,95,633,0
BLD-C01-P03-004778,C01-P03,2026-01-26 10:18:22,Falha,590,195,5
BLD-C01-P03-004779,C01-P03,2026-01-12 12:56:19,Sucesso,452,282,0
BLD-C01-P03-004780,C01-P03,2026-01-30 19:06:05,Sucesso,286,525,0
BLD-C01-P03-004781,C01-P03,2026-01-29 11:12:22,Sucesso,122,583,0
BLD-C01-P03-004782,C01-P03,2026-01-28 20:18:09,Sucesso,338,293,0
BLD-C01-P03-004783,C01-P03,2026-01-31 21:10:53,Sucesso,530,503,0
BLD-C01-P03-004784,C01-P03,2026-01-14 08:54:26,Falha,211,454,9
BLD-C01-P03-004785,C01-P03,2026-01-01 16:06:58,Sucesso,76,607,0
BLD-C01-P03-004786,C01-P03,2026-01-20 13:28:03,Sucesso,372,701,0
BLD-C01-P03-004787,C01-P03,2026-01-27 14:43:48,Sucesso,176,351,0
BLD-C01-P03-004788,C01-P03,2026-01-29 09:32:55,Falha,20,325,6
BLD-C01-P03-004789,C01-P03,2026-01-10 08:57:04,Sucesso,375,263,0
BLD-C01-P03-004790,C01-P03,2026-01-29 13:18:08,Falha,389,345,5
BLD-C01-P03-004791,C01-P03,2026-01-16 08:06:44,Sucesso,211,538,0
BLD-C01-P03-004792,C01-P03,2026-01-10 14:40:14,Sucesso,632,335,0
BLD-C01-P03-004793,C01-P03,2026-01-11 20:48:23,Sucesso,303,560,0
BLD-C01-P03-004794,C01-P03,2026-01-13 07:18:16,Sucesso,292,100,0
BLD-C01-P03-004795,C01-P03,2026-01-25 10:43:49,Falha,414,630,6
BLD-C01-P03-004796,C01-P03,2026-01-09 18:28:57,Sucesso,651,337,0
BLD-C01-P03-004797,C01-P03,2026-01-25 17:32:27,Falha,576,196,1
BLD-C01-P03-004798,C01-P03,2026-01-31 14:59:19,Sucesso,240,422,0
BLD-C01-P03-004799,C01-P03,2026-01-04 17:21:27,Sucesso,275,777,1
BLD-C01-P03-004800,C01-P03,2026-01-15 08:49:09,Sucesso,730,573,0
BLD-C01-P03-004801,C01-P03,2026-01-15 15:11:12,Sucesso,317,594,0
BLD-C01-P03-004802,C01-P03,2026-01-18 10:32:20,Sucesso,508,265,0
BLD-C01-P03-004803,C01-P03,2026-01-31 16:24:07,Sucesso,80,363,0
BLD-C01-P03-004804,C01-P03,2026-01-26 11:21:07,Sucesso,137,344,0
BLD-C01-P03-004805,C01-P03,2026-01-11 18:07:20,Sucesso,631,366,1
BLD-C01-P03-004806,C01-P03,2026-01-23 09:06:10,Sucesso,360,344,0
BLD-C01-P03-004807,C01-P03,2026-01-07 17:07:29,Sucesso,422,512,0
BLD-C01-P03-004808,C01-P03,2026-01-29 19:19:30,Falha,219,334,6
BLD-C01-P03-004809,C01-P03,2026-01-07 09:15:19,Falha,85,613,6
BLD-C01-P03-004810,C01-P03,2026-01-31 19:20:19,Sucesso,443,227,0
BLD-C01-P03-004811,C01-P03,2026-01-25 18:43:12,Sucesso,373,710,0
BLD-C01-P03-004812,C01-P03,2026-01-22 17:14:41,Sucesso,155,251,0
BLD-C01-P03-004813,C01-P03,2026-01-07 19:03:13,Falha,266,208,6
BLD-C01-P03-004814,C01-P03,2026-01-31 11:26:50,Sucesso,634,576,0
BLD-C01-P03-004815,C01-P03,2026-02-05 11:45:40,Falha,363,233,5
BLD-C01-P03-004816,C01-P03,2026-02-06 15:30:26,Sucesso,313,697,0
BLD-C01-P03-004817,C01-P03,2026-02-26 15:18:39,Sucesso,371,354,0
BLD-C01-P03-004818,C01-P03,2026-02-22 14:22:08,Sucesso,464,300,0
BLD-C01-P03-004819,C01-P03,2026-02-25 18:01:46,Sucesso,329,514,0
BLD-C01-P03-004820,C01-P03,2026-02-28 15:16:54,Falha,352,85,3
BLD-C01-P03-004821,C01-P03,2026-02-21 19:23:25,Sucesso,434,489,2
BLD-C01-P03-004822,C01-P03,2026-02-17 19:19:33,Sucesso,371,331,0
BLD-C01-P03-004823,C01-P03,2026-02-03 16:16:44,Sucesso,141,653,0
BLD-C01-P03-004824,C01-P03,2026-02-10 21:01:23,Sucesso,20,256,0
BLD-C01-P03-004825,C01-P03,2026-02-10 19:23:42,Falha,271,809,9
BLD-C01-P03-004826,C01-P03,2026-02-12 12:58:20,Sucesso,20,180,0
BLD-C01-P03-004827,C01-P03,2026-02-04 09:59:28,Sucesso,354,311,0
BLD-C01-P03-004828,C01-P03,2026-02-23 18:53:14,Falha,240,644,4
BLD-C01-P03-004829,C01-P03,2026-02-02 13:07:40,Sucesso,263,686,1
BLD-C01-P03-004830,C01-P03,2026-02-24 17:35:20,Sucesso,68,338,0
BLD-C01-P03-004831,C01-P03,2026-02-01 09:29:12,Sucesso,143,209,0
BLD-C01-P03-004832,C01-P03,2026-02-28 16:22:51,Falha,184,213,7
BLD-C01-P03-004833,C01-P03,2026-02-05 20:16:54,Sucesso,545,345,0
BLD-C01-P03-004834,C01-P03,2026-02-22 14:27:51,Sucesso,372,797,0
BLD-C01-P03-004835,C01-P03,2026-02-25 16:58:55,Sucesso,251,437,0
BLD-C01-P03-004836,C01-P03,2026-02-14 18:24:43,Sucesso,200,116,0
BLD-C01-P03-004837,C01-P03,2026-02-22 14:19:26,Sucesso,427,600,0
BLD-C01-P03-004838,C01-P03,2026-02-12 19:23:43,Sucesso,351,212,0
BLD-C01-P03-004839,C01-P03,2026-02-20 19:02:35,Falha,97,150,10
BLD-C01-P03-004840,C01-P03,2026-02-24 15:49:14,Sucesso,407,389,0
BLD-C01-P03-004841,C01-P03,2026-02-05 21:09:23,Sucesso,217,581,0
BLD-C01-P03-004842,C01-P03,2026-02-18 12:41:02,Sucesso,390,215,3
BLD-C01-P03-004843,C01-P03,2026-02-03 08:18:20,Falha,23,464,16
BLD-C01-P03-004844,C01-P03,2026-02-15 18:31:16,Sucesso,341,84,0
BLD-C01-P03-004845,C01-P03,2026-02-27 07:53:25,Sucesso,20,605,0
BLD-C01-P03-004846,C01-P03,2026-02-10 07:55:53,Sucesso,183,231,0
BLD-C01-P03-004847,C01-P03,2026-02-09 17:37:42,Falha,425,310,1
BLD-C01-P03-004848,C01-P03,2026-02-08 12:47:15,Sucesso,284,489,0
BLD-C01-P03-004849,C01-P03,2026-02-10 13:10:02,Sucesso,201,519,0
BLD-C01-P03-004850,C01-P03,2026-02-09 11:10:27,Sucesso,345,374,0
BLD-C01-P03-004851,C01-P03,2026-02-07 21:43:00,Sucesso,235,419,0
BLD-C01-P03-004852,C01-P03,2026-02-04 12:15:49,Sucesso,214,196,0
BLD-C01-P03-004853,C01-P03,2026-02-20 09:45:32,Sucesso,371,157,0
BLD-C01-P03-004854,C01-P03,2026-02-01 19:27:35,Sucesso,548,398,0
BLD-C01-P03-004855,C01-P03,2026-02-17 10:18:12,Sucesso,214,759,0
BLD-C01-P03-004856,C01-P03,2026-02-11 11:20:53,Sucesso,255,238,0
BLD-C01-P03-004857,C01-P03,2026-02-03 09:26:08,Sucesso,502,761,0
BLD-C01-P03-004858,C01-P03,2026-02-23 14:47:27,Falha,20,561,2
BLD-C01-P03-004859,C01-P03,2026-02-04 11:41:08,Sucesso,313,239,0
BLD-C01-P03-004860,C01-P03,2026-02-06 21:14:02,Sucesso,295,433,0
BLD-C01-P03-004861,C01-P03,2026-02-18 15:12:14,Falha,394,308,3
BLD-C01-P03-004862,C01-P03,2026-02-07 12:00:07,Sucesso,637,419,0
BLD-C01-P03-004863,C01-P03,2026-02-16 07:37:30,Sucesso,432,456,0
BLD-C01-P03-004864,C01-P03,2026-02-27 08:24:57,Sucesso,173,638,0
BLD-C01-P03-004865,C01-P03,2026-02-13 13:11:04,Sucesso,188,412,1
BLD-C01-P03-004866,C01-P03,2026-02-18 17:43:05,Sucesso,296,244,0
BLD-C01-P03-004867,C01-P03,2026-02-07 07:37:30,Sucesso,477,372,0
BLD-C01-P03-004868,C01-P03,2026-02-23 07:36:20,Sucesso,205,459,0
BLD-C01-P03-004869,C01-P03,2026-02-14 19:48:02,Sucesso,244,206,0
BLD-C01-P03-004870,C01-P03,2026-02-08 17:28:23,Sucesso,551,283,0
BLD-C01-P03-004871,C01-P03,2026-02-05 14:33:11,Falha,630,456,16
BLD-C01-P03-004872,C01-P03,2026-02-11 20:03:57,Sucesso,248,394,0
BLD-C01-P03-004873,C01-P03,2026-02-28 12:25:01,Sucesso,206,489,0
BLD-C01-P03-004874,C01-P03,2026-02-28 20:56:53,Sucesso,241,291,1
BLD-C01-P03-004875,C01-P03,2026-02-18 16:54:45,Sucesso,161,214,0
BLD-C01-P03-004876,C01-P03,2026-02-23 16:33:13,Sucesso,216,179,0
BLD-C01-P03-004877,C01-P03,2026-02-04 07:55:35,Sucesso,533,156,0
BLD-C01-P03-004878,C01-P03,2026-02-14 17:07:22,Sucesso,284,370,0
BLD-C01-P03-004879,C01-P03,2026-02-27 13:01:23,Sucesso,526,154,0
BLD-C01-P03-004880,C01-P03,2026-02-18 16:59:35,Sucesso,509,102,2
BLD-C01-P03-004881,C01-P03,2026-02-04 09:10:41,Falha,297,622,12
BLD-C01-P03-004882,C01-P03,2026-02-18 14:11:29,Sucesso,233,156,0
BLD-C01-P03-004883,C01-P03,2026-02-25 14:25:09,Sucesso,238,338,0
BLD-C01-P03-004884,C01-P03,2026-02-07 11:51:43,Sucesso,376,464,0
BLD-C01-P03-004885,C01-P03,2026-02-27 11:14:44,Sucesso,513,10,0
BLD-C01-P03-004886,C01-P03,2026-02-25 17:41:35,Sucesso,581,22,0
BLD-C01-P03-004887,C01-P03,2026-02-27 15:50:33,Sucesso,321,506,0
BLD-C01-P03-004888,C01-P03,2026-02-25 17:22:29,Sucesso,92,288,0
BLD-C01-P03-004889,C01-P03,2026-02-19 08:08:29,Sucesso,353,359,0
BLD-C01-P03-004890,C01-P03,2026-02-18 19:16:44,Sucesso,354,176,0
BLD-C01-P03-004891,C01-P03,2026-02-01 13:05:46,Sucesso,85,230,0
BLD-C01-P03-004892,C01-P03,2026-02-11 09:27:49,Sucesso,524,552,0
BLD-C01-P03-004893,C01-P03,2026-02-22 21:13:51,Sucesso,26,231,0
BLD-C01-P03-004894,C01-P03,2026-02-21 17:14:43,Sucesso,360,373,0
BLD-C01-P03-004895,C01-P03,2026-02-19 11:14:25,Sucesso,181,289,0
BLD-C01-P03-004896,C01-P03,2026-02-05 18:52:26,Sucesso,269,56,0
BLD-C01-P03-004897,C01-P03,2026-02-09 09:34:50,Sucesso,438,221,0
BLD-C01-P03-004898,C01-P03,2026-02-13 21:49:58,Sucesso,367,377,0
BLD-C01-P03-004899,C01-P03,2026-02-07 16:46:14,Sucesso,522,412,0
BLD-C01-P03-004900,C01-P03,2026-02-13 12:06:21,Sucesso,258,363,0
BLD-C01-P03-004901,C01-P03,2026-02-27 16:19:00,Sucesso,386,275,0
BLD-C01-P03-004902,C01-P03,2026-02-05 19:39:52,Sucesso,402,300,0
BLD-C01-P03-004903,C01-P03,2026-02-03 16:28:24,Sucesso,206,239,0
BLD-C01-P03-004904,C01-P03,2026-02-26 07:20:30,Falha,550,394,19
BLD-C01-P03-004905,C01-P03,2026-02-09 21:22:05,Sucesso,159,840,0
BLD-C01-P03-004906,C01-P03,2026-02-18 11:48:40,Sucesso,127,570,0
BLD-C01-P03-004907,C01-P03,2026-02-19 07:58:25,Sucesso,316,246,0
BLD-C01-P03-004908,C01-P03,2026-02-11 18:54:24,Sucesso,206,626,0
BLD-C01-P03-004909,C01-P03,2026-02-09 17:20:23,Sucesso,565,655,0
BLD-C01-P03-004910,C01-P03,2026-02-20 11:54:17,Sucesso,362,112,1
BLD-C01-P03-004911,C01-P03,2026-02-06 17:20:40,Sucesso,161,382,0
BLD-C01-P03-004912,C01-P03,2026-02-08 21:55:35,Sucesso,356,246,0
BLD-C01-P03-004913,C01-P03,2026-02-06 11:21:28,Sucesso,271,533,0
BLD-C01-P03-004914,C01-P03,2026-02-21 16:03:53,Sucesso,541,497,0
BLD-C01-P03-004915,C01-P03,2026-02-10 10:47:02,Sucesso,546,231,0
BLD-C01-P03-004916,C01-P03,2026-02-03 11:32:01,Falha,20,406,2
BLD-C01-P03-004917,C01-P03,2026-02-18 09:16:11,Sucesso,157,367,0
BLD-C01-P03-004918,C01-P03,2026-02-05 17:54:19,Sucesso,554,232,0
BLD-C01-P03-004919,C01-P03,2026-02-09 13:09:56,Sucesso,435,245,0
BLD-C01-P03-004920,C01-P03,2026-02-04 07:55:00,Sucesso,299,310,0
BLD-C01-P03-004921,C01-P03,2026-02-03 13:46:41,Sucesso,476,298,0
BLD-C01-P03-004922,C01-P03,2026-02-14 10:41:02,Falha,331,843,3
BLD-C01-P03-004923,C01-P03,2026-02-09 21:59:45,Sucesso,183,828,0
BLD-C01-P03-004924,C01-P03,2026-02-24 17:13:56,Sucesso,513,237,0
BLD-C01-P03-004925,C01-P03,2026-02-24 07:45:07,Sucesso,190,179,0
BLD-C01-P03-004926,C01-P03,2026-02-25 09:48:34,Falha,656,423,9
BLD-C01-P03-004927,C01-P03,2026-02-21 11:09:38,Sucesso,361,337,0
BLD-C01-P03-004928,C01-P03,2026-02-14 20:23:56,Sucesso,544,534,0
BLD-C01-P03-004929,C01-P03,2026-02-15 10:07:39,Sucesso,377,708,0
BLD-C01-P03-004930,C01-P03,2026-02-11 07:26:59,Sucesso,187,207,0
BLD-C01-P03-004931,C01-P03,2026-02-26 17:06:48,Falha,368,446,14
BLD-C01-P03-004932,C01-P03,2026-02-27 17:34:25,Sucesso,246,427,2
BLD-C01-P03-004933,C01-P03,2026-02-03 11:10:00,Sucesso,250,19,0
BLD-C01-P03-004934,C01-P03,2026-02-11 08:54:16,Sucesso,400,345,0
BLD-C01-P03-004935,C01-P03,2026-02-14 09:30:49,Falha,252,357,9
BLD-C01-P03-004936,C01-P03,2026-02-17 07:59:09,Sucesso,328,375,0
BLD-C01-P03-004937,C01-P03,2026-02-27 10:44:14,Sucesso,487,437,0
BLD-C01-P03-004938,C01-P03,2026-02-07 13:24:49,Sucesso,198,128,0
BLD-C01-P03-004939,C01-P03,2026-02-16 07:29:46,Sucesso,370,209,0
BLD-C01-P03-004940,C01-P03,2026-02-28 17:52:17,Sucesso,363,643,0
BLD-C01-P03-004941,C01-P03,2026-02-26 19:55:53,Sucesso,310,159,0
BLD-C01-P03-004942,C01-P03,2026-02-05 09:06:28,Sucesso,233,150,0
BLD-C01-P03-004943,C01-P03,2026-02-18 10:32:23,Sucesso,368,543,0
BLD-C01-P03-004944,C01-P03,2026-02-15 19:47:20,Sucesso,173,654,0
BLD-C01-P03-004945,C01-P03,2026-02-22 20:54:53,Sucesso,513,325,0
BLD-C01-P03-004946,C01-P03,2026-02-14 11:04:38,Sucesso,490,233,0
BLD-C01-P03-004947,C01-P03,2026-02-20 11:56:26,Sucesso,354,142,0
BLD-C01-P03-004948,C01-P03,2026-02-26 12:03:37,Sucesso,118,141,0
BLD-C01-P03-004949,C01-P03,2026-02-07 13:11:50,Sucesso,69,217,0
BLD-C01-P03-004950,C01-P03,2026-02-15 18:34:44,Sucesso,344,534,2
BLD-C01-P03-004951,C01-P03,2026-02-04 18:18:14,Sucesso,410,581,0
BLD-C01-P03-004952,C01-P03,2026-02-07 17:43:53,Sucesso,414,297,0
BLD-C01-P03-004953,C01-P03,2026-02-10 14:59:49,Sucesso,279,661,0
BLD-C01-P03-004954,C01-P03,2026-02-16 14:00:33,Falha,185,470,4
BLD-C01-P03-004955,C01-P03,2026-02-02 20:30:08,Sucesso,20,480,0
BLD-C01-P03-004956,C01-P03,2026-02-01 16:39:31,Sucesso,24,10,0
BLD-C01-P03-004957,C01-P03,2026-02-19 20:41:56,Falha,253,338,4
BLD-C01-P03-004958,C01-P03,2026-02-05 12:01:02,Sucesso,238,430,0
BLD-C01-P03-004959,C01-P03,2026-02-10 14:07:37,Falha,120,540,3
BLD-C01-P03-004960,C01-P03,2026-02-18 14:28:39,Sucesso,341,249,0
BLD-C01-P03-004961,C01-P03,2026-02-25 08:44:11,Sucesso,333,710,0
BLD-C01-P03-004962,C01-P03,2026-02-06 10:34:30,Sucesso,307,633,0
BLD-C01-P03-004963,C01-P03,2026-02-10 20:24:58,Falha,313,10,10
BLD-C01-P03-004964,C01-P03,2026-02-03 16:20:00,Sucesso,473,792,0
BLD-C01-P03-004965,C01-P03,2026-02-11 10:30:33,Sucesso,316,588,0
BLD-C01-P03-004966,C01-P03,2026-02-09 19:31:23,Sucesso,454,394,0
BLD-C01-P03-004967,C01-P03,2026-02-02 13:48:00,Sucesso,474,500,0
BLD-C01-P03-004968,C01-P03,2026-02-17 13:29:20,Sucesso,384,246,0
BLD-C01-P03-004969,C01-P03,2026-02-13 10:13:34,Sucesso,399,437,0
BLD-C01-P03-004970,C01-P03,2026-03-29 08:54:52,Sucesso,390,478,0
BLD-C01-P03-004971,C01-P03,2026-03-04 08:42:42,Sucesso,422,281,0
BLD-C01-P03-004972,C01-P03,2026-03-01 13:42:58,Sucesso,365,376,0
BLD-C01-P03-004973,C01-P03,2026-03-28 18:14:40,Sucesso,270,275,0
BLD-C01-P03-004974,C01-P03,2026-03-31 17:02:19,Sucesso,499,539,0
BLD-C01-P03-004975,C01-P03,2026-03-21 15:16:29,Sucesso,161,197,0
BLD-C01-P03-004976,C01-P03,2026-03-28 15:50:30,Sucesso,177,43,0
BLD-C01-P03-004977,C01-P03,2026-03-17 21:31:42,Sucesso,331,370,0
BLD-C01-P03-004978,C01-P03,2026-03-11 11:16:28,Sucesso,50,542,0
BLD-C01-P03-004979,C01-P03,2026-03-25 16:50:28,Sucesso,422,348,0
BLD-C01-P03-004980,C01-P03,2026-03-16 21:36:35,Sucesso,209,566,0
BLD-C01-P03-004981,C01-P03,2026-03-27 11:02:14,Sucesso,239,149,0
BLD-C01-P03-004982,C01-P03,2026-03-25 20:26:50,Falha,442,253,3
BLD-C01-P03-004983,C01-P03,2026-03-29 17:29:49,Sucesso,308,620,0
BLD-C01-P03-004984,C01-P03,2026-03-20 13:30:12,Sucesso,649,512,0
BLD-C01-P03-004985,C01-P03,2026-03-09 15:46:51,Sucesso,346,519,0
BLD-C01-P03-004986,C01-P03,2026-03-24 10:57:37,Sucesso,277,301,0
BLD-C01-P03-004987,C01-P03,2026-03-25 17:47:37,Sucesso,337,413,0
BLD-C01-P03-004988,C01-P03,2026-03-09 14:10:09,Sucesso,626,246,0
BLD-C01-P03-004989,C01-P03,2026-03-28 07:21:12,Sucesso,97,370,0
BLD-C01-P03-004990,C01-P03,2026-03-22 19:40:02,Sucesso,156,211,0
BLD-C01-P03-004991,C01-P03,2026-03-04 08:13:54,Sucesso,61,322,0
BLD-C01-P03-004992,C01-P03,2026-03-10 15:43:06,Falha,437,680,3
BLD-C01-P03-004993,C01-P03,2026-03-16 14:22:54,Falha,190,235,7
BLD-C01-P03-004994,C01-P03,2026-03-12 08:02:56,Sucesso,369,728,0
BLD-C01-P03-004995,C01-P03,2026-03-20 17:42:58,Sucesso,356,737,0
BLD-C01-P03-004996,C01-P03,2026-03-05 13:38:47,Sucesso,585,931,0
BLD-C01-P03-004997,C01-P03,2026-03-10 17:58:47,Sucesso,496,619,0
BLD-C01-P03-004998,C01-P03,2026-03-09 16:56:59,Sucesso,199,360,0
BLD-C01-P03-004999,C01-P03,2026-03-14 18:56:59,Sucesso,306,80,0
BLD-C01-P03-005000,C01-P03,2026-03-19 15:19:27,Sucesso,252,255,0
BLD-C01-P03-005001,C01-P03,2026-03-03 15:05:54,Falha,466,656,3
BLD-C01-P03-005002,C01-P03,2026-03-19 08:32:39,Sucesso,411,94,0
BLD-C01-P03-005003,C01-P03,2026-03-17 10:37:05,Sucesso,497,247,1
BLD-C01-P03-005004,C01-P03,2026-03-30 09:03:13,Sucesso,228,267,0
BLD-C01-P03-005005,C01-P03,2026-03-16 09:45:54,Sucesso,20,477,0
BLD-C01-P03-005006,C01-P03,2026-03-13 14:03:34,Sucesso,478,398,0
BLD-C01-P03-005007,C01-P03,2026-03-16 08:15:19,Sucesso,114,472,0
BLD-C01-P03-005008,C01-P03,2026-03-22 11:08:03,Sucesso,251,443,0
BLD-C01-P03-005009,C01-P03,2026-03-19 15:06:25,Sucesso,361,399,0
BLD-C01-P03-005010,C01-P03,2026-03-29 10:33:12,Sucesso,118,506,0
BLD-C01-P03-005011,C01-P03,2026-03-05 16:26:53,Sucesso,501,347,0
BLD-C01-P03-005012,C01-P03,2026-03-21 09:42:50,Sucesso,358,372,0
BLD-C01-P03-005013,C01-P03,2026-03-29 17:43:15,Sucesso,417,338,0
BLD-C01-P03-005014,C01-P03,2026-03-09 07:10:20,Sucesso,594,630,0
BLD-C01-P03-005015,C01-P03,2026-03-05 14:15:45,Sucesso,384,318,0
BLD-C01-P03-005016,C01-P03,2026-03-09 09:20:46,Sucesso,430,586,0
BLD-C01-P03-005017,C01-P03,2026-03-13 17:05:15,Sucesso,560,637,0
BLD-C01-P03-005018,C01-P03,2026-03-31 15:47:05,Falha,351,532,1
BLD-C01-P03-005019,C01-P03,2026-03-07 10:03:27,Sucesso,492,415,1
BLD-C01-P03-005020,C01-P03,2026-03-27 09:18:13,Falha,677,228,1
BLD-C01-P03-005021,C01-P03,2026-03-06 13:44:37,Sucesso,707,371,1
BLD-C01-P03-005022,C01-P03,2026-03-18 07:26:34,Sucesso,499,594,0
BLD-C01-P03-005023,C01-P03,2026-03-08 13:08:59,Falha,376,404,1
BLD-C01-P03-005024,C01-P03,2026-03-19 20:50:28,Sucesso,442,405,1
BLD-C01-P03-005025,C01-P03,2026-03-28 09:04:00,Falha,84,643,13
BLD-C01-P03-005026,C01-P03,2026-03-07 08:04:52,Sucesso,388,342,0
BLD-C01-P03-005027,C01-P03,2026-03-16 15:05:38,Sucesso,319,308,0
BLD-C01-P03-005028,C01-P03,2026-03-02 17:05:39,Falha,352,519,5
BLD-C01-P03-005029,C01-P03,2026-03-01 11:12:30,Sucesso,297,371,0
BLD-C01-P03-005030,C01-P03,2026-03-05 11:35:02,Falha,536,462,4
BLD-C01-P03-005031,C01-P03,2026-03-02 13:42:24,Falha,96,321,4
BLD-C01-P03-005032,C01-P03,2026-03-06 19:12:11,Sucesso,374,567,0
BLD-C01-P03-005033,C01-P03,2026-03-14 12:58:28,Sucesso,502,631,0
BLD-C01-P03-005034,C01-P03,2026-03-12 18:47:57,Sucesso,617,271,0
BLD-C01-P03-005035,C01-P03,2026-03-27 07:28:35,Sucesso,282,273,0
BLD-C01-P03-005036,C01-P03,2026-03-15 07:47:04,Falha,266,629,12
BLD-C01-P03-005037,C01-P03,2026-03-16 09:48:35,Sucesso,377,465,0
BLD-C01-P03-005038,C01-P03,2026-03-14 08:49:40,Falha,39,431,7
BLD-C01-P03-005039,C01-P03,2026-03-14 13:29:38,Sucesso,231,669,0
BLD-C01-P03-005040,C01-P03,2026-03-29 21:19:50,Sucesso,416,293,0
BLD-C01-P03-005041,C01-P03,2026-03-10 12:18:49,Sucesso,413,490,0
BLD-C01-P03-005042,C01-P03,2026-03-26 19:42:11,Sucesso,525,299,0
BLD-C01-P03-005043,C01-P03,2026-03-13 08:30:31,Sucesso,394,422,0
BLD-C01-P03-005044,C01-P03,2026-03-23 11:13:56,Falha,121,684,8
BLD-C01-P03-005045,C01-P03,2026-03-24 10:41:57,Sucesso,280,647,0
BLD-C01-P03-005046,C01-P03,2026-03-19 11:06:10,Sucesso,116,611,0
BLD-C01-P03-005047,C01-P03,2026-03-20 19:36:18,Sucesso,204,338,0
BLD-C01-P03-005048,C01-P03,2026-03-05 14:53:00,Sucesso,498,45,0
BLD-C01-P03-005049,C01-P03,2026-03-04 16:12:14,Sucesso,347,201,0
BLD-C01-P03-005050,C01-P03,2026-03-23 14:25:20,Falha,174,88,4
BLD-C01-P03-005051,C01-P03,2026-03-30 19:55:41,Sucesso,79,276,0
BLD-C01-P03-005052,C01-P03,2026-03-29 19:38:01,Sucesso,198,451,0
BLD-C01-P03-005053,C01-P03,2026-03-08 18:09:58,Sucesso,143,383,0
BLD-C01-P03-005054,C01-P03,2026-03-29 12:21:48,Sucesso,408,384,3
BLD-C01-P03-005055,C01-P03,2026-03-28 17:38:23,Sucesso,65,251,0
BLD-C01-P03-005056,C01-P03,2026-03-23 11:46:32,Sucesso,361,182,0
BLD-C01-P03-005057,C01-P03,2026-03-27 10:32:47,Falha,400,478,4
BLD-C01-P03-005058,C01-P03,2026-03-16 08:32:45,Sucesso,333,595,0
BLD-C01-P03-005059,C01-P03,2026-03-13 15:05:38,Sucesso,202,774,0
BLD-C01-P03-005060,C01-P03,2026-03-28 18:37:32,Sucesso,570,10,0
BLD-C01-P03-005061,C01-P03,2026-03-05 21:24:09,Sucesso,358,227,0
BLD-C01-P03-005062,C01-P03,2026-03-20 12:34:04,Falha,257,10,2
BLD-C01-P03-005063,C01-P03,2026-03-10 10:07:22,Sucesso,214,357,0
BLD-C01-P03-005064,C01-P03,2026-03-03 16:54:10,Sucesso,564,868,0
BLD-C01-P03-005065,C01-P03,2026-03-05 18:55:59,Sucesso,260,331,0
BLD-C01-P03-005066,C01-P03,2026-03-27 16:14:35,Sucesso,287,421,0
BLD-C01-P03-005067,C01-P03,2026-03-05 17:02:44,Sucesso,36,111,0
BLD-C01-P03-005068,C01-P03,2026-03-23 11:24:36,Sucesso,174,211,0
BLD-C01-P03-005069,C01-P03,2026-03-06 07:14:48,Falha,583,157,9
BLD-C01-P03-005070,C01-P03,2026-03-25 11:13:11,Sucesso,55,489,0
BLD-C01-P03-005071,C01-P03,2026-03-01 13:13:19,Sucesso,506,440,0
BLD-C01-P03-005072,C01-P03,2026-03-27 15:20:58,Sucesso,318,476,0
BLD-C01-P03-005073,C01-P03,2026-03-26 09:56:24,Sucesso,262,378,0
BLD-C01-P03-005074,C01-P03,2026-03-21 14:59:14,Sucesso,387,560,0
BLD-C01-P03-005075,C01-P03,2026-03-19 20:55:00,Sucesso,347,190,0
BLD-C01-P03-005076,C01-P03,2026-03-31 15:26:44,Sucesso,398,135,0
BLD-C01-P03-005077,C01-P03,2026-03-08 07:06:45,Sucesso,319,671,0
BLD-C01-P03-005078,C01-P03,2026-03-16 14:36:59,Falha,326,331,12
BLD-C01-P03-005079,C01-P03,2026-03-11 10:00:29,Sucesso,184,271,0
BLD-C01-P03-005080,C01-P03,2026-03-23 17:51:56,Sucesso,347,225,0
BLD-C01-P03-005081,C01-P03,2026-03-05 07:06:18,Sucesso,287,397,0
BLD-C01-P03-005082,C01-P03,2026-03-13 09:55:44,Sucesso,452,560,0
BLD-C01-P03-005083,C01-P03,2026-03-12 15:11:50,Sucesso,517,10,0
BLD-C01-P03-005084,C01-P03,2026-03-21 13:40:26,Sucesso,108,283,0
BLD-C01-P03-005085,C01-P03,2026-03-19 08:36:35,Sucesso,392,62,0
BLD-C01-P03-005086,C01-P03,2026-03-13 14:22:17,Sucesso,20,173,0
BLD-C01-P03-005087,C01-P03,2026-03-02 09:19:32,Sucesso,618,504,3
BLD-C01-P03-005088,C01-P03,2026-03-19 12:11:04,Falha,20,566,1
BLD-C01-P03-005089,C01-P03,2026-03-10 20:39:58,Sucesso,294,587,0
BLD-C01-P03-005090,C01-P03,2026-03-27 08:58:01,Sucesso,330,333,0
BLD-C01-P03-005091,C01-P03,2026-03-31 16:53:53,Sucesso,169,65,0
BLD-C01-P03-005092,C01-P03,2026-03-29 18:25:03,Sucesso,342,421,0
BLD-C01-P03-005093,C01-P03,2026-03-24 14:27:16,Sucesso,426,10,0
BLD-C01-P03-005094,C01-P03,2026-03-03 19:40:01,Sucesso,372,40,0
BLD-C01-P03-005095,C01-P03,2026-03-10 16:42:01,Sucesso,290,544,0
BLD-C01-P03-005096,C01-P03,2026-03-29 09:57:40,Sucesso,208,723,0
BLD-C01-P03-005097,C01-P03,2026-03-09 14:04:58,Sucesso,462,502,0
BLD-C01-P03-005098,C01-P03,2026-03-20 15:07:25,Sucesso,409,378,0
BLD-C01-P03-005099,C01-P03,2026-03-05 17:36:36,Falha,242,270,3
BLD-C01-P03-005100,C01-P03,2026-03-05 12:49:59,Sucesso,470,707,0
BLD-C01-P03-005101,C01-P03,2026-03-30 14:35:30,Sucesso,54,10,0
BLD-C01-P03-005102,C01-P03,2026-03-19 20:18:15,Falha,416,693,11
BLD-C01-P03-005103,C01-P03,2026-03-15 07:35:33,Sucesso,499,265,0
BLD-C01-P03-005104,C01-P03,2026-03-22 13:14:53,Sucesso,279,397,0
BLD-C01-P03-005105,C01-P03,2026-03-05 07:10:06,Sucesso,392,341,0
BLD-C01-P03-005106,C01-P03,2026-03-16 16:41:27,Sucesso,170,10,0
BLD-C01-P03-005107,C01-P03,2026-03-04 19:34:12,Sucesso,337,605,0
BLD-C01-P03-005108,C01-P03,2026-03-24 17:29:26,Falha,425,414,5
BLD-C01-P03-005109,C01-P03,2026-03-27 18:36:22,Falha,239,883,14
BLD-C01-P03-005110,C01-P03,2026-03-12 12:03:27,Sucesso,683,10,0
BLD-C01-P03-005111,C01-P03,2026-03-02 14:10:27,Sucesso,463,442,0
BLD-C01-P03-005112,C01-P03,2026-03-29 09:12:04,Sucesso,249,543,0
BLD-C01-P03-005113,C01-P03,2026-03-29 16:18:26,Sucesso,470,239,0
BLD-C01-P03-005114,C01-P03,2026-03-06 07:54:33,Sucesso,248,198,0
BLD-C01-P03-005115,C01-P03,2026-03-30 14:53:38,Falha,419,736,6
BLD-C01-P03-005116,C01-P03,2026-03-08 07:34:34,Sucesso,330,523,0
BLD-C01-P03-005117,C01-P03,2026-03-23 17:10:07,Falha,390,114,2
BLD-C01-P03-005118,C01-P03,2026-03-13 09:00:43,Sucesso,138,1042,0
BLD-C01-P03-005119,C01-P03,2026-03-31 08:33:48,Falha,305,574,3
BLD-C01-P03-005120,C01-P03,2026-03-31 16:53:11,Sucesso,313,171,0
BLD-C01-P03-005121,C01-P03,2026-03-18 18:05:29,Falha,20,396,4
BLD-C01-P03-005122,C01-P03,2026-03-28 16:33:04,Falha,530,251,8
BLD-C01-P03-005123,C01-P03,2026-03-29 16:30:45,Sucesso,473,776,0
BLD-C01-P03-005124,C01-P03,2026-03-17 08:44:35,Sucesso,524,696,0
BLD-C01-P03-005125,C01-P03,2026-03-21 11:32:59,Sucesso,341,29,0
BLD-C01-P03-005126,C01-P03,2026-03-13 11:31:00,Falha,191,526,3
BLD-C01-P03-005127,C01-P03,2026-03-30 10:46:02,Sucesso,458,568,0
BLD-C01-P03-005128,C01-P03,2026-03-02 08:33:15,Sucesso,484,512,0
BLD-C01-P03-005129,C01-P03,2026-03-28 10:13:48,Sucesso,224,187,0
BLD-C01-P03-005130,C01-P03,2026-04-22 18:49:32,Sucesso,382,295,0
BLD-C01-P03-005131,C01-P03,2026-04-03 18:49:04,Sucesso,245,551,1
BLD-C01-P03-005132,C01-P03,2026-04-28 11:23:08,Sucesso,341,271,0
BLD-C01-P03-005133,C01-P03,2026-04-05 10:15:21,Sucesso,386,573,0
BLD-C01-P03-005134,C01-P03,2026-04-12 09:46:35,Sucesso,462,552,0
BLD-C01-P03-005135,C01-P03,2026-04-17 17:49:36,Sucesso,20,315,1
BLD-C01-P03-005136,C01-P03,2026-04-25 17:58:01,Sucesso,237,318,0
BLD-C01-P03-005137,C01-P03,2026-04-21 20:34:39,Sucesso,194,300,0
BLD-C01-P03-005138,C01-P03,2026-04-12 11:22:50,Sucesso,555,710,0
BLD-C01-P03-005139,C01-P03,2026-04-09 12:44:47,Sucesso,268,484,0
BLD-C01-P03-005140,C01-P03,2026-04-24 09:34:20,Falha,503,436,4
BLD-C01-P03-005141,C01-P03,2026-04-16 20:10:31,Sucesso,554,587,0
BLD-C01-P03-005142,C01-P03,2026-04-26 14:56:33,Sucesso,567,703,0
BLD-C01-P03-005143,C01-P03,2026-04-25 15:09:59,Sucesso,542,111,0
BLD-C01-P03-005144,C01-P03,2026-04-04 12:07:18,Falha,387,432,17
BLD-C01-P03-005145,C01-P03,2026-04-23 19:18:16,Falha,481,210,15
BLD-C01-P03-005146,C01-P03,2026-04-14 10:41:42,Sucesso,310,580,0
BLD-C01-P03-005147,C01-P03,2026-04-27 09:17:49,Sucesso,374,481,0
BLD-C01-P03-005148,C01-P03,2026-04-16 17:46:40,Falha,383,431,2
BLD-C01-P03-005149,C01-P03,2026-04-13 08:38:41,Sucesso,233,419,0
BLD-C01-P03-005150,C01-P03,2026-04-08 17:13:47,Sucesso,330,607,0
BLD-C01-P03-005151,C01-P03,2026-04-27 19:39:17,Sucesso,313,136,0
BLD-C01-P03-005152,C01-P03,2026-04-11 09:01:48,Sucesso,332,536,0
BLD-C01-P03-005153,C01-P03,2026-04-24 09:15:06,Sucesso,222,291,0
BLD-C01-P03-005154,C01-P03,2026-04-19 15:59:59,Sucesso,397,461,0
BLD-C01-P03-005155,C01-P03,2026-04-08 15:44:57,Sucesso,624,360,0
BLD-C01-P03-005156,C01-P03,2026-04-24 07:00:28,Sucesso,393,247,0
BLD-C01-P03-005157,C01-P03,2026-04-19 12:12:27,Sucesso,425,40,0
BLD-C01-P03-005158,C01-P03,2026-04-28 13:42:26,Sucesso,282,10,0
BLD-C01-P03-005159,C01-P03,2026-04-30 18:29:43,Sucesso,213,454,0
BLD-C01-P03-005160,C01-P03,2026-04-03 13:28:32,Sucesso,269,603,0
BLD-C01-P03-005161,C01-P03,2026-04-24 11:10:17,Falha,238,469,11
BLD-C01-P03-005162,C01-P03,2026-04-01 07:07:24,Sucesso,300,494,0
BLD-C01-P03-005163,C01-P03,2026-04-03 11:37:27,Sucesso,475,362,0
BLD-C01-P03-005164,C01-P03,2026-04-12 08:25:18,Sucesso,81,346,0
BLD-C01-P03-005165,C01-P03,2026-04-29 09:55:21,Sucesso,130,366,1
BLD-C01-P03-005166,C01-P03,2026-04-25 18:43:25,Sucesso,231,361,0
BLD-C01-P03-005167,C01-P03,2026-04-25 09:27:31,Sucesso,328,454,0
BLD-C01-P03-005168,C01-P03,2026-04-21 21:43:37,Sucesso,774,634,0
BLD-C01-P03-005169,C01-P03,2026-04-24 08:44:56,Sucesso,432,200,0
BLD-C01-P03-005170,C01-P03,2026-04-14 18:11:46,Falha,317,323,2
BLD-C01-P03-005171,C01-P03,2026-04-09 20:31:42,Falha,480,652,3
BLD-C01-P03-005172,C01-P03,2026-04-21 13:39:21,Sucesso,339,224,0
BLD-C01-P03-005173,C01-P03,2026-04-08 17:12:08,Sucesso,349,275,0
BLD-C01-P03-005174,C01-P03,2026-04-07 18:07:46,Sucesso,285,109,0
BLD-C01-P03-005175,C01-P03,2026-04-19 12:19:20,Sucesso,220,303,0
BLD-C01-P03-005176,C01-P03,2026-04-17 08:52:18,Sucesso,311,540,0
BLD-C01-P03-005177,C01-P03,2026-04-16 07:11:20,Sucesso,333,238,0
BLD-C01-P03-005178,C01-P03,2026-04-24 15:34:26,Sucesso,154,504,0
BLD-C01-P03-005179,C01-P03,2026-04-10 20:04:41,Sucesso,20,384,0
BLD-C01-P03-005180,C01-P03,2026-04-24 12:11:01,Sucesso,168,623,0
BLD-C01-P03-005181,C01-P03,2026-04-29 11:14:50,Falha,279,31,31
BLD-C01-P03-005182,C01-P03,2026-04-10 08:42:01,Sucesso,398,32,0
BLD-C01-P03-005183,C01-P03,2026-04-12 11:51:10,Sucesso,461,247,0
BLD-C01-P03-005184,C01-P03,2026-04-14 17:22:04,Falha,390,237,10
BLD-C01-P03-005185,C01-P03,2026-04-24 10:13:06,Sucesso,350,509,0
BLD-C01-P03-005186,C01-P03,2026-04-08 13:30:21,Sucesso,174,177,3
BLD-C01-P03-005187,C01-P03,2026-04-22 21:59:26,Sucesso,465,39,0
BLD-C01-P03-005188,C01-P03,2026-04-29 13:09:29,Sucesso,362,578,0
BLD-C01-P03-005189,C01-P03,2026-04-04 14:44:26,Sucesso,238,475,0
BLD-C01-P03-005190,C01-P03,2026-04-08 16:46:04,Sucesso,163,199,0
BLD-C01-P03-005191,C01-P03,2026-04-27 17:06:37,Sucesso,353,285,0
BLD-C01-P03-005192,C01-P03,2026-04-13 19:17:07,Sucesso,522,79,0
BLD-C01-P03-005193,C01-P03,2026-04-10 19:47:26,Sucesso,438,402,0
BLD-C01-P03-005194,C01-P03,2026-04-07 10:51:18,Sucesso,325,345,0
BLD-C01-P03-005195,C01-P03,2026-04-09 14:45:15,Falha,401,10,1
BLD-C01-P03-005196,C01-P03,2026-04-20 11:16:37,Sucesso,490,443,0
BLD-C01-P03-005197,C01-P03,2026-04-22 10:00:12,Falha,193,280,10
BLD-C01-P03-005198,C01-P03,2026-04-27 12:30:44,Sucesso,310,752,0
BLD-C01-P03-005199,C01-P03,2026-04-17 20:58:16,Sucesso,676,156,1
BLD-C01-P03-005200,C01-P03,2026-04-14 15:04:41,Sucesso,158,566,0
BLD-C01-P03-005201,C01-P03,2026-04-14 15:41:02,Sucesso,460,598,0
BLD-C01-P03-005202,C01-P03,2026-04-30 20:45:12,Sucesso,165,146,0
BLD-C01-P03-005203,C01-P03,2026-04-15 13:04:07,Sucesso,144,484,2
BLD-C01-P03-005204,C01-P03,2026-04-07 17:52:49,Sucesso,196,482,0
BLD-C01-P03-005205,C01-P03,2026-04-13 16:34:02,Sucesso,306,412,0
BLD-C01-P03-005206,C01-P03,2026-04-27 07:04:06,Falha,283,295,6
BLD-C01-P03-005207,C01-P03,2026-04-01 09:56:44,Sucesso,421,472,0
BLD-C01-P03-005208,C01-P03,2026-04-05 14:01:57,Sucesso,494,411,0
BLD-C01-P03-005209,C01-P03,2026-04-29 10:16:29,Sucesso,162,365,0
BLD-C01-P03-005210,C01-P03,2026-04-24 09:29:07,Sucesso,366,395,0
BLD-C01-P03-005211,C01-P03,2026-04-15 13:47:53,Sucesso,403,277,0
BLD-C01-P03-005212,C01-P03,2026-04-09 11:52:40,Sucesso,257,410,0
BLD-C01-P03-005213,C01-P03,2026-04-21 16:13:38,Sucesso,257,231,0
BLD-C01-P03-005214,C01-P03,2026-04-25 09:08:35,Sucesso,158,571,0
BLD-C01-P03-005215,C01-P03,2026-04-10 18:13:00,Sucesso,339,350,0
BLD-C01-P03-005216,C01-P03,2026-04-12 15:59:41,Sucesso,314,574,0
BLD-C01-P03-005217,C01-P03,2026-04-01 21:58:56,Sucesso,437,374,0
BLD-C01-P03-005218,C01-P03,2026-04-01 11:25:02,Sucesso,378,76,0
BLD-C01-P03-005219,C01-P03,2026-04-12 17:12:19,Sucesso,317,173,0
BLD-C01-P03-005220,C01-P03,2026-04-24 21:35:06,Sucesso,333,212,0
BLD-C01-P03-005221,C01-P03,2026-04-03 13:48:53,Sucesso,265,183,0
BLD-C01-P03-005222,C01-P03,2026-04-29 09:44:29,Sucesso,286,753,0
BLD-C01-P03-005223,C01-P03,2026-04-30 11:29:25,Sucesso,350,422,0
BLD-C01-P03-005224,C01-P03,2026-04-08 14:46:32,Sucesso,266,473,0
BLD-C01-P03-005225,C01-P03,2026-04-28 09:11:20,Falha,250,318,3
BLD-C01-P03-005226,C01-P03,2026-04-12 11:52:24,Sucesso,137,238,0
BLD-C01-P03-005227,C01-P03,2026-04-05 10:06:44,Sucesso,383,446,0
BLD-C01-P03-005228,C01-P03,2026-04-26 07:57:46,Falha,418,413,4
BLD-C01-P03-005229,C01-P03,2026-04-21 18:05:55,Sucesso,440,34,0
BLD-C01-P03-005230,C01-P03,2026-04-13 09:05:45,Sucesso,311,374,0
BLD-C01-P03-005231,C01-P03,2026-04-11 19:28:00,Sucesso,503,217,0
BLD-C01-P03-005232,C01-P03,2026-04-14 13:25:05,Sucesso,539,261,0
BLD-C01-P03-005233,C01-P03,2026-04-24 15:00:43,Falha,453,10,1
BLD-C01-P03-005234,C01-P03,2026-04-22 08:58:53,Sucesso,424,672,1
BLD-C01-P03-005235,C01-P03,2026-04-24 15:33:45,Sucesso,570,416,0
BLD-C01-P03-005236,C01-P03,2026-04-22 15:20:52,Sucesso,189,345,0
BLD-C01-P03-005237,C01-P03,2026-04-03 19:37:18,Sucesso,365,664,0
BLD-C01-P03-005238,C01-P03,2026-04-11 09:49:07,Falha,288,574,8
BLD-C01-P03-005239,C01-P03,2026-04-18 17:37:53,Sucesso,546,969,0
BLD-C01-P03-005240,C01-P03,2026-04-27 09:22:16,Sucesso,380,707,0
BLD-C01-P03-005241,C01-P03,2026-04-15 14:03:45,Sucesso,20,191,0
BLD-C01-P03-005242,C01-P03,2026-04-14 20:48:51,Sucesso,443,323,0
BLD-C01-P03-005243,C01-P03,2026-04-16 15:32:11,Falha,344,492,1
BLD-C01-P03-005244,C01-P03,2026-04-20 15:18:54,Sucesso,431,863,0
BLD-C01-P03-005245,C01-P03,2026-04-24 13:29:59,Sucesso,356,529,0
BLD-C01-P03-005246,C01-P03,2026-04-15 16:46:44,Falha,185,361,6
BLD-C01-P03-005247,C01-P03,2026-04-16 17:14:41,Sucesso,316,543,0
BLD-C01-P03-005248,C01-P03,2026-04-22 11:39:24,Sucesso,337,222,0
BLD-C01-P03-005249,C01-P03,2026-04-20 18:28:08,Sucesso,291,195,0
BLD-C01-P03-005250,C01-P03,2026-04-08 18:18:00,Sucesso,82,770,0
BLD-C01-P03-005251,C01-P03,2026-04-19 19:25:33,Sucesso,428,470,0
BLD-C01-P03-005252,C01-P03,2026-04-29 08:20:35,Sucesso,58,558,0
BLD-C01-P03-005253,C01-P03,2026-04-28 21:03:29,Sucesso,127,385,0
BLD-C01-P03-005254,C01-P03,2026-04-07 08:16:35,Sucesso,399,626,0
BLD-C01-P03-005255,C01-P03,2026-04-08 20:47:48,Sucesso,302,641,0
BLD-C01-P03-005256,C01-P03,2026-04-30 11:36:21,Sucesso,504,10,0
BLD-C01-P03-005257,C01-P03,2026-04-24 09:57:57,Sucesso,364,810,0
BLD-C01-P03-005258,C01-P03,2026-04-10 21:56:06,Sucesso,654,477,0
BLD-C01-P03-005259,C01-P03,2026-04-17 18:11:38,Sucesso,158,85,0
BLD-C01-P03-005260,C01-P03,2026-04-19 21:24:54,Sucesso,237,177,1
BLD-C01-P03-005261,C01-P03,2026-04-22 18:41:06,Sucesso,226,625,0
BLD-C01-P03-005262,C01-P03,2026-04-02 11:17:24,Sucesso,302,241,0
BLD-C01-P03-005263,C01-P03,2026-04-16 18:24:23,Sucesso,361,371,0
BLD-C01-P03-005264,C01-P03,2026-04-25 20:37:59,Sucesso,244,274,0
BLD-C01-P03-005265,C01-P03,2026-04-05 21:41:22,Sucesso,293,565,0
BLD-C01-P03-005266,C01-P03,2026-04-22 13:40:32,Falha,360,190,8
BLD-C01-P03-005267,C01-P03,2026-04-24 21:25:34,Sucesso,275,35,0
BLD-C01-P03-005268,C01-P03,2026-04-08 17:11:53,Sucesso,537,55,0
BLD-C01-P03-005269,C01-P03,2026-04-18 15:00:07,Sucesso,110,408,0
BLD-C01-P03-005270,C01-P03,2026-05-08 09:32:04,Sucesso,431,334,0
BLD-C01-P03-005271,C01-P03,2026-05-29 21:13:58,Falha,479,384,3
BLD-C01-P03-005272,C01-P03,2026-05-16 19:30:00,Sucesso,95,410,0
BLD-C01-P03-005273,C01-P03,2026-05-30 18:13:48,Sucesso,250,585,0
BLD-C01-P03-005274,C01-P03,2026-05-06 20:39:49,Sucesso,315,478,0
BLD-C01-P03-005275,C01-P03,2026-05-16 17:51:44,Sucesso,390,426,0
BLD-C01-P03-005276,C01-P03,2026-05-27 08:21:26,Sucesso,313,434,0
BLD-C01-P03-005277,C01-P03,2026-05-24 08:42:40,Falha,553,510,1
BLD-C01-P03-005278,C01-P03,2026-05-11 14:41:00,Falha,384,602,10
BLD-C01-P03-005279,C01-P03,2026-05-12 16:41:27,Sucesso,265,120,0
BLD-C01-P03-005280,C01-P03,2026-05-01 15:38:36,Sucesso,94,145,0
BLD-C01-P03-005281,C01-P03,2026-05-22 18:50:06,Sucesso,287,149,0
BLD-C01-P03-005282,C01-P03,2026-05-31 19:58:16,Sucesso,443,440,0
BLD-C01-P03-005283,C01-P03,2026-05-18 16:53:48,Sucesso,186,660,0
BLD-C01-P03-005284,C01-P03,2026-05-14 12:19:23,Sucesso,500,111,0
BLD-C01-P03-005285,C01-P03,2026-05-01 18:17:14,Falha,135,415,8
BLD-C01-P03-005286,C01-P03,2026-05-08 20:19:29,Sucesso,238,160,0
BLD-C01-P03-005287,C01-P03,2026-05-08 08:33:36,Sucesso,198,395,0
BLD-C01-P03-005288,C01-P03,2026-05-14 21:12:35,Sucesso,190,213,0
BLD-C01-P03-005289,C01-P03,2026-05-31 19:54:13,Sucesso,242,606,0
BLD-C01-P03-005290,C01-P03,2026-05-10 07:36:40,Falha,161,411,4
BLD-C01-P03-005291,C01-P03,2026-05-12 11:16:58,Sucesso,174,597,0
BLD-C01-P03-005292,C01-P03,2026-05-27 12:57:23,Sucesso,473,504,0
BLD-C01-P03-005293,C01-P03,2026-05-26 12:38:19,Sucesso,111,109,0
BLD-C01-P03-005294,C01-P03,2026-05-08 14:38:32,Sucesso,622,40,0
BLD-C01-P03-005295,C01-P03,2026-05-29 09:52:44,Sucesso,316,235,0
BLD-C01-P03-005296,C01-P03,2026-05-15 09:22:00,Falha,20,576,2
BLD-C01-P03-005297,C01-P03,2026-05-31 17:48:18,Sucesso,364,565,0
BLD-C01-P03-005298,C01-P03,2026-05-07 15:20:21,Sucesso,233,394,0
BLD-C01-P03-005299,C01-P03,2026-05-23 16:40:56,Sucesso,497,784,0
BLD-C01-P03-005300,C01-P03,2026-05-21 18:12:53,Sucesso,329,594,0
BLD-C01-P03-005301,C01-P03,2026-05-18 17:48:03,Sucesso,212,667,0
BLD-C01-P03-005302,C01-P03,2026-05-10 15:01:44,Sucesso,444,389,0
BLD-C01-P03-005303,C01-P03,2026-05-10 13:00:12,Falha,20,772,3
BLD-C01-P03-005304,C01-P03,2026-05-16 09:53:39,Sucesso,217,500,0
BLD-C01-P03-005305,C01-P03,2026-05-09 21:45:46,Sucesso,470,369,0
BLD-C01-P03-005306,C01-P03,2026-05-06 11:03:07,Sucesso,350,345,0
BLD-C01-P03-005307,C01-P03,2026-05-26 15:04:36,Sucesso,411,275,0
BLD-C01-P03-005308,C01-P03,2026-05-15 12:55:21,Sucesso,397,427,0
BLD-C01-P03-005309,C01-P03,2026-05-21 17:08:10,Sucesso,440,397,0
BLD-C01-P03-005310,C01-P03,2026-05-13 12:56:21,Sucesso,312,570,3
BLD-C01-P03-005311,C01-P03,2026-05-06 17:45:47,Sucesso,376,594,0
BLD-C01-P03-005312,C01-P03,2026-05-30 16:59:41,Sucesso,99,625,0
BLD-C01-P03-005313,C01-P03,2026-05-09 10:40:36,Sucesso,378,663,0
BLD-C01-P03-005314,C01-P03,2026-05-12 10:25:17,Falha,229,409,1
BLD-C01-P03-005315,C01-P03,2026-05-30 14:30:27,Sucesso,181,533,0
BLD-C01-P03-005316,C01-P03,2026-05-09 12:03:31,Sucesso,20,877,2
BLD-C01-P03-005317,C01-P03,2026-05-20 11:49:45,Sucesso,243,382,0
BLD-C01-P03-005318,C01-P03,2026-05-09 07:28:48,Falha,356,606,6
BLD-C01-P03-005319,C01-P03,2026-05-05 17:20:53,Sucesso,460,181,0
BLD-C01-P03-005320,C01-P03,2026-05-20 18:34:14,Sucesso,319,122,0
BLD-C01-P03-005321,C01-P03,2026-05-13 13:49:45,Falha,475,509,1
BLD-C01-P03-005322,C01-P03,2026-05-19 08:58:07,Sucesso,318,19,0
BLD-C01-P03-005323,C01-P03,2026-05-09 20:12:20,Sucesso,409,347,0
BLD-C01-P03-005324,C01-P03,2026-05-27 19:39:28,Sucesso,301,720,0
BLD-C01-P03-005325,C01-P03,2026-05-22 16:33:57,Sucesso,31,144,0
BLD-C01-P03-005326,C01-P03,2026-05-14 15:52:23,Sucesso,327,261,0
BLD-C01-P03-005327,C01-P03,2026-05-05 13:28:13,Sucesso,291,293,0
BLD-C01-P03-005328,C01-P03,2026-05-14 11:14:45,Sucesso,34,226,0
BLD-C01-P03-005329,C01-P03,2026-05-15 15:02:42,Falha,335,385,7
BLD-C01-P03-005330,C01-P03,2026-05-20 16:07:35,Sucesso,315,352,0
BLD-C01-P03-005331,C01-P03,2026-05-06 14:44:52,Sucesso,110,197,0
BLD-C01-P03-005332,C01-P03,2026-05-14 08:57:10,Sucesso,168,295,1
BLD-C01-P03-005333,C01-P03,2026-05-21 13:20:58,Sucesso,512,345,0
BLD-C01-P03-005334,C01-P03,2026-05-15 16:10:52,Sucesso,443,479,0
BLD-C01-P03-005335,C01-P03,2026-05-18 12:19:13,Sucesso,148,599,0
BLD-C01-P03-005336,C01-P03,2026-05-20 12:35:41,Falha,419,594,1
BLD-C01-P03-005337,C01-P03,2026-05-10 08:08:47,Sucesso,331,200,0
BLD-C01-P03-005338,C01-P03,2026-05-12 10:59:01,Sucesso,426,659,0
BLD-C01-P03-005339,C01-P03,2026-05-22 18:01:24,Sucesso,863,496,0
BLD-C01-P03-005340,C01-P03,2026-05-21 08:18:36,Sucesso,561,641,0
BLD-C01-P03-005341,C01-P03,2026-05-31 14:06:55,Sucesso,509,275,0
BLD-C01-P03-005342,C01-P03,2026-05-08 11:47:12,Falha,185,650,7
BLD-C01-P03-005343,C01-P03,2026-05-22 10:31:40,Sucesso,144,496,0
BLD-C01-P03-005344,C01-P03,2026-05-24 20:20:26,Sucesso,226,399,0
BLD-C01-P03-005345,C01-P03,2026-05-19 15:18:37,Sucesso,553,348,0
BLD-C01-P03-005346,C01-P03,2026-05-05 15:30:36,Sucesso,184,324,0
BLD-C01-P03-005347,C01-P03,2026-05-06 13:16:15,Sucesso,418,88,0
BLD-C01-P03-005348,C01-P03,2026-05-12 19:21:44,Sucesso,538,753,0
BLD-C01-P03-005349,C01-P03,2026-05-06 08:20:38,Sucesso,298,361,1
BLD-C01-P03-005350,C01-P03,2026-05-16 14:51:42,Sucesso,415,589,0
BLD-C01-P03-005351,C01-P03,2026-05-23 13:16:05,Sucesso,545,80,0
BLD-C01-P03-005352,C01-P03,2026-05-30 11:26:44,Falha,269,355,6
BLD-C01-P03-005353,C01-P03,2026-05-14 17:48:36,Sucesso,278,681,0
BLD-C01-P03-005354,C01-P03,2026-05-30 08:06:12,Sucesso,408,421,0
BLD-C01-P03-005355,C01-P03,2026-05-25 18:01:01,Sucesso,20,266,0
BLD-C01-P03-005356,C01-P03,2026-05-24 21:07:26,Falha,290,186,6
BLD-C01-P03-005357,C01-P03,2026-05-31 13:41:37,Falha,536,141,3
BLD-C01-P03-005358,C01-P03,2026-05-01 21:47:52,Falha,291,527,3
BLD-C01-P03-005359,C01-P03,2026-05-09 08:11:20,Sucesso,364,10,0
BLD-C01-P03-005360,C01-P03,2026-05-24 09:08:15,Sucesso,305,403,0
BLD-C01-P03-005361,C01-P03,2026-05-11 10:42:33,Sucesso,468,248,0
BLD-C01-P03-005362,C01-P03,2026-05-16 07:40:25,Falha,525,507,1
BLD-C01-P03-005363,C01-P03,2026-05-12 12:53:33,Falha,190,112,27
BLD-C01-P03-005364,C01-P03,2026-05-04 15:56:20,Sucesso,210,227,0
BLD-C01-P03-005365,C01-P03,2026-05-12 13:52:11,Sucesso,139,10,0
BLD-C01-P03-005366,C01-P03,2026-05-01 11:35:01,Falha,418,358,10
BLD-C01-P03-005367,C01-P03,2026-05-14 19:41:28,Sucesso,316,566,0
BLD-C01-P03-005368,C01-P03,2026-05-23 08:58:55,Sucesso,264,823,0
BLD-C01-P03-005369,C01-P03,2026-05-28 15:18:57,Sucesso,324,676,0
BLD-C01-P03-005370,C01-P03,2026-05-21 07:37:54,Sucesso,25,339,5
BLD-C01-P03-005371,C01-P03,2026-05-23 16:17:29,Sucesso,485,551,0
BLD-C01-P03-005372,C01-P03,2026-05-20 20:02:46,Sucesso,439,74,0
BLD-C01-P03-005373,C01-P03,2026-05-04 09:32:49,Sucesso,403,318,0
BLD-C01-P03-005374,C01-P03,2026-05-05 07:37:57,Falha,296,536,10
BLD-C01-P03-005375,C01-P03,2026-05-12 10:29:16,Sucesso,359,617,0
BLD-C01-P03-005376,C01-P03,2026-05-31 18:24:20,Sucesso,492,589,0
BLD-C01-P03-005377,C01-P03,2026-05-15 07:59:16,Sucesso,348,221,0
BLD-C01-P03-005378,C01-P03,2026-05-12 07:21:47,Sucesso,617,236,0
BLD-C01-P03-005379,C01-P03,2026-05-15 17:57:13,Sucesso,286,712,0
BLD-C01-P03-005380,C01-P03,2026-05-13 14:15:43,Sucesso,121,507,0
BLD-C01-P03-005381,C01-P03,2026-05-07 17:53:25,Sucesso,294,663,0
BLD-C01-P03-005382,C01-P03,2026-05-27 15:39:04,Sucesso,372,215,0
BLD-C01-P03-005383,C01-P03,2026-05-14 13:45:05,Sucesso,124,312,0
BLD-C01-P03-005384,C01-P03,2026-05-04 20:09:59,Sucesso,485,268,0
BLD-C01-P03-005385,C01-P03,2026-05-31 10:56:55,Sucesso,335,291,0
BLD-C01-P03-005386,C01-P03,2026-05-16 15:52:49,Falha,379,461,13
BLD-C01-P03-005387,C01-P03,2026-05-25 16:53:18,Sucesso,471,524,0
BLD-C01-P03-005388,C01-P03,2026-05-28 08:23:23,Falha,371,618,8
BLD-C01-P03-005389,C01-P03,2026-05-19 16:02:36,Sucesso,453,454,0
BLD-C01-P03-005390,C01-P03,2026-05-24 18:24:08,Sucesso,316,110,0
BLD-C01-P03-005391,C01-P03,2026-05-26 16:15:56,Sucesso,54,10,0
BLD-C01-P03-005392,C01-P03,2026-05-14 13:46:19,Sucesso,164,618,0
BLD-C01-P03-005393,C01-P03,2026-05-22 11:25:52,Falha,326,286,5
BLD-C01-P03-005394,C01-P03,2026-05-27 08:57:12,Sucesso,259,10,0
BLD-C01-P03-005395,C01-P03,2026-05-10 14:32:06,Sucesso,344,552,0
BLD-C01-P03-005396,C01-P03,2026-05-30 10:29:20,Sucesso,414,226,0
BLD-C01-P03-005397,C01-P03,2026-05-21 11:24:26,Sucesso,257,335,0
BLD-C01-P03-005398,C01-P03,2026-05-02 14:15:09,Sucesso,108,85,0
BLD-C01-P03-005399,C01-P03,2026-05-21 17:33:51,Sucesso,227,426,0
BLD-C01-P03-005400,C01-P03,2026-05-31 21:12:27,Sucesso,67,410,0
BLD-C01-P03-005401,C01-P03,2026-05-28 14:01:19,Sucesso,237,336,0
BLD-C01-P03-005402,C01-P03,2026-05-11 15:46:17,Sucesso,248,970,0
BLD-C01-P03-005403,C01-P03,2026-05-10 18:25:42,Sucesso,459,283,0
BLD-C01-P03-005404,C01-P03,2026-05-11 09:28:16,Sucesso,405,256,0
BLD-C01-P03-005405,C01-P03,2026-05-06 17:11:22,Sucesso,295,614,0
BLD-C01-P03-005406,C01-P03,2026-05-20 17:09:40,Sucesso,380,534,0
BLD-C01-P03-005407,C01-P03,2026-05-26 18:06:06,Sucesso,330,191,0
BLD-C01-P03-005408,C01-P03,2026-05-03 10:15:27,Sucesso,498,352,0
BLD-C01-P03-005409,C01-P03,2026-05-09 17:55:20,Sucesso,553,558,1
BLD-C01-P03-005410,C01-P03,2026-05-09 14:02:40,Sucesso,523,301,0
BLD-C01-P03-005411,C01-P03,2026-05-08 10:19:32,Sucesso,260,319,0
BLD-C01-P03-005412,C01-P03,2026-05-25 14:30:31,Sucesso,502,170,1
BLD-C01-P03-005413,C01-P03,2026-05-28 12:48:53,Falha,570,370,9
BLD-C01-P03-005414,C01-P03,2026-05-30 07:45:49,Sucesso,93,109,0
BLD-C01-P03-005415,C01-P03,2026-05-15 15:25:05,Sucesso,518,323,0
BLD-C01-P03-005416,C01-P03,2026-05-08 11:07:15,Sucesso,212,540,0
BLD-C01-P03-005417,C01-P03,2026-05-26 21:04:22,Sucesso,440,509,2
BLD-C01-P03-005418,C01-P03,2026-05-28 15:22:28,Sucesso,342,467,0
BLD-C01-P03-005419,C01-P03,2026-05-11 21:30:54,Sucesso,70,516,0
BLD-C01-P03-005420,C01-P03,2026-05-23 10:03:09,Sucesso,488,482,0
BLD-C01-P03-005421,C01-P03,2026-06-10 09:43:36,Sucesso,570,272,0
BLD-C01-P03-005422,C01-P03,2026-06-21 09:48:09,Falha,20,595,3
BLD-C01-P03-005423,C01-P03,2026-06-14 21:21:16,Sucesso,242,670,0
BLD-C01-P03-005424,C01-P03,2026-06-01 15:15:54,Sucesso,366,116,0
BLD-C01-P03-005425,C01-P03,2026-06-28 08:14:37,Sucesso,526,299,0
BLD-C01-P03-005426,C01-P03,2026-06-09 13:28:08,Sucesso,314,565,0
BLD-C01-P03-005427,C01-P03,2026-06-02 14:43:00,Sucesso,393,944,0
BLD-C01-P03-005428,C01-P03,2026-06-19 09:45:24,Sucesso,169,451,0
BLD-C01-P03-005429,C01-P03,2026-06-23 18:00:39,Sucesso,313,225,0
BLD-C01-P03-005430,C01-P03,2026-06-12 16:28:04,Sucesso,234,358,0
BLD-C01-P03-005431,C01-P03,2026-06-16 10:22:59,Sucesso,409,617,0
BLD-C01-P03-005432,C01-P03,2026-06-18 11:44:57,Sucesso,197,539,2
BLD-C01-P03-005433,C01-P03,2026-06-04 21:28:45,Sucesso,529,556,0
BLD-C01-P03-005434,C01-P03,2026-06-25 19:52:51,Sucesso,147,388,0
BLD-C01-P03-005435,C01-P03,2026-06-19 11:11:43,Sucesso,552,277,0
BLD-C01-P03-005436,C01-P03,2026-06-06 12:54:14,Sucesso,390,194,1
BLD-C01-P03-005437,C01-P03,2026-06-13 12:31:58,Sucesso,435,478,0
BLD-C01-P03-005438,C01-P03,2026-06-18 08:57:22,Sucesso,370,128,0
BLD-C01-P03-005439,C01-P03,2026-06-15 10:08:52,Falha,99,10,10
BLD-C01-P03-005440,C01-P03,2026-06-01 21:55:16,Sucesso,471,254,0
BLD-C01-P03-005441,C01-P03,2026-06-24 19:57:46,Sucesso,184,830,0
BLD-C01-P03-005442,C01-P03,2026-06-30 11:28:45,Falha,87,511,9
BLD-C01-P03-005443,C01-P03,2026-06-05 11:07:20,Sucesso,114,201,0
BLD-C01-P03-005444,C01-P03,2026-06-14 18:11:18,Sucesso,206,295,0
BLD-C01-P03-005445,C01-P03,2026-06-15 18:29:58,Sucesso,544,353,0
BLD-C01-P03-005446,C01-P03,2026-06-21 09:52:36,Sucesso,174,66,1
BLD-C01-P03-005447,C01-P03,2026-06-04 21:33:04,Sucesso,153,224,0
BLD-C01-P03-005448,C01-P03,2026-06-26 19:20:07,Sucesso,93,529,0
BLD-C01-P03-005449,C01-P03,2026-06-27 10:06:37,Sucesso,572,316,0
BLD-C01-P03-005450,C01-P03,2026-06-16 20:07:05,Sucesso,200,348,0
BLD-C01-P03-005451,C01-P03,2026-06-23 07:20:05,Sucesso,430,659,0
BLD-C01-P03-005452,C01-P03,2026-06-23 16:02:13,Sucesso,260,117,0
BLD-C01-P03-005453,C01-P03,2026-06-26 09:44:50,Sucesso,192,493,0
BLD-C01-P03-005454,C01-P03,2026-06-28 16:51:36,Sucesso,117,782,0
BLD-C01-P03-005455,C01-P03,2026-06-25 15:46:22,Sucesso,390,78,0
BLD-C01-P03-005456,C01-P03,2026-06-02 19:40:38,Falha,190,53,8
BLD-C01-P03-005457,C01-P03,2026-06-19 13:01:59,Falha,547,487,1
BLD-C01-P03-005458,C01-P03,2026-06-10 08:23:00,Sucesso,255,231,0
BLD-C01-P03-005459,C01-P03,2026-06-30 12:12:22,Sucesso,290,505,0
BLD-C01-P03-005460,C01-P03,2026-06-26 14:53:17,Sucesso,54,347,0
BLD-C01-P03-005461,C01-P03,2026-06-03 21:07:37,Sucesso,240,830,0
BLD-C01-P03-005462,C01-P03,2026-06-06 11:28:23,Sucesso,514,389,0
BLD-C01-P03-005463,C01-P03,2026-06-27 10:05:07,Sucesso,251,511,0
BLD-C01-P03-005464,C01-P03,2026-06-07 18:10:35,Sucesso,278,326,0
BLD-C01-P03-005465,C01-P03,2026-06-30 19:50:38,Sucesso,201,157,0
BLD-C01-P03-005466,C01-P03,2026-06-23 17:25:18,Sucesso,52,494,0
BLD-C01-P03-005467,C01-P03,2026-06-12 14:46:53,Sucesso,151,505,0
BLD-C01-P03-005468,C01-P03,2026-06-07 11:20:21,Sucesso,20,412,0
BLD-C01-P03-005469,C01-P03,2026-06-09 10:50:09,Sucesso,420,141,0
BLD-C01-P03-005470,C01-P03,2026-06-02 19:39:41,Falha,296,12,4
BLD-C01-P03-005471,C01-P03,2026-06-28 13:48:56,Sucesso,162,29,5
BLD-C01-P03-005472,C01-P03,2026-06-01 08:40:28,Sucesso,127,114,1
BLD-C01-P03-005473,C01-P03,2026-06-04 17:11:34,Sucesso,134,357,0
BLD-C01-P03-005474,C01-P03,2026-06-30 07:54:45,Falha,337,610,5
BLD-C01-P03-005475,C01-P03,2026-06-15 15:03:01,Sucesso,398,485,0
BLD-C01-P03-005476,C01-P03,2026-06-06 15:03:15,Sucesso,266,366,0
BLD-C01-P03-005477,C01-P03,2026-06-26 21:32:39,Falha,341,232,1
BLD-C01-P03-005478,C01-P03,2026-06-03 14:40:49,Sucesso,259,423,0
BLD-C01-P03-005479,C01-P03,2026-06-18 20:52:27,Sucesso,595,649,0
BLD-C01-P03-005480,C01-P03,2026-06-13 17:31:23,Sucesso,472,568,0
BLD-C01-P03-005481,C01-P03,2026-06-25 11:16:40,Sucesso,197,240,0
BLD-C01-P03-005482,C01-P03,2026-06-01 12:55:45,Falha,20,442,11
BLD-C01-P03-005483,C01-P03,2026-06-29 07:35:44,Sucesso,276,409,0
BLD-C01-P03-005484,C01-P03,2026-06-05 10:04:26,Sucesso,537,161,0
BLD-C01-P03-005485,C01-P03,2026-06-23 08:11:09,Sucesso,355,926,0
BLD-C01-P03-005486,C01-P03,2026-06-19 18:26:21,Sucesso,494,408,0
BLD-C01-P03-005487,C01-P03,2026-06-12 14:53:09,Sucesso,208,445,0
BLD-C01-P03-005488,C01-P03,2026-06-26 07:16:27,Sucesso,176,310,0
BLD-C01-P03-005489,C01-P03,2026-06-13 11:35:25,Sucesso,499,511,1
BLD-C01-P03-005490,C01-P03,2026-06-21 19:40:17,Sucesso,148,159,0
BLD-C01-P03-005491,C01-P03,2026-06-08 17:14:29,Sucesso,394,730,0
BLD-C01-P03-005492,C01-P03,2026-06-03 07:47:29,Sucesso,242,379,0
BLD-C01-P03-005493,C01-P03,2026-06-23 10:07:32,Sucesso,400,416,0
BLD-C01-P03-005494,C01-P03,2026-06-12 21:58:33,Sucesso,358,244,0
BLD-C01-P03-005495,C01-P03,2026-06-30 11:24:13,Sucesso,20,483,0
BLD-C01-P03-005496,C01-P03,2026-06-18 20:46:40,Sucesso,351,399,0
BLD-C01-P03-005497,C01-P03,2026-06-02 10:53:46,Sucesso,321,662,0
BLD-C01-P03-005498,C01-P03,2026-06-02 12:19:24,Sucesso,527,109,0
BLD-C01-P03-005499,C01-P03,2026-06-29 10:38:48,Falha,183,215,2
BLD-C01-P03-005500,C01-P03,2026-06-12 16:48:56,Sucesso,384,457,0
BLD-C01-P03-005501,C01-P03,2026-06-20 16:47:24,Sucesso,410,624,0
BLD-C01-P03-005502,C01-P03,2026-06-09 20:18:18,Sucesso,310,636,0
BLD-C01-P03-005503,C01-P03,2026-06-18 13:10:46,Falha,407,434,3
BLD-C01-P03-005504,C01-P03,2026-06-24 20:07:16,Sucesso,296,538,0
BLD-C01-P03-005505,C01-P03,2026-06-01 07:14:54,Sucesso,167,270,0
BLD-C01-P03-005506,C01-P03,2026-06-26 07:53:48,Falha,360,100,10
BLD-C01-P03-005507,C01-P03,2026-06-26 18:35:06,Sucesso,531,731,0
BLD-C01-P03-005508,C01-P03,2026-06-18 16:00:11,Sucesso,323,715,0
BLD-C01-P03-005509,C01-P03,2026-06-27 21:19:45,Sucesso,406,454,1
BLD-C01-P03-005510,C01-P03,2026-06-14 12:24:37,Sucesso,283,514,0
BLD-C01-P03-005511,C01-P03,2026-06-05 16:06:51,Sucesso,301,164,0
BLD-C01-P03-005512,C01-P03,2026-06-21 10:03:11,Sucesso,298,336,0
BLD-C01-P03-005513,C01-P03,2026-06-26 12:17:13,Sucesso,409,176,0
BLD-C01-P03-005514,C01-P03,2026-06-05 14:20:16,Sucesso,450,327,0
BLD-C01-P03-005515,C01-P03,2026-06-29 17:59:21,Sucesso,340,337,0
BLD-C01-P03-005516,C01-P03,2026-06-03 09:10:26,Sucesso,219,276,0
BLD-C01-P03-005517,C01-P03,2026-06-20 09:04:13,Sucesso,268,515,1
BLD-C01-P03-005518,C01-P03,2026-06-16 12:41:57,Sucesso,36,724,0
BLD-C01-P03-005519,C01-P03,2026-06-30 18:51:21,Sucesso,265,578,0
BLD-C01-P03-005520,C01-P03,2026-06-01 18:07:42,Sucesso,190,478,0
BLD-C01-P03-005521,C01-P03,2026-06-11 10:14:03,Sucesso,145,357,0
BLD-C01-P03-005522,C01-P03,2026-06-12 21:14:12,Sucesso,39,371,0
BLD-C01-P03-005523,C01-P03,2026-06-02 15:10:55,Sucesso,311,148,0
BLD-C01-P03-005524,C01-P03,2026-06-03 21:04:08,Sucesso,397,523,0
BLD-C01-P03-005525,C01-P03,2026-06-18 13:19:20,Sucesso,435,385,0
BLD-C01-P03-005526,C01-P03,2026-06-21 10:25:44,Sucesso,338,364,0
BLD-C01-P03-005527,C01-P03,2026-06-26 13:48:43,Falha,357,427,6
BLD-C01-P03-005528,C01-P03,2026-06-24 18:50:50,Sucesso,380,319,1
BLD-C01-P03-005529,C01-P03,2026-06-08 14:57:22,Sucesso,321,276,0
BLD-C01-P03-005530,C01-P03,2026-06-27 21:13:25,Sucesso,653,253,0
BLD-C01-P03-005531,C01-P03,2026-06-10 17:14:09,Sucesso,529,425,0
BLD-C01-P03-005532,C01-P03,2026-06-12 17:03:54,Sucesso,233,722,2
BLD-C01-P03-005533,C01-P03,2026-06-24 10:49:18,Sucesso,282,187,0
BLD-C01-P03-005534,C01-P03,2026-06-04 16:56:04,Sucesso,362,124,0
BLD-C01-P03-005535,C01-P03,2026-06-29 13:43:17,Sucesso,511,585,0
BLD-C01-P03-005536,C01-P03,2026-06-06 08:17:39,Sucesso,171,369,0
BLD-C01-P03-005537,C01-P03,2026-06-26 12:31:23,Sucesso,261,389,0
BLD-C01-P03-005538,C01-P03,2026-06-08 07:40:35,Sucesso,20,293,0
BLD-C01-P03-005539,C01-P03,2026-06-22 12:44:07,Falha,444,269,6
BLD-C01-P03-005540,C01-P03,2026-06-24 16:45:36,Sucesso,233,468,0
BLD-C01-P03-005541,C01-P03,2026-06-17 16:31:24,Sucesso,268,441,0
BLD-C01-P03-005542,C01-P03,2026-06-30 11:11:34,Sucesso,369,187,1
BLD-C01-P03-005543,C01-P03,2026-06-07 21:10:52,Sucesso,446,510,0
BLD-C01-P03-005544,C01-P03,2026-06-09 18:36:36,Sucesso,370,393,0
BLD-C01-P03-005545,C01-P03,2026-06-12 17:34:33,Falha,474,744,14
BLD-C01-P03-005546,C01-P03,2026-06-18 17:03:29,Sucesso,385,203,1
BLD-C01-P03-005547,C01-P03,2026-07-16 15:06:05,Sucesso,337,827,0
BLD-C01-P03-005548,C01-P03,2026-07-25 09:54:08,Sucesso,528,73,0
BLD-C01-P03-005549,C01-P03,2026-07-01 19:32:31,Sucesso,234,358,0
BLD-C01-P03-005550,C01-P03,2026-07-22 08:01:31,Sucesso,226,65,0
BLD-C01-P03-005551,C01-P03,2026-07-06 08:22:11,Sucesso,326,91,0
BLD-C01-P03-005552,C01-P03,2026-07-03 10:13:59,Sucesso,362,265,0
BLD-C01-P03-005553,C01-P03,2026-07-30 19:29:59,Sucesso,380,656,0
BLD-C01-P03-005554,C01-P03,2026-07-23 08:12:10,Sucesso,431,509,0
BLD-C01-P03-005555,C01-P03,2026-07-17 11:16:56,Sucesso,479,275,0
BLD-C01-P03-005556,C01-P03,2026-07-06 15:10:45,Sucesso,222,555,0
BLD-C01-P03-005557,C01-P03,2026-07-15 12:34:25,Sucesso,73,557,0
BLD-C01-P03-005558,C01-P03,2026-07-30 21:20:22,Sucesso,299,696,0
BLD-C01-P03-005559,C01-P03,2026-07-29 17:16:52,Sucesso,431,310,0
BLD-C01-P03-005560,C01-P03,2026-07-21 21:43:30,Sucesso,470,477,0
BLD-C01-P03-005561,C01-P03,2026-07-02 13:26:16,Sucesso,269,461,0
BLD-C01-P03-005562,C01-P03,2026-07-12 11:09:45,Sucesso,147,548,0
BLD-C01-P03-005563,C01-P03,2026-07-11 20:14:26,Sucesso,268,19,0
BLD-C01-P03-005564,C01-P03,2026-07-01 15:40:12,Sucesso,20,271,0
BLD-C01-P03-005565,C01-P03,2026-07-11 20:56:54,Sucesso,122,279,0
BLD-C01-P03-005566,C01-P03,2026-07-26 14:01:07,Sucesso,392,354,0
BLD-C01-P03-005567,C01-P03,2026-07-28 10:47:28,Falha,148,174,2
BLD-C01-P03-005568,C01-P03,2026-07-28 11:08:04,Falha,508,456,6
BLD-C01-P03-005569,C01-P03,2026-07-05 18:49:07,Sucesso,280,288,0
BLD-C01-P03-005570,C01-P03,2026-07-02 10:58:14,Sucesso,259,549,0
BLD-C01-P03-005571,C01-P03,2026-07-09 09:40:39,Sucesso,532,156,0
BLD-C01-P03-005572,C01-P03,2026-07-06 12:11:44,Sucesso,493,485,0
BLD-C01-P03-005573,C01-P03,2026-07-16 19:28:30,Sucesso,369,426,0
BLD-C01-P03-005574,C01-P03,2026-07-26 13:11:00,Falha,263,334,5
BLD-C01-P03-005575,C01-P03,2026-07-27 21:55:20,Sucesso,120,277,0
BLD-C01-P03-005576,C01-P03,2026-07-05 17:18:28,Sucesso,340,252,2
BLD-C01-P03-005577,C01-P03,2026-07-13 20:01:39,Falha,246,490,5
BLD-C01-P03-005578,C01-P03,2026-07-29 08:02:17,Sucesso,212,389,0
BLD-C01-P03-005579,C01-P03,2026-07-08 17:15:41,Sucesso,87,348,0
BLD-C01-P03-005580,C01-P03,2026-07-04 07:15:03,Sucesso,314,10,0
BLD-C01-P03-005581,C01-P03,2026-07-28 16:25:25,Sucesso,303,390,0
BLD-C01-P03-005582,C01-P03,2026-07-27 11:06:14,Sucesso,523,417,0
BLD-C01-P03-005583,C01-P03,2026-07-29 11:43:45,Sucesso,461,572,0
BLD-C01-P03-005584,C01-P03,2026-07-05 20:24:50,Sucesso,80,428,0
BLD-C01-P03-005585,C01-P03,2026-07-21 18:04:19,Sucesso,100,160,0
BLD-C01-P03-005586,C01-P03,2026-07-04 13:34:51,Falha,30,744,1
BLD-C01-P03-005587,C01-P03,2026-07-27 20:29:47,Sucesso,360,579,0
BLD-C01-P03-005588,C01-P03,2026-07-13 19:55:02,Sucesso,206,419,0
BLD-C01-P03-005589,C01-P03,2026-07-10 18:43:21,Sucesso,376,541,0
BLD-C01-P03-005590,C01-P03,2026-07-17 14:26:58,Sucesso,413,449,0
BLD-C01-P03-005591,C01-P03,2026-07-15 10:12:33,Falha,492,383,2
BLD-C01-P03-005592,C01-P03,2026-07-13 20:44:07,Sucesso,141,593,0
BLD-C01-P03-005593,C01-P03,2026-07-02 10:03:48,Sucesso,212,445,1
BLD-C01-P03-005594,C01-P03,2026-07-29 12:59:03,Sucesso,401,213,0
BLD-C01-P03-005595,C01-P03,2026-07-09 10:53:40,Falha,150,653,6
BLD-C01-P03-005596,C01-P03,2026-07-17 10:46:46,Falha,572,803,9
BLD-C01-P03-005597,C01-P03,2026-07-22 11:29:00,Sucesso,178,260,0
BLD-C01-P03-005598,C01-P03,2026-07-25 09:42:41,Sucesso,173,129,0
BLD-C01-P03-005599,C01-P03,2026-07-13 10:18:58,Sucesso,96,624,0
BLD-C01-P03-005600,C01-P03,2026-07-27 19:24:55,Sucesso,284,396,0
BLD-C01-P03-005601,C01-P03,2026-07-03 17:37:20,Sucesso,350,432,0
BLD-C01-P03-005602,C01-P03,2026-07-31 14:16:43,Sucesso,440,430,0
BLD-C01-P03-005603,C01-P03,2026-07-06 16:32:35,Sucesso,241,382,0
BLD-C01-P03-005604,C01-P03,2026-07-06 11:33:19,Falha,468,416,3
BLD-C01-P03-005605,C01-P03,2026-07-28 21:59:55,Sucesso,144,321,0
BLD-C01-P03-005606,C01-P03,2026-07-14 08:36:37,Sucesso,329,719,0
BLD-C01-P03-005607,C01-P03,2026-07-07 18:14:29,Sucesso,20,10,1
BLD-C01-P03-005608,C01-P03,2026-07-13 16:26:57,Sucesso,267,452,0
BLD-C01-P03-005609,C01-P03,2026-07-26 09:20:37,Sucesso,283,69,0
BLD-C01-P03-005610,C01-P03,2026-07-13 19:16:56,Falha,338,123,2
BLD-C01-P03-005611,C01-P03,2026-07-02 13:43:09,Sucesso,267,704,0
BLD-C01-P03-005612,C01-P03,2026-07-08 17:47:11,Sucesso,505,542,0
BLD-C01-P03-005613,C01-P03,2026-07-08 16:02:16,Sucesso,262,318,0
BLD-C01-P03-005614,C01-P03,2026-07-30 14:06:24,Sucesso,235,699,0
BLD-C01-P03-005615,C01-P03,2026-07-20 14:53:28,Sucesso,464,288,0
BLD-C01-P03-005616,C01-P03,2026-07-16 19:42:12,Sucesso,264,574,0
BLD-C01-P03-005617,C01-P03,2026-07-05 12:19:05,Falha,294,433,6
BLD-C01-P03-005618,C01-P03,2026-07-22 07:22:18,Sucesso,324,885,0
BLD-C01-P03-005619,C01-P03,2026-07-17 17:57:24,Sucesso,20,631,0
BLD-C01-P03-005620,C01-P03,2026-07-29 17:19:59,Falha,264,272,2
BLD-C01-P03-005621,C01-P03,2026-07-31 15:16:44,Sucesso,62,465,0
BLD-C01-P03-005622,C01-P03,2026-07-26 11:56:02,Sucesso,125,520,0
BLD-C01-P03-005623,C01-P03,2026-07-26 17:22:52,Sucesso,346,462,0
BLD-C01-P03-005624,C01-P03,2026-07-04 14:03:17,Falha,445,304,1
BLD-C01-P03-005625,C01-P03,2026-07-22 17:54:16,Sucesso,386,562,0
BLD-C01-P03-005626,C01-P03,2026-07-29 07:28:24,Falha,346,440,2
BLD-C01-P03-005627,C01-P03,2026-07-22 13:17:22,Sucesso,440,426,0
BLD-C01-P03-005628,C01-P03,2026-07-13 15:54:03,Sucesso,233,656,0
BLD-C01-P03-005629,C01-P03,2026-07-05 07:27:28,Sucesso,216,366,0
BLD-C01-P03-005630,C01-P03,2026-07-08 07:45:15,Sucesso,583,617,0
BLD-C01-P03-005631,C01-P03,2026-07-28 17:47:52,Falha,211,606,6
BLD-C01-P03-005632,C01-P03,2026-07-11 15:40:02,Sucesso,377,482,0
BLD-C01-P03-005633,C01-P03,2026-07-25 17:08:54,Sucesso,274,422,0
BLD-C01-P03-005634,C01-P03,2026-07-26 19:12:08,Sucesso,335,257,0
BLD-C01-P03-005635,C01-P03,2026-07-22 07:26:30,Sucesso,123,646,0
BLD-C01-P03-005636,C01-P03,2026-07-04 17:36:14,Sucesso,376,408,0
BLD-C01-P03-005637,C01-P03,2026-07-28 12:47:02,Sucesso,174,369,0
BLD-C01-P03-005638,C01-P03,2026-07-05 10:08:32,Sucesso,471,343,0
BLD-C01-P03-005639,C01-P03,2026-07-12 14:01:14,Sucesso,468,621,0
BLD-C01-P03-005640,C01-P03,2026-07-31 13:25:45,Sucesso,20,82,0
BLD-C01-P03-005641,C01-P03,2026-07-14 09:49:48,Falha,344,10,4
BLD-C01-P03-005642,C01-P03,2026-07-31 12:41:35,Sucesso,375,251,0
BLD-C01-P03-005643,C01-P03,2026-07-03 18:37:45,Sucesso,250,389,0
BLD-C01-P03-005644,C01-P03,2026-07-02 18:18:38,Falha,634,313,7
BLD-C01-P03-005645,C01-P03,2026-07-11 09:07:12,Sucesso,324,466,0
BLD-C01-P03-005646,C01-P03,2026-07-21 21:57:04,Sucesso,334,360,0
BLD-C01-P03-005647,C01-P03,2026-07-24 07:29:41,Sucesso,353,495,0
BLD-C01-P03-005648,C01-P03,2026-07-30 16:53:27,Sucesso,408,336,0
BLD-C01-P03-005649,C01-P03,2026-07-11 12:49:04,Sucesso,313,422,0
BLD-C01-P03-005650,C01-P03,2026-07-15 17:25:43,Sucesso,394,435,0
BLD-C01-P03-005651,C01-P03,2026-07-08 16:43:26,Falha,506,204,2
BLD-C01-P03-005652,C01-P03,2026-07-05 11:44:08,Sucesso,251,352,0
BLD-C01-P03-005653,C01-P03,2026-07-23 17:37:07,Sucesso,348,388,0
BLD-C01-P03-005654,C01-P03,2026-07-19 19:11:49,Sucesso,117,442,0
BLD-C01-P03-005655,C01-P03,2026-07-04 15:31:38,Sucesso,243,95,0
BLD-C01-P03-005656,C01-P03,2026-07-10 17:24:41,Falha,160,416,1
BLD-C01-P03-005657,C01-P03,2026-07-19 07:51:37,Sucesso,398,544,0
BLD-C01-P03-005658,C01-P03,2026-07-28 12:39:51,Sucesso,392,818,0
BLD-C01-P03-005659,C01-P03,2026-07-25 11:26:48,Sucesso,20,451,0
BLD-C01-P03-005660,C01-P03,2026-07-16 16:45:31,Sucesso,466,303,0
BLD-C01-P03-005661,C01-P03,2026-07-29 17:54:01,Sucesso,466,334,0
BLD-C01-P03-005662,C01-P03,2026-07-14 09:47:07,Sucesso,185,578,0
BLD-C01-P03-005663,C01-P03,2026-07-26 15:09:49,Sucesso,201,354,0
BLD-C01-P03-005664,C01-P03,2026-07-20 10:18:12,Sucesso,669,224,0
BLD-C01-P03-005665,C01-P03,2026-07-18 17:40:27,Sucesso,579,595,0
BLD-C01-P03-005666,C01-P03,2026-07-16 14:50:39,Falha,514,535,10
BLD-C01-P03-005667,C01-P03,2026-07-19 09:16:22,Sucesso,160,513,0
BLD-C01-P03-005668,C01-P03,2026-07-11 19:41:50,Sucesso,233,24,0
BLD-C01-P03-005669,C01-P03,2026-07-09 14:42:06,Falha,153,356,4
BLD-C01-P03-005670,C01-P03,2026-07-10 12:04:57,Falha,378,217,1
BLD-C01-P03-005671,C01-P03,2026-07-15 21:24:26,Falha,145,452,6
BLD-C01-P03-005672,C01-P03,2026-07-09 07:37:39,Sucesso,706,424,0
BLD-C01-P03-005673,C01-P03,2026-07-07 09:25:52,Sucesso,348,229,0
BLD-C01-P03-005674,C01-P03,2026-07-09 21:56:14,Sucesso,391,218,1
BLD-C01-P03-005675,C01-P03,2026-07-08 21:10:06,Sucesso,281,749,0
BLD-C01-P03-005676,C01-P03,2026-07-25 11:15:22,Sucesso,469,296,0
BLD-C01-P03-005677,C01-P03,2026-07-31 11:17:37,Sucesso,531,294,0
BLD-C01-P03-005678,C01-P03,2026-07-13 18:24:56,Falha,20,175,10
BLD-C01-P03-005679,C01-P03,2026-07-11 10:09:34,Sucesso,355,46,0
BLD-C01-P03-005680,C01-P03,2026-07-23 11:19:23,Sucesso,498,265,0
BLD-C01-P03-005681,C01-P03,2026-07-25 16:10:44,Sucesso,630,137,0
BLD-C01-P03-005682,C01-P03,2026-07-08 08:45:20,Sucesso,530,168,0
BLD-C01-P03-005683,C01-P03,2026-07-07 20:03:17,Sucesso,145,517,0
BLD-C01-P03-005684,C01-P03,2026-07-05 20:16:05,Sucesso,255,293,0
BLD-C01-P03-005685,C01-P03,2026-07-22 20:09:44,Falha,446,284,7
BLD-C01-P03-005686,C01-P03,2026-07-12 17:30:32,Sucesso,263,539,0
BLD-C01-P03-005687,C01-P03,2026-07-28 16:34:39,Sucesso,51,684,0
BLD-C01-P03-005688,C01-P03,2026-07-11 21:02:24,Sucesso,572,253,0
BLD-C01-P04-005689,C01-P04,2025-08-22 13:35:16,Sucesso,449,332,0
BLD-C01-P04-005690,C01-P04,2025-08-17 20:15:03,Sucesso,203,399,0
BLD-C01-P04-005691,C01-P04,2025-08-04 08:58:52,Sucesso,471,511,0
BLD-C01-P04-005692,C01-P04,2025-08-27 16:38:21,Sucesso,493,435,0
BLD-C01-P04-005693,C01-P04,2025-08-12 18:34:02,Sucesso,343,474,0
BLD-C01-P04-005694,C01-P04,2025-08-07 08:16:14,Sucesso,311,545,0
BLD-C01-P04-005695,C01-P04,2025-08-16 21:17:32,Sucesso,320,383,0
BLD-C01-P04-005696,C01-P04,2025-08-11 15:09:53,Sucesso,444,440,0
BLD-C01-P04-005697,C01-P04,2025-08-10 12:43:12,Sucesso,113,351,0
BLD-C01-P04-005698,C01-P04,2025-08-18 12:32:19,Falha,391,383,2
BLD-C01-P04-005699,C01-P04,2025-08-22 14:08:40,Sucesso,702,34,0
BLD-C01-P04-005700,C01-P04,2025-08-06 07:46:48,Sucesso,366,743,0
BLD-C01-P04-005701,C01-P04,2025-08-19 20:43:45,Sucesso,137,341,0
BLD-C01-P04-005702,C01-P04,2025-08-16 08:39:27,Sucesso,479,394,0
BLD-C01-P04-005703,C01-P04,2025-08-21 18:08:42,Sucesso,424,393,0
BLD-C01-P04-005704,C01-P04,2025-08-14 07:46:59,Sucesso,362,346,0
BLD-C01-P04-005705,C01-P04,2025-08-18 12:58:59,Sucesso,326,638,0
BLD-C01-P04-005706,C01-P04,2025-08-11 19:39:29,Sucesso,393,182,0
BLD-C01-P04-005707,C01-P04,2025-08-13 13:59:06,Sucesso,329,250,0
BLD-C01-P04-005708,C01-P04,2025-08-07 15:14:48,Sucesso,287,77,0
BLD-C01-P04-005709,C01-P04,2025-08-12 11:14:11,Sucesso,307,350,0
BLD-C01-P04-005710,C01-P04,2025-08-29 13:05:14,Sucesso,409,273,0
BLD-C01-P04-005711,C01-P04,2025-08-31 12:48:17,Sucesso,271,171,0
BLD-C01-P04-005712,C01-P04,2025-08-25 08:10:14,Sucesso,20,288,0
BLD-C01-P04-005713,C01-P04,2025-08-19 15:56:00,Sucesso,421,597,0
BLD-C01-P04-005714,C01-P04,2025-08-10 20:00:20,Sucesso,339,248,0
BLD-C01-P04-005715,C01-P04,2025-08-22 20:11:37,Sucesso,426,352,0
BLD-C01-P04-005716,C01-P04,2025-08-18 17:55:37,Sucesso,351,921,0
BLD-C01-P04-005717,C01-P04,2025-08-18 21:57:39,Sucesso,373,103,0
BLD-C01-P04-005718,C01-P04,2025-08-09 15:21:28,Sucesso,422,198,0
BLD-C01-P04-005719,C01-P04,2025-08-04 21:07:44,Sucesso,404,262,0
BLD-C01-P04-005720,C01-P04,2025-08-20 09:50:53,Sucesso,358,542,0
BLD-C01-P04-005721,C01-P04,2025-08-24 11:29:53,Sucesso,96,287,0
BLD-C01-P04-005722,C01-P04,2025-08-31 20:11:02,Sucesso,184,543,0
BLD-C01-P04-005723,C01-P04,2025-08-28 07:49:41,Sucesso,407,284,0
BLD-C01-P04-005724,C01-P04,2025-08-11 19:00:14,Sucesso,278,199,0
BLD-C01-P04-005725,C01-P04,2025-08-10 17:20:59,Sucesso,535,450,1
BLD-C01-P04-005726,C01-P04,2025-08-09 16:11:48,Sucesso,406,743,0
BLD-C01-P04-005727,C01-P04,2025-08-06 08:53:14,Sucesso,253,362,0
BLD-C01-P04-005728,C01-P04,2025-08-28 16:46:22,Sucesso,514,504,0
BLD-C01-P04-005729,C01-P04,2025-08-13 10:41:54,Sucesso,222,266,0
BLD-C01-P04-005730,C01-P04,2025-08-19 19:23:38,Sucesso,199,351,0
BLD-C01-P04-005731,C01-P04,2025-08-31 14:47:11,Sucesso,113,571,0
BLD-C01-P04-005732,C01-P04,2025-08-27 18:04:25,Sucesso,105,612,0
BLD-C01-P04-005733,C01-P04,2025-08-08 17:42:50,Sucesso,463,539,0
BLD-C01-P04-005734,C01-P04,2025-08-31 12:50:24,Sucesso,399,481,0
BLD-C01-P04-005735,C01-P04,2025-08-17 10:05:13,Falha,122,97,2
BLD-C01-P04-005736,C01-P04,2025-08-21 20:28:21,Sucesso,408,314,0
BLD-C01-P04-005737,C01-P04,2025-08-29 17:32:49,Falha,435,446,6
BLD-C01-P04-005738,C01-P04,2025-08-14 16:47:08,Sucesso,442,519,0
BLD-C01-P04-005739,C01-P04,2025-08-15 15:15:54,Sucesso,329,292,0
BLD-C01-P04-005740,C01-P04,2025-08-12 15:53:42,Sucesso,20,649,0
BLD-C01-P04-005741,C01-P04,2025-08-04 19:40:05,Sucesso,21,427,0
BLD-C01-P04-005742,C01-P04,2025-08-06 14:39:35,Sucesso,172,10,0
BLD-C01-P04-005743,C01-P04,2025-08-03 07:25:09,Falha,355,509,11
BLD-C01-P04-005744,C01-P04,2025-08-17 11:18:09,Sucesso,447,273,0
BLD-C01-P04-005745,C01-P04,2025-08-25 16:08:13,Falha,350,273,5
BLD-C01-P04-005746,C01-P04,2025-08-14 11:44:57,Sucesso,311,779,0
BLD-C01-P04-005747,C01-P04,2025-08-05 16:37:25,Sucesso,120,650,0
BLD-C01-P04-005748,C01-P04,2025-08-12 21:17:58,Sucesso,371,531,0
BLD-C01-P04-005749,C01-P04,2025-08-07 14:16:32,Sucesso,295,368,0
BLD-C01-P04-005750,C01-P04,2025-08-24 20:25:58,Sucesso,650,389,0
BLD-C01-P04-005751,C01-P04,2025-08-02 10:29:02,Sucesso,303,753,0
BLD-C01-P04-005752,C01-P04,2025-08-17 07:00:09,Sucesso,246,231,0
BLD-C01-P04-005753,C01-P04,2025-08-01 13:55:19,Sucesso,306,435,0
BLD-C01-P04-005754,C01-P04,2025-08-20 17:35:22,Sucesso,71,606,0
BLD-C01-P04-005755,C01-P04,2025-08-04 07:13:37,Falha,177,10,2
BLD-C01-P04-005756,C01-P04,2025-08-30 21:44:13,Sucesso,533,132,0
BLD-C01-P04-005757,C01-P04,2025-08-10 19:37:10,Sucesso,400,306,0
BLD-C01-P04-005758,C01-P04,2025-08-28 14:56:22,Falha,492,511,6
BLD-C01-P04-005759,C01-P04,2025-08-13 13:50:04,Sucesso,315,728,0
BLD-C01-P04-005760,C01-P04,2025-08-20 21:28:28,Sucesso,144,554,0
BLD-C01-P04-005761,C01-P04,2025-08-22 13:35:15,Falha,337,420,1
BLD-C01-P04-005762,C01-P04,2025-08-23 12:31:40,Sucesso,337,437,0
BLD-C01-P04-005763,C01-P04,2025-08-24 08:28:00,Sucesso,516,293,0
BLD-C01-P04-005764,C01-P04,2025-08-28 09:00:59,Sucesso,164,229,0
BLD-C01-P04-005765,C01-P04,2025-08-25 07:08:16,Sucesso,361,149,0
BLD-C01-P04-005766,C01-P04,2025-08-30 20:38:31,Falha,215,434,11
BLD-C01-P04-005767,C01-P04,2025-08-24 08:13:48,Falha,256,371,8
BLD-C01-P04-005768,C01-P04,2025-08-15 21:16:34,Sucesso,427,553,0
BLD-C01-P04-005769,C01-P04,2025-08-09 19:18:22,Sucesso,319,739,0
BLD-C01-P04-005770,C01-P04,2025-08-03 07:46:48,Falha,510,27,19
BLD-C01-P04-005771,C01-P04,2025-08-26 11:55:51,Sucesso,581,233,0
BLD-C01-P04-005772,C01-P04,2025-08-06 17:01:59,Sucesso,271,360,0
BLD-C01-P04-005773,C01-P04,2025-08-05 20:10:35,Sucesso,80,384,0
BLD-C01-P04-005774,C01-P04,2025-08-10 09:21:00,Sucesso,442,194,0
BLD-C01-P04-005775,C01-P04,2025-08-04 19:02:49,Sucesso,518,351,0
BLD-C01-P04-005776,C01-P04,2025-08-15 19:40:06,Falha,177,167,2
BLD-C01-P04-005777,C01-P04,2025-08-20 13:09:51,Sucesso,314,366,0
BLD-C01-P04-005778,C01-P04,2025-08-19 16:52:20,Sucesso,20,536,0
BLD-C01-P04-005779,C01-P04,2025-08-16 17:28:44,Sucesso,137,407,0
BLD-C01-P04-005780,C01-P04,2025-08-13 21:52:43,Sucesso,20,355,0
BLD-C01-P04-005781,C01-P04,2025-08-11 09:33:34,Falha,378,217,1
BLD-C01-P04-005782,C01-P04,2025-08-24 13:57:01,Sucesso,262,35,0
BLD-C01-P04-005783,C01-P04,2025-08-03 10:32:34,Sucesso,183,693,0
BLD-C01-P04-005784,C01-P04,2025-08-28 13:46:34,Sucesso,86,326,0
BLD-C01-P04-005785,C01-P04,2025-08-25 16:16:30,Sucesso,445,233,0
BLD-C01-P04-005786,C01-P04,2025-08-05 12:49:38,Sucesso,300,182,0
BLD-C01-P04-005787,C01-P04,2025-08-13 10:31:25,Sucesso,303,10,0
BLD-C01-P04-005788,C01-P04,2025-08-20 15:02:18,Falha,347,588,1
BLD-C01-P04-005789,C01-P04,2025-08-07 11:34:52,Falha,639,695,13
BLD-C01-P04-005790,C01-P04,2025-08-30 13:29:06,Sucesso,340,351,0
BLD-C01-P04-005791,C01-P04,2025-08-11 14:44:44,Sucesso,545,190,0
BLD-C01-P04-005792,C01-P04,2025-08-16 11:15:14,Sucesso,251,192,0
BLD-C01-P04-005793,C01-P04,2025-08-01 12:11:10,Sucesso,402,601,0
BLD-C01-P04-005794,C01-P04,2025-08-10 17:50:57,Sucesso,155,358,0
BLD-C01-P04-005795,C01-P04,2025-08-31 15:06:00,Falha,343,548,3
BLD-C01-P04-005796,C01-P04,2025-08-07 17:57:11,Sucesso,441,795,0
BLD-C01-P04-005797,C01-P04,2025-08-04 16:32:19,Sucesso,327,235,0
BLD-C01-P04-005798,C01-P04,2025-08-30 18:29:32,Sucesso,418,56,0
BLD-C01-P04-005799,C01-P04,2025-08-04 12:33:54,Sucesso,218,282,0
BLD-C01-P04-005800,C01-P04,2025-08-22 20:17:17,Sucesso,374,400,0
BLD-C01-P04-005801,C01-P04,2025-08-09 14:55:07,Sucesso,304,479,0
BLD-C01-P04-005802,C01-P04,2025-08-18 18:04:13,Sucesso,533,383,0
BLD-C01-P04-005803,C01-P04,2025-08-31 15:32:30,Sucesso,333,622,0
BLD-C01-P04-005804,C01-P04,2025-08-17 17:44:22,Sucesso,438,790,0
BLD-C01-P04-005805,C01-P04,2025-08-04 19:38:08,Sucesso,20,633,0
BLD-C01-P04-005806,C01-P04,2025-08-22 10:53:01,Falha,295,360,10
BLD-C01-P04-005807,C01-P04,2025-08-27 13:30:25,Sucesso,442,10,0
BLD-C01-P04-005808,C01-P04,2025-08-08 17:17:20,Sucesso,290,541,0
BLD-C01-P04-005809,C01-P04,2025-08-29 16:35:22,Sucesso,255,392,0
BLD-C01-P04-005810,C01-P04,2025-08-20 08:53:40,Sucesso,307,425,0
BLD-C01-P04-005811,C01-P04,2025-08-14 07:20:16,Sucesso,504,571,0
BLD-C01-P04-005812,C01-P04,2025-08-23 18:15:57,Sucesso,37,161,0
BLD-C01-P04-005813,C01-P04,2025-08-21 14:59:09,Sucesso,297,142,0
BLD-C01-P04-005814,C01-P04,2025-08-04 15:38:22,Sucesso,254,283,0
BLD-C01-P04-005815,C01-P04,2025-08-31 17:43:16,Sucesso,341,399,0
BLD-C01-P04-005816,C01-P04,2025-08-25 20:39:28,Sucesso,88,238,0
BLD-C01-P04-005817,C01-P04,2025-08-04 14:50:15,Sucesso,494,368,0
BLD-C01-P04-005818,C01-P04,2025-08-31 13:34:36,Sucesso,268,508,0
BLD-C01-P04-005819,C01-P04,2025-08-04 13:31:47,Falha,479,311,22
BLD-C01-P04-005820,C01-P04,2025-08-30 20:23:54,Sucesso,235,137,0
BLD-C01-P04-005821,C01-P04,2025-08-21 16:38:13,Sucesso,96,559,0
BLD-C01-P04-005822,C01-P04,2025-08-16 09:46:21,Sucesso,373,283,0
BLD-C01-P04-005823,C01-P04,2025-08-09 08:29:24,Sucesso,390,475,0
BLD-C01-P04-005824,C01-P04,2025-08-04 12:19:48,Sucesso,275,221,0
BLD-C01-P04-005825,C01-P04,2025-08-09 18:09:35,Sucesso,327,342,0
BLD-C01-P04-005826,C01-P04,2025-08-01 13:53:58,Sucesso,308,244,0
BLD-C01-P04-005827,C01-P04,2025-08-30 14:41:56,Sucesso,72,536,0
BLD-C01-P04-005828,C01-P04,2025-08-25 19:46:20,Sucesso,145,247,0
BLD-C01-P04-005829,C01-P04,2025-08-05 21:15:25,Sucesso,396,75,0
BLD-C01-P04-005830,C01-P04,2025-08-22 08:23:43,Sucesso,300,408,1
BLD-C01-P04-005831,C01-P04,2025-08-08 21:49:55,Sucesso,260,166,0
BLD-C01-P04-005832,C01-P04,2025-08-06 14:57:16,Sucesso,417,601,0
BLD-C01-P04-005833,C01-P04,2025-08-19 18:16:44,Falha,299,514,2
BLD-C01-P04-005834,C01-P04,2025-08-17 08:13:58,Sucesso,357,475,0
BLD-C01-P04-005835,C01-P04,2025-08-09 09:30:09,Sucesso,136,472,0
BLD-C01-P04-005836,C01-P04,2025-08-29 12:57:48,Sucesso,449,557,0
BLD-C01-P04-005837,C01-P04,2025-08-21 09:31:49,Sucesso,153,193,0
BLD-C01-P04-005838,C01-P04,2025-08-21 13:17:27,Sucesso,437,484,0
BLD-C01-P04-005839,C01-P04,2025-08-11 10:26:59,Sucesso,308,386,0
BLD-C01-P04-005840,C01-P04,2025-08-31 21:38:27,Sucesso,379,90,0
BLD-C01-P04-005841,C01-P04,2025-08-08 14:53:49,Sucesso,315,410,0
BLD-C01-P04-005842,C01-P04,2025-08-16 12:29:14,Sucesso,96,359,0
BLD-C01-P04-005843,C01-P04,2025-08-24 12:37:03,Sucesso,170,607,0
BLD-C01-P04-005844,C01-P04,2025-08-22 12:54:19,Sucesso,358,556,0
BLD-C01-P04-005845,C01-P04,2025-08-13 18:37:49,Sucesso,598,346,0
BLD-C01-P04-005846,C01-P04,2025-08-03 21:43:26,Sucesso,499,196,0
BLD-C01-P04-005847,C01-P04,2025-08-14 16:14:35,Sucesso,343,491,0
BLD-C01-P04-005848,C01-P04,2025-08-07 07:52:14,Sucesso,322,357,0
BLD-C01-P04-005849,C01-P04,2025-08-10 12:37:38,Falha,211,685,8
BLD-C01-P04-005850,C01-P04,2025-08-17 11:07:52,Falha,20,349,9
BLD-C01-P04-005851,C01-P04,2025-08-14 19:57:47,Sucesso,223,15,0
BLD-C01-P04-005852,C01-P04,2025-08-26 07:02:05,Sucesso,340,535,0
BLD-C01-P04-005853,C01-P04,2025-08-25 18:18:53,Falha,176,456,8
BLD-C01-P04-005854,C01-P04,2025-08-09 15:23:39,Sucesso,371,437,0
BLD-C01-P04-005855,C01-P04,2025-08-07 15:10:31,Sucesso,460,567,0
BLD-C01-P04-005856,C01-P04,2025-08-08 08:45:54,Sucesso,309,509,0
BLD-C01-P04-005857,C01-P04,2025-08-07 21:43:58,Sucesso,204,10,0
BLD-C01-P04-005858,C01-P04,2025-08-07 11:03:35,Sucesso,545,712,0
BLD-C01-P04-005859,C01-P04,2025-08-12 07:14:48,Sucesso,225,447,0
BLD-C01-P04-005860,C01-P04,2025-11-03 19:20:49,Sucesso,566,180,0
BLD-C01-P04-005861,C01-P04,2025-11-29 14:39:08,Falha,220,607,1
BLD-C01-P04-005862,C01-P04,2025-11-18 17:02:54,Sucesso,225,53,0
BLD-C01-P04-005863,C01-P04,2025-11-09 20:27:14,Sucesso,461,231,0
BLD-C01-P04-005864,C01-P04,2025-11-03 14:10:01,Sucesso,129,369,0
BLD-C01-P04-005865,C01-P04,2025-11-03 16:08:41,Sucesso,185,264,0
BLD-C01-P04-005866,C01-P04,2025-11-02 17:33:24,Sucesso,57,301,0
BLD-C01-P04-005867,C01-P04,2025-11-26 11:03:59,Falha,429,715,2
BLD-C01-P04-005868,C01-P04,2025-11-07 15:38:49,Falha,320,506,4
BLD-C01-P04-005869,C01-P04,2025-11-12 11:27:24,Sucesso,394,589,0
BLD-C01-P04-005870,C01-P04,2025-11-04 07:55:35,Sucesso,259,417,1
BLD-C01-P04-005871,C01-P04,2025-11-18 12:48:52,Sucesso,241,175,0
BLD-C01-P04-005872,C01-P04,2025-11-07 14:29:17,Falha,290,404,11
BLD-C01-P04-005873,C01-P04,2025-11-18 15:21:01,Sucesso,422,719,0
BLD-C01-P04-005874,C01-P04,2025-11-15 14:20:47,Sucesso,492,576,0
BLD-C01-P04-005875,C01-P04,2025-11-02 21:39:30,Sucesso,328,477,0
BLD-C01-P04-005876,C01-P04,2025-11-15 18:31:41,Sucesso,378,10,0
BLD-C01-P04-005877,C01-P04,2025-11-18 21:05:25,Sucesso,230,249,0
BLD-C01-P04-005878,C01-P04,2025-11-05 07:51:44,Sucesso,276,214,0
BLD-C01-P04-005879,C01-P04,2025-11-09 10:49:09,Sucesso,308,557,0
BLD-C01-P04-005880,C01-P04,2025-11-04 12:56:35,Sucesso,280,26,0
BLD-C01-P04-005881,C01-P04,2025-11-29 16:49:03,Sucesso,313,505,0
BLD-C01-P04-005882,C01-P04,2025-11-02 08:58:06,Sucesso,129,588,0
BLD-C01-P04-005883,C01-P04,2025-11-08 10:54:46,Sucesso,173,399,0
BLD-C01-P04-005884,C01-P04,2025-11-02 18:30:21,Sucesso,357,389,0
BLD-C01-P04-005885,C01-P04,2025-11-16 13:20:05,Sucesso,265,200,0
BLD-C01-P04-005886,C01-P04,2025-11-24 10:23:29,Sucesso,268,429,0
BLD-C01-P04-005887,C01-P04,2025-11-09 13:58:46,Sucesso,395,512,0
BLD-C01-P04-005888,C01-P04,2025-11-08 09:01:05,Sucesso,20,306,0
BLD-C01-P04-005889,C01-P04,2025-11-06 18:21:36,Falha,96,502,1
BLD-C01-P04-005890,C01-P04,2025-11-03 18:19:55,Sucesso,273,199,0
BLD-C01-P04-005891,C01-P04,2025-11-24 07:29:47,Sucesso,346,468,0
BLD-C01-P04-005892,C01-P04,2025-11-08 20:29:19,Sucesso,169,232,0
BLD-C01-P04-005893,C01-P04,2025-11-10 10:11:22,Falha,326,276,4
BLD-C01-P04-005894,C01-P04,2025-11-04 19:19:11,Sucesso,251,549,0
BLD-C01-P04-005895,C01-P04,2025-11-01 16:33:47,Sucesso,294,85,0
BLD-C01-P04-005896,C01-P04,2025-11-06 12:33:34,Falha,396,441,8
BLD-C01-P04-005897,C01-P04,2025-11-01 11:17:48,Falha,464,376,6
BLD-C01-P04-005898,C01-P04,2025-11-18 19:44:12,Sucesso,643,591,0
BLD-C01-P04-005899,C01-P04,2025-11-01 15:08:41,Falha,662,222,10
BLD-C01-P04-005900,C01-P04,2025-11-18 11:10:23,Falha,74,640,2
BLD-C01-P04-005901,C01-P04,2025-11-20 10:20:51,Sucesso,228,367,0
BLD-C01-P04-005902,C01-P04,2025-11-20 16:43:51,Sucesso,603,573,0
BLD-C01-P04-005903,C01-P04,2025-11-15 07:17:45,Sucesso,345,10,0
BLD-C01-P04-005904,C01-P04,2025-11-06 21:02:12,Sucesso,418,450,0
BLD-C01-P04-005905,C01-P04,2025-11-20 14:54:53,Sucesso,512,236,0
BLD-C01-P04-005906,C01-P04,2025-11-03 08:25:34,Sucesso,501,416,0
BLD-C01-P04-005907,C01-P04,2025-11-26 20:20:24,Sucesso,488,564,0
BLD-C01-P04-005908,C01-P04,2025-11-28 17:51:15,Sucesso,483,269,0
BLD-C01-P04-005909,C01-P04,2025-11-16 11:57:01,Sucesso,391,357,0
BLD-C01-P04-005910,C01-P04,2025-11-17 18:13:04,Sucesso,334,349,0
BLD-C01-P04-005911,C01-P04,2025-11-30 17:19:45,Sucesso,354,277,0
BLD-C01-P04-005912,C01-P04,2025-11-30 21:37:16,Sucesso,415,260,0
BLD-C01-P04-005913,C01-P04,2025-11-14 12:05:54,Sucesso,255,310,0
BLD-C01-P04-005914,C01-P04,2025-11-26 18:11:18,Falha,362,314,4
BLD-C01-P04-005915,C01-P04,2025-11-25 16:27:46,Sucesso,300,276,0
BLD-C01-P04-005916,C01-P04,2025-11-15 16:53:03,Sucesso,612,10,0
BLD-C01-P04-005917,C01-P04,2025-11-15 10:04:43,Sucesso,376,385,0
BLD-C01-P04-005918,C01-P04,2025-11-15 16:17:29,Sucesso,546,232,0
BLD-C01-P04-005919,C01-P04,2025-11-28 09:33:58,Sucesso,576,10,0
BLD-C01-P04-005920,C01-P04,2025-11-12 13:56:12,Sucesso,609,468,0
BLD-C01-P04-005921,C01-P04,2025-11-17 21:25:55,Sucesso,508,431,0
BLD-C01-P04-005922,C01-P04,2025-11-19 17:43:28,Falha,443,325,8
BLD-C01-P04-005923,C01-P04,2025-11-02 12:22:47,Sucesso,252,338,0
BLD-C01-P04-005924,C01-P04,2025-11-24 11:57:19,Sucesso,433,620,0
BLD-C01-P04-005925,C01-P04,2025-11-01 08:35:09,Sucesso,445,521,1
BLD-C01-P04-005926,C01-P04,2025-11-09 21:53:33,Sucesso,592,736,0
BLD-C01-P04-005927,C01-P04,2025-11-26 09:39:28,Sucesso,346,329,0
BLD-C01-P04-005928,C01-P04,2025-11-12 12:47:54,Sucesso,204,10,0
BLD-C01-P04-005929,C01-P04,2025-11-24 14:07:17,Sucesso,337,413,0
BLD-C01-P04-005930,C01-P04,2025-11-16 20:11:18,Falha,327,393,4
BLD-C01-P04-005931,C01-P04,2025-11-05 07:46:27,Sucesso,375,432,0
BLD-C01-P04-005932,C01-P04,2025-11-24 09:40:09,Sucesso,490,212,0
BLD-C01-P04-005933,C01-P04,2025-11-17 18:31:09,Sucesso,309,337,0
BLD-C01-P04-005934,C01-P04,2025-11-13 15:18:29,Falha,267,551,1
BLD-C01-P04-005935,C01-P04,2025-11-26 10:45:30,Sucesso,352,311,0
BLD-C01-P04-005936,C01-P04,2025-11-07 13:18:38,Falha,87,880,2
BLD-C01-P04-005937,C01-P04,2025-11-21 12:01:58,Sucesso,305,324,0
BLD-C01-P04-005938,C01-P04,2025-11-11 08:38:27,Sucesso,655,428,0
BLD-C01-P04-005939,C01-P04,2025-11-23 19:46:42,Sucesso,184,236,0
BLD-C01-P04-005940,C01-P04,2025-11-29 20:30:30,Sucesso,180,302,0
BLD-C01-P04-005941,C01-P04,2025-11-10 09:36:56,Falha,241,10,1
BLD-C01-P04-005942,C01-P04,2025-11-12 21:25:27,Sucesso,293,473,0
BLD-C01-P04-005943,C01-P04,2025-11-06 08:05:49,Sucesso,231,336,0
BLD-C01-P04-005944,C01-P04,2025-11-06 17:13:38,Sucesso,55,639,0
BLD-C01-P04-005945,C01-P04,2025-11-24 20:27:25,Sucesso,364,147,0
BLD-C01-P04-005946,C01-P04,2025-11-08 20:10:37,Sucesso,486,715,0
BLD-C01-P04-005947,C01-P04,2025-11-01 09:53:39,Sucesso,121,542,0
BLD-C01-P04-005948,C01-P04,2025-11-24 09:20:20,Sucesso,268,667,0
BLD-C01-P04-005949,C01-P04,2025-11-16 19:12:31,Sucesso,405,344,0
BLD-C01-P04-005950,C01-P04,2025-11-08 12:15:21,Falha,222,728,13
BLD-C01-P04-005951,C01-P04,2025-11-24 12:03:50,Sucesso,425,456,0
BLD-C01-P04-005952,C01-P04,2025-11-25 08:38:19,Sucesso,85,362,0
BLD-C01-P04-005953,C01-P04,2025-11-12 17:38:42,Sucesso,383,389,0
BLD-C01-P04-005954,C01-P04,2025-11-01 16:49:52,Sucesso,20,417,0
BLD-C01-P04-005955,C01-P04,2025-11-06 12:02:14,Sucesso,20,32,0
BLD-C01-P04-005956,C01-P04,2025-11-04 21:40:45,Falha,296,592,6
BLD-C01-P04-005957,C01-P04,2025-11-28 21:55:12,Sucesso,532,227,0
BLD-C01-P04-005958,C01-P04,2025-11-07 15:03:48,Sucesso,113,330,0
BLD-C01-P04-005959,C01-P04,2025-11-04 07:19:49,Sucesso,362,277,0
BLD-C01-P04-005960,C01-P04,2025-11-22 15:51:03,Sucesso,369,560,0
BLD-C01-P04-005961,C01-P04,2025-11-19 10:18:54,Sucesso,500,474,0
BLD-C01-P04-005962,C01-P04,2025-11-10 16:06:31,Sucesso,241,456,0
BLD-C01-P04-005963,C01-P04,2025-11-27 07:29:45,Sucesso,291,581,0
BLD-C01-P04-005964,C01-P04,2025-11-26 21:03:26,Sucesso,368,258,0
BLD-C01-P04-005965,C01-P04,2025-11-25 09:37:36,Sucesso,323,160,0
BLD-C01-P04-005966,C01-P04,2025-11-26 09:41:03,Sucesso,288,407,0
BLD-C01-P04-005967,C01-P04,2025-11-29 16:42:36,Falha,360,515,1
BLD-C01-P04-005968,C01-P04,2025-11-09 17:32:35,Sucesso,222,389,0
BLD-C01-P04-005969,C01-P04,2025-11-25 18:28:11,Sucesso,388,300,0
BLD-C01-P04-005970,C01-P04,2025-11-02 12:12:30,Sucesso,298,517,0
BLD-C01-P04-005971,C01-P04,2025-11-01 09:38:18,Sucesso,159,390,0
BLD-C01-P04-005972,C01-P04,2025-11-19 09:40:53,Sucesso,204,528,0
BLD-C01-P04-005973,C01-P04,2025-11-27 17:20:42,Falha,225,731,9
BLD-C01-P04-005974,C01-P04,2025-11-10 07:49:33,Sucesso,383,391,0
BLD-C01-P04-005975,C01-P04,2025-11-20 08:33:19,Sucesso,433,737,0
BLD-C01-P04-005976,C01-P04,2025-11-13 15:13:43,Sucesso,156,683,0
BLD-C01-P04-005977,C01-P04,2025-11-30 11:28:08,Sucesso,324,324,1
BLD-C01-P04-005978,C01-P04,2025-11-07 15:43:17,Sucesso,183,507,0
BLD-C01-P04-005979,C01-P04,2025-11-10 07:08:05,Sucesso,46,519,0
BLD-C01-P04-005980,C01-P04,2025-11-29 09:05:05,Sucesso,207,467,0
BLD-C01-P04-005981,C01-P04,2025-11-09 11:21:29,Falha,370,234,4
BLD-C01-P04-005982,C01-P04,2025-11-10 15:00:24,Sucesso,429,167,0
BLD-C01-P04-005983,C01-P04,2025-11-11 07:37:04,Sucesso,167,391,0
BLD-C01-P04-005984,C01-P04,2025-11-08 07:29:44,Sucesso,454,520,1
BLD-C01-P04-005985,C01-P04,2025-11-20 21:57:49,Falha,301,80,1
BLD-C01-P04-005986,C01-P04,2025-11-03 21:21:15,Sucesso,358,332,0
BLD-C01-P04-005987,C01-P04,2025-11-12 21:37:17,Sucesso,270,188,0
BLD-C01-P04-005988,C01-P04,2025-11-03 11:20:35,Falha,331,439,3
BLD-C01-P04-005989,C01-P04,2025-11-15 13:04:14,Sucesso,331,533,0
BLD-C01-P04-005990,C01-P04,2025-11-28 18:16:16,Sucesso,283,151,0
BLD-C01-P04-005991,C01-P04,2025-11-14 19:34:27,Sucesso,208,412,0
BLD-C01-P04-005992,C01-P04,2025-11-06 08:54:31,Sucesso,354,323,0
BLD-C01-P04-005993,C01-P04,2025-11-06 10:26:58,Falha,361,159,7
BLD-C01-P04-005994,C01-P04,2025-11-29 10:26:17,Sucesso,288,243,0
BLD-C01-P04-005995,C01-P04,2025-11-17 09:29:19,Sucesso,315,561,0
BLD-C01-P04-005996,C01-P04,2025-12-03 10:37:02,Sucesso,288,777,0
BLD-C01-P04-005997,C01-P04,2025-12-16 20:39:09,Sucesso,252,361,0
BLD-C01-P04-005998,C01-P04,2025-12-13 09:54:50,Sucesso,306,639,0
BLD-C01-P04-005999,C01-P04,2025-12-02 09:14:11,Sucesso,232,381,0
BLD-C01-P04-006000,C01-P04,2025-12-03 12:16:16,Sucesso,76,130,0
BLD-C01-P04-006001,C01-P04,2025-12-26 15:37:17,Sucesso,186,607,0
BLD-C01-P04-006002,C01-P04,2025-12-02 18:01:47,Sucesso,81,246,0
BLD-C01-P04-006003,C01-P04,2025-12-03 16:21:15,Sucesso,134,353,1
BLD-C01-P04-006004,C01-P04,2025-12-09 12:24:35,Sucesso,333,239,0
BLD-C01-P04-006005,C01-P04,2025-12-27 10:31:45,Falha,317,855,6
BLD-C01-P04-006006,C01-P04,2025-12-26 07:15:33,Sucesso,222,571,0
BLD-C01-P04-006007,C01-P04,2025-12-15 17:11:37,Sucesso,158,200,0
BLD-C01-P04-006008,C01-P04,2025-12-04 21:17:13,Falha,499,260,2
BLD-C01-P04-006009,C01-P04,2025-12-10 15:16:19,Sucesso,227,418,0
BLD-C01-P04-006010,C01-P04,2025-12-30 18:29:47,Sucesso,237,341,0
BLD-C01-P04-006011,C01-P04,2025-12-11 09:07:50,Sucesso,661,32,0
BLD-C01-P04-006012,C01-P04,2025-12-29 20:52:47,Falha,173,309,3
BLD-C01-P04-006013,C01-P04,2025-12-31 20:23:43,Sucesso,395,261,0
BLD-C01-P04-006014,C01-P04,2025-12-14 09:30:47,Sucesso,313,206,0
BLD-C01-P04-006015,C01-P04,2025-12-18 19:08:01,Sucesso,352,367,0
BLD-C01-P04-006016,C01-P04,2025-12-09 11:25:53,Sucesso,228,705,0
BLD-C01-P04-006017,C01-P04,2025-12-17 12:48:25,Sucesso,182,701,0
BLD-C01-P04-006018,C01-P04,2025-12-15 17:51:07,Sucesso,234,319,0
BLD-C01-P04-006019,C01-P04,2025-12-22 18:05:58,Sucesso,255,523,0
BLD-C01-P04-006020,C01-P04,2025-12-16 07:20:40,Sucesso,228,265,0
BLD-C01-P04-006021,C01-P04,2025-12-09 12:53:33,Sucesso,335,336,0
BLD-C01-P04-006022,C01-P04,2025-12-27 18:47:43,Falha,384,115,1
BLD-C01-P04-006023,C01-P04,2025-12-23 10:19:47,Sucesso,235,454,0
BLD-C01-P04-006024,C01-P04,2025-12-16 20:20:12,Sucesso,363,301,1
BLD-C01-P04-006025,C01-P04,2025-12-28 17:01:41,Sucesso,121,430,0
BLD-C01-P04-006026,C01-P04,2025-12-26 16:50:04,Sucesso,378,262,0
BLD-C01-P04-006027,C01-P04,2025-12-14 07:58:10,Sucesso,439,588,0
BLD-C01-P04-006028,C01-P04,2025-12-28 13:53:10,Sucesso,536,106,0
BLD-C01-P04-006029,C01-P04,2025-12-04 20:59:09,Sucesso,374,301,0
BLD-C01-P04-006030,C01-P04,2025-12-16 08:10:00,Falha,577,347,2
BLD-C01-P04-006031,C01-P04,2025-12-07 08:41:41,Falha,356,431,4
BLD-C01-P04-006032,C01-P04,2025-12-22 07:25:23,Sucesso,31,548,0
BLD-C01-P04-006033,C01-P04,2025-12-05 07:28:48,Sucesso,409,203,0
BLD-C01-P04-006034,C01-P04,2025-12-12 10:13:26,Falha,325,210,3
BLD-C01-P04-006035,C01-P04,2025-12-19 10:29:27,Sucesso,295,260,0
BLD-C01-P04-006036,C01-P04,2025-12-30 07:28:30,Sucesso,299,44,0
BLD-C01-P04-006037,C01-P04,2025-12-17 20:45:13,Sucesso,280,331,0
BLD-C01-P04-006038,C01-P04,2025-12-13 10:20:18,Sucesso,255,460,1
BLD-C01-P04-006039,C01-P04,2025-12-03 09:47:26,Sucesso,408,429,0
BLD-C01-P04-006040,C01-P04,2025-12-20 12:55:00,Sucesso,220,703,0
BLD-C01-P04-006041,C01-P04,2025-12-23 13:33:45,Sucesso,433,10,0
BLD-C01-P04-006042,C01-P04,2025-12-08 12:56:28,Sucesso,368,501,0
BLD-C01-P04-006043,C01-P04,2025-12-14 08:48:03,Sucesso,451,682,0
BLD-C01-P04-006044,C01-P04,2025-12-26 13:02:19,Falha,143,445,3
BLD-C01-P04-006045,C01-P04,2025-12-25 12:21:55,Sucesso,400,116,0
BLD-C01-P04-006046,C01-P04,2025-12-17 09:55:30,Sucesso,336,427,0
BLD-C01-P04-006047,C01-P04,2025-12-23 20:17:23,Sucesso,205,347,0
BLD-C01-P04-006048,C01-P04,2025-12-13 08:51:32,Sucesso,365,10,0
BLD-C01-P04-006049,C01-P04,2025-12-31 13:33:49,Sucesso,243,365,0
BLD-C01-P04-006050,C01-P04,2025-12-30 19:24:27,Sucesso,252,372,0
BLD-C01-P04-006051,C01-P04,2025-12-08 17:39:56,Sucesso,71,411,0
BLD-C01-P04-006052,C01-P04,2025-12-02 19:46:18,Sucesso,402,165,0
BLD-C01-P04-006053,C01-P04,2025-12-22 19:46:53,Sucesso,385,362,0
BLD-C01-P04-006054,C01-P04,2025-12-07 08:45:52,Sucesso,115,848,0
BLD-C01-P04-006055,C01-P04,2025-12-18 12:43:25,Sucesso,204,324,0
BLD-C01-P04-006056,C01-P04,2025-12-30 08:58:04,Sucesso,373,14,0
BLD-C01-P04-006057,C01-P04,2025-12-22 12:43:24,Sucesso,190,300,0
BLD-C01-P04-006058,C01-P04,2025-12-25 20:33:12,Sucesso,308,638,0
BLD-C01-P04-006059,C01-P04,2025-12-18 07:13:30,Sucesso,296,441,0
BLD-C01-P04-006060,C01-P04,2025-12-05 09:57:58,Sucesso,300,207,1
BLD-C01-P04-006061,C01-P04,2025-12-24 21:10:10,Sucesso,302,452,0
BLD-C01-P04-006062,C01-P04,2025-12-20 10:58:28,Sucesso,20,704,1
BLD-C01-P04-006063,C01-P04,2025-12-22 08:37:26,Sucesso,270,319,0
BLD-C01-P04-006064,C01-P04,2025-12-01 15:15:01,Sucesso,50,569,0
BLD-C01-P04-006065,C01-P04,2025-12-03 18:41:45,Sucesso,471,230,0
BLD-C01-P04-006066,C01-P04,2025-12-29 08:41:16,Sucesso,249,628,0
BLD-C01-P04-006067,C01-P04,2025-12-22 16:29:43,Sucesso,253,580,0
BLD-C01-P04-006068,C01-P04,2025-12-17 20:58:48,Sucesso,479,302,0
BLD-C01-P04-006069,C01-P04,2025-12-10 10:44:16,Sucesso,349,413,0
BLD-C01-P04-006070,C01-P04,2025-12-10 11:20:49,Sucesso,520,563,0
BLD-C01-P04-006071,C01-P04,2025-12-15 21:44:53,Sucesso,537,536,0
BLD-C01-P04-006072,C01-P04,2025-12-10 13:28:29,Sucesso,39,62,0
BLD-C01-P04-006073,C01-P04,2025-12-06 18:01:19,Sucesso,413,100,0
BLD-C01-P04-006074,C01-P04,2025-12-03 16:13:27,Sucesso,203,10,0
BLD-C01-P04-006075,C01-P04,2025-12-27 08:58:31,Sucesso,218,10,0
BLD-C01-P04-006076,C01-P04,2025-12-13 10:55:32,Sucesso,156,915,1
BLD-C01-P04-006077,C01-P04,2025-12-05 20:31:56,Sucesso,57,266,0
BLD-C01-P04-006078,C01-P04,2025-12-08 11:16:18,Sucesso,569,502,0
BLD-C01-P04-006079,C01-P04,2025-12-21 20:16:40,Sucesso,405,201,0
BLD-C01-P04-006080,C01-P04,2025-12-06 18:09:31,Sucesso,324,371,0
BLD-C01-P04-006081,C01-P04,2025-12-04 14:23:26,Sucesso,362,306,0
BLD-C01-P04-006082,C01-P04,2025-12-03 14:02:45,Sucesso,294,453,0
BLD-C01-P04-006083,C01-P04,2025-12-02 15:36:01,Falha,241,458,10
BLD-C01-P04-006084,C01-P04,2025-12-10 18:00:11,Sucesso,537,156,0
BLD-C01-P04-006085,C01-P04,2025-12-20 14:03:16,Sucesso,472,217,0
BLD-C01-P04-006086,C01-P04,2025-12-04 21:28:30,Sucesso,522,614,0
BLD-C01-P04-006087,C01-P04,2025-12-03 08:50:44,Sucesso,242,361,0
BLD-C01-P04-006088,C01-P04,2025-12-28 20:20:59,Sucesso,508,589,0
BLD-C01-P04-006089,C01-P04,2025-12-03 10:20:09,Sucesso,438,337,0
BLD-C01-P04-006090,C01-P04,2025-12-09 14:22:16,Sucesso,386,491,0
BLD-C01-P04-006091,C01-P04,2025-12-04 12:27:26,Sucesso,269,443,0
BLD-C01-P04-006092,C01-P04,2025-12-08 12:53:18,Sucesso,447,526,0
BLD-C01-P04-006093,C01-P04,2025-12-27 09:42:20,Sucesso,403,297,0
BLD-C01-P04-006094,C01-P04,2025-12-02 18:47:01,Falha,433,191,17
BLD-C01-P04-006095,C01-P04,2025-12-22 14:01:05,Sucesso,335,689,0
BLD-C01-P04-006096,C01-P04,2025-12-16 17:32:34,Sucesso,309,453,1
BLD-C01-P04-006097,C01-P04,2025-12-30 13:32:48,Falha,268,78,4
BLD-C01-P04-006098,C01-P04,2025-12-13 07:58:12,Falha,318,568,6
BLD-C01-P04-006099,C01-P04,2025-12-03 08:02:37,Sucesso,303,582,0
BLD-C01-P04-006100,C01-P04,2025-12-22 20:54:37,Sucesso,231,251,0
BLD-C01-P04-006101,C01-P04,2025-12-27 13:58:35,Sucesso,335,240,0
BLD-C01-P04-006102,C01-P04,2025-12-14 07:06:44,Falha,489,503,3
BLD-C01-P04-006103,C01-P04,2025-12-14 20:40:29,Sucesso,299,130,0
BLD-C01-P04-006104,C01-P04,2025-12-09 15:41:07,Sucesso,558,10,0
BLD-C01-P04-006105,C01-P04,2025-12-21 16:27:36,Sucesso,566,517,0
BLD-C01-P04-006106,C01-P04,2025-12-30 11:04:51,Sucesso,429,343,0
BLD-C01-P04-006107,C01-P04,2025-12-27 16:39:01,Sucesso,301,391,0
BLD-C01-P04-006108,C01-P04,2025-12-24 07:12:51,Sucesso,247,308,0
BLD-C01-P04-006109,C01-P04,2025-12-13 14:24:48,Falha,361,608,34
BLD-C01-P04-006110,C01-P04,2025-12-28 15:06:22,Sucesso,290,263,0
BLD-C01-P04-006111,C01-P04,2025-12-08 13:24:57,Sucesso,380,414,0
BLD-C01-P04-006112,C01-P04,2025-12-26 07:19:52,Falha,319,435,2
BLD-C01-P04-006113,C01-P04,2025-12-22 21:50:46,Sucesso,755,682,0
BLD-C01-P04-006114,C01-P04,2025-12-02 17:23:29,Sucesso,197,173,0
BLD-C01-P04-006115,C01-P04,2025-12-24 07:15:47,Sucesso,40,239,0
BLD-C01-P04-006116,C01-P04,2025-12-18 13:34:46,Sucesso,434,558,1
BLD-C01-P04-006117,C01-P04,2025-12-19 21:09:41,Sucesso,357,417,0
BLD-C01-P04-006118,C01-P04,2025-12-06 18:10:39,Sucesso,206,277,0
BLD-C01-P04-006119,C01-P04,2025-12-04 18:28:48,Falha,580,450,5
BLD-C01-P04-006120,C01-P04,2025-12-29 18:29:31,Sucesso,524,279,0
BLD-C01-P04-006121,C01-P04,2025-12-26 14:43:05,Sucesso,375,10,2
BLD-C01-P04-006122,C01-P04,2025-12-14 09:19:39,Sucesso,273,792,0
BLD-C01-P04-006123,C01-P04,2025-12-15 20:50:20,Sucesso,331,209,0
BLD-C01-P04-006124,C01-P04,2025-12-04 21:56:49,Sucesso,325,372,0
BLD-C01-P04-006125,C01-P04,2025-12-28 18:25:51,Falha,180,10,2
BLD-C01-P04-006126,C01-P04,2025-12-05 10:56:34,Sucesso,306,465,0
BLD-C01-P04-006127,C01-P04,2025-12-24 15:59:43,Sucesso,261,393,0
BLD-C01-P04-006128,C01-P04,2025-12-30 13:40:20,Falha,192,192,1
BLD-C01-P04-006129,C01-P04,2025-12-25 13:48:37,Sucesso,474,697,0
BLD-C01-P04-006130,C01-P04,2025-12-22 20:44:48,Sucesso,600,350,0
BLD-C01-P04-006131,C01-P04,2025-12-14 08:58:52,Falha,449,143,2
BLD-C01-P04-006132,C01-P04,2025-12-12 13:09:20,Sucesso,261,370,0
BLD-C01-P04-006133,C01-P04,2025-12-31 17:12:16,Sucesso,103,403,0
BLD-C01-P04-006134,C01-P04,2025-12-14 19:50:06,Falha,226,344,5
BLD-C01-P04-006135,C01-P04,2025-12-31 13:42:52,Sucesso,292,445,0
BLD-C01-P04-006136,C01-P04,2025-12-18 14:06:25,Sucesso,438,196,0
BLD-C01-P04-006137,C01-P04,2026-01-25 18:07:56,Sucesso,351,685,0
BLD-C01-P04-006138,C01-P04,2026-01-02 19:12:41,Sucesso,275,303,0
BLD-C01-P04-006139,C01-P04,2026-01-02 09:34:59,Sucesso,338,637,0
BLD-C01-P04-006140,C01-P04,2026-01-05 10:37:41,Falha,464,447,4
BLD-C01-P04-006141,C01-P04,2026-01-17 11:15:43,Sucesso,226,329,0
BLD-C01-P04-006142,C01-P04,2026-01-05 07:12:58,Falha,403,453,5
BLD-C01-P04-006143,C01-P04,2026-01-05 15:04:08,Sucesso,466,372,0
BLD-C01-P04-006144,C01-P04,2026-01-05 21:14:55,Sucesso,108,739,1
BLD-C01-P04-006145,C01-P04,2026-01-20 11:46:50,Sucesso,264,505,0
BLD-C01-P04-006146,C01-P04,2026-01-30 16:25:19,Sucesso,254,459,0
BLD-C01-P04-006147,C01-P04,2026-01-01 12:12:23,Sucesso,381,345,0
BLD-C01-P04-006148,C01-P04,2026-01-02 20:26:06,Sucesso,331,392,0
BLD-C01-P04-006149,C01-P04,2026-01-10 21:37:33,Sucesso,257,430,0
BLD-C01-P04-006150,C01-P04,2026-01-26 19:19:00,Sucesso,277,417,0
BLD-C01-P04-006151,C01-P04,2026-01-13 08:23:10,Sucesso,376,385,0
BLD-C01-P04-006152,C01-P04,2026-01-30 07:51:30,Falha,102,100,6
BLD-C01-P04-006153,C01-P04,2026-01-16 18:01:42,Sucesso,421,630,0
BLD-C01-P04-006154,C01-P04,2026-01-04 11:09:09,Sucesso,376,205,0
BLD-C01-P04-006155,C01-P04,2026-01-08 11:43:04,Falha,493,364,6
BLD-C01-P04-006156,C01-P04,2026-01-18 16:32:04,Sucesso,565,249,0
BLD-C01-P04-006157,C01-P04,2026-01-24 18:49:32,Sucesso,194,396,0
BLD-C01-P04-006158,C01-P04,2026-01-17 08:59:29,Sucesso,566,372,0
BLD-C01-P04-006159,C01-P04,2026-01-10 17:25:14,Sucesso,207,159,0
BLD-C01-P04-006160,C01-P04,2026-01-06 08:29:10,Sucesso,322,819,0
BLD-C01-P04-006161,C01-P04,2026-01-28 20:27:19,Falha,321,586,4
BLD-C01-P04-006162,C01-P04,2026-01-05 11:29:35,Sucesso,30,280,0
BLD-C01-P04-006163,C01-P04,2026-01-10 10:32:55,Sucesso,304,619,1
BLD-C01-P04-006164,C01-P04,2026-01-01 19:55:57,Sucesso,555,418,0
BLD-C01-P04-006165,C01-P04,2026-01-23 14:31:03,Sucesso,391,157,0
BLD-C01-P04-006166,C01-P04,2026-01-04 21:44:47,Sucesso,241,342,0
BLD-C01-P04-006167,C01-P04,2026-01-24 14:53:38,Sucesso,103,283,0
BLD-C01-P04-006168,C01-P04,2026-01-19 07:27:19,Sucesso,158,115,0
BLD-C01-P04-006169,C01-P04,2026-01-27 20:47:00,Sucesso,261,291,0
BLD-C01-P04-006170,C01-P04,2026-01-14 11:11:33,Sucesso,118,567,0
BLD-C01-P04-006171,C01-P04,2026-01-27 16:14:54,Sucesso,298,127,0
BLD-C01-P04-006172,C01-P04,2026-01-19 20:44:14,Sucesso,660,400,0
BLD-C01-P04-006173,C01-P04,2026-01-02 20:20:04,Sucesso,397,589,0
BLD-C01-P04-006174,C01-P04,2026-01-15 21:11:31,Sucesso,469,593,0
BLD-C01-P04-006175,C01-P04,2026-01-05 13:53:47,Sucesso,521,73,0
BLD-C01-P04-006176,C01-P04,2026-01-03 14:18:28,Sucesso,146,419,0
BLD-C01-P04-006177,C01-P04,2026-01-17 17:56:05,Sucesso,77,417,1
BLD-C01-P04-006178,C01-P04,2026-01-07 16:05:14,Sucesso,222,551,0
BLD-C01-P04-006179,C01-P04,2026-01-02 12:24:13,Falha,197,389,7
BLD-C01-P04-006180,C01-P04,2026-01-07 13:40:14,Sucesso,442,750,0
BLD-C01-P04-006181,C01-P04,2026-01-09 17:06:39,Sucesso,221,77,0
BLD-C01-P04-006182,C01-P04,2026-01-26 11:04:41,Sucesso,310,441,0
BLD-C01-P04-006183,C01-P04,2026-01-15 12:07:29,Sucesso,294,517,0
BLD-C01-P04-006184,C01-P04,2026-01-14 11:54:59,Sucesso,313,347,0
BLD-C01-P04-006185,C01-P04,2026-01-24 16:00:37,Sucesso,494,530,0
BLD-C01-P04-006186,C01-P04,2026-01-22 16:45:42,Sucesso,457,626,3
BLD-C01-P04-006187,C01-P04,2026-01-28 18:58:52,Sucesso,237,336,0
BLD-C01-P04-006188,C01-P04,2026-01-08 19:31:07,Sucesso,477,112,0
BLD-C01-P04-006189,C01-P04,2026-01-23 11:21:53,Sucesso,20,346,0
BLD-C01-P04-006190,C01-P04,2026-01-13 07:14:07,Sucesso,560,472,0
BLD-C01-P04-006191,C01-P04,2026-01-04 08:37:47,Sucesso,408,339,0
BLD-C01-P04-006192,C01-P04,2026-01-14 10:07:29,Sucesso,306,376,0
BLD-C01-P04-006193,C01-P04,2026-01-01 20:56:11,Falha,248,353,7
BLD-C01-P04-006194,C01-P04,2026-01-25 14:17:01,Sucesso,240,323,0
BLD-C01-P04-006195,C01-P04,2026-01-14 07:18:33,Sucesso,339,696,0
BLD-C01-P04-006196,C01-P04,2026-01-23 20:00:33,Sucesso,380,256,0
BLD-C01-P04-006197,C01-P04,2026-01-07 19:35:31,Sucesso,322,534,0
BLD-C01-P04-006198,C01-P04,2026-01-28 11:45:27,Sucesso,161,517,0
BLD-C01-P04-006199,C01-P04,2026-01-02 09:33:27,Sucesso,285,477,0
BLD-C01-P04-006200,C01-P04,2026-01-31 08:42:00,Sucesso,264,10,0
BLD-C01-P04-006201,C01-P04,2026-01-12 14:39:17,Sucesso,275,299,0
BLD-C01-P04-006202,C01-P04,2026-01-01 14:53:48,Sucesso,460,540,0
BLD-C01-P04-006203,C01-P04,2026-01-26 18:52:10,Sucesso,290,177,0
BLD-C01-P04-006204,C01-P04,2026-01-15 20:56:31,Sucesso,546,134,0
BLD-C01-P04-006205,C01-P04,2026-01-09 14:04:22,Sucesso,388,51,0
BLD-C01-P04-006206,C01-P04,2026-01-01 20:05:08,Sucesso,180,348,0
BLD-C01-P04-006207,C01-P04,2026-01-23 09:27:26,Falha,646,359,8
BLD-C01-P04-006208,C01-P04,2026-01-10 21:35:08,Sucesso,252,520,0
BLD-C01-P04-006209,C01-P04,2026-01-18 20:47:28,Sucesso,428,401,0
BLD-C01-P04-006210,C01-P04,2026-01-18 10:39:27,Sucesso,665,382,0
BLD-C01-P04-006211,C01-P04,2026-01-25 15:27:44,Sucesso,266,10,0
BLD-C01-P04-006212,C01-P04,2026-01-08 09:34:03,Sucesso,136,367,0
BLD-C01-P04-006213,C01-P04,2026-01-16 18:25:19,Sucesso,231,124,0
BLD-C01-P04-006214,C01-P04,2026-01-10 19:38:08,Sucesso,312,209,0
BLD-C01-P04-006215,C01-P04,2026-01-05 18:55:29,Sucesso,330,475,0
BLD-C01-P04-006216,C01-P04,2026-01-21 08:51:34,Sucesso,458,368,0
BLD-C01-P04-006217,C01-P04,2026-01-31 08:53:29,Sucesso,348,451,0
BLD-C01-P04-006218,C01-P04,2026-01-30 21:42:43,Falha,298,701,10
BLD-C01-P04-006219,C01-P04,2026-01-09 14:00:32,Sucesso,227,1053,0
BLD-C01-P04-006220,C01-P04,2026-01-30 19:56:38,Sucesso,147,244,0
BLD-C01-P04-006221,C01-P04,2026-01-25 11:57:51,Falha,363,492,17
BLD-C01-P04-006222,C01-P04,2026-01-04 18:31:03,Falha,455,577,1
BLD-C01-P04-006223,C01-P04,2026-01-31 11:38:08,Sucesso,595,171,0
BLD-C01-P04-006224,C01-P04,2026-01-26 18:00:18,Sucesso,274,676,0
BLD-C01-P04-006225,C01-P04,2026-01-09 18:32:41,Sucesso,421,593,0
BLD-C01-P04-006226,C01-P04,2026-01-09 21:31:12,Sucesso,90,684,0
BLD-C01-P04-006227,C01-P04,2026-01-05 19:55:21,Sucesso,403,466,1
BLD-C01-P04-006228,C01-P04,2026-01-01 18:18:43,Sucesso,222,418,0
BLD-C01-P04-006229,C01-P04,2026-01-13 19:06:39,Sucesso,388,400,0
BLD-C01-P04-006230,C01-P04,2026-01-13 16:25:01,Sucesso,195,572,0
BLD-C01-P04-006231,C01-P04,2026-01-29 18:02:52,Falha,304,134,3
BLD-C01-P04-006232,C01-P04,2026-01-14 10:18:26,Sucesso,235,611,0
BLD-C01-P04-006233,C01-P04,2026-01-29 16:54:12,Sucesso,376,288,0
BLD-C01-P04-006234,C01-P04,2026-01-02 16:21:23,Sucesso,403,485,0
BLD-C01-P04-006235,C01-P04,2026-01-08 17:08:19,Sucesso,256,733,1
BLD-C01-P04-006236,C01-P04,2026-01-13 08:15:03,Sucesso,181,928,0
BLD-C01-P04-006237,C01-P04,2026-01-01 09:24:43,Sucesso,586,246,0
BLD-C01-P04-006238,C01-P04,2026-01-20 18:35:21,Falha,393,737,3
BLD-C01-P04-006239,C01-P04,2026-01-17 08:08:14,Sucesso,70,309,0
BLD-C01-P04-006240,C01-P04,2026-01-13 18:09:17,Sucesso,571,499,0
BLD-C01-P04-006241,C01-P04,2026-01-31 12:49:44,Sucesso,492,10,0
BLD-C01-P04-006242,C01-P04,2026-01-23 11:50:51,Sucesso,324,228,0
BLD-C01-P04-006243,C01-P04,2026-01-06 07:09:52,Sucesso,205,941,0
BLD-C01-P04-006244,C01-P04,2026-01-27 08:00:35,Sucesso,151,160,0
BLD-C01-P04-006245,C01-P04,2026-01-26 09:59:38,Sucesso,357,416,0
BLD-C01-P04-006246,C01-P04,2026-01-05 07:10:58,Sucesso,56,164,0
BLD-C01-P04-006247,C01-P04,2026-01-03 13:11:05,Sucesso,329,363,0
BLD-C01-P04-006248,C01-P04,2026-01-11 10:20:13,Sucesso,429,355,0
BLD-C01-P04-006249,C01-P04,2026-01-22 20:09:47,Sucesso,162,475,0
BLD-C01-P04-006250,C01-P04,2026-01-01 09:31:47,Falha,450,207,1
BLD-C01-P04-006251,C01-P04,2026-01-13 20:10:42,Sucesso,464,571,0
BLD-C01-P04-006252,C01-P04,2026-01-17 08:59:18,Sucesso,651,420,0
BLD-C01-P04-006253,C01-P04,2026-01-27 16:58:33,Sucesso,204,835,0
BLD-C01-P04-006254,C01-P04,2026-01-21 20:31:31,Sucesso,388,243,0
BLD-C01-P04-006255,C01-P04,2026-01-02 12:32:58,Sucesso,20,971,0
BLD-C01-P04-006256,C01-P04,2026-01-20 21:37:14,Sucesso,160,841,0
BLD-C01-P04-006257,C01-P04,2026-01-19 10:25:52,Sucesso,376,473,0
BLD-C01-P04-006258,C01-P04,2026-01-22 15:30:41,Falha,494,362,12
BLD-C01-P04-006259,C01-P04,2026-01-01 13:07:28,Sucesso,252,472,0
BLD-C01-P04-006260,C01-P04,2026-01-09 20:19:49,Sucesso,50,647,0
BLD-C01-P04-006261,C01-P04,2026-01-13 07:28:16,Falha,268,502,8
BLD-C01-P04-006262,C01-P04,2026-01-29 07:46:28,Sucesso,735,132,0
BLD-C01-P04-006263,C01-P04,2026-01-21 10:49:11,Sucesso,344,287,0
BLD-C01-P04-006264,C01-P04,2026-01-18 09:25:48,Sucesso,734,459,0
BLD-C01-P04-006265,C01-P04,2026-01-26 19:32:11,Sucesso,365,188,0
BLD-C01-P04-006266,C01-P04,2026-01-19 09:57:05,Sucesso,423,243,0
BLD-C01-P04-006267,C01-P04,2026-01-17 09:48:55,Sucesso,415,583,0
BLD-C01-P04-006268,C01-P04,2026-01-25 14:32:55,Sucesso,477,217,0
BLD-C01-P04-006269,C01-P04,2026-01-22 10:16:12,Sucesso,242,772,1
BLD-C01-P04-006270,C01-P04,2026-01-26 10:59:45,Sucesso,352,626,1
BLD-C01-P04-006271,C01-P04,2026-01-03 17:58:05,Sucesso,341,558,0
BLD-C01-P04-006272,C01-P04,2026-01-29 17:00:11,Sucesso,453,548,0
BLD-C01-P04-006273,C01-P04,2026-01-09 18:34:39,Sucesso,374,433,0
BLD-C01-P04-006274,C01-P04,2026-01-02 08:45:07,Sucesso,120,398,0
BLD-C01-P04-006275,C01-P04,2026-01-25 16:35:22,Sucesso,462,283,0
BLD-C01-P04-006276,C01-P04,2026-01-25 09:00:08,Sucesso,385,414,0
BLD-C01-P04-006277,C01-P04,2026-01-14 14:55:42,Sucesso,304,440,0
BLD-C01-P04-006278,C01-P04,2026-01-13 10:14:50,Sucesso,270,13,0
BLD-C01-P04-006279,C01-P04,2026-01-27 16:44:07,Sucesso,290,410,0
BLD-C01-P04-006280,C01-P04,2026-01-25 21:07:35,Falha,349,478,17
BLD-C01-P04-006281,C01-P04,2026-01-08 15:03:09,Sucesso,425,502,0
BLD-C01-P04-006282,C01-P04,2026-01-15 08:20:16,Sucesso,300,189,0
BLD-C01-P04-006283,C01-P04,2026-01-24 16:22:29,Sucesso,465,738,0
BLD-C01-P04-006284,C01-P04,2026-01-09 16:45:25,Sucesso,94,488,0
BLD-C01-P04-006285,C01-P04,2026-01-29 21:47:55,Sucesso,212,367,0
BLD-C01-P04-006286,C01-P04,2026-01-24 19:52:35,Falha,450,530,1
BLD-C01-P04-006287,C01-P04,2026-01-01 15:12:40,Sucesso,381,185,0
BLD-C01-P04-006288,C01-P04,2026-01-15 20:05:53,Sucesso,201,809,0
BLD-C01-P04-006289,C01-P04,2026-01-27 10:58:00,Sucesso,672,592,0
BLD-C01-P04-006290,C01-P04,2026-01-07 11:27:17,Sucesso,292,317,0
BLD-C01-P04-006291,C01-P04,2026-01-07 15:15:44,Sucesso,458,159,0
BLD-C01-P04-006292,C01-P04,2026-05-07 15:46:57,Sucesso,20,292,0
BLD-C01-P04-006293,C01-P04,2026-05-16 10:48:25,Sucesso,334,83,0
BLD-C01-P04-006294,C01-P04,2026-05-10 15:06:23,Falha,144,549,1
BLD-C01-P04-006295,C01-P04,2026-05-20 10:29:23,Sucesso,355,632,0
BLD-C01-P04-006296,C01-P04,2026-05-06 21:30:35,Falha,399,594,1
BLD-C01-P04-006297,C01-P04,2026-05-28 11:45:53,Sucesso,366,389,0
BLD-C01-P04-006298,C01-P04,2026-05-03 13:20:25,Sucesso,284,320,0
BLD-C01-P04-006299,C01-P04,2026-05-23 11:30:05,Falha,420,421,1
BLD-C01-P04-006300,C01-P04,2026-05-27 17:28:28,Sucesso,325,659,0
BLD-C01-P04-006301,C01-P04,2026-05-08 08:00:49,Sucesso,387,527,0
BLD-C01-P04-006302,C01-P04,2026-05-11 08:33:39,Sucesso,355,300,1
BLD-C01-P04-006303,C01-P04,2026-05-17 11:21:14,Falha,387,465,1
BLD-C01-P04-006304,C01-P04,2026-05-01 13:21:47,Sucesso,33,248,0
BLD-C01-P04-006305,C01-P04,2026-05-05 18:34:06,Sucesso,432,584,0
BLD-C01-P04-006306,C01-P04,2026-05-28 16:22:53,Sucesso,221,695,0
BLD-C01-P04-006307,C01-P04,2026-05-10 20:55:16,Sucesso,20,279,0
BLD-C01-P04-006308,C01-P04,2026-05-30 17:15:29,Sucesso,214,348,0
BLD-C01-P04-006309,C01-P04,2026-05-27 17:16:03,Sucesso,418,579,0
BLD-C01-P04-006310,C01-P04,2026-05-27 14:26:54,Sucesso,577,397,0
BLD-C01-P04-006311,C01-P04,2026-05-15 13:18:45,Sucesso,98,705,0
BLD-C01-P04-006312,C01-P04,2026-05-12 21:07:41,Falha,339,295,6
BLD-C01-P04-006313,C01-P04,2026-05-07 08:16:16,Sucesso,200,406,0
BLD-C01-P04-006314,C01-P04,2026-05-07 10:49:55,Falha,336,209,6
BLD-C01-P04-006315,C01-P04,2026-05-03 19:50:40,Sucesso,214,769,0
BLD-C01-P04-006316,C01-P04,2026-05-31 19:48:07,Sucesso,265,468,0
BLD-C01-P04-006317,C01-P04,2026-05-02 20:58:16,Sucesso,427,132,0
BLD-C01-P04-006318,C01-P04,2026-05-17 10:00:32,Sucesso,553,434,1
BLD-C01-P04-006319,C01-P04,2026-05-24 18:22:44,Sucesso,428,177,0
BLD-C01-P04-006320,C01-P04,2026-05-16 09:15:08,Sucesso,181,573,0
BLD-C01-P04-006321,C01-P04,2026-05-11 20:48:04,Sucesso,347,433,0
BLD-C01-P04-006322,C01-P04,2026-05-08 14:03:41,Sucesso,375,514,0
BLD-C01-P04-006323,C01-P04,2026-05-09 12:45:06,Falha,251,175,4
BLD-C01-P04-006324,C01-P04,2026-05-22 12:24:06,Sucesso,368,518,0
BLD-C01-P04-006325,C01-P04,2026-05-18 17:29:52,Sucesso,480,381,0
BLD-C01-P04-006326,C01-P04,2026-05-31 12:35:32,Sucesso,514,432,0
BLD-C01-P04-006327,C01-P04,2026-05-23 07:43:36,Sucesso,490,471,0
BLD-C01-P04-006328,C01-P04,2026-05-11 21:01:51,Falha,214,454,12
BLD-C01-P04-006329,C01-P04,2026-05-18 14:23:05,Sucesso,388,562,0
BLD-C01-P04-006330,C01-P04,2026-05-01 19:31:45,Sucesso,119,488,0
BLD-C01-P04-006331,C01-P04,2026-05-15 13:14:14,Falha,377,334,7
BLD-C01-P04-006332,C01-P04,2026-05-26 12:31:05,Sucesso,642,412,0
BLD-C01-P04-006333,C01-P04,2026-05-23 16:24:30,Sucesso,232,743,0
BLD-C01-P04-006334,C01-P04,2026-05-14 15:14:13,Sucesso,357,502,0
BLD-C01-P04-006335,C01-P04,2026-05-05 09:34:20,Sucesso,235,318,0
BLD-C01-P04-006336,C01-P04,2026-05-11 15:05:45,Sucesso,216,88,0
BLD-C01-P04-006337,C01-P04,2026-05-13 07:10:48,Sucesso,294,807,0
BLD-C01-P04-006338,C01-P04,2026-05-19 17:43:07,Sucesso,152,949,0
BLD-C01-P04-006339,C01-P04,2026-05-26 12:50:12,Sucesso,404,385,0
BLD-C01-P04-006340,C01-P04,2026-05-02 16:46:40,Sucesso,344,283,0
BLD-C01-P04-006341,C01-P04,2026-05-08 14:15:36,Sucesso,219,138,0
BLD-C01-P04-006342,C01-P04,2026-05-13 17:23:48,Sucesso,487,300,0
BLD-C01-P04-006343,C01-P04,2026-05-02 12:00:54,Sucesso,275,451,0
BLD-C01-P04-006344,C01-P04,2026-05-07 19:48:27,Sucesso,419,560,0
BLD-C01-P04-006345,C01-P04,2026-05-27 19:34:39,Falha,83,179,6
BLD-C01-P04-006346,C01-P04,2026-05-23 19:45:55,Sucesso,344,290,0
BLD-C01-P04-006347,C01-P04,2026-05-12 08:40:56,Sucesso,384,672,0
BLD-C01-P04-006348,C01-P04,2026-05-17 09:24:24,Sucesso,137,306,0
BLD-C01-P04-006349,C01-P04,2026-05-21 20:06:52,Sucesso,201,601,0
BLD-C01-P04-006350,C01-P04,2026-05-25 14:54:47,Sucesso,364,789,0
BLD-C01-P04-006351,C01-P04,2026-05-19 15:58:12,Sucesso,296,734,0
BLD-C01-P04-006352,C01-P04,2026-05-10 17:31:07,Sucesso,283,405,0
BLD-C01-P04-006353,C01-P04,2026-05-27 20:18:04,Sucesso,188,181,0
BLD-C01-P04-006354,C01-P04,2026-05-22 15:49:49,Sucesso,595,466,0
BLD-C01-P04-006355,C01-P04,2026-05-03 09:28:19,Sucesso,358,160,0
BLD-C01-P04-006356,C01-P04,2026-05-20 16:52:33,Sucesso,507,440,0
BLD-C01-P04-006357,C01-P04,2026-05-29 19:12:14,Sucesso,417,617,0
BLD-C01-P04-006358,C01-P04,2026-05-01 21:29:30,Sucesso,538,196,0
BLD-C01-P04-006359,C01-P04,2026-05-13 09:01:10,Sucesso,518,400,0
BLD-C01-P04-006360,C01-P04,2026-05-07 20:39:48,Sucesso,473,492,0
BLD-C01-P04-006361,C01-P04,2026-05-15 19:06:59,Sucesso,414,497,0
BLD-C01-P04-006362,C01-P04,2026-05-29 21:38:45,Sucesso,397,804,1
BLD-C01-P04-006363,C01-P04,2026-05-04 11:36:15,Sucesso,377,232,0
BLD-C01-P04-006364,C01-P04,2026-05-17 17:48:38,Sucesso,234,815,0
BLD-C01-P04-006365,C01-P04,2026-05-09 18:18:25,Sucesso,207,485,0
BLD-C01-P04-006366,C01-P04,2026-05-03 18:10:16,Sucesso,278,10,0
BLD-C01-P04-006367,C01-P04,2026-05-25 18:22:01,Sucesso,333,599,0
BLD-C01-P04-006368,C01-P04,2026-05-22 09:12:50,Sucesso,315,549,0
BLD-C01-P04-006369,C01-P04,2026-05-21 10:13:31,Falha,449,167,15
BLD-C01-P04-006370,C01-P04,2026-05-25 07:57:49,Sucesso,239,605,0
BLD-C01-P04-006371,C01-P04,2026-05-06 12:40:11,Falha,213,328,3
BLD-C01-P04-006372,C01-P04,2026-05-06 16:13:20,Sucesso,371,539,0
BLD-C01-P04-006373,C01-P04,2026-05-23 17:45:26,Falha,364,820,13
BLD-C01-P04-006374,C01-P04,2026-05-02 15:23:08,Sucesso,459,534,0
BLD-C01-P04-006375,C01-P04,2026-05-02 10:29:55,Sucesso,467,75,0
BLD-C01-P04-006376,C01-P04,2026-05-27 16:48:08,Falha,254,10,1
BLD-C01-P04-006377,C01-P04,2026-05-20 11:45:45,Sucesso,249,302,0
BLD-C01-P04-006378,C01-P04,2026-05-11 10:45:20,Sucesso,450,400,0
BLD-C01-P04-006379,C01-P04,2026-05-02 15:55:05,Sucesso,123,66,0
BLD-C01-P04-006380,C01-P04,2026-05-21 12:51:48,Sucesso,321,329,0
BLD-C01-P04-006381,C01-P04,2026-05-03 09:58:30,Falha,392,522,2
BLD-C01-P04-006382,C01-P04,2026-05-15 21:51:51,Sucesso,58,184,0
BLD-C01-P04-006383,C01-P04,2026-05-28 21:42:09,Sucesso,400,285,0
BLD-C01-P04-006384,C01-P04,2026-05-09 21:16:56,Sucesso,420,771,0
BLD-C01-P04-006385,C01-P04,2026-05-29 07:29:40,Falha,546,751,3
BLD-C01-P04-006386,C01-P04,2026-05-01 17:07:36,Sucesso,446,734,0
BLD-C01-P04-006387,C01-P04,2026-05-02 08:57:47,Sucesso,445,514,0
BLD-C01-P04-006388,C01-P04,2026-05-12 13:44:35,Falha,613,463,4
BLD-C01-P04-006389,C01-P04,2026-05-15 07:38:37,Sucesso,413,462,0
BLD-C01-P04-006390,C01-P04,2026-05-04 21:23:08,Sucesso,452,413,0
BLD-C01-P04-006391,C01-P04,2026-05-12 13:53:41,Sucesso,381,479,0
BLD-C01-P04-006392,C01-P04,2026-05-30 13:20:39,Sucesso,433,595,0
BLD-C01-P04-006393,C01-P04,2026-05-30 08:05:35,Sucesso,349,488,0
BLD-C01-P04-006394,C01-P04,2026-05-26 11:20:26,Sucesso,373,334,0
BLD-C01-P04-006395,C01-P04,2026-05-21 15:53:32,Sucesso,554,406,0
BLD-C01-P04-006396,C01-P04,2026-05-17 20:10:35,Sucesso,483,389,0
BLD-C01-P04-006397,C01-P04,2026-05-11 12:13:44,Sucesso,416,177,0
BLD-C01-P04-006398,C01-P04,2026-05-03 20:15:47,Sucesso,298,160,0
BLD-C01-P04-006399,C01-P04,2026-05-18 17:43:26,Falha,428,708,3
BLD-C01-P04-006400,C01-P04,2026-05-01 12:48:08,Sucesso,420,382,0
BLD-C01-P04-006401,C01-P04,2026-05-30 18:23:00,Sucesso,203,287,0
BLD-C01-P04-006402,C01-P04,2026-05-09 20:13:09,Sucesso,154,409,0
BLD-C01-P04-006403,C01-P04,2026-05-06 07:13:20,Sucesso,333,523,0
BLD-C01-P04-006404,C01-P04,2026-05-22 20:15:47,Sucesso,465,635,0
BLD-C01-P04-006405,C01-P04,2026-05-14 10:02:35,Falha,212,811,5
BLD-C01-P04-006406,C01-P04,2026-05-08 11:53:04,Sucesso,300,581,0
BLD-C01-P04-006407,C01-P04,2026-05-02 19:08:26,Sucesso,446,399,0
BLD-C01-P04-006408,C01-P04,2026-05-16 17:44:42,Sucesso,260,380,0
BLD-C01-P04-006409,C01-P04,2026-05-04 08:55:53,Falha,72,493,7
BLD-C01-P04-006410,C01-P04,2026-05-07 20:07:33,Sucesso,22,672,0
BLD-C01-P04-006411,C01-P04,2026-05-24 11:15:11,Falha,286,293,5
BLD-C01-P04-006412,C01-P04,2026-05-27 14:15:13,Sucesso,469,10,0
BLD-C01-P04-006413,C01-P04,2026-05-14 15:24:32,Sucesso,345,426,0
BLD-C01-P04-006414,C01-P04,2026-05-28 12:25:48,Sucesso,86,538,0
BLD-C01-P04-006415,C01-P04,2026-05-18 21:59:25,Sucesso,481,10,0
BLD-C01-P04-006416,C01-P04,2026-05-06 21:02:58,Sucesso,486,497,0
BLD-C01-P04-006417,C01-P04,2026-05-01 19:28:58,Sucesso,371,546,0
BLD-C01-P04-006418,C01-P04,2026-05-16 21:11:06,Falha,201,461,7
BLD-C01-P04-006419,C01-P04,2026-05-03 13:05:51,Sucesso,195,150,0
BLD-C01-P04-006420,C01-P04,2026-05-19 13:29:22,Sucesso,252,478,0
BLD-C01-P04-006421,C01-P04,2026-05-17 18:22:01,Sucesso,331,540,0
BLD-C01-P04-006422,C01-P04,2026-05-09 11:26:19,Sucesso,221,284,0
BLD-C01-P04-006423,C01-P04,2026-05-05 17:33:21,Sucesso,294,522,0
BLD-C01-P04-006424,C01-P04,2026-05-09 10:10:29,Sucesso,259,429,0
BLD-C01-P04-006425,C01-P04,2026-05-05 12:25:32,Sucesso,218,627,0
BLD-C01-P04-006426,C01-P04,2026-05-31 11:22:47,Sucesso,435,132,0
BLD-C01-P04-006427,C01-P04,2026-05-17 17:32:28,Sucesso,631,318,0
BLD-C01-P04-006428,C01-P04,2026-05-28 19:29:53,Sucesso,22,147,0
BLD-C01-P04-006429,C01-P04,2026-05-28 17:06:23,Sucesso,521,373,0
BLD-C01-P04-006430,C01-P04,2026-05-10 12:52:55,Sucesso,388,549,0
BLD-C01-P04-006431,C01-P04,2026-05-16 07:47:29,Sucesso,20,221,0
BLD-C01-P04-006432,C01-P04,2026-05-07 19:05:04,Sucesso,184,211,0
BLD-C01-P04-006433,C01-P04,2026-05-06 10:59:22,Falha,420,219,3
BLD-C01-P04-006434,C01-P04,2026-05-24 16:19:28,Sucesso,503,110,0
BLD-C01-P04-006435,C01-P04,2026-05-01 19:26:59,Sucesso,124,365,0
BLD-C01-P04-006436,C01-P04,2026-07-24 08:10:53,Sucesso,315,369,0
BLD-C01-P04-006437,C01-P04,2026-07-30 14:20:34,Sucesso,120,664,0
BLD-C01-P04-006438,C01-P04,2026-07-14 20:33:13,Sucesso,139,611,0
BLD-C01-P04-006439,C01-P04,2026-07-05 13:01:14,Sucesso,485,927,0
BLD-C01-P04-006440,C01-P04,2026-07-31 09:17:11,Falha,380,144,1
BLD-C01-P04-006441,C01-P04,2026-07-04 09:49:03,Sucesso,195,220,0
BLD-C01-P04-006442,C01-P04,2026-07-09 11:44:46,Sucesso,128,250,0
BLD-C01-P04-006443,C01-P04,2026-07-04 10:52:46,Sucesso,222,347,0
BLD-C01-P04-006444,C01-P04,2026-07-25 18:30:49,Sucesso,152,889,0
BLD-C01-P04-006445,C01-P04,2026-07-27 17:41:51,Sucesso,169,95,0
BLD-C01-P04-006446,C01-P04,2026-07-22 13:23:03,Sucesso,283,643,0
BLD-C01-P04-006447,C01-P04,2026-07-02 07:07:15,Sucesso,235,736,0
BLD-C01-P04-006448,C01-P04,2026-07-15 14:33:20,Sucesso,272,324,0
BLD-C01-P04-006449,C01-P04,2026-07-26 12:19:12,Falha,169,73,11
BLD-C01-P04-006450,C01-P04,2026-07-28 09:34:35,Sucesso,561,312,0
BLD-C01-P04-006451,C01-P04,2026-07-07 19:24:54,Falha,433,496,2
BLD-C01-P04-006452,C01-P04,2026-07-14 15:05:57,Sucesso,193,476,0
BLD-C01-P04-006453,C01-P04,2026-07-25 20:28:37,Falha,20,46,5
BLD-C01-P04-006454,C01-P04,2026-07-19 14:50:56,Sucesso,603,577,0
BLD-C01-P04-006455,C01-P04,2026-07-31 13:56:59,Sucesso,240,508,0
BLD-C01-P04-006456,C01-P04,2026-07-19 10:17:24,Sucesso,260,553,0
BLD-C01-P04-006457,C01-P04,2026-07-18 21:30:20,Falha,334,361,3
BLD-C01-P04-006458,C01-P04,2026-07-09 10:57:29,Sucesso,336,98,0
BLD-C01-P04-006459,C01-P04,2026-07-12 19:28:28,Sucesso,375,10,0
BLD-C01-P04-006460,C01-P04,2026-07-05 21:09:29,Sucesso,619,536,0
BLD-C01-P04-006461,C01-P04,2026-07-13 18:12:53,Sucesso,485,413,0
BLD-C01-P04-006462,C01-P04,2026-07-09 12:55:27,Sucesso,382,205,0
BLD-C01-P04-006463,C01-P04,2026-07-01 21:35:06,Sucesso,500,231,0
BLD-C01-P04-006464,C01-P04,2026-07-28 17:11:19,Sucesso,416,254,0
BLD-C01-P04-006465,C01-P04,2026-07-16 08:03:35,Sucesso,133,657,0
BLD-C01-P04-006466,C01-P04,2026-07-30 08:12:49,Sucesso,329,239,0
BLD-C01-P04-006467,C01-P04,2026-07-30 13:17:34,Sucesso,365,369,0
BLD-C01-P04-006468,C01-P04,2026-07-27 11:19:03,Falha,448,423,9
BLD-C01-P04-006469,C01-P04,2026-07-31 07:30:42,Sucesso,311,295,0
BLD-C01-P04-006470,C01-P04,2026-07-29 18:36:21,Sucesso,258,478,0
BLD-C01-P04-006471,C01-P04,2026-07-13 14:02:25,Sucesso,360,514,0
BLD-C01-P04-006472,C01-P04,2026-07-14 13:14:37,Sucesso,442,234,0
BLD-C01-P04-006473,C01-P04,2026-07-07 14:12:35,Falha,375,346,12
BLD-C01-P04-006474,C01-P04,2026-07-04 16:03:48,Sucesso,168,446,0
BLD-C01-P04-006475,C01-P04,2026-07-16 15:28:43,Sucesso,340,849,0
BLD-C01-P04-006476,C01-P04,2026-07-29 14:41:32,Sucesso,306,407,0
BLD-C01-P04-006477,C01-P04,2026-07-04 17:18:04,Sucesso,606,846,0
BLD-C01-P04-006478,C01-P04,2026-07-06 09:33:04,Sucesso,357,498,0
BLD-C01-P04-006479,C01-P04,2026-07-03 07:02:01,Sucesso,405,376,0
BLD-C01-P04-006480,C01-P04,2026-07-14 16:04:58,Sucesso,211,213,0
BLD-C01-P04-006481,C01-P04,2026-07-27 16:29:34,Sucesso,236,432,1
BLD-C01-P04-006482,C01-P04,2026-07-15 12:40:46,Sucesso,96,604,0
BLD-C01-P04-006483,C01-P04,2026-07-12 09:06:50,Sucesso,255,646,0
BLD-C01-P04-006484,C01-P04,2026-07-24 12:58:35,Sucesso,20,417,0
BLD-C01-P04-006485,C01-P04,2026-07-13 20:37:39,Falha,298,931,2
BLD-C01-P04-006486,C01-P04,2026-07-15 16:00:57,Sucesso,120,499,0
BLD-C01-P04-006487,C01-P04,2026-07-22 07:49:48,Falha,57,428,5
BLD-C01-P04-006488,C01-P04,2026-07-04 09:12:20,Sucesso,308,480,0
BLD-C01-P04-006489,C01-P04,2026-07-26 12:46:10,Sucesso,494,421,0
BLD-C01-P04-006490,C01-P04,2026-07-10 20:52:25,Sucesso,517,628,0
BLD-C01-P04-006491,C01-P04,2026-07-23 20:30:08,Sucesso,454,403,0
BLD-C01-P04-006492,C01-P04,2026-07-10 15:42:21,Sucesso,115,318,0
BLD-C01-P04-006493,C01-P04,2026-07-06 12:21:35,Sucesso,449,696,0
BLD-C01-P04-006494,C01-P04,2026-07-11 18:08:31,Sucesso,476,395,0
BLD-C01-P04-006495,C01-P04,2026-07-11 08:33:12,Falha,290,211,7
BLD-C01-P04-006496,C01-P04,2026-07-29 09:18:02,Sucesso,255,385,0
BLD-C01-P04-006497,C01-P04,2026-07-01 14:50:07,Sucesso,241,596,0
BLD-C01-P04-006498,C01-P04,2026-07-16 20:10:13,Sucesso,120,406,0
BLD-C01-P04-006499,C01-P04,2026-07-19 18:52:31,Sucesso,272,50,0
BLD-C01-P04-006500,C01-P04,2026-07-20 13:00:09,Falha,467,10,5
BLD-C01-P04-006501,C01-P04,2026-07-27 15:54:56,Sucesso,394,387,0
BLD-C01-P04-006502,C01-P04,2026-07-17 08:01:30,Sucesso,253,431,0
BLD-C01-P04-006503,C01-P04,2026-07-17 07:27:27,Sucesso,204,285,0
BLD-C01-P04-006504,C01-P04,2026-07-05 11:14:15,Sucesso,520,150,0
BLD-C01-P04-006505,C01-P04,2026-07-04 11:43:20,Sucesso,477,278,0
BLD-C01-P04-006506,C01-P04,2026-07-02 09:12:39,Sucesso,133,259,0
BLD-C01-P04-006507,C01-P04,2026-07-24 09:01:03,Sucesso,265,345,0
BLD-C01-P04-006508,C01-P04,2026-07-06 15:43:58,Sucesso,456,802,0
BLD-C01-P04-006509,C01-P04,2026-07-08 18:09:09,Sucesso,377,308,0
BLD-C01-P04-006510,C01-P04,2026-07-26 09:49:57,Sucesso,495,97,0
BLD-C01-P04-006511,C01-P04,2026-07-26 17:13:27,Sucesso,306,316,0
BLD-C01-P04-006512,C01-P04,2026-07-06 08:35:10,Falha,256,338,25
BLD-C01-P04-006513,C01-P04,2026-07-25 18:10:19,Falha,188,348,4
BLD-C01-P04-006514,C01-P04,2026-07-02 20:00:08,Sucesso,290,563,0
BLD-C01-P04-006515,C01-P04,2026-07-03 07:13:03,Falha,405,501,1
BLD-C01-P04-006516,C01-P04,2026-07-28 08:02:44,Sucesso,148,460,0
BLD-C01-P04-006517,C01-P04,2026-07-30 09:42:56,Sucesso,590,358,1
BLD-C01-P04-006518,C01-P04,2026-07-06 12:30:27,Sucesso,305,645,0
BLD-C01-P04-006519,C01-P04,2026-07-15 11:28:14,Sucesso,518,434,0
BLD-C01-P04-006520,C01-P04,2026-07-26 11:13:14,Sucesso,542,591,0
BLD-C01-P04-006521,C01-P04,2026-07-14 11:52:32,Sucesso,372,572,1
BLD-C01-P04-006522,C01-P04,2026-07-19 10:46:36,Sucesso,295,126,0
BLD-C01-P04-006523,C01-P04,2026-07-08 17:43:56,Sucesso,160,136,0
BLD-C01-P04-006524,C01-P04,2026-07-18 11:05:54,Falha,182,206,2
BLD-C01-P04-006525,C01-P04,2026-07-26 19:12:02,Sucesso,144,543,0
BLD-C01-P04-006526,C01-P04,2026-07-08 17:02:46,Sucesso,505,266,0
BLD-C01-P04-006527,C01-P04,2026-07-18 07:22:17,Sucesso,148,753,0
BLD-C01-P04-006528,C01-P04,2026-07-02 19:13:27,Sucesso,173,226,0
BLD-C01-P04-006529,C01-P04,2026-07-10 18:34:16,Sucesso,237,752,0
BLD-C01-P04-006530,C01-P04,2026-07-19 09:14:44,Sucesso,172,720,0
BLD-C01-P04-006531,C01-P04,2026-07-23 14:23:24,Sucesso,106,455,0
BLD-C01-P04-006532,C01-P04,2026-07-06 12:03:34,Sucesso,257,317,0
BLD-C01-P04-006533,C01-P04,2026-07-15 20:00:18,Sucesso,20,470,0
BLD-C01-P04-006534,C01-P04,2026-07-15 18:50:13,Sucesso,175,648,0
BLD-C01-P04-006535,C01-P04,2026-07-18 21:16:41,Sucesso,200,371,3
BLD-C01-P04-006536,C01-P04,2026-07-09 14:23:50,Sucesso,20,521,0
BLD-C01-P04-006537,C01-P04,2026-07-17 10:17:04,Sucesso,318,372,4
BLD-C01-P04-006538,C01-P04,2026-07-22 21:42:52,Sucesso,415,148,1
BLD-C01-P04-006539,C01-P04,2026-07-08 17:53:24,Sucesso,482,319,0
BLD-C01-P04-006540,C01-P04,2026-07-13 11:47:41,Sucesso,20,688,0
BLD-C01-P04-006541,C01-P04,2026-07-19 20:53:20,Sucesso,155,456,0
BLD-C01-P04-006542,C01-P04,2026-07-27 19:26:13,Sucesso,441,648,0
BLD-C01-P04-006543,C01-P04,2026-07-01 12:12:25,Sucesso,201,883,0
BLD-C01-P04-006544,C01-P04,2026-07-22 18:06:30,Sucesso,213,196,0
BLD-C01-P04-006545,C01-P04,2026-07-02 09:12:22,Sucesso,48,398,0
BLD-C01-P04-006546,C01-P04,2026-07-15 18:07:10,Falha,276,434,6
BLD-C01-P04-006547,C01-P04,2026-07-01 09:37:43,Falha,416,751,5
BLD-C01-P04-006548,C01-P04,2026-07-26 11:23:54,Sucesso,391,234,0
BLD-C01-P04-006549,C01-P04,2026-07-15 09:11:12,Falha,85,10,8
BLD-C01-P04-006550,C01-P04,2026-07-08 19:36:51,Sucesso,221,399,0
BLD-C01-P04-006551,C01-P04,2026-07-14 08:49:33,Sucesso,390,393,0
BLD-C01-P04-006552,C01-P04,2026-07-10 11:49:00,Falha,392,250,2
BLD-C01-P04-006553,C01-P04,2026-07-23 07:21:17,Sucesso,470,330,0
BLD-C01-P04-006554,C01-P04,2026-07-31 16:07:34,Sucesso,515,522,2
BLD-C01-P04-006555,C01-P04,2026-07-09 15:21:27,Sucesso,121,181,0
BLD-C01-P04-006556,C01-P04,2026-07-09 13:08:54,Sucesso,509,756,0
BLD-C01-P04-006557,C01-P04,2026-07-08 11:22:45,Falha,478,274,4
BLD-C01-P04-006558,C01-P04,2026-07-16 09:04:28,Sucesso,444,565,0
BLD-C01-P04-006559,C01-P04,2026-07-08 15:15:47,Sucesso,474,139,0
BLD-C01-P04-006560,C01-P04,2026-07-05 10:44:37,Sucesso,390,10,0
BLD-C01-P04-006561,C01-P04,2026-07-25 15:54:53,Sucesso,61,188,0
BLD-C01-P04-006562,C01-P04,2026-07-17 12:15:12,Sucesso,322,437,0
BLD-C01-P04-006563,C01-P04,2026-07-06 21:23:15,Falha,434,205,1
BLD-C01-P04-006564,C01-P04,2026-07-29 16:19:27,Sucesso,220,458,0
BLD-C01-P04-006565,C01-P04,2026-07-01 19:42:36,Sucesso,421,390,0
BLD-C01-P04-006566,C01-P04,2026-07-25 21:32:21,Falha,273,578,6
BLD-C01-P04-006567,C01-P04,2026-07-20 07:28:59,Sucesso,149,441,0
BLD-C01-P04-006568,C01-P04,2026-07-01 11:13:34,Sucesso,20,315,0
BLD-C01-P04-006569,C01-P04,2026-07-13 17:25:00,Falha,476,296,7
BLD-C01-P04-006570,C01-P04,2026-07-04 15:12:39,Sucesso,121,764,0
BLD-C01-P04-006571,C01-P04,2026-07-10 18:06:07,Sucesso,242,41,0
BLD-C01-P04-006572,C01-P04,2026-07-21 21:10:22,Sucesso,187,577,0
BLD-C01-P04-006573,C01-P04,2026-07-06 16:23:24,Sucesso,251,211,0
BLD-C01-P04-006574,C01-P04,2026-07-17 12:50:32,Sucesso,602,132,0
BLD-C01-P04-006575,C01-P04,2026-07-23 07:55:12,Falha,298,510,11
BLD-C01-P04-006576,C01-P04,2026-07-07 10:10:12,Sucesso,358,232,0
BLD-C01-P04-006577,C01-P04,2026-07-23 17:42:57,Sucesso,376,304,0
BLD-C01-P04-006578,C01-P04,2026-07-14 19:16:27,Sucesso,60,639,0
BLD-C01-P04-006579,C01-P04,2026-07-25 16:20:56,Sucesso,621,377,0
BLD-C01-P04-006580,C01-P04,2026-07-07 21:00:00,Sucesso,416,355,0
BLD-C01-P04-006581,C01-P04,2026-07-27 17:41:40,Sucesso,92,489,1
BLD-C01-P04-006582,C01-P04,2026-07-11 08:23:40,Sucesso,397,265,0
BLD-C01-P04-006583,C01-P04,2026-07-13 09:12:59,Falha,335,350,5
BLD-C01-P04-006584,C01-P04,2026-07-02 15:14:33,Sucesso,369,549,0
BLD-C01-P04-006585,C01-P04,2026-07-11 14:06:12,Sucesso,199,226,0
BLD-C01-P04-006586,C01-P04,2026-07-04 10:09:53,Sucesso,448,630,0
BLD-C01-P04-006587,C01-P04,2026-07-28 20:35:09,Sucesso,163,121,0
BLD-C01-P04-006588,C01-P04,2026-07-12 08:41:11,Sucesso,467,361,0
BLD-C01-P04-006589,C01-P04,2026-07-05 12:07:17,Sucesso,668,65,0
BLD-C01-P04-006590,C01-P04,2026-07-15 07:30:03,Sucesso,565,574,0
BLD-C01-P04-006591,C01-P04,2026-07-21 07:19:46,Sucesso,598,243,0
BLD-C01-P04-006592,C01-P04,2026-07-02 20:42:15,Sucesso,248,740,0
BLD-C01-P04-006593,C01-P04,2026-07-01 18:12:51,Sucesso,59,497,0
BLD-C01-P04-006594,C01-P04,2026-07-03 12:09:37,Sucesso,20,544,0
BLD-C01-P04-006595,C01-P04,2026-07-05 08:03:53,Sucesso,318,462,0
BLD-C01-P04-006596,C01-P04,2026-07-03 20:32:07,Sucesso,359,760,0
BLD-C01-P04-006597,C01-P04,2026-07-25 15:57:55,Sucesso,373,369,0
BLD-C01-P04-006598,C01-P04,2026-07-05 20:13:06,Sucesso,113,275,0
BLD-C01-P04-006599,C01-P04,2026-07-18 16:18:51,Sucesso,369,665,0
BLD-C01-P04-006600,C01-P04,2026-07-22 18:35:59,Sucesso,356,291,0
BLD-C01-P04-006601,C01-P04,2026-07-05 19:47:23,Sucesso,417,642,0
BLD-C01-P05-006602,C01-P05,2025-06-03 18:01:46,Sucesso,344,945,0
BLD-C01-P05-006603,C01-P05,2025-06-27 19:04:13,Sucesso,295,172,0
BLD-C01-P05-006604,C01-P05,2025-06-26 15:50:08,Sucesso,382,193,0
BLD-C01-P05-006605,C01-P05,2025-06-11 19:20:35,Sucesso,424,686,0
BLD-C01-P05-006606,C01-P05,2025-06-02 15:00:39,Sucesso,187,294,0
BLD-C01-P05-006607,C01-P05,2025-06-18 19:17:25,Sucesso,557,462,2
BLD-C01-P05-006608,C01-P05,2025-06-18 21:25:43,Sucesso,427,392,0
BLD-C01-P05-006609,C01-P05,2025-06-20 17:49:36,Sucesso,461,31,0
BLD-C01-P05-006610,C01-P05,2025-06-28 08:38:34,Sucesso,372,343,0
BLD-C01-P05-006611,C01-P05,2025-06-15 13:27:41,Sucesso,241,411,0
BLD-C01-P05-006612,C01-P05,2025-06-24 08:46:36,Sucesso,397,331,0
BLD-C01-P05-006613,C01-P05,2025-06-10 21:02:50,Sucesso,428,10,0
BLD-C01-P05-006614,C01-P05,2025-06-14 13:27:07,Sucesso,275,557,0
BLD-C01-P05-006615,C01-P05,2025-06-27 21:34:54,Sucesso,259,235,0
BLD-C01-P05-006616,C01-P05,2025-06-26 19:29:05,Sucesso,412,407,0
BLD-C01-P05-006617,C01-P05,2025-06-01 21:55:56,Falha,424,297,3
BLD-C01-P05-006618,C01-P05,2025-06-29 08:41:17,Sucesso,279,396,0
BLD-C01-P05-006619,C01-P05,2025-06-16 07:10:33,Sucesso,20,503,0
BLD-C01-P05-006620,C01-P05,2025-06-29 10:34:25,Sucesso,20,405,0
BLD-C01-P05-006621,C01-P05,2025-06-11 09:00:32,Sucesso,304,477,0
BLD-C01-P05-006622,C01-P05,2025-06-13 20:35:43,Falha,500,438,2
BLD-C01-P05-006623,C01-P05,2025-06-19 19:53:27,Sucesso,495,566,0
BLD-C01-P05-006624,C01-P05,2025-06-24 20:39:15,Sucesso,218,832,0
BLD-C01-P05-006625,C01-P05,2025-06-05 07:03:13,Falha,186,64,19
BLD-C01-P05-006626,C01-P05,2025-06-25 18:47:48,Sucesso,326,558,0
BLD-C01-P05-006627,C01-P05,2025-06-21 17:52:59,Sucesso,356,364,0
BLD-C01-P05-006628,C01-P05,2025-06-29 11:07:43,Sucesso,354,440,0
BLD-C01-P05-006629,C01-P05,2025-06-05 14:10:25,Sucesso,285,335,0
BLD-C01-P05-006630,C01-P05,2025-06-13 13:45:27,Sucesso,212,474,0
BLD-C01-P05-006631,C01-P05,2025-06-06 09:50:18,Sucesso,498,686,0
BLD-C01-P05-006632,C01-P05,2025-06-29 11:30:15,Sucesso,197,402,0
BLD-C01-P05-006633,C01-P05,2025-06-26 09:43:43,Falha,506,10,7
BLD-C01-P05-006634,C01-P05,2025-06-09 17:48:59,Sucesso,642,473,0
BLD-C01-P05-006635,C01-P05,2025-06-02 09:02:13,Sucesso,239,168,0
BLD-C01-P05-006636,C01-P05,2025-06-28 12:35:31,Sucesso,225,319,0
BLD-C01-P05-006637,C01-P05,2025-06-08 11:55:49,Sucesso,337,120,0
BLD-C01-P05-006638,C01-P05,2025-06-01 20:03:22,Sucesso,273,109,0
BLD-C01-P05-006639,C01-P05,2025-06-30 15:52:25,Falha,258,462,2
BLD-C01-P05-006640,C01-P05,2025-06-29 14:59:44,Sucesso,423,431,0
BLD-C01-P05-006641,C01-P05,2025-06-23 20:19:31,Sucesso,330,536,0
BLD-C01-P05-006642,C01-P05,2025-06-23 08:38:38,Sucesso,112,593,0
BLD-C01-P05-006643,C01-P05,2025-06-27 21:24:06,Sucesso,127,130,0
BLD-C01-P05-006644,C01-P05,2025-06-15 17:35:40,Sucesso,40,326,0
BLD-C01-P05-006645,C01-P05,2025-06-12 13:07:49,Sucesso,336,410,0
BLD-C01-P05-006646,C01-P05,2025-06-23 18:39:17,Falha,478,232,1
BLD-C01-P05-006647,C01-P05,2025-06-10 10:10:14,Sucesso,315,438,0
BLD-C01-P05-006648,C01-P05,2025-06-20 09:02:24,Sucesso,236,524,0
BLD-C01-P05-006649,C01-P05,2025-06-03 17:45:17,Falha,154,341,7
BLD-C01-P05-006650,C01-P05,2025-06-15 18:32:41,Sucesso,465,217,0
BLD-C01-P05-006651,C01-P05,2025-06-28 19:25:11,Sucesso,323,310,0
BLD-C01-P05-006652,C01-P05,2025-06-07 17:02:33,Sucesso,357,812,0
BLD-C01-P05-006653,C01-P05,2025-06-16 20:33:45,Falha,358,294,18
BLD-C01-P05-006654,C01-P05,2025-06-08 11:26:31,Falha,236,347,8
BLD-C01-P05-006655,C01-P05,2025-06-06 21:13:21,Sucesso,423,510,0
BLD-C01-P05-006656,C01-P05,2025-06-23 13:15:13,Sucesso,166,532,0
BLD-C01-P05-006657,C01-P05,2025-06-07 15:08:38,Sucesso,495,407,0
BLD-C01-P05-006658,C01-P05,2025-06-10 12:58:16,Sucesso,483,471,2
BLD-C01-P05-006659,C01-P05,2025-06-16 20:28:44,Sucesso,172,497,0
BLD-C01-P05-006660,C01-P05,2025-06-22 11:26:20,Sucesso,153,587,0
BLD-C01-P05-006661,C01-P05,2025-06-26 12:06:14,Sucesso,222,410,0
BLD-C01-P05-006662,C01-P05,2025-06-24 20:21:12,Sucesso,329,413,0
BLD-C01-P05-006663,C01-P05,2025-06-25 09:51:01,Sucesso,430,306,0
BLD-C01-P05-006664,C01-P05,2025-06-27 21:37:33,Sucesso,276,475,0
BLD-C01-P05-006665,C01-P05,2025-06-22 09:17:53,Sucesso,357,333,0
BLD-C01-P05-006666,C01-P05,2025-06-24 11:05:19,Sucesso,123,350,0
BLD-C01-P05-006667,C01-P05,2025-06-16 14:30:43,Sucesso,623,588,0
BLD-C01-P05-006668,C01-P05,2025-06-28 09:17:13,Sucesso,489,380,0
BLD-C01-P05-006669,C01-P05,2025-06-06 16:38:53,Sucesso,267,438,0
BLD-C01-P05-006670,C01-P05,2025-06-04 07:21:21,Sucesso,250,379,2
BLD-C01-P05-006671,C01-P05,2025-06-13 16:47:24,Sucesso,424,648,0
BLD-C01-P05-006672,C01-P05,2025-06-03 12:12:20,Sucesso,219,427,0
BLD-C01-P05-006673,C01-P05,2025-06-07 08:11:15,Sucesso,173,671,0
BLD-C01-P05-006674,C01-P05,2025-06-27 11:23:55,Sucesso,486,920,0
BLD-C01-P05-006675,C01-P05,2025-06-24 15:03:28,Falha,355,10,10
BLD-C01-P05-006676,C01-P05,2025-06-18 09:26:40,Sucesso,328,239,0
BLD-C01-P05-006677,C01-P05,2025-06-30 10:16:12,Sucesso,510,618,0
BLD-C01-P05-006678,C01-P05,2025-06-20 16:42:07,Sucesso,427,83,0
BLD-C01-P05-006679,C01-P05,2025-06-07 11:48:57,Sucesso,160,155,3
BLD-C01-P05-006680,C01-P05,2025-06-06 21:17:08,Sucesso,59,123,0
BLD-C01-P05-006681,C01-P05,2025-06-26 08:19:47,Sucesso,122,376,0
BLD-C01-P05-006682,C01-P05,2025-06-06 16:14:10,Falha,244,305,8
BLD-C01-P05-006683,C01-P05,2025-06-07 17:37:34,Sucesso,240,475,0
BLD-C01-P05-006684,C01-P05,2025-06-20 07:50:47,Sucesso,553,592,0
BLD-C01-P05-006685,C01-P05,2025-06-26 11:23:29,Falha,281,65,3
BLD-C01-P05-006686,C01-P05,2025-06-18 13:28:29,Sucesso,528,315,0
BLD-C01-P05-006687,C01-P05,2025-06-14 21:08:48,Sucesso,220,396,0
BLD-C01-P05-006688,C01-P05,2025-06-03 18:08:26,Sucesso,290,195,0
BLD-C01-P05-006689,C01-P05,2025-06-03 14:48:27,Sucesso,534,632,0
BLD-C01-P05-006690,C01-P05,2025-06-18 10:59:59,Sucesso,324,498,0
BLD-C01-P05-006691,C01-P05,2025-06-30 10:39:34,Sucesso,281,579,0
BLD-C01-P05-006692,C01-P05,2025-06-29 19:27:50,Sucesso,621,258,0
BLD-C01-P05-006693,C01-P05,2025-06-09 09:27:44,Sucesso,79,258,0
BLD-C01-P05-006694,C01-P05,2025-06-17 17:38:28,Falha,381,607,3
BLD-C01-P05-006695,C01-P05,2025-06-16 15:23:08,Sucesso,579,424,0
BLD-C01-P05-006696,C01-P05,2025-06-26 13:06:31,Sucesso,168,466,0
BLD-C01-P05-006697,C01-P05,2025-06-23 07:04:09,Sucesso,211,193,0
BLD-C01-P05-006698,C01-P05,2025-06-16 10:06:11,Sucesso,337,294,0
BLD-C01-P05-006699,C01-P05,2025-06-15 12:06:01,Falha,130,425,3
BLD-C01-P05-006700,C01-P05,2025-06-16 09:58:25,Sucesso,336,571,0
BLD-C01-P05-006701,C01-P05,2025-06-07 16:50:17,Sucesso,475,694,0
BLD-C01-P05-006702,C01-P05,2025-06-30 11:41:48,Sucesso,320,336,0
BLD-C01-P05-006703,C01-P05,2025-06-28 17:24:06,Sucesso,338,424,0
BLD-C01-P05-006704,C01-P05,2025-06-05 13:07:31,Sucesso,113,340,0
BLD-C01-P05-006705,C01-P05,2025-06-02 17:13:08,Sucesso,330,586,0
BLD-C01-P05-006706,C01-P05,2025-06-28 07:59:05,Sucesso,161,191,0
BLD-C01-P05-006707,C01-P05,2025-06-28 21:59:20,Sucesso,442,791,0
BLD-C01-P05-006708,C01-P05,2025-06-30 21:04:40,Falha,289,16,1
BLD-C01-P05-006709,C01-P05,2025-06-15 15:23:23,Sucesso,465,297,0
BLD-C01-P05-006710,C01-P05,2025-06-06 19:52:09,Falha,384,178,2
BLD-C01-P05-006711,C01-P05,2025-06-07 13:39:07,Sucesso,147,296,0
BLD-C01-P05-006712,C01-P05,2025-06-26 09:17:23,Falha,597,437,1
BLD-C01-P05-006713,C01-P05,2025-06-11 07:45:19,Falha,562,342,5
BLD-C01-P05-006714,C01-P05,2025-06-22 13:45:36,Falha,362,661,1
BLD-C01-P05-006715,C01-P05,2025-06-15 10:28:21,Sucesso,269,526,0
BLD-C01-P05-006716,C01-P05,2025-06-20 13:04:59,Sucesso,264,418,0
BLD-C01-P05-006717,C01-P05,2025-06-18 16:28:46,Sucesso,370,10,0
BLD-C01-P05-006718,C01-P05,2025-06-08 10:55:58,Sucesso,325,618,0
BLD-C01-P05-006719,C01-P05,2025-06-15 15:37:11,Sucesso,653,239,0
BLD-C01-P05-006720,C01-P05,2025-06-18 13:40:48,Sucesso,486,18,0
BLD-C01-P05-006721,C01-P05,2025-06-05 20:18:59,Sucesso,360,219,0
BLD-C01-P05-006722,C01-P05,2025-06-10 16:32:57,Sucesso,326,335,0
BLD-C01-P05-006723,C01-P05,2025-06-26 10:28:24,Sucesso,283,472,1
BLD-C01-P05-006724,C01-P05,2025-06-30 20:26:44,Sucesso,70,470,0
BLD-C01-P05-006725,C01-P05,2025-06-07 11:31:35,Sucesso,355,155,0
BLD-C01-P05-006726,C01-P05,2025-06-26 13:06:27,Sucesso,351,483,0
BLD-C01-P05-006727,C01-P05,2025-06-15 19:10:06,Sucesso,533,42,0
BLD-C01-P05-006728,C01-P05,2025-06-05 08:44:58,Sucesso,665,156,0
BLD-C01-P05-006729,C01-P05,2025-06-24 16:33:57,Sucesso,288,755,0
BLD-C01-P05-006730,C01-P05,2025-06-26 14:13:48,Sucesso,395,735,0
BLD-C01-P05-006731,C01-P05,2025-06-19 09:00:59,Sucesso,441,186,0
BLD-C01-P05-006732,C01-P05,2025-06-22 12:27:18,Sucesso,188,505,0
BLD-C01-P05-006733,C01-P05,2025-06-01 10:12:15,Sucesso,317,654,0
BLD-C01-P05-006734,C01-P05,2025-06-28 19:39:43,Sucesso,457,704,0
BLD-C01-P05-006735,C01-P05,2025-06-07 17:40:30,Falha,315,474,4
BLD-C01-P05-006736,C01-P05,2025-06-15 21:52:25,Sucesso,373,10,0
BLD-C01-P05-006737,C01-P05,2025-06-01 19:04:57,Sucesso,727,658,0
BLD-C01-P05-006738,C01-P05,2025-06-06 16:38:01,Sucesso,97,10,0
BLD-C01-P05-006739,C01-P05,2025-06-13 19:41:44,Sucesso,164,680,0
BLD-C01-P05-006740,C01-P05,2025-06-17 18:35:46,Sucesso,180,215,0
BLD-C01-P05-006741,C01-P05,2025-07-30 19:19:43,Sucesso,221,504,0
BLD-C01-P05-006742,C01-P05,2025-07-19 07:25:11,Falha,400,478,2
BLD-C01-P05-006743,C01-P05,2025-07-12 08:51:33,Sucesso,224,10,0
BLD-C01-P05-006744,C01-P05,2025-07-20 18:39:35,Sucesso,55,254,0
BLD-C01-P05-006745,C01-P05,2025-07-30 19:39:43,Sucesso,297,479,0
BLD-C01-P05-006746,C01-P05,2025-07-03 09:42:19,Sucesso,341,673,0
BLD-C01-P05-006747,C01-P05,2025-07-24 19:59:00,Sucesso,170,338,0
BLD-C01-P05-006748,C01-P05,2025-07-11 18:23:07,Sucesso,445,404,0
BLD-C01-P05-006749,C01-P05,2025-07-14 08:56:02,Sucesso,289,490,0
BLD-C01-P05-006750,C01-P05,2025-07-12 07:48:41,Sucesso,391,248,0
BLD-C01-P05-006751,C01-P05,2025-07-31 10:32:05,Sucesso,247,343,0
BLD-C01-P05-006752,C01-P05,2025-07-21 16:18:29,Sucesso,365,324,0
BLD-C01-P05-006753,C01-P05,2025-07-12 21:07:19,Sucesso,434,330,0
BLD-C01-P05-006754,C01-P05,2025-07-24 17:41:44,Sucesso,353,348,0
BLD-C01-P05-006755,C01-P05,2025-07-31 07:51:21,Sucesso,647,455,0
BLD-C01-P05-006756,C01-P05,2025-07-26 17:29:53,Sucesso,311,554,0
BLD-C01-P05-006757,C01-P05,2025-07-11 17:21:16,Sucesso,93,361,0
BLD-C01-P05-006758,C01-P05,2025-07-19 08:22:11,Sucesso,179,571,0
BLD-C01-P05-006759,C01-P05,2025-07-28 10:48:38,Sucesso,315,463,0
BLD-C01-P05-006760,C01-P05,2025-07-20 15:06:50,Sucesso,319,331,0
BLD-C01-P05-006761,C01-P05,2025-07-23 12:10:58,Sucesso,563,147,0
BLD-C01-P05-006762,C01-P05,2025-07-03 08:46:37,Sucesso,229,349,0
BLD-C01-P05-006763,C01-P05,2025-07-01 19:35:40,Sucesso,315,291,0
BLD-C01-P05-006764,C01-P05,2025-07-21 13:05:27,Falha,550,449,3
BLD-C01-P05-006765,C01-P05,2025-07-27 21:53:01,Sucesso,184,379,0
BLD-C01-P05-006766,C01-P05,2025-07-01 16:21:36,Sucesso,468,236,0
BLD-C01-P05-006767,C01-P05,2025-07-08 13:33:23,Sucesso,437,489,0
BLD-C01-P05-006768,C01-P05,2025-07-27 16:17:15,Sucesso,119,520,0
BLD-C01-P05-006769,C01-P05,2025-07-15 10:39:30,Falha,241,86,3
BLD-C01-P05-006770,C01-P05,2025-07-28 15:39:01,Sucesso,570,542,0
BLD-C01-P05-006771,C01-P05,2025-07-26 11:15:25,Sucesso,432,588,0
BLD-C01-P05-006772,C01-P05,2025-07-14 08:40:42,Sucesso,48,215,0
BLD-C01-P05-006773,C01-P05,2025-07-11 09:38:01,Sucesso,368,468,0
BLD-C01-P05-006774,C01-P05,2025-07-04 16:07:35,Sucesso,694,238,0
BLD-C01-P05-006775,C01-P05,2025-07-11 15:32:56,Sucesso,610,525,0
BLD-C01-P05-006776,C01-P05,2025-07-13 12:08:01,Sucesso,468,617,0
BLD-C01-P05-006777,C01-P05,2025-07-04 10:17:37,Sucesso,48,135,0
BLD-C01-P05-006778,C01-P05,2025-07-19 07:19:44,Sucesso,529,80,0
BLD-C01-P05-006779,C01-P05,2025-07-07 16:08:27,Sucesso,148,184,0
BLD-C01-P05-006780,C01-P05,2025-07-07 19:23:08,Sucesso,74,201,0
BLD-C01-P05-006781,C01-P05,2025-07-10 20:33:00,Sucesso,513,272,4
BLD-C01-P05-006782,C01-P05,2025-07-13 16:33:01,Falha,234,352,3
BLD-C01-P05-006783,C01-P05,2025-07-14 15:15:53,Falha,199,502,1
BLD-C01-P05-006784,C01-P05,2025-07-11 16:59:36,Sucesso,222,567,0
BLD-C01-P05-006785,C01-P05,2025-07-22 15:29:41,Sucesso,208,575,0
BLD-C01-P05-006786,C01-P05,2025-07-08 18:25:30,Sucesso,237,520,0
BLD-C01-P05-006787,C01-P05,2025-07-11 20:07:45,Sucesso,532,469,0
BLD-C01-P05-006788,C01-P05,2025-07-12 18:44:43,Sucesso,253,261,0
BLD-C01-P05-006789,C01-P05,2025-07-29 14:13:51,Sucesso,20,370,0
BLD-C01-P05-006790,C01-P05,2025-07-19 10:36:07,Sucesso,515,615,0
BLD-C01-P05-006791,C01-P05,2025-07-05 10:46:54,Sucesso,337,299,0
BLD-C01-P05-006792,C01-P05,2025-07-28 11:47:45,Sucesso,462,32,0
BLD-C01-P05-006793,C01-P05,2025-07-18 11:10:36,Sucesso,249,540,1
BLD-C01-P05-006794,C01-P05,2025-07-16 14:37:22,Sucesso,301,496,0
BLD-C01-P05-006795,C01-P05,2025-07-02 09:07:24,Sucesso,323,211,0
BLD-C01-P05-006796,C01-P05,2025-07-09 14:24:40,Sucesso,204,116,0
BLD-C01-P05-006797,C01-P05,2025-07-22 15:27:00,Sucesso,371,359,0
BLD-C01-P05-006798,C01-P05,2025-07-30 17:04:41,Sucesso,247,184,0
BLD-C01-P05-006799,C01-P05,2025-07-09 15:47:21,Sucesso,270,229,0
BLD-C01-P05-006800,C01-P05,2025-07-05 12:46:16,Sucesso,498,275,0
BLD-C01-P05-006801,C01-P05,2025-07-22 09:12:19,Sucesso,20,10,0
BLD-C01-P05-006802,C01-P05,2025-07-28 16:49:08,Sucesso,298,341,0
BLD-C01-P05-006803,C01-P05,2025-07-10 12:58:46,Sucesso,369,303,0
BLD-C01-P05-006804,C01-P05,2025-07-04 21:46:10,Falha,466,624,8
BLD-C01-P05-006805,C01-P05,2025-07-31 15:56:50,Falha,532,189,1
BLD-C01-P05-006806,C01-P05,2025-07-07 08:51:31,Sucesso,618,817,0
BLD-C01-P05-006807,C01-P05,2025-07-11 07:35:09,Sucesso,525,645,0
BLD-C01-P05-006808,C01-P05,2025-07-15 12:09:17,Sucesso,459,375,0
BLD-C01-P05-006809,C01-P05,2025-07-22 21:27:45,Sucesso,213,553,0
BLD-C01-P05-006810,C01-P05,2025-07-24 20:07:20,Sucesso,197,641,0
BLD-C01-P05-006811,C01-P05,2025-07-08 11:23:14,Sucesso,301,171,0
BLD-C01-P05-006812,C01-P05,2025-07-22 14:33:46,Sucesso,428,535,0
BLD-C01-P05-006813,C01-P05,2025-07-11 15:46:10,Sucesso,472,811,0
BLD-C01-P05-006814,C01-P05,2025-07-12 11:35:40,Sucesso,353,338,0
BLD-C01-P05-006815,C01-P05,2025-07-09 08:27:55,Sucesso,273,367,0
BLD-C01-P05-006816,C01-P05,2025-07-31 07:54:56,Sucesso,591,366,0
BLD-C01-P05-006817,C01-P05,2025-07-29 14:49:15,Falha,410,293,1
BLD-C01-P05-006818,C01-P05,2025-07-09 14:38:41,Sucesso,432,468,0
BLD-C01-P05-006819,C01-P05,2025-07-21 09:24:25,Sucesso,243,519,0
BLD-C01-P05-006820,C01-P05,2025-07-05 14:50:26,Sucesso,107,168,0
BLD-C01-P05-006821,C01-P05,2025-07-05 20:06:19,Sucesso,363,139,0
BLD-C01-P05-006822,C01-P05,2025-07-13 18:34:00,Sucesso,272,657,0
BLD-C01-P05-006823,C01-P05,2025-07-08 11:32:57,Sucesso,281,625,0
BLD-C01-P05-006824,C01-P05,2025-07-03 11:41:38,Sucesso,430,470,0
BLD-C01-P05-006825,C01-P05,2025-07-02 19:24:00,Sucesso,317,724,0
BLD-C01-P05-006826,C01-P05,2025-07-18 16:33:48,Sucesso,502,385,0
BLD-C01-P05-006827,C01-P05,2025-07-30 09:35:36,Sucesso,462,722,0
BLD-C01-P05-006828,C01-P05,2025-07-20 15:48:58,Sucesso,181,334,0
BLD-C01-P05-006829,C01-P05,2025-07-29 16:06:10,Sucesso,241,247,0
BLD-C01-P05-006830,C01-P05,2025-07-28 11:53:12,Sucesso,154,246,0
BLD-C01-P05-006831,C01-P05,2025-07-06 12:47:13,Sucesso,574,377,0
BLD-C01-P05-006832,C01-P05,2025-07-26 18:13:42,Sucesso,536,349,0
BLD-C01-P05-006833,C01-P05,2025-07-06 20:43:36,Sucesso,124,537,0
BLD-C01-P05-006834,C01-P05,2025-07-07 16:51:41,Falha,249,255,2
BLD-C01-P05-006835,C01-P05,2025-07-15 17:08:55,Sucesso,195,153,0
BLD-C01-P05-006836,C01-P05,2025-07-13 11:26:45,Falha,497,744,3
BLD-C01-P05-006837,C01-P05,2025-07-25 11:14:38,Sucesso,101,483,0
BLD-C01-P05-006838,C01-P05,2025-07-14 14:33:45,Sucesso,182,443,0
BLD-C01-P05-006839,C01-P05,2025-07-23 17:15:09,Sucesso,468,372,0
BLD-C01-P05-006840,C01-P05,2025-07-13 13:09:46,Sucesso,274,433,0
BLD-C01-P05-006841,C01-P05,2025-07-04 18:55:36,Sucesso,208,283,0
BLD-C01-P05-006842,C01-P05,2025-07-07 18:40:15,Sucesso,356,240,0
BLD-C01-P05-006843,C01-P05,2025-07-19 16:49:19,Sucesso,244,366,0
BLD-C01-P05-006844,C01-P05,2025-07-15 08:01:30,Falha,373,281,5
BLD-C01-P05-006845,C01-P05,2025-07-11 17:21:57,Sucesso,590,378,0
BLD-C01-P05-006846,C01-P05,2025-07-19 19:54:13,Sucesso,96,537,0
BLD-C01-P05-006847,C01-P05,2025-07-17 13:23:06,Sucesso,444,594,0
BLD-C01-P05-006848,C01-P05,2025-07-01 08:24:50,Sucesso,375,329,0
BLD-C01-P05-006849,C01-P05,2025-07-19 19:07:21,Sucesso,527,696,0
BLD-C01-P05-006850,C01-P05,2025-07-08 08:19:15,Sucesso,431,406,0
BLD-C01-P05-006851,C01-P05,2025-07-09 18:12:19,Sucesso,394,400,0
BLD-C01-P05-006852,C01-P05,2025-07-05 18:56:59,Falha,243,448,2
BLD-C01-P05-006853,C01-P05,2025-07-19 12:51:18,Sucesso,354,362,0
BLD-C01-P05-006854,C01-P05,2025-07-21 08:31:53,Sucesso,264,709,0
BLD-C01-P05-006855,C01-P05,2025-07-11 20:24:47,Falha,536,317,3
BLD-C01-P05-006856,C01-P05,2025-07-09 12:25:57,Sucesso,217,471,0
BLD-C01-P05-006857,C01-P05,2025-07-14 17:26:55,Sucesso,249,368,0
BLD-C01-P05-006858,C01-P05,2025-07-24 11:15:43,Falha,700,609,4
BLD-C01-P05-006859,C01-P05,2025-07-04 16:57:17,Sucesso,213,306,0
BLD-C01-P05-006860,C01-P05,2025-07-09 11:49:24,Sucesso,269,583,0
BLD-C01-P05-006861,C01-P05,2025-07-16 07:13:46,Sucesso,740,317,0
BLD-C01-P05-006862,C01-P05,2025-07-16 21:24:57,Sucesso,343,412,0
BLD-C01-P05-006863,C01-P05,2025-07-22 19:39:35,Sucesso,431,420,0
BLD-C01-P05-006864,C01-P05,2025-07-18 08:12:40,Sucesso,152,248,0
BLD-C01-P05-006865,C01-P05,2025-07-24 09:54:44,Sucesso,232,517,0
BLD-C01-P05-006866,C01-P05,2025-07-11 08:51:17,Falha,350,416,4
BLD-C01-P05-006867,C01-P05,2025-07-09 08:10:30,Sucesso,432,559,0
BLD-C01-P05-006868,C01-P05,2025-07-30 07:48:44,Sucesso,143,390,0
BLD-C01-P05-006869,C01-P05,2025-07-10 14:55:13,Sucesso,352,378,0
BLD-C01-P05-006870,C01-P05,2025-07-23 12:34:50,Sucesso,343,604,0
BLD-C01-P05-006871,C01-P05,2025-07-01 10:07:33,Sucesso,410,476,0
BLD-C01-P05-006872,C01-P05,2025-07-16 17:22:58,Sucesso,125,605,0
BLD-C01-P05-006873,C01-P05,2025-07-01 19:05:46,Sucesso,534,273,0
BLD-C01-P05-006874,C01-P05,2025-07-30 07:28:26,Sucesso,237,558,0
BLD-C01-P05-006875,C01-P05,2025-07-10 08:32:02,Sucesso,389,251,0
BLD-C01-P05-006876,C01-P05,2025-07-04 18:02:17,Sucesso,249,579,0
BLD-C01-P05-006877,C01-P05,2025-08-03 11:22:06,Sucesso,466,471,0
BLD-C01-P05-006878,C01-P05,2025-08-02 17:11:24,Sucesso,644,404,0
BLD-C01-P05-006879,C01-P05,2025-08-10 07:07:05,Falha,338,392,3
BLD-C01-P05-006880,C01-P05,2025-08-27 17:24:20,Sucesso,149,323,0
BLD-C01-P05-006881,C01-P05,2025-08-14 21:59:08,Falha,305,916,4
BLD-C01-P05-006882,C01-P05,2025-08-21 08:05:02,Sucesso,24,529,0
BLD-C01-P05-006883,C01-P05,2025-08-23 09:33:04,Sucesso,98,745,0
BLD-C01-P05-006884,C01-P05,2025-08-31 07:16:32,Sucesso,332,421,0
BLD-C01-P05-006885,C01-P05,2025-08-10 07:33:18,Sucesso,484,570,0
BLD-C01-P05-006886,C01-P05,2025-08-04 11:13:34,Sucesso,485,381,0
BLD-C01-P05-006887,C01-P05,2025-08-15 17:11:59,Sucesso,275,396,0
BLD-C01-P05-006888,C01-P05,2025-08-18 16:58:25,Sucesso,347,477,0
BLD-C01-P05-006889,C01-P05,2025-08-09 07:16:11,Sucesso,181,271,0
BLD-C01-P05-006890,C01-P05,2025-08-04 19:05:27,Sucesso,159,524,0
BLD-C01-P05-006891,C01-P05,2025-08-02 21:06:08,Sucesso,342,505,0
BLD-C01-P05-006892,C01-P05,2025-08-22 17:18:14,Falha,106,406,3
BLD-C01-P05-006893,C01-P05,2025-08-24 15:14:38,Sucesso,86,494,0
BLD-C01-P05-006894,C01-P05,2025-08-26 08:09:47,Falha,544,163,5
BLD-C01-P05-006895,C01-P05,2025-08-30 19:10:47,Sucesso,258,276,0
BLD-C01-P05-006896,C01-P05,2025-08-01 13:51:37,Falha,277,583,5
BLD-C01-P05-006897,C01-P05,2025-08-08 10:32:34,Falha,311,269,7
BLD-C01-P05-006898,C01-P05,2025-08-12 11:26:30,Falha,639,595,6
BLD-C01-P05-006899,C01-P05,2025-08-06 19:18:13,Sucesso,383,514,0
BLD-C01-P05-006900,C01-P05,2025-08-27 19:27:14,Falha,401,541,19
BLD-C01-P05-006901,C01-P05,2025-08-11 11:10:45,Sucesso,235,562,0
BLD-C01-P05-006902,C01-P05,2025-08-24 17:31:51,Sucesso,377,248,0
BLD-C01-P05-006903,C01-P05,2025-08-15 07:09:26,Falha,540,177,3
BLD-C01-P05-006904,C01-P05,2025-08-08 08:18:56,Sucesso,45,631,0
BLD-C01-P05-006905,C01-P05,2025-08-14 11:09:26,Falha,298,286,13
BLD-C01-P05-006906,C01-P05,2025-08-08 12:27:59,Falha,20,530,7
BLD-C01-P05-006907,C01-P05,2025-08-14 18:47:06,Sucesso,205,482,0
BLD-C01-P05-006908,C01-P05,2025-08-06 08:34:20,Sucesso,499,246,0
BLD-C01-P05-006909,C01-P05,2025-08-18 14:07:31,Sucesso,187,271,0
BLD-C01-P05-006910,C01-P05,2025-08-03 08:55:29,Sucesso,427,616,0
BLD-C01-P05-006911,C01-P05,2025-08-18 21:54:39,Sucesso,443,324,0
BLD-C01-P05-006912,C01-P05,2025-08-19 21:50:33,Sucesso,540,17,0
BLD-C01-P05-006913,C01-P05,2025-08-11 14:06:03,Sucesso,20,463,0
BLD-C01-P05-006914,C01-P05,2025-08-13 07:23:46,Sucesso,411,212,1
BLD-C01-P05-006915,C01-P05,2025-08-04 07:19:39,Sucesso,330,462,2
BLD-C01-P05-006916,C01-P05,2025-08-02 14:32:40,Sucesso,90,257,0
BLD-C01-P05-006917,C01-P05,2025-08-18 10:50:21,Sucesso,482,468,1
BLD-C01-P05-006918,C01-P05,2025-08-14 19:14:17,Sucesso,596,404,0
BLD-C01-P05-006919,C01-P05,2025-08-21 15:36:38,Sucesso,240,267,0
BLD-C01-P05-006920,C01-P05,2025-08-14 11:37:28,Sucesso,325,257,0
BLD-C01-P05-006921,C01-P05,2025-08-16 21:20:19,Sucesso,267,523,0
BLD-C01-P05-006922,C01-P05,2025-08-31 13:54:02,Falha,281,784,10
BLD-C01-P05-006923,C01-P05,2025-08-21 18:58:02,Sucesso,401,390,0
BLD-C01-P05-006924,C01-P05,2025-08-13 09:42:29,Sucesso,422,316,0
BLD-C01-P05-006925,C01-P05,2025-08-03 20:03:13,Sucesso,449,460,0
BLD-C01-P05-006926,C01-P05,2025-08-14 19:47:24,Sucesso,267,366,0
BLD-C01-P05-006927,C01-P05,2025-08-31 11:57:04,Sucesso,239,507,0
BLD-C01-P05-006928,C01-P05,2025-08-08 17:23:08,Sucesso,441,240,0
BLD-C01-P05-006929,C01-P05,2025-08-31 13:54:24,Sucesso,421,409,0
BLD-C01-P05-006930,C01-P05,2025-08-08 11:19:49,Sucesso,288,547,0
BLD-C01-P05-006931,C01-P05,2025-08-27 17:47:50,Sucesso,188,222,0
BLD-C01-P05-006932,C01-P05,2025-08-28 16:43:50,Sucesso,436,195,0
BLD-C01-P05-006933,C01-P05,2025-08-09 20:30:20,Sucesso,676,348,1
BLD-C01-P05-006934,C01-P05,2025-08-18 12:41:19,Sucesso,112,403,0
BLD-C01-P05-006935,C01-P05,2025-08-30 08:37:35,Sucesso,354,492,0
BLD-C01-P05-006936,C01-P05,2025-08-29 16:54:54,Sucesso,527,510,0
BLD-C01-P05-006937,C01-P05,2025-08-15 08:59:47,Sucesso,204,289,0
BLD-C01-P05-006938,C01-P05,2025-08-25 20:48:21,Sucesso,316,585,0
BLD-C01-P05-006939,C01-P05,2025-08-06 10:51:54,Falha,529,713,1
BLD-C01-P05-006940,C01-P05,2025-08-01 09:50:48,Sucesso,352,373,0
BLD-C01-P05-006941,C01-P05,2025-08-01 17:32:25,Sucesso,118,381,0
BLD-C01-P05-006942,C01-P05,2025-08-04 17:44:00,Sucesso,409,346,0
BLD-C01-P05-006943,C01-P05,2025-08-12 12:32:20,Sucesso,176,479,0
BLD-C01-P05-006944,C01-P05,2025-08-20 18:17:04,Sucesso,110,503,0
BLD-C01-P05-006945,C01-P05,2025-08-10 12:04:01,Sucesso,385,690,0
BLD-C01-P05-006946,C01-P05,2025-08-18 18:40:27,Sucesso,260,716,0
BLD-C01-P05-006947,C01-P05,2025-08-14 10:31:39,Sucesso,411,692,1
BLD-C01-P05-006948,C01-P05,2025-08-07 14:02:06,Sucesso,214,10,0
BLD-C01-P05-006949,C01-P05,2025-08-30 07:34:26,Sucesso,303,373,0
BLD-C01-P05-006950,C01-P05,2025-08-30 10:16:57,Falha,211,597,13
BLD-C01-P05-006951,C01-P05,2025-08-05 08:38:30,Falha,221,527,6
BLD-C01-P05-006952,C01-P05,2025-08-19 08:51:37,Falha,224,586,9
BLD-C01-P05-006953,C01-P05,2025-08-23 21:35:16,Sucesso,315,250,0
BLD-C01-P05-006954,C01-P05,2025-08-11 07:30:57,Sucesso,632,267,0
BLD-C01-P05-006955,C01-P05,2025-08-26 15:17:15,Sucesso,293,605,0
BLD-C01-P05-006956,C01-P05,2025-08-14 18:26:08,Sucesso,189,11,0
BLD-C01-P05-006957,C01-P05,2025-08-27 16:40:29,Falha,460,112,1
BLD-C01-P05-006958,C01-P05,2025-08-29 11:57:54,Sucesso,222,551,0
BLD-C01-P05-006959,C01-P05,2025-08-02 07:50:20,Sucesso,523,766,0
BLD-C01-P05-006960,C01-P05,2025-08-16 19:13:57,Sucesso,213,685,0
BLD-C01-P05-006961,C01-P05,2025-08-22 19:48:43,Sucesso,455,375,0
BLD-C01-P05-006962,C01-P05,2025-08-23 21:34:43,Sucesso,103,133,0
BLD-C01-P05-006963,C01-P05,2025-08-24 16:36:58,Sucesso,298,219,0
BLD-C01-P05-006964,C01-P05,2025-08-31 19:55:04,Sucesso,373,68,0
BLD-C01-P05-006965,C01-P05,2025-08-04 08:57:28,Sucesso,61,691,0
BLD-C01-P05-006966,C01-P05,2025-08-24 11:54:30,Sucesso,394,406,0
BLD-C01-P05-006967,C01-P05,2025-08-02 09:37:04,Falha,177,482,1
BLD-C01-P05-006968,C01-P05,2025-08-10 18:04:52,Sucesso,314,351,0
BLD-C01-P05-006969,C01-P05,2025-08-16 19:50:58,Sucesso,440,168,0
BLD-C01-P05-006970,C01-P05,2025-08-22 18:04:52,Sucesso,517,442,0
BLD-C01-P05-006971,C01-P05,2025-08-25 07:49:34,Sucesso,402,281,0
BLD-C01-P05-006972,C01-P05,2025-08-15 18:16:51,Sucesso,626,784,0
BLD-C01-P05-006973,C01-P05,2025-08-13 13:18:58,Sucesso,456,270,0
BLD-C01-P05-006974,C01-P05,2025-08-01 16:11:27,Sucesso,404,418,0
BLD-C01-P05-006975,C01-P05,2025-08-19 10:01:16,Sucesso,210,364,0
BLD-C01-P05-006976,C01-P05,2025-08-15 10:35:08,Falha,472,507,2
BLD-C01-P05-006977,C01-P05,2025-08-24 18:19:22,Falha,137,409,6
BLD-C01-P05-006978,C01-P05,2025-08-04 09:45:40,Sucesso,298,320,0
BLD-C01-P05-006979,C01-P05,2025-08-04 10:41:13,Falha,436,354,1
BLD-C01-P05-006980,C01-P05,2025-08-17 18:41:13,Sucesso,343,254,0
BLD-C01-P05-006981,C01-P05,2025-08-01 11:11:28,Sucesso,318,659,0
BLD-C01-P05-006982,C01-P05,2025-08-22 08:12:12,Sucesso,452,407,0
BLD-C01-P05-006983,C01-P05,2025-08-15 13:39:06,Sucesso,457,141,1
BLD-C01-P05-006984,C01-P05,2025-08-01 21:16:33,Sucesso,373,536,0
BLD-C01-P05-006985,C01-P05,2025-08-03 10:46:33,Sucesso,75,374,0
BLD-C01-P05-006986,C01-P05,2025-08-10 10:50:37,Sucesso,441,379,0
BLD-C01-P05-006987,C01-P05,2025-08-22 19:39:37,Sucesso,267,80,0
BLD-C01-P05-006988,C01-P05,2025-08-04 09:28:08,Falha,20,645,3
BLD-C01-P05-006989,C01-P05,2025-08-01 21:25:38,Sucesso,341,397,0
BLD-C01-P05-006990,C01-P05,2025-08-30 18:17:24,Sucesso,185,510,0
BLD-C01-P05-006991,C01-P05,2025-08-21 16:47:11,Sucesso,262,372,0
BLD-C01-P05-006992,C01-P05,2025-08-30 14:14:55,Sucesso,282,244,0
BLD-C01-P05-006993,C01-P05,2025-08-13 18:22:38,Sucesso,261,196,0
BLD-C01-P05-006994,C01-P05,2025-08-31 20:46:31,Sucesso,502,282,0
BLD-C01-P05-006995,C01-P05,2025-08-17 19:23:45,Falha,225,114,1
BLD-C01-P05-006996,C01-P05,2025-08-31 14:49:11,Sucesso,533,92,0
BLD-C01-P05-006997,C01-P05,2025-08-06 14:13:50,Falha,212,155,2
BLD-C01-P05-006998,C01-P05,2025-08-24 10:38:49,Sucesso,584,555,0
BLD-C01-P05-006999,C01-P05,2025-08-10 17:49:35,Sucesso,187,867,0
BLD-C01-P05-007000,C01-P05,2025-08-30 13:42:46,Sucesso,439,467,0
BLD-C01-P05-007001,C01-P05,2025-08-04 12:50:59,Sucesso,48,260,0
BLD-C01-P05-007002,C01-P05,2025-08-17 08:44:34,Sucesso,555,311,0
BLD-C01-P05-007003,C01-P05,2025-09-23 08:12:41,Sucesso,257,535,0
BLD-C01-P05-007004,C01-P05,2025-09-18 21:01:59,Sucesso,208,626,0
BLD-C01-P05-007005,C01-P05,2025-09-22 09:58:01,Sucesso,246,414,0
BLD-C01-P05-007006,C01-P05,2025-09-01 18:26:18,Sucesso,212,316,0
BLD-C01-P05-007007,C01-P05,2025-09-29 07:35:40,Sucesso,328,340,0
BLD-C01-P05-007008,C01-P05,2025-09-29 18:05:40,Sucesso,455,444,0
BLD-C01-P05-007009,C01-P05,2025-09-22 15:55:20,Sucesso,316,641,0
BLD-C01-P05-007010,C01-P05,2025-09-03 08:45:36,Sucesso,386,337,0
BLD-C01-P05-007011,C01-P05,2025-09-19 16:45:33,Sucesso,177,367,0
BLD-C01-P05-007012,C01-P05,2025-09-20 16:38:02,Sucesso,42,418,0
BLD-C01-P05-007013,C01-P05,2025-09-14 20:18:42,Sucesso,339,254,1
BLD-C01-P05-007014,C01-P05,2025-09-12 18:28:21,Sucesso,144,451,0
BLD-C01-P05-007015,C01-P05,2025-09-24 20:34:04,Sucesso,274,267,0
BLD-C01-P05-007016,C01-P05,2025-09-30 15:45:34,Falha,280,483,1
BLD-C01-P05-007017,C01-P05,2025-09-25 10:05:25,Sucesso,537,264,0
BLD-C01-P05-007018,C01-P05,2025-09-23 15:48:06,Sucesso,246,155,0
BLD-C01-P05-007019,C01-P05,2025-09-01 19:22:49,Sucesso,215,691,0
BLD-C01-P05-007020,C01-P05,2025-09-21 14:55:15,Sucesso,40,173,0
BLD-C01-P05-007021,C01-P05,2025-09-09 15:51:44,Sucesso,178,842,0
BLD-C01-P05-007022,C01-P05,2025-09-01 17:03:23,Sucesso,401,238,0
BLD-C01-P05-007023,C01-P05,2025-09-14 15:35:22,Sucesso,148,520,0
BLD-C01-P05-007024,C01-P05,2025-09-06 12:14:54,Sucesso,498,322,0
BLD-C01-P05-007025,C01-P05,2025-09-14 07:35:28,Falha,107,413,7
BLD-C01-P05-007026,C01-P05,2025-09-03 07:33:26,Sucesso,344,281,0
BLD-C01-P05-007027,C01-P05,2025-09-07 07:50:55,Sucesso,341,266,0
BLD-C01-P05-007028,C01-P05,2025-09-17 09:10:50,Sucesso,508,215,0
BLD-C01-P05-007029,C01-P05,2025-09-04 07:12:41,Sucesso,590,595,0
BLD-C01-P05-007030,C01-P05,2025-09-06 21:02:00,Sucesso,380,249,0
BLD-C01-P05-007031,C01-P05,2025-09-24 08:02:02,Sucesso,450,463,0
BLD-C01-P05-007032,C01-P05,2025-09-23 12:29:32,Sucesso,232,257,0
BLD-C01-P05-007033,C01-P05,2025-09-23 10:47:43,Sucesso,363,396,0
BLD-C01-P05-007034,C01-P05,2025-09-24 08:56:36,Sucesso,465,305,0
BLD-C01-P05-007035,C01-P05,2025-09-19 10:57:36,Sucesso,225,640,0
BLD-C01-P05-007036,C01-P05,2025-09-27 10:47:42,Sucesso,325,84,0
BLD-C01-P05-007037,C01-P05,2025-09-18 15:54:40,Sucesso,354,195,0
BLD-C01-P05-007038,C01-P05,2025-09-26 08:54:37,Sucesso,146,492,0
BLD-C01-P05-007039,C01-P05,2025-09-08 12:04:31,Sucesso,64,260,0
BLD-C01-P05-007040,C01-P05,2025-09-30 12:39:41,Sucesso,423,354,0
BLD-C01-P05-007041,C01-P05,2025-09-28 21:35:18,Sucesso,490,340,0
BLD-C01-P05-007042,C01-P05,2025-09-25 13:56:52,Sucesso,92,275,0
BLD-C01-P05-007043,C01-P05,2025-09-01 21:08:14,Sucesso,445,541,0
BLD-C01-P05-007044,C01-P05,2025-09-03 09:27:42,Sucesso,226,340,0
BLD-C01-P05-007045,C01-P05,2025-09-16 18:24:56,Sucesso,386,319,0
BLD-C01-P05-007046,C01-P05,2025-09-10 20:30:42,Sucesso,420,606,0
BLD-C01-P05-007047,C01-P05,2025-09-22 17:35:39,Sucesso,200,423,0
BLD-C01-P05-007048,C01-P05,2025-09-19 20:44:00,Sucesso,248,439,0
BLD-C01-P05-007049,C01-P05,2025-09-30 09:32:16,Sucesso,304,522,0
BLD-C01-P05-007050,C01-P05,2025-09-05 11:16:07,Sucesso,170,504,0
BLD-C01-P05-007051,C01-P05,2025-09-15 09:24:39,Falha,323,643,4
BLD-C01-P05-007052,C01-P05,2025-09-14 10:07:36,Sucesso,128,343,0
BLD-C01-P05-007053,C01-P05,2025-09-05 07:50:52,Sucesso,319,563,0
BLD-C01-P05-007054,C01-P05,2025-09-19 18:22:40,Sucesso,289,208,0
BLD-C01-P05-007055,C01-P05,2025-09-30 11:50:55,Sucesso,298,409,1
BLD-C01-P05-007056,C01-P05,2025-09-20 19:59:37,Sucesso,462,313,0
BLD-C01-P05-007057,C01-P05,2025-09-20 11:24:01,Sucesso,20,458,0
BLD-C01-P05-007058,C01-P05,2025-09-24 10:38:22,Falha,628,307,4
BLD-C01-P05-007059,C01-P05,2025-09-18 17:52:18,Sucesso,245,717,0
BLD-C01-P05-007060,C01-P05,2025-09-12 08:41:53,Sucesso,338,539,0
BLD-C01-P05-007061,C01-P05,2025-09-21 07:22:04,Sucesso,97,603,0
BLD-C01-P05-007062,C01-P05,2025-09-18 07:17:00,Sucesso,176,817,0
BLD-C01-P05-007063,C01-P05,2025-09-14 19:03:03,Falha,323,233,6
BLD-C01-P05-007064,C01-P05,2025-09-25 17:40:19,Sucesso,168,543,0
BLD-C01-P05-007065,C01-P05,2025-09-15 14:02:39,Sucesso,643,792,0
BLD-C01-P05-007066,C01-P05,2025-09-30 11:24:23,Sucesso,184,325,0
BLD-C01-P05-007067,C01-P05,2025-09-12 08:21:17,Sucesso,416,315,0
BLD-C01-P05-007068,C01-P05,2025-09-25 16:52:22,Sucesso,508,283,0
BLD-C01-P05-007069,C01-P05,2025-09-10 12:09:37,Sucesso,344,398,0
BLD-C01-P05-007070,C01-P05,2025-09-29 13:54:59,Sucesso,429,401,0
BLD-C01-P05-007071,C01-P05,2025-09-18 16:32:54,Sucesso,185,241,0
BLD-C01-P05-007072,C01-P05,2025-09-22 13:59:58,Sucesso,404,583,0
BLD-C01-P05-007073,C01-P05,2025-09-06 12:03:53,Sucesso,47,530,0
BLD-C01-P05-007074,C01-P05,2025-09-05 21:37:11,Falha,472,588,1
BLD-C01-P05-007075,C01-P05,2025-09-08 14:46:51,Sucesso,166,419,0
BLD-C01-P05-007076,C01-P05,2025-09-19 15:12:49,Falha,378,141,5
BLD-C01-P05-007077,C01-P05,2025-09-05 19:44:35,Falha,312,631,12
BLD-C01-P05-007078,C01-P05,2025-09-25 21:34:40,Sucesso,300,456,0
BLD-C01-P05-007079,C01-P05,2025-09-09 13:43:00,Sucesso,452,499,0
BLD-C01-P05-007080,C01-P05,2025-09-06 07:28:06,Sucesso,564,512,0
BLD-C01-P05-007081,C01-P05,2025-09-15 15:38:39,Sucesso,414,82,0
BLD-C01-P05-007082,C01-P05,2025-09-08 07:41:59,Sucesso,256,232,0
BLD-C01-P05-007083,C01-P05,2025-09-30 16:11:40,Sucesso,193,604,0
BLD-C01-P05-007084,C01-P05,2025-09-18 08:02:18,Sucesso,379,377,0
BLD-C01-P05-007085,C01-P05,2025-09-03 10:46:56,Sucesso,237,325,0
BLD-C01-P05-007086,C01-P05,2025-09-16 07:03:35,Sucesso,339,371,0
BLD-C01-P05-007087,C01-P05,2025-09-07 12:48:09,Sucesso,286,381,1
BLD-C01-P05-007088,C01-P05,2025-09-15 11:00:21,Sucesso,502,459,0
BLD-C01-P05-007089,C01-P05,2025-09-12 18:50:50,Sucesso,619,298,0
BLD-C01-P05-007090,C01-P05,2025-09-06 09:02:47,Sucesso,336,218,0
BLD-C01-P05-007091,C01-P05,2025-09-20 18:50:03,Sucesso,243,522,0
BLD-C01-P05-007092,C01-P05,2025-09-16 12:17:41,Sucesso,337,279,0
BLD-C01-P05-007093,C01-P05,2025-09-20 12:56:06,Sucesso,518,505,0
BLD-C01-P05-007094,C01-P05,2025-09-10 17:25:36,Falha,233,408,1
BLD-C01-P05-007095,C01-P05,2025-09-03 16:36:07,Sucesso,393,373,0
BLD-C01-P05-007096,C01-P05,2025-09-22 13:52:58,Sucesso,316,353,0
BLD-C01-P05-007097,C01-P05,2025-09-02 16:05:21,Sucesso,375,720,0
BLD-C01-P05-007098,C01-P05,2025-09-25 18:21:52,Sucesso,114,36,0
BLD-C01-P05-007099,C01-P05,2025-09-11 19:32:43,Sucesso,171,534,0
BLD-C01-P05-007100,C01-P05,2025-09-05 16:11:35,Sucesso,464,399,0
BLD-C01-P05-007101,C01-P05,2025-09-08 19:26:29,Sucesso,206,435,0
BLD-C01-P05-007102,C01-P05,2025-09-24 12:10:21,Sucesso,550,283,0
BLD-C01-P05-007103,C01-P05,2025-09-26 11:54:17,Sucesso,364,315,0
BLD-C01-P05-007104,C01-P05,2025-09-17 10:13:07,Falha,256,577,1
BLD-C01-P05-007105,C01-P05,2025-09-11 07:56:57,Sucesso,292,515,0
BLD-C01-P05-007106,C01-P05,2025-09-01 13:37:31,Sucesso,233,518,0
BLD-C01-P05-007107,C01-P05,2025-09-10 10:28:29,Sucesso,82,257,0
BLD-C01-P05-007108,C01-P05,2025-09-09 17:04:52,Falha,229,422,2
BLD-C01-P05-007109,C01-P05,2025-09-11 07:52:52,Sucesso,337,256,0
BLD-C01-P05-007110,C01-P05,2025-09-10 21:47:41,Sucesso,31,675,0
BLD-C01-P05-007111,C01-P05,2025-09-07 10:25:52,Sucesso,777,702,0
BLD-C01-P05-007112,C01-P05,2025-09-10 20:59:46,Sucesso,161,475,0
BLD-C01-P05-007113,C01-P05,2025-09-01 08:39:15,Sucesso,148,330,0
BLD-C01-P05-007114,C01-P05,2025-09-27 16:58:52,Sucesso,563,248,0
BLD-C01-P05-007115,C01-P05,2025-09-10 21:25:09,Sucesso,539,341,0
BLD-C01-P05-007116,C01-P05,2025-09-25 13:09:36,Sucesso,348,467,0
BLD-C01-P05-007117,C01-P05,2025-09-02 19:55:04,Sucesso,528,161,0
BLD-C01-P05-007118,C01-P05,2025-09-05 18:23:53,Falha,20,254,7
BLD-C01-P05-007119,C01-P05,2025-09-22 14:11:14,Sucesso,107,398,0
BLD-C01-P05-007120,C01-P05,2025-09-11 20:55:11,Sucesso,497,335,0
BLD-C01-P05-007121,C01-P05,2025-09-22 19:54:34,Sucesso,219,314,0
BLD-C01-P05-007122,C01-P05,2025-09-08 11:28:50,Sucesso,497,556,0
BLD-C01-P05-007123,C01-P05,2025-09-07 19:47:41,Sucesso,224,207,0
BLD-C01-P05-007124,C01-P05,2025-09-08 07:17:09,Sucesso,216,386,0
BLD-C01-P05-007125,C01-P05,2025-09-05 20:38:16,Sucesso,354,259,0
BLD-C01-P05-007126,C01-P05,2025-09-01 12:11:13,Sucesso,309,533,0
BLD-C01-P05-007127,C01-P05,2025-09-02 19:33:00,Sucesso,492,32,0
BLD-C01-P05-007128,C01-P05,2025-09-28 10:28:06,Sucesso,533,504,0
BLD-C01-P05-007129,C01-P05,2025-09-07 11:23:55,Sucesso,238,436,0
BLD-C01-P05-007130,C01-P05,2025-09-26 21:45:27,Sucesso,175,678,0
BLD-C01-P05-007131,C01-P05,2025-09-24 18:36:53,Falha,504,300,4
BLD-C01-P05-007132,C01-P05,2025-09-07 15:26:54,Sucesso,425,191,0
BLD-C01-P05-007133,C01-P05,2025-09-27 07:23:59,Sucesso,444,506,0
BLD-C01-P05-007134,C01-P05,2025-09-19 11:52:47,Sucesso,510,200,0
BLD-C01-P05-007135,C01-P05,2025-09-23 16:12:44,Sucesso,355,322,0
BLD-C01-P05-007136,C01-P05,2025-10-30 18:20:57,Sucesso,271,440,0
BLD-C01-P05-007137,C01-P05,2025-10-12 21:40:30,Falha,77,490,1
BLD-C01-P05-007138,C01-P05,2025-10-04 14:45:46,Sucesso,194,303,0
BLD-C01-P05-007139,C01-P05,2025-10-04 19:19:51,Falha,388,368,3
BLD-C01-P05-007140,C01-P05,2025-10-12 09:14:52,Sucesso,378,656,0
BLD-C01-P05-007141,C01-P05,2025-10-08 07:15:17,Sucesso,304,350,0
BLD-C01-P05-007142,C01-P05,2025-10-09 18:42:32,Sucesso,283,509,0
BLD-C01-P05-007143,C01-P05,2025-10-07 18:12:16,Sucesso,115,394,0
BLD-C01-P05-007144,C01-P05,2025-10-25 08:30:58,Sucesso,308,220,0
BLD-C01-P05-007145,C01-P05,2025-10-22 10:36:37,Sucesso,406,99,0
BLD-C01-P05-007146,C01-P05,2025-10-12 08:52:17,Sucesso,233,10,0
BLD-C01-P05-007147,C01-P05,2025-10-22 15:07:52,Sucesso,412,413,0
BLD-C01-P05-007148,C01-P05,2025-10-04 20:02:23,Sucesso,538,684,0
BLD-C01-P05-007149,C01-P05,2025-10-28 20:56:34,Sucesso,361,389,0
BLD-C01-P05-007150,C01-P05,2025-10-07 12:47:36,Sucesso,163,543,0
BLD-C01-P05-007151,C01-P05,2025-10-07 07:54:50,Sucesso,511,419,0
BLD-C01-P05-007152,C01-P05,2025-10-02 20:19:56,Sucesso,313,376,0
BLD-C01-P05-007153,C01-P05,2025-10-03 07:03:28,Sucesso,482,437,0
BLD-C01-P05-007154,C01-P05,2025-10-06 07:50:02,Sucesso,274,211,0
BLD-C01-P05-007155,C01-P05,2025-10-24 20:14:59,Sucesso,606,725,0
BLD-C01-P05-007156,C01-P05,2025-10-08 09:38:38,Sucesso,442,390,0
BLD-C01-P05-007157,C01-P05,2025-10-02 17:22:14,Sucesso,238,658,0
BLD-C01-P05-007158,C01-P05,2025-10-07 16:40:34,Sucesso,500,262,0
BLD-C01-P05-007159,C01-P05,2025-10-02 16:35:46,Sucesso,545,110,0
BLD-C01-P05-007160,C01-P05,2025-10-11 14:35:29,Falha,186,435,5
BLD-C01-P05-007161,C01-P05,2025-10-26 10:55:13,Falha,486,451,7
BLD-C01-P05-007162,C01-P05,2025-10-18 13:41:23,Sucesso,421,178,0
BLD-C01-P05-007163,C01-P05,2025-10-06 13:28:55,Sucesso,582,382,0
BLD-C01-P05-007164,C01-P05,2025-10-12 09:18:52,Sucesso,130,429,0
BLD-C01-P05-007165,C01-P05,2025-10-13 15:32:09,Sucesso,347,493,0
BLD-C01-P05-007166,C01-P05,2025-10-23 08:40:32,Sucesso,370,677,0
BLD-C01-P05-007167,C01-P05,2025-10-17 15:34:41,Sucesso,266,323,0
BLD-C01-P05-007168,C01-P05,2025-10-12 16:05:33,Sucesso,299,835,0
BLD-C01-P05-007169,C01-P05,2025-10-23 21:12:09,Sucesso,446,364,1
BLD-C01-P05-007170,C01-P05,2025-10-23 13:46:05,Sucesso,531,317,0
BLD-C01-P05-007171,C01-P05,2025-10-09 14:14:48,Sucesso,300,582,0
BLD-C01-P05-007172,C01-P05,2025-10-19 19:27:23,Sucesso,553,599,0
BLD-C01-P05-007173,C01-P05,2025-10-02 21:32:17,Sucesso,495,350,0
BLD-C01-P05-007174,C01-P05,2025-10-19 21:34:28,Sucesso,440,367,0
BLD-C01-P05-007175,C01-P05,2025-10-11 16:49:51,Sucesso,482,368,0
BLD-C01-P05-007176,C01-P05,2025-10-27 13:25:52,Sucesso,387,428,0
BLD-C01-P05-007177,C01-P05,2025-10-23 08:49:52,Sucesso,581,357,0
BLD-C01-P05-007178,C01-P05,2025-10-01 07:32:31,Sucesso,257,453,0
BLD-C01-P05-007179,C01-P05,2025-10-01 18:19:58,Sucesso,527,546,0
BLD-C01-P05-007180,C01-P05,2025-10-03 08:42:24,Sucesso,438,750,0
BLD-C01-P05-007181,C01-P05,2025-10-06 09:50:47,Falha,172,436,3
BLD-C01-P05-007182,C01-P05,2025-10-19 17:46:14,Sucesso,320,54,2
BLD-C01-P05-007183,C01-P05,2025-10-02 07:50:57,Sucesso,265,316,0
BLD-C01-P05-007184,C01-P05,2025-10-31 09:26:01,Sucesso,464,468,0
BLD-C01-P05-007185,C01-P05,2025-10-04 13:03:06,Sucesso,241,313,0
BLD-C01-P05-007186,C01-P05,2025-10-03 18:33:47,Sucesso,310,554,0
BLD-C01-P05-007187,C01-P05,2025-10-11 16:06:17,Sucesso,476,455,0
BLD-C01-P05-007188,C01-P05,2025-10-31 15:24:16,Sucesso,187,124,0
BLD-C01-P05-007189,C01-P05,2025-10-30 17:14:46,Sucesso,533,222,0
BLD-C01-P05-007190,C01-P05,2025-10-30 17:14:51,Sucesso,84,91,0
BLD-C01-P05-007191,C01-P05,2025-10-25 08:27:14,Sucesso,350,559,0
BLD-C01-P05-007192,C01-P05,2025-10-17 13:07:13,Sucesso,336,313,1
BLD-C01-P05-007193,C01-P05,2025-10-08 11:31:46,Sucesso,530,466,0
BLD-C01-P05-007194,C01-P05,2025-10-15 21:52:52,Sucesso,321,435,0
BLD-C01-P05-007195,C01-P05,2025-10-07 18:48:38,Sucesso,429,285,0
BLD-C01-P05-007196,C01-P05,2025-10-13 14:14:53,Sucesso,287,847,0
BLD-C01-P05-007197,C01-P05,2025-10-28 21:41:11,Sucesso,399,637,0
BLD-C01-P05-007198,C01-P05,2025-10-01 14:57:11,Sucesso,372,516,0
BLD-C01-P05-007199,C01-P05,2025-10-15 21:53:24,Sucesso,375,382,1
BLD-C01-P05-007200,C01-P05,2025-10-30 20:36:48,Sucesso,173,271,0
BLD-C01-P05-007201,C01-P05,2025-10-31 15:31:57,Falha,620,350,2
BLD-C01-P05-007202,C01-P05,2025-10-09 20:13:06,Sucesso,227,453,0
BLD-C01-P05-007203,C01-P05,2025-10-25 20:59:48,Falha,189,221,6
BLD-C01-P05-007204,C01-P05,2025-10-04 13:03:35,Sucesso,412,340,0
BLD-C01-P05-007205,C01-P05,2025-10-06 16:14:04,Sucesso,209,74,0
BLD-C01-P05-007206,C01-P05,2025-10-18 20:04:37,Sucesso,286,364,0
BLD-C01-P05-007207,C01-P05,2025-10-03 14:43:14,Sucesso,360,546,0
BLD-C01-P05-007208,C01-P05,2025-10-07 07:04:59,Sucesso,220,268,0
BLD-C01-P05-007209,C01-P05,2025-10-30 18:09:48,Sucesso,70,268,0
BLD-C01-P05-007210,C01-P05,2025-10-15 18:34:18,Sucesso,457,538,0
BLD-C01-P05-007211,C01-P05,2025-10-23 11:07:02,Falha,380,243,1
BLD-C01-P05-007212,C01-P05,2025-10-17 08:26:03,Sucesso,231,201,0
BLD-C01-P05-007213,C01-P05,2025-10-19 13:20:16,Sucesso,198,528,0
BLD-C01-P05-007214,C01-P05,2025-10-03 15:05:56,Falha,385,156,5
BLD-C01-P05-007215,C01-P05,2025-10-08 14:04:08,Sucesso,275,312,0
BLD-C01-P05-007216,C01-P05,2025-10-22 07:42:44,Sucesso,432,492,0
BLD-C01-P05-007217,C01-P05,2025-10-24 17:59:55,Sucesso,523,626,0
BLD-C01-P05-007218,C01-P05,2025-10-12 11:15:56,Sucesso,553,248,0
BLD-C01-P05-007219,C01-P05,2025-10-24 19:18:16,Sucesso,250,449,0
BLD-C01-P05-007220,C01-P05,2025-10-23 15:13:48,Sucesso,519,176,0
BLD-C01-P05-007221,C01-P05,2025-10-23 16:49:27,Sucesso,267,752,0
BLD-C01-P05-007222,C01-P05,2025-10-12 16:10:45,Sucesso,128,119,0
BLD-C01-P05-007223,C01-P05,2025-10-31 09:38:58,Sucesso,154,73,0
BLD-C01-P05-007224,C01-P05,2025-10-08 16:18:37,Falha,234,345,3
BLD-C01-P05-007225,C01-P05,2025-10-19 20:25:58,Sucesso,367,763,0
BLD-C01-P05-007226,C01-P05,2025-10-16 18:18:10,Sucesso,344,180,0
BLD-C01-P05-007227,C01-P05,2025-10-27 16:12:28,Sucesso,305,135,0
BLD-C01-P05-007228,C01-P05,2025-10-25 14:10:13,Sucesso,69,157,0
BLD-C01-P05-007229,C01-P05,2025-10-30 14:28:48,Sucesso,180,489,0
BLD-C01-P05-007230,C01-P05,2025-10-22 12:53:27,Sucesso,159,445,1
BLD-C01-P05-007231,C01-P05,2025-10-04 17:09:33,Sucesso,218,133,0
BLD-C01-P05-007232,C01-P05,2025-10-18 11:27:19,Sucesso,414,318,0
BLD-C01-P05-007233,C01-P05,2025-10-09 17:36:01,Sucesso,593,555,0
BLD-C01-P05-007234,C01-P05,2025-10-22 18:01:41,Sucesso,163,432,0
BLD-C01-P05-007235,C01-P05,2025-10-06 13:49:24,Sucesso,245,502,0
BLD-C01-P05-007236,C01-P05,2025-10-31 15:44:43,Sucesso,449,580,0
BLD-C01-P05-007237,C01-P05,2025-10-23 15:23:17,Sucesso,111,302,0
BLD-C01-P05-007238,C01-P05,2025-10-28 16:17:24,Sucesso,99,341,0
BLD-C01-P05-007239,C01-P05,2025-10-07 14:46:03,Sucesso,248,683,0
BLD-C01-P05-007240,C01-P05,2025-10-28 08:15:38,Sucesso,304,398,0
BLD-C01-P05-007241,C01-P05,2025-10-23 21:31:21,Sucesso,480,684,0
BLD-C01-P05-007242,C01-P05,2025-10-31 15:24:44,Sucesso,375,485,0
BLD-C01-P05-007243,C01-P05,2025-10-20 17:44:32,Sucesso,248,364,0
BLD-C01-P05-007244,C01-P05,2025-10-09 17:30:33,Sucesso,75,878,0
BLD-C01-P05-007245,C01-P05,2025-10-20 10:45:08,Sucesso,391,248,0
BLD-C01-P05-007246,C01-P05,2025-10-10 20:48:27,Sucesso,347,144,0
BLD-C01-P05-007247,C01-P05,2025-10-08 16:00:36,Sucesso,442,608,0
BLD-C01-P05-007248,C01-P05,2025-10-06 12:00:40,Sucesso,411,540,0
BLD-C01-P05-007249,C01-P05,2025-10-17 13:42:00,Sucesso,107,10,0
BLD-C01-P05-007250,C01-P05,2025-10-31 07:03:53,Sucesso,345,396,0
BLD-C01-P05-007251,C01-P05,2025-10-09 11:10:46,Sucesso,253,235,0
BLD-C01-P05-007252,C01-P05,2025-10-26 16:13:42,Sucesso,126,312,0
BLD-C01-P05-007253,C01-P05,2025-10-17 21:27:41,Sucesso,462,282,0
BLD-C01-P05-007254,C01-P05,2025-10-25 16:35:07,Sucesso,199,602,0
BLD-C01-P05-007255,C01-P05,2025-10-27 11:51:07,Sucesso,273,345,0
BLD-C01-P05-007256,C01-P05,2025-10-03 18:21:16,Sucesso,426,674,0
BLD-C01-P05-007257,C01-P05,2025-10-30 20:17:30,Sucesso,394,107,0
BLD-C01-P05-007258,C01-P05,2025-10-17 12:32:52,Sucesso,326,461,0
BLD-C01-P05-007259,C01-P05,2025-10-26 09:36:53,Falha,439,10,1
BLD-C01-P05-007260,C01-P05,2025-10-22 07:06:39,Sucesso,252,598,0
BLD-C01-P05-007261,C01-P05,2025-10-19 20:00:31,Sucesso,37,406,0
BLD-C01-P05-007262,C01-P05,2025-10-02 13:33:53,Sucesso,548,363,0
BLD-C01-P05-007263,C01-P05,2025-10-25 16:48:37,Sucesso,422,344,0
BLD-C01-P05-007264,C01-P05,2025-10-31 16:53:43,Sucesso,655,85,0
BLD-C01-P05-007265,C01-P05,2025-10-06 19:27:09,Sucesso,487,210,0
BLD-C01-P05-007266,C01-P05,2025-10-15 13:35:19,Sucesso,308,836,0
BLD-C01-P05-007267,C01-P05,2025-10-24 18:55:45,Sucesso,172,519,0
BLD-C01-P05-007268,C01-P05,2025-10-21 21:30:24,Falha,20,666,1
BLD-C01-P05-007269,C01-P05,2025-10-16 10:58:20,Sucesso,286,322,0
BLD-C01-P05-007270,C01-P05,2025-10-22 12:19:17,Sucesso,20,476,0
BLD-C01-P05-007271,C01-P05,2025-10-13 11:27:02,Sucesso,334,606,0
BLD-C01-P05-007272,C01-P05,2025-10-31 09:32:46,Sucesso,494,617,0
BLD-C01-P05-007273,C01-P05,2025-10-14 10:11:19,Sucesso,158,313,0
BLD-C01-P05-007274,C01-P05,2025-10-10 19:51:09,Sucesso,334,589,0
BLD-C01-P05-007275,C01-P05,2025-10-26 17:23:43,Sucesso,296,616,0
BLD-C01-P05-007276,C01-P05,2025-10-03 12:27:02,Sucesso,161,430,0
BLD-C01-P05-007277,C01-P05,2025-10-31 13:04:01,Sucesso,118,237,0
BLD-C01-P05-007278,C01-P05,2025-10-16 13:42:25,Falha,431,254,8
BLD-C01-P05-007279,C01-P05,2025-10-20 16:45:01,Sucesso,20,331,0
BLD-C01-P05-007280,C01-P05,2025-10-30 13:56:41,Sucesso,174,418,0
BLD-C01-P05-007281,C01-P05,2025-10-13 08:20:41,Sucesso,285,632,0
BLD-C01-P05-007282,C01-P05,2025-10-07 09:39:24,Sucesso,374,451,0
BLD-C01-P05-007283,C01-P05,2025-10-12 09:29:16,Falha,393,504,6
BLD-C01-P05-007284,C01-P05,2025-10-17 20:21:27,Sucesso,446,466,0
BLD-C01-P05-007285,C01-P05,2025-10-02 14:00:16,Sucesso,249,340,0
BLD-C01-P05-007286,C01-P05,2025-10-18 20:04:28,Falha,194,505,4
BLD-C01-P05-007287,C01-P05,2025-10-05 18:39:00,Falha,135,793,5
BLD-C01-P05-007288,C01-P05,2025-10-28 21:08:11,Sucesso,153,368,0
BLD-C01-P05-007289,C01-P05,2025-10-24 11:44:22,Sucesso,48,561,0
BLD-C01-P05-007290,C01-P05,2025-10-13 09:05:10,Sucesso,289,700,0
BLD-C01-P05-007291,C01-P05,2025-11-02 18:03:47,Falha,447,344,1
BLD-C01-P05-007292,C01-P05,2025-11-20 14:04:26,Falha,270,356,10
BLD-C01-P05-007293,C01-P05,2025-11-27 18:51:39,Sucesso,500,271,0
BLD-C01-P05-007294,C01-P05,2025-11-18 08:41:38,Sucesso,187,444,0
BLD-C01-P05-007295,C01-P05,2025-11-24 17:54:19,Sucesso,453,507,0
BLD-C01-P05-007296,C01-P05,2025-11-04 09:45:44,Falha,515,109,2
BLD-C01-P05-007297,C01-P05,2025-11-13 18:26:20,Falha,392,796,1
BLD-C01-P05-007298,C01-P05,2025-11-11 13:47:48,Sucesso,208,40,0
BLD-C01-P05-007299,C01-P05,2025-11-22 21:12:54,Sucesso,355,160,0
BLD-C01-P05-007300,C01-P05,2025-11-24 17:00:50,Sucesso,20,459,0
BLD-C01-P05-007301,C01-P05,2025-11-02 12:05:23,Sucesso,345,535,0
BLD-C01-P05-007302,C01-P05,2025-11-17 11:23:38,Sucesso,341,564,0
BLD-C01-P05-007303,C01-P05,2025-11-17 14:14:17,Sucesso,190,818,1
BLD-C01-P05-007304,C01-P05,2025-11-07 11:20:03,Sucesso,240,754,0
BLD-C01-P05-007305,C01-P05,2025-11-15 08:13:53,Sucesso,432,188,0
BLD-C01-P05-007306,C01-P05,2025-11-12 16:37:17,Sucesso,261,538,0
BLD-C01-P05-007307,C01-P05,2025-11-30 14:43:41,Sucesso,460,890,0
BLD-C01-P05-007308,C01-P05,2025-11-11 14:15:10,Sucesso,574,707,0
BLD-C01-P05-007309,C01-P05,2025-11-05 15:52:13,Sucesso,123,485,0
BLD-C01-P05-007310,C01-P05,2025-11-10 13:02:16,Sucesso,57,276,0
BLD-C01-P05-007311,C01-P05,2025-11-06 14:25:53,Sucesso,181,332,0
BLD-C01-P05-007312,C01-P05,2025-11-07 10:18:41,Falha,453,418,13
BLD-C01-P05-007313,C01-P05,2025-11-24 13:34:53,Sucesso,451,488,0
BLD-C01-P05-007314,C01-P05,2025-11-08 07:43:38,Sucesso,416,181,0
BLD-C01-P05-007315,C01-P05,2025-11-08 20:00:43,Sucesso,126,420,0
BLD-C01-P05-007316,C01-P05,2025-11-07 15:00:40,Sucesso,277,923,0
BLD-C01-P05-007317,C01-P05,2025-11-16 15:57:27,Sucesso,209,474,0
BLD-C01-P05-007318,C01-P05,2025-11-01 10:47:36,Sucesso,274,255,0
BLD-C01-P05-007319,C01-P05,2025-11-25 14:06:44,Sucesso,488,147,0
BLD-C01-P05-007320,C01-P05,2025-11-25 12:07:41,Sucesso,357,497,1
BLD-C01-P05-007321,C01-P05,2025-11-19 21:39:05,Sucesso,306,348,0
BLD-C01-P05-007322,C01-P05,2025-11-30 12:38:05,Sucesso,392,457,0
BLD-C01-P05-007323,C01-P05,2025-11-16 09:31:02,Sucesso,463,725,0
BLD-C01-P05-007324,C01-P05,2025-11-26 20:36:48,Sucesso,318,409,0
BLD-C01-P05-007325,C01-P05,2025-11-16 14:15:09,Falha,570,500,6
BLD-C01-P05-007326,C01-P05,2025-11-27 21:19:19,Sucesso,187,403,0
BLD-C01-P05-007327,C01-P05,2025-11-26 15:48:12,Sucesso,62,10,0
BLD-C01-P05-007328,C01-P05,2025-11-19 11:29:22,Sucesso,482,490,0
BLD-C01-P05-007329,C01-P05,2025-11-14 18:57:05,Sucesso,362,239,0
BLD-C01-P05-007330,C01-P05,2025-11-19 21:49:12,Sucesso,321,236,0
BLD-C01-P05-007331,C01-P05,2025-11-03 16:03:05,Sucesso,599,10,0
BLD-C01-P05-007332,C01-P05,2025-11-01 18:57:00,Sucesso,72,567,0
BLD-C01-P05-007333,C01-P05,2025-11-12 21:31:33,Sucesso,509,616,0
BLD-C01-P05-007334,C01-P05,2025-11-06 20:05:05,Sucesso,72,797,0
BLD-C01-P05-007335,C01-P05,2025-11-10 18:33:13,Sucesso,347,391,0
BLD-C01-P05-007336,C01-P05,2025-11-10 12:53:36,Sucesso,418,703,0
BLD-C01-P05-007337,C01-P05,2025-11-26 11:39:41,Sucesso,287,867,0
BLD-C01-P05-007338,C01-P05,2025-11-18 18:42:06,Falha,259,540,3
BLD-C01-P05-007339,C01-P05,2025-11-06 08:27:53,Sucesso,125,561,0
BLD-C01-P05-007340,C01-P05,2025-11-08 14:34:08,Sucesso,607,446,0
BLD-C01-P05-007341,C01-P05,2025-11-20 09:37:33,Sucesso,362,244,0
BLD-C01-P05-007342,C01-P05,2025-11-26 10:06:07,Falha,106,452,11
BLD-C01-P05-007343,C01-P05,2025-11-05 09:50:41,Sucesso,318,481,0
BLD-C01-P05-007344,C01-P05,2025-11-30 08:27:10,Sucesso,267,299,0
BLD-C01-P05-007345,C01-P05,2025-11-01 17:11:49,Sucesso,566,670,0
BLD-C01-P05-007346,C01-P05,2025-11-05 11:37:20,Falha,243,344,13
BLD-C01-P05-007347,C01-P05,2025-11-28 15:44:51,Sucesso,327,469,0
BLD-C01-P05-007348,C01-P05,2025-11-30 14:11:42,Sucesso,439,218,0
BLD-C01-P05-007349,C01-P05,2025-11-20 10:20:43,Sucesso,223,365,0
BLD-C01-P05-007350,C01-P05,2025-11-27 17:57:07,Sucesso,247,691,0
BLD-C01-P05-007351,C01-P05,2025-11-13 10:35:46,Sucesso,297,232,1
BLD-C01-P05-007352,C01-P05,2025-11-15 15:10:23,Sucesso,443,221,0
BLD-C01-P05-007353,C01-P05,2025-11-28 10:59:10,Sucesso,776,371,0
BLD-C01-P05-007354,C01-P05,2025-11-11 10:21:40,Sucesso,264,578,0
BLD-C01-P05-007355,C01-P05,2025-11-16 11:58:38,Sucesso,285,291,0
BLD-C01-P05-007356,C01-P05,2025-11-21 14:02:18,Sucesso,571,996,0
BLD-C01-P05-007357,C01-P05,2025-11-13 18:49:57,Sucesso,311,226,0
BLD-C01-P05-007358,C01-P05,2025-11-23 07:56:40,Sucesso,255,143,0
BLD-C01-P05-007359,C01-P05,2025-11-29 11:28:44,Sucesso,317,506,0
BLD-C01-P05-007360,C01-P05,2025-11-03 15:59:44,Sucesso,400,281,0
BLD-C01-P05-007361,C01-P05,2025-11-01 09:23:03,Sucesso,260,547,0
BLD-C01-P05-007362,C01-P05,2025-11-03 07:32:07,Sucesso,249,283,0
BLD-C01-P05-007363,C01-P05,2025-11-04 15:59:55,Sucesso,414,332,0
BLD-C01-P05-007364,C01-P05,2025-11-20 18:31:20,Sucesso,401,625,0
BLD-C01-P05-007365,C01-P05,2025-11-16 10:31:20,Sucesso,327,299,0
BLD-C01-P05-007366,C01-P05,2025-11-25 08:48:45,Sucesso,291,444,0
BLD-C01-P05-007367,C01-P05,2025-11-03 11:54:38,Sucesso,195,488,0
BLD-C01-P05-007368,C01-P05,2025-11-16 07:02:23,Falha,317,565,8
BLD-C01-P05-007369,C01-P05,2025-11-01 18:42:15,Sucesso,259,263,0
BLD-C01-P05-007370,C01-P05,2025-11-11 09:06:30,Sucesso,538,261,0
BLD-C01-P05-007371,C01-P05,2025-11-27 15:17:52,Sucesso,217,582,2
BLD-C01-P05-007372,C01-P05,2025-11-09 20:51:06,Sucesso,112,254,0
BLD-C01-P05-007373,C01-P05,2025-11-22 07:54:16,Sucesso,247,512,0
BLD-C01-P05-007374,C01-P05,2025-11-22 15:01:33,Sucesso,210,160,0
BLD-C01-P05-007375,C01-P05,2025-11-11 19:57:24,Sucesso,249,317,0
BLD-C01-P05-007376,C01-P05,2025-11-03 18:44:36,Sucesso,414,384,1
BLD-C01-P05-007377,C01-P05,2025-11-11 16:56:59,Sucesso,120,552,2
BLD-C01-P05-007378,C01-P05,2025-11-08 08:29:05,Sucesso,89,674,0
BLD-C01-P05-007379,C01-P05,2025-11-08 21:05:37,Sucesso,264,630,0
BLD-C01-P05-007380,C01-P05,2025-11-28 21:30:43,Falha,421,366,3
BLD-C01-P05-007381,C01-P05,2025-11-17 08:36:57,Sucesso,295,249,0
BLD-C01-P05-007382,C01-P05,2025-11-27 12:04:00,Sucesso,603,632,0
BLD-C01-P05-007383,C01-P05,2025-11-18 17:26:38,Sucesso,477,463,0
BLD-C01-P05-007384,C01-P05,2025-11-06 18:45:22,Sucesso,221,548,0
BLD-C01-P05-007385,C01-P05,2025-11-07 20:27:42,Sucesso,518,260,0
BLD-C01-P05-007386,C01-P05,2025-11-10 10:55:44,Sucesso,694,281,0
BLD-C01-P05-007387,C01-P05,2025-11-22 12:22:37,Sucesso,212,338,0
BLD-C01-P05-007388,C01-P05,2025-11-03 08:08:09,Sucesso,329,612,0
BLD-C01-P05-007389,C01-P05,2025-11-20 16:57:54,Sucesso,384,474,0
BLD-C01-P05-007390,C01-P05,2025-11-29 09:12:42,Falha,215,189,2
BLD-C01-P05-007391,C01-P05,2025-11-10 20:41:54,Sucesso,267,738,0
BLD-C01-P05-007392,C01-P05,2025-11-24 16:25:07,Falha,298,361,12
BLD-C01-P05-007393,C01-P05,2025-11-22 11:35:37,Sucesso,98,390,0
BLD-C01-P05-007394,C01-P05,2025-11-08 20:48:36,Sucesso,213,487,0
BLD-C01-P05-007395,C01-P05,2025-11-09 17:47:28,Sucesso,178,465,0
BLD-C01-P05-007396,C01-P05,2025-11-12 16:57:53,Sucesso,545,154,0
BLD-C01-P05-007397,C01-P05,2025-11-02 10:45:07,Sucesso,75,424,0
BLD-C01-P05-007398,C01-P05,2025-11-30 13:38:55,Sucesso,20,469,0
BLD-C01-P05-007399,C01-P05,2025-11-26 07:55:25,Sucesso,428,194,0
BLD-C01-P05-007400,C01-P05,2025-11-24 15:20:16,Sucesso,424,175,0
BLD-C01-P05-007401,C01-P05,2025-11-18 19:00:10,Sucesso,169,498,0
BLD-C01-P05-007402,C01-P05,2025-11-12 18:03:43,Sucesso,357,269,0
BLD-C01-P05-007403,C01-P05,2025-11-03 19:07:05,Sucesso,409,647,0
BLD-C01-P05-007404,C01-P05,2025-11-26 17:17:09,Sucesso,316,245,0
BLD-C01-P05-007405,C01-P05,2025-11-12 11:47:22,Sucesso,401,753,0
BLD-C01-P05-007406,C01-P05,2025-11-15 07:31:03,Falha,397,575,27
BLD-C01-P05-007407,C01-P05,2025-11-21 16:22:48,Sucesso,77,890,0
BLD-C01-P05-007408,C01-P05,2025-11-19 20:18:27,Sucesso,166,405,0
BLD-C01-P05-007409,C01-P05,2025-11-03 21:04:19,Falha,332,115,3
BLD-C01-P05-007410,C01-P05,2025-11-07 15:04:43,Sucesso,390,223,0
BLD-C01-P05-007411,C01-P05,2025-11-26 09:54:55,Sucesso,212,424,0
BLD-C01-P05-007412,C01-P05,2025-11-22 15:11:52,Sucesso,410,224,1
BLD-C01-P05-007413,C01-P05,2025-11-01 21:29:06,Falha,445,707,4
BLD-C01-P05-007414,C01-P05,2025-11-08 09:04:26,Sucesso,585,335,0
BLD-C01-P05-007415,C01-P05,2025-11-01 08:19:43,Sucesso,441,573,0
BLD-C01-P05-007416,C01-P05,2025-11-11 11:06:35,Sucesso,358,722,0
BLD-C01-P05-007417,C01-P05,2025-11-01 07:50:46,Sucesso,243,245,0
BLD-C01-P05-007418,C01-P05,2025-11-22 12:39:46,Sucesso,331,404,0
BLD-C01-P05-007419,C01-P05,2025-11-10 19:46:17,Falha,110,464,1
BLD-C01-P05-007420,C01-P05,2025-11-06 12:00:49,Sucesso,256,258,0
BLD-C01-P05-007421,C01-P05,2025-11-16 16:23:57,Sucesso,20,846,0
BLD-C01-P05-007422,C01-P05,2025-11-14 16:56:35,Sucesso,488,666,0
BLD-C01-P05-007423,C01-P05,2025-11-14 13:03:32,Falha,301,566,2
BLD-C01-P05-007424,C01-P05,2025-11-02 09:59:22,Sucesso,196,374,0
BLD-C01-P05-007425,C01-P05,2025-11-12 17:29:58,Sucesso,614,306,0
BLD-C01-P05-007426,C01-P05,2025-11-07 08:29:18,Sucesso,317,650,1
BLD-C01-P05-007427,C01-P05,2025-11-25 19:26:58,Sucesso,176,626,0
BLD-C01-P05-007428,C01-P05,2025-11-09 12:19:03,Sucesso,160,389,0
BLD-C01-P05-007429,C01-P05,2025-11-16 09:06:39,Sucesso,433,237,0
BLD-C01-P05-007430,C01-P05,2025-11-26 07:15:20,Sucesso,339,705,0
BLD-C01-P05-007431,C01-P05,2025-11-25 12:31:04,Sucesso,83,593,0
BLD-C01-P05-007432,C01-P05,2025-11-27 12:27:39,Falha,311,117,2
BLD-C01-P05-007433,C01-P05,2025-11-29 20:36:13,Sucesso,151,147,0
BLD-C01-P05-007434,C01-P05,2025-11-20 16:42:05,Sucesso,188,461,0
BLD-C01-P05-007435,C01-P05,2025-11-19 19:53:13,Sucesso,273,457,0
BLD-C01-P05-007436,C01-P05,2025-11-12 09:47:28,Falha,304,347,4
BLD-C01-P05-007437,C01-P05,2025-11-11 08:53:32,Sucesso,450,241,0
BLD-C01-P05-007438,C01-P05,2025-11-12 15:45:47,Sucesso,569,396,0
BLD-C01-P05-007439,C01-P05,2025-11-24 11:24:23,Sucesso,309,365,0
BLD-C01-P05-007440,C01-P05,2025-11-29 08:44:08,Sucesso,421,105,0
BLD-C01-P05-007441,C01-P05,2025-11-24 16:31:11,Sucesso,556,163,0
BLD-C01-P05-007442,C01-P05,2025-11-10 07:09:42,Sucesso,147,448,0
BLD-C01-P05-007443,C01-P05,2025-11-25 17:55:40,Sucesso,645,146,0
BLD-C01-P05-007444,C01-P05,2025-11-06 10:05:06,Sucesso,506,399,0
BLD-C01-P05-007445,C01-P05,2025-11-25 15:53:04,Sucesso,280,561,0
BLD-C01-P05-007446,C01-P05,2025-11-23 21:40:56,Sucesso,491,121,0
BLD-C01-P05-007447,C01-P05,2025-11-10 12:28:45,Falha,206,662,6
BLD-C01-P05-007448,C01-P05,2025-11-16 10:36:14,Sucesso,227,598,0
BLD-C01-P05-007449,C01-P05,2025-11-30 09:10:06,Sucesso,310,410,0
BLD-C01-P05-007450,C01-P05,2025-11-11 19:04:52,Sucesso,211,409,0
BLD-C01-P05-007451,C01-P05,2025-11-05 10:29:02,Sucesso,662,564,0
BLD-C01-P05-007452,C01-P05,2025-11-25 14:14:12,Sucesso,193,588,0
BLD-C01-P05-007453,C01-P05,2025-11-03 11:36:25,Falha,378,153,1
BLD-C01-P05-007454,C01-P05,2025-11-23 13:39:28,Sucesso,449,338,0
BLD-C01-P05-007455,C01-P05,2025-11-09 20:16:09,Sucesso,98,512,0
BLD-C01-P05-007456,C01-P05,2025-11-23 18:05:18,Falha,735,611,16
BLD-C01-P05-007457,C01-P05,2025-12-06 17:29:05,Falha,276,149,7
BLD-C01-P05-007458,C01-P05,2025-12-05 07:23:57,Sucesso,369,352,0
BLD-C01-P05-007459,C01-P05,2025-12-03 09:47:44,Sucesso,424,373,0
BLD-C01-P05-007460,C01-P05,2025-12-19 17:41:33,Sucesso,267,878,0
BLD-C01-P05-007461,C01-P05,2025-12-08 11:19:10,Sucesso,512,112,0
BLD-C01-P05-007462,C01-P05,2025-12-09 13:35:26,Sucesso,384,439,0
BLD-C01-P05-007463,C01-P05,2025-12-21 08:26:46,Sucesso,231,541,0
BLD-C01-P05-007464,C01-P05,2025-12-04 14:09:07,Sucesso,225,645,0
BLD-C01-P05-007465,C01-P05,2025-12-08 19:48:08,Sucesso,213,424,0
BLD-C01-P05-007466,C01-P05,2025-12-20 11:05:04,Sucesso,366,186,0
BLD-C01-P05-007467,C01-P05,2025-12-10 09:28:09,Sucesso,375,706,0
BLD-C01-P05-007468,C01-P05,2025-12-01 09:48:58,Sucesso,203,653,0
BLD-C01-P05-007469,C01-P05,2025-12-05 11:16:42,Sucesso,195,815,0
BLD-C01-P05-007470,C01-P05,2025-12-30 16:14:53,Sucesso,349,400,0
BLD-C01-P05-007471,C01-P05,2025-12-16 14:42:12,Sucesso,267,662,0
BLD-C01-P05-007472,C01-P05,2025-12-05 08:06:24,Sucesso,282,860,0
BLD-C01-P05-007473,C01-P05,2025-12-04 08:58:44,Sucesso,381,486,0
BLD-C01-P05-007474,C01-P05,2025-12-30 15:49:57,Sucesso,295,641,0
BLD-C01-P05-007475,C01-P05,2025-12-04 16:03:45,Sucesso,497,367,0
BLD-C01-P05-007476,C01-P05,2025-12-02 10:41:46,Sucesso,553,300,0
BLD-C01-P05-007477,C01-P05,2025-12-21 14:56:59,Sucesso,267,733,0
BLD-C01-P05-007478,C01-P05,2025-12-08 13:16:59,Sucesso,20,553,0
BLD-C01-P05-007479,C01-P05,2025-12-03 11:58:35,Sucesso,599,264,0
BLD-C01-P05-007480,C01-P05,2025-12-30 16:27:40,Falha,195,701,5
BLD-C01-P05-007481,C01-P05,2025-12-07 08:22:35,Sucesso,25,459,0
BLD-C01-P05-007482,C01-P05,2025-12-09 17:11:58,Falha,134,628,5
BLD-C01-P05-007483,C01-P05,2025-12-04 14:54:08,Sucesso,305,456,0
BLD-C01-P05-007484,C01-P05,2025-12-25 20:15:17,Sucesso,233,284,0
BLD-C01-P05-007485,C01-P05,2025-12-26 20:52:36,Sucesso,228,326,0
BLD-C01-P05-007486,C01-P05,2025-12-11 08:00:01,Sucesso,179,568,0
BLD-C01-P05-007487,C01-P05,2025-12-30 15:38:12,Sucesso,322,502,0
BLD-C01-P05-007488,C01-P05,2025-12-05 07:48:48,Sucesso,374,382,0
BLD-C01-P05-007489,C01-P05,2025-12-14 17:49:05,Sucesso,280,322,0
BLD-C01-P05-007490,C01-P05,2025-12-25 13:20:48,Sucesso,472,796,0
BLD-C01-P05-007491,C01-P05,2025-12-10 19:37:51,Sucesso,467,426,2
BLD-C01-P05-007492,C01-P05,2025-12-25 20:57:34,Sucesso,425,545,0
BLD-C01-P05-007493,C01-P05,2025-12-17 09:14:47,Sucesso,551,642,0
BLD-C01-P05-007494,C01-P05,2025-12-12 21:58:11,Sucesso,365,653,0
BLD-C01-P05-007495,C01-P05,2025-12-09 12:30:39,Sucesso,498,136,0
BLD-C01-P05-007496,C01-P05,2025-12-21 16:31:32,Sucesso,457,600,0
BLD-C01-P05-007497,C01-P05,2025-12-29 21:15:12,Sucesso,201,741,0
BLD-C01-P05-007498,C01-P05,2025-12-22 16:53:49,Sucesso,189,225,0
BLD-C01-P05-007499,C01-P05,2025-12-03 17:16:24,Sucesso,508,631,0
BLD-C01-P05-007500,C01-P05,2025-12-06 10:13:42,Sucesso,20,689,0
BLD-C01-P05-007501,C01-P05,2025-12-08 15:36:31,Sucesso,85,504,0
BLD-C01-P05-007502,C01-P05,2025-12-29 19:17:23,Sucesso,292,352,0
BLD-C01-P05-007503,C01-P05,2025-12-04 14:38:56,Falha,258,215,1
BLD-C01-P05-007504,C01-P05,2025-12-03 09:28:12,Sucesso,298,350,0
BLD-C01-P05-007505,C01-P05,2025-12-28 21:12:18,Sucesso,445,365,0
BLD-C01-P05-007506,C01-P05,2025-12-10 12:30:02,Sucesso,260,345,0
BLD-C01-P05-007507,C01-P05,2025-12-24 09:02:34,Sucesso,621,345,0
BLD-C01-P05-007508,C01-P05,2025-12-22 08:57:17,Sucesso,186,280,0
BLD-C01-P05-007509,C01-P05,2025-12-26 14:31:58,Sucesso,438,360,0
BLD-C01-P05-007510,C01-P05,2025-12-14 20:09:11,Sucesso,250,235,0
BLD-C01-P05-007511,C01-P05,2025-12-28 11:12:39,Sucesso,430,201,0
BLD-C01-P05-007512,C01-P05,2025-12-22 19:41:21,Falha,431,272,1
BLD-C01-P05-007513,C01-P05,2025-12-11 07:08:49,Sucesso,341,386,0
BLD-C01-P05-007514,C01-P05,2025-12-25 20:06:20,Sucesso,227,185,0
BLD-C01-P05-007515,C01-P05,2025-12-10 16:06:26,Sucesso,477,302,0
BLD-C01-P05-007516,C01-P05,2025-12-18 17:29:56,Sucesso,143,10,0
BLD-C01-P05-007517,C01-P05,2025-12-19 16:31:28,Sucesso,196,558,0
BLD-C01-P05-007518,C01-P05,2025-12-07 10:36:43,Sucesso,243,792,0
BLD-C01-P05-007519,C01-P05,2025-12-11 15:10:27,Sucesso,409,215,0
BLD-C01-P05-007520,C01-P05,2025-12-25 17:41:48,Sucesso,553,511,0
BLD-C01-P05-007521,C01-P05,2025-12-14 17:01:41,Sucesso,314,348,0
BLD-C01-P05-007522,C01-P05,2025-12-08 18:53:26,Sucesso,427,532,0
BLD-C01-P05-007523,C01-P05,2025-12-04 12:36:39,Sucesso,149,351,0
BLD-C01-P05-007524,C01-P05,2025-12-23 16:25:00,Sucesso,367,235,0
BLD-C01-P05-007525,C01-P05,2025-12-08 16:15:20,Sucesso,296,705,0
BLD-C01-P05-007526,C01-P05,2025-12-04 13:20:12,Sucesso,539,518,1
BLD-C01-P05-007527,C01-P05,2025-12-04 14:50:19,Sucesso,337,715,0
BLD-C01-P05-007528,C01-P05,2025-12-21 14:06:33,Sucesso,441,471,0
BLD-C01-P05-007529,C01-P05,2025-12-12 19:55:22,Sucesso,245,362,1
BLD-C01-P05-007530,C01-P05,2025-12-02 13:04:41,Sucesso,515,276,0
BLD-C01-P05-007531,C01-P05,2025-12-19 17:09:32,Sucesso,20,514,0
BLD-C01-P05-007532,C01-P05,2025-12-18 10:13:46,Sucesso,345,10,0
BLD-C01-P05-007533,C01-P05,2025-12-19 21:19:34,Sucesso,306,599,0
BLD-C01-P05-007534,C01-P05,2025-12-07 09:31:41,Sucesso,565,451,0
BLD-C01-P05-007535,C01-P05,2025-12-27 19:19:18,Falha,609,325,3
BLD-C01-P05-007536,C01-P05,2025-12-08 19:00:58,Sucesso,510,402,0
BLD-C01-P05-007537,C01-P05,2025-12-12 19:57:24,Sucesso,360,206,0
BLD-C01-P05-007538,C01-P05,2025-12-23 16:22:43,Sucesso,308,371,0
BLD-C01-P05-007539,C01-P05,2025-12-16 12:33:57,Sucesso,287,287,0
BLD-C01-P05-007540,C01-P05,2025-12-09 12:13:49,Sucesso,550,518,0
BLD-C01-P05-007541,C01-P05,2025-12-10 12:45:21,Sucesso,476,214,0
BLD-C01-P05-007542,C01-P05,2025-12-21 15:23:51,Falha,231,585,12
BLD-C01-P05-007543,C01-P05,2025-12-15 11:42:24,Sucesso,371,258,0
BLD-C01-P05-007544,C01-P05,2025-12-23 13:47:14,Falha,127,415,2
BLD-C01-P05-007545,C01-P05,2025-12-18 13:11:09,Sucesso,521,582,0
BLD-C01-P05-007546,C01-P05,2025-12-26 08:56:39,Sucesso,627,847,0
BLD-C01-P05-007547,C01-P05,2025-12-29 08:47:49,Sucesso,383,481,0
BLD-C01-P05-007548,C01-P05,2025-12-23 20:30:35,Sucesso,187,169,0
BLD-C01-P05-007549,C01-P05,2025-12-02 15:34:54,Sucesso,152,394,0
BLD-C01-P05-007550,C01-P05,2025-12-08 16:23:34,Sucesso,427,690,0
BLD-C01-P05-007551,C01-P05,2025-12-19 18:22:18,Sucesso,332,345,0
BLD-C01-P05-007552,C01-P05,2025-12-10 09:56:26,Sucesso,358,10,0
BLD-C01-P05-007553,C01-P05,2025-12-07 18:08:37,Sucesso,108,424,0
BLD-C01-P05-007554,C01-P05,2025-12-03 19:51:21,Falha,495,228,12
BLD-C01-P05-007555,C01-P05,2025-12-30 15:04:22,Sucesso,353,254,0
BLD-C01-P05-007556,C01-P05,2025-12-17 08:28:03,Sucesso,282,558,0
BLD-C01-P05-007557,C01-P05,2025-12-06 21:24:57,Sucesso,208,387,1
BLD-C01-P05-007558,C01-P05,2025-12-18 08:49:43,Sucesso,228,344,0
BLD-C01-P05-007559,C01-P05,2025-12-14 10:03:30,Sucesso,397,103,3
BLD-C01-P05-007560,C01-P05,2025-12-13 20:30:50,Sucesso,290,548,0
BLD-C01-P05-007561,C01-P05,2025-12-04 17:58:46,Sucesso,134,326,0
BLD-C01-P05-007562,C01-P05,2025-12-14 09:50:34,Sucesso,232,223,0
BLD-C01-P05-007563,C01-P05,2025-12-03 09:36:29,Sucesso,415,346,0
BLD-C01-P05-007564,C01-P05,2025-12-20 18:18:23,Falha,274,724,14
BLD-C01-P05-007565,C01-P05,2025-12-27 14:56:49,Sucesso,386,209,0
BLD-C01-P05-007566,C01-P05,2025-12-25 13:12:53,Sucesso,141,483,0
BLD-C01-P05-007567,C01-P05,2025-12-31 09:47:34,Sucesso,371,367,0
BLD-C01-P05-007568,C01-P05,2025-12-01 19:57:43,Sucesso,437,425,0
BLD-C01-P05-007569,C01-P05,2025-12-02 16:24:27,Sucesso,475,508,0
BLD-C01-P05-007570,C01-P05,2025-12-24 19:15:17,Sucesso,471,622,0
BLD-C01-P05-007571,C01-P05,2025-12-13 17:16:08,Sucesso,378,319,0
BLD-C01-P05-007572,C01-P05,2025-12-08 17:13:52,Sucesso,244,470,0
BLD-C01-P05-007573,C01-P05,2025-12-24 18:49:14,Sucesso,312,561,0
BLD-C01-P05-007574,C01-P05,2025-12-23 09:17:48,Falha,446,461,2
BLD-C01-P05-007575,C01-P05,2025-12-06 11:30:58,Sucesso,245,391,0
BLD-C01-P05-007576,C01-P05,2025-12-19 08:15:29,Sucesso,212,259,0
BLD-C01-P05-007577,C01-P05,2025-12-03 15:04:03,Sucesso,204,777,0
BLD-C01-P05-007578,C01-P05,2025-12-22 13:15:52,Sucesso,469,696,0
BLD-C01-P05-007579,C01-P05,2025-12-13 09:51:23,Sucesso,281,520,0
BLD-C01-P05-007580,C01-P05,2025-12-07 12:14:00,Sucesso,330,758,0
BLD-C01-P05-007581,C01-P05,2025-12-13 16:54:25,Falha,477,500,7
BLD-C01-P05-007582,C01-P05,2025-12-04 21:30:47,Sucesso,445,37,0
BLD-C01-P05-007583,C01-P05,2025-12-17 13:17:17,Sucesso,389,252,0
BLD-C01-P05-007584,C01-P05,2025-12-26 13:35:33,Sucesso,20,577,0
BLD-C01-P05-007585,C01-P05,2025-12-26 14:04:09,Sucesso,69,567,0
BLD-C01-P05-007586,C01-P05,2025-12-18 18:48:04,Falha,240,399,2
BLD-C01-P05-007587,C01-P05,2025-12-17 17:08:07,Falha,242,255,1
BLD-C01-P05-007588,C01-P05,2025-12-02 17:41:01,Sucesso,253,290,0
BLD-C01-P05-007589,C01-P05,2025-12-26 20:00:54,Sucesso,20,573,0
BLD-C01-P05-007590,C01-P05,2025-12-15 12:49:15,Sucesso,411,459,0
BLD-C01-P05-007591,C01-P05,2025-12-16 13:30:56,Sucesso,362,477,0
BLD-C01-P05-007592,C01-P05,2025-12-07 11:04:12,Sucesso,195,28,0
BLD-C01-P05-007593,C01-P05,2025-12-28 17:59:26,Sucesso,237,305,0
BLD-C01-P05-007594,C01-P05,2025-12-31 18:01:42,Sucesso,528,526,0
BLD-C01-P05-007595,C01-P05,2025-12-20 17:08:40,Sucesso,256,475,0
BLD-C01-P05-007596,C01-P05,2025-12-20 20:34:43,Sucesso,208,874,0
BLD-C01-P05-007597,C01-P05,2025-12-17 20:10:17,Sucesso,461,275,0
BLD-C01-P05-007598,C01-P05,2025-12-02 14:57:24,Sucesso,408,434,0
BLD-C01-P05-007599,C01-P05,2026-01-06 14:18:18,Sucesso,212,253,0
BLD-C01-P05-007600,C01-P05,2026-01-06 18:58:27,Falha,398,611,11
BLD-C01-P05-007601,C01-P05,2026-01-04 14:36:45,Sucesso,264,532,0
BLD-C01-P05-007602,C01-P05,2026-01-06 10:25:30,Falha,222,330,7
BLD-C01-P05-007603,C01-P05,2026-01-08 11:26:11,Sucesso,484,612,0
BLD-C01-P05-007604,C01-P05,2026-01-09 15:29:00,Sucesso,371,236,0
BLD-C01-P05-007605,C01-P05,2026-01-29 19:43:11,Sucesso,690,516,0
BLD-C01-P05-007606,C01-P05,2026-01-01 13:43:15,Sucesso,666,666,0
BLD-C01-P05-007607,C01-P05,2026-01-20 08:41:18,Sucesso,444,214,0
BLD-C01-P05-007608,C01-P05,2026-01-19 13:18:47,Sucesso,410,60,0
BLD-C01-P05-007609,C01-P05,2026-01-18 08:22:50,Sucesso,263,10,0
BLD-C01-P05-007610,C01-P05,2026-01-03 14:54:43,Sucesso,325,62,0
BLD-C01-P05-007611,C01-P05,2026-01-28 08:51:08,Sucesso,453,606,0
BLD-C01-P05-007612,C01-P05,2026-01-11 15:45:50,Sucesso,279,472,0
BLD-C01-P05-007613,C01-P05,2026-01-12 15:01:40,Sucesso,537,457,0
BLD-C01-P05-007614,C01-P05,2026-01-24 14:27:47,Sucesso,510,124,0
BLD-C01-P05-007615,C01-P05,2026-01-23 12:15:47,Sucesso,366,317,0
BLD-C01-P05-007616,C01-P05,2026-01-04 17:08:02,Sucesso,293,763,0
BLD-C01-P05-007617,C01-P05,2026-01-25 12:50:01,Falha,190,393,2
BLD-C01-P05-007618,C01-P05,2026-01-14 15:27:22,Falha,404,734,15
BLD-C01-P05-007619,C01-P05,2026-01-06 16:20:01,Sucesso,427,337,0
BLD-C01-P05-007620,C01-P05,2026-01-20 10:52:02,Falha,412,288,1
BLD-C01-P05-007621,C01-P05,2026-01-16 14:26:34,Sucesso,20,581,0
BLD-C01-P05-007622,C01-P05,2026-01-24 15:33:49,Sucesso,205,322,0
BLD-C01-P05-007623,C01-P05,2026-01-09 20:50:42,Sucesso,246,349,0
BLD-C01-P05-007624,C01-P05,2026-01-21 13:56:31,Sucesso,377,529,0
BLD-C01-P05-007625,C01-P05,2026-01-04 15:46:09,Sucesso,64,626,0
BLD-C01-P05-007626,C01-P05,2026-01-12 13:44:26,Sucesso,384,632,0
BLD-C01-P05-007627,C01-P05,2026-01-12 17:23:01,Falha,288,238,1
BLD-C01-P05-007628,C01-P05,2026-01-07 11:42:34,Sucesso,310,593,0
BLD-C01-P05-007629,C01-P05,2026-01-05 13:07:33,Sucesso,20,687,0
BLD-C01-P05-007630,C01-P05,2026-01-29 10:45:49,Sucesso,538,246,0
BLD-C01-P05-007631,C01-P05,2026-01-11 09:03:34,Sucesso,226,484,0
BLD-C01-P05-007632,C01-P05,2026-01-24 08:06:44,Sucesso,343,588,0
BLD-C01-P05-007633,C01-P05,2026-01-21 20:58:20,Sucesso,575,457,0
BLD-C01-P05-007634,C01-P05,2026-01-08 15:43:46,Sucesso,129,240,0
BLD-C01-P05-007635,C01-P05,2026-01-20 17:00:50,Falha,209,637,2
BLD-C01-P05-007636,C01-P05,2026-01-01 10:12:22,Sucesso,205,490,0
BLD-C01-P05-007637,C01-P05,2026-01-15 19:11:12,Sucesso,55,510,0
BLD-C01-P05-007638,C01-P05,2026-01-28 15:25:59,Falha,320,815,12
BLD-C01-P05-007639,C01-P05,2026-01-01 18:48:24,Falha,90,758,1
BLD-C01-P05-007640,C01-P05,2026-01-22 07:42:30,Sucesso,300,555,0
BLD-C01-P05-007641,C01-P05,2026-01-22 18:14:59,Sucesso,359,273,0
BLD-C01-P05-007642,C01-P05,2026-01-27 14:03:00,Sucesso,356,407,0
BLD-C01-P05-007643,C01-P05,2026-01-03 07:45:54,Sucesso,289,402,0
BLD-C01-P05-007644,C01-P05,2026-01-18 21:10:23,Sucesso,20,308,0
BLD-C01-P05-007645,C01-P05,2026-01-28 16:00:44,Sucesso,471,14,0
BLD-C01-P05-007646,C01-P05,2026-01-11 19:47:50,Sucesso,569,393,0
BLD-C01-P05-007647,C01-P05,2026-01-17 10:49:35,Sucesso,344,650,0
BLD-C01-P05-007648,C01-P05,2026-01-11 13:06:16,Sucesso,85,282,0
BLD-C01-P05-007649,C01-P05,2026-01-05 18:07:20,Sucesso,351,300,0
BLD-C01-P05-007650,C01-P05,2026-01-12 19:16:08,Sucesso,95,358,0
BLD-C01-P05-007651,C01-P05,2026-01-26 17:07:46,Sucesso,343,133,0
BLD-C01-P05-007652,C01-P05,2026-01-13 15:51:19,Sucesso,516,150,0
BLD-C01-P05-007653,C01-P05,2026-01-18 07:49:40,Falha,533,348,1
BLD-C01-P05-007654,C01-P05,2026-01-06 19:52:14,Sucesso,185,563,0
BLD-C01-P05-007655,C01-P05,2026-01-22 13:55:48,Sucesso,601,389,0
BLD-C01-P05-007656,C01-P05,2026-01-09 09:51:59,Falha,625,251,1
BLD-C01-P05-007657,C01-P05,2026-01-04 07:41:50,Sucesso,533,534,0
BLD-C01-P05-007658,C01-P05,2026-01-22 17:22:17,Sucesso,382,288,0
BLD-C01-P05-007659,C01-P05,2026-01-17 11:41:48,Sucesso,254,351,0
BLD-C01-P05-007660,C01-P05,2026-01-29 19:09:27,Sucesso,332,292,0
BLD-C01-P05-007661,C01-P05,2026-01-08 08:21:20,Sucesso,587,104,0
BLD-C01-P05-007662,C01-P05,2026-01-13 09:45:53,Falha,522,10,1
BLD-C01-P05-007663,C01-P05,2026-01-06 19:01:01,Sucesso,288,397,0
BLD-C01-P05-007664,C01-P05,2026-01-20 16:07:23,Sucesso,245,304,0
BLD-C01-P05-007665,C01-P05,2026-01-28 17:46:43,Sucesso,386,125,0
BLD-C01-P05-007666,C01-P05,2026-01-18 07:16:16,Falha,358,581,13
BLD-C01-P05-007667,C01-P05,2026-01-04 15:40:29,Sucesso,490,247,0
BLD-C01-P05-007668,C01-P05,2026-01-16 09:53:53,Sucesso,478,698,0
BLD-C01-P05-007669,C01-P05,2026-01-28 13:21:57,Sucesso,275,469,0
BLD-C01-P05-007670,C01-P05,2026-01-18 13:50:35,Sucesso,534,257,0
BLD-C01-P05-007671,C01-P05,2026-01-16 14:56:19,Sucesso,206,584,0
BLD-C01-P05-007672,C01-P05,2026-01-26 19:11:53,Falha,539,280,4
BLD-C01-P05-007673,C01-P05,2026-01-11 17:36:20,Sucesso,432,266,0
BLD-C01-P05-007674,C01-P05,2026-01-04 07:19:13,Sucesso,339,586,0
BLD-C01-P05-007675,C01-P05,2026-01-31 07:49:23,Falha,263,456,10
BLD-C01-P05-007676,C01-P05,2026-01-26 12:58:27,Sucesso,326,459,0
BLD-C01-P05-007677,C01-P05,2026-01-29 15:54:03,Sucesso,288,523,0
BLD-C01-P05-007678,C01-P05,2026-01-08 14:58:35,Falha,314,953,1
BLD-C01-P05-007679,C01-P05,2026-01-28 19:08:53,Sucesso,466,52,0
BLD-C01-P05-007680,C01-P05,2026-01-24 16:03:37,Sucesso,202,417,0
BLD-C01-P05-007681,C01-P05,2026-01-16 08:05:57,Falha,563,439,2
BLD-C01-P05-007682,C01-P05,2026-01-03 16:15:52,Sucesso,271,166,0
BLD-C01-P05-007683,C01-P05,2026-01-14 16:11:28,Sucesso,352,593,0
BLD-C01-P05-007684,C01-P05,2026-01-20 11:05:30,Sucesso,261,310,0
BLD-C01-P05-007685,C01-P05,2026-01-19 13:54:24,Sucesso,370,47,0
BLD-C01-P05-007686,C01-P05,2026-01-31 14:28:17,Sucesso,421,29,0
BLD-C01-P05-007687,C01-P05,2026-01-03 20:28:59,Falha,278,580,5
BLD-C01-P05-007688,C01-P05,2026-01-09 08:42:46,Sucesso,250,456,0
BLD-C01-P05-007689,C01-P05,2026-01-14 13:47:26,Sucesso,440,703,0
BLD-C01-P05-007690,C01-P05,2026-01-09 11:22:26,Sucesso,280,629,0
BLD-C01-P05-007691,C01-P05,2026-01-01 08:53:29,Sucesso,58,488,0
BLD-C01-P05-007692,C01-P05,2026-01-24 10:55:30,Sucesso,311,346,0
BLD-C01-P05-007693,C01-P05,2026-01-19 11:43:25,Falha,437,242,9
BLD-C01-P05-007694,C01-P05,2026-01-19 07:47:35,Sucesso,338,368,0
BLD-C01-P05-007695,C01-P05,2026-01-02 07:34:48,Sucesso,341,427,0
BLD-C01-P05-007696,C01-P05,2026-01-18 20:32:20,Sucesso,432,273,1
BLD-C01-P05-007697,C01-P05,2026-01-29 08:48:15,Sucesso,341,304,0
BLD-C01-P05-007698,C01-P05,2026-01-25 13:43:50,Falha,344,585,2
BLD-C01-P05-007699,C01-P05,2026-01-28 13:47:25,Falha,401,330,8
BLD-C01-P05-007700,C01-P05,2026-01-08 17:47:48,Sucesso,316,438,0
BLD-C01-P05-007701,C01-P05,2026-01-15 09:36:28,Sucesso,330,471,0
BLD-C01-P05-007702,C01-P05,2026-01-15 14:43:46,Sucesso,405,279,0
BLD-C01-P05-007703,C01-P05,2026-01-18 19:22:23,Falha,461,432,2
BLD-C01-P05-007704,C01-P05,2026-01-22 09:23:48,Sucesso,232,378,0
BLD-C01-P05-007705,C01-P05,2026-01-09 17:06:09,Sucesso,370,351,2
BLD-C01-P05-007706,C01-P05,2026-01-25 15:04:05,Sucesso,389,128,0
BLD-C01-P05-007707,C01-P05,2026-01-10 11:20:07,Falha,394,445,5
BLD-C01-P05-007708,C01-P05,2026-01-25 17:44:57,Falha,218,125,9
BLD-C01-P05-007709,C01-P05,2026-01-13 09:36:12,Sucesso,179,511,0
BLD-C01-P05-007710,C01-P05,2026-01-22 19:29:49,Sucesso,71,395,0
BLD-C01-P05-007711,C01-P05,2026-01-31 20:03:32,Sucesso,298,438,0
BLD-C01-P05-007712,C01-P05,2026-01-16 20:03:19,Sucesso,338,640,0
BLD-C01-P05-007713,C01-P05,2026-01-28 18:18:01,Sucesso,318,293,0
BLD-C01-P05-007714,C01-P05,2026-01-16 10:05:48,Sucesso,201,335,0
BLD-C01-P05-007715,C01-P05,2026-01-19 14:21:09,Sucesso,132,10,0
BLD-C01-P05-007716,C01-P05,2026-01-16 11:00:19,Sucesso,25,248,0
BLD-C01-P05-007717,C01-P05,2026-01-30 11:46:04,Falha,143,628,3
BLD-C01-P05-007718,C01-P05,2026-01-18 11:21:14,Sucesso,440,390,0
BLD-C01-P05-007719,C01-P05,2026-01-04 15:13:44,Sucesso,387,494,0
BLD-C01-P05-007720,C01-P05,2026-01-05 11:40:51,Sucesso,597,358,0
BLD-C01-P05-007721,C01-P05,2026-01-17 08:22:23,Sucesso,194,352,0
BLD-C01-P05-007722,C01-P05,2026-01-31 21:22:31,Sucesso,374,405,0
BLD-C01-P05-007723,C01-P05,2026-01-06 16:27:45,Sucesso,400,440,0
BLD-C01-P05-007724,C01-P05,2026-01-13 14:18:17,Sucesso,383,108,0
BLD-C01-P05-007725,C01-P05,2026-01-23 07:54:00,Sucesso,400,175,0
BLD-C01-P05-007726,C01-P05,2026-01-24 13:01:57,Sucesso,474,246,0
BLD-C01-P05-007727,C01-P05,2026-01-06 20:26:30,Sucesso,305,340,0
BLD-C01-P05-007728,C01-P05,2026-01-13 18:57:17,Sucesso,262,511,0
BLD-C01-P05-007729,C01-P05,2026-01-24 16:22:48,Falha,387,476,1
BLD-C01-P05-007730,C01-P05,2026-01-10 21:49:43,Sucesso,403,162,0
BLD-C01-P05-007731,C01-P05,2026-01-03 14:42:43,Sucesso,162,240,1
BLD-C01-P05-007732,C01-P05,2026-01-18 15:44:24,Sucesso,265,488,1
BLD-C01-P05-007733,C01-P05,2026-01-27 17:32:11,Sucesso,403,804,0
BLD-C01-P05-007734,C01-P05,2026-01-21 15:12:54,Sucesso,281,466,0
BLD-C01-P05-007735,C01-P05,2026-02-12 09:35:37,Sucesso,211,430,0
BLD-C01-P05-007736,C01-P05,2026-02-07 09:50:44,Sucesso,20,460,0
BLD-C01-P05-007737,C01-P05,2026-02-15 18:34:59,Sucesso,287,448,0
BLD-C01-P05-007738,C01-P05,2026-02-27 09:04:47,Sucesso,108,333,0
BLD-C01-P05-007739,C01-P05,2026-02-05 07:05:20,Falha,301,668,1
BLD-C01-P05-007740,C01-P05,2026-02-07 16:58:31,Sucesso,264,519,0
BLD-C01-P05-007741,C01-P05,2026-02-03 13:49:23,Sucesso,307,585,0
BLD-C01-P05-007742,C01-P05,2026-02-06 08:15:05,Sucesso,200,10,0
BLD-C01-P05-007743,C01-P05,2026-02-05 16:17:36,Sucesso,168,377,0
BLD-C01-P05-007744,C01-P05,2026-02-09 09:24:23,Sucesso,300,252,0
BLD-C01-P05-007745,C01-P05,2026-02-04 13:16:36,Sucesso,252,217,0
BLD-C01-P05-007746,C01-P05,2026-02-06 09:19:07,Sucesso,505,469,1
BLD-C01-P05-007747,C01-P05,2026-02-05 08:09:36,Sucesso,481,810,0
BLD-C01-P05-007748,C01-P05,2026-02-10 12:08:22,Sucesso,205,481,0
BLD-C01-P05-007749,C01-P05,2026-02-19 12:29:41,Sucesso,340,354,0
BLD-C01-P05-007750,C01-P05,2026-02-13 18:06:43,Sucesso,244,447,0
BLD-C01-P05-007751,C01-P05,2026-02-25 12:51:11,Sucesso,283,10,0
BLD-C01-P05-007752,C01-P05,2026-02-19 13:57:52,Sucesso,526,246,0
BLD-C01-P05-007753,C01-P05,2026-02-10 21:33:18,Sucesso,255,431,0
BLD-C01-P05-007754,C01-P05,2026-02-02 08:15:20,Sucesso,425,420,0
BLD-C01-P05-007755,C01-P05,2026-02-23 16:50:57,Sucesso,52,414,0
BLD-C01-P05-007756,C01-P05,2026-02-13 12:59:23,Sucesso,364,224,0
BLD-C01-P05-007757,C01-P05,2026-02-25 08:07:01,Sucesso,22,442,0
BLD-C01-P05-007758,C01-P05,2026-02-23 08:04:01,Sucesso,299,586,0
BLD-C01-P05-007759,C01-P05,2026-02-25 15:35:32,Sucesso,377,87,0
BLD-C01-P05-007760,C01-P05,2026-02-24 09:12:49,Falha,346,445,1
BLD-C01-P05-007761,C01-P05,2026-02-09 11:48:59,Sucesso,282,86,0
BLD-C01-P05-007762,C01-P05,2026-02-01 16:51:21,Sucesso,450,123,0
BLD-C01-P05-007763,C01-P05,2026-02-09 14:28:53,Sucesso,335,170,0
BLD-C01-P05-007764,C01-P05,2026-02-08 21:48:13,Sucesso,20,87,0
BLD-C01-P05-007765,C01-P05,2026-02-01 11:53:57,Sucesso,328,603,0
BLD-C01-P05-007766,C01-P05,2026-02-09 17:03:27,Sucesso,411,242,0
BLD-C01-P05-007767,C01-P05,2026-02-18 19:33:19,Sucesso,376,540,0
BLD-C01-P05-007768,C01-P05,2026-02-10 15:20:39,Sucesso,494,161,0
BLD-C01-P05-007769,C01-P05,2026-02-19 12:20:40,Falha,449,361,4
BLD-C01-P05-007770,C01-P05,2026-02-27 20:46:52,Sucesso,171,223,0
BLD-C01-P05-007771,C01-P05,2026-02-23 16:57:57,Sucesso,281,346,0
BLD-C01-P05-007772,C01-P05,2026-02-11 07:10:28,Sucesso,302,506,0
BLD-C01-P05-007773,C01-P05,2026-02-22 18:47:48,Sucesso,538,468,0
BLD-C01-P05-007774,C01-P05,2026-02-26 07:06:32,Sucesso,481,585,0
BLD-C01-P05-007775,C01-P05,2026-02-11 16:05:32,Falha,20,263,2
BLD-C01-P05-007776,C01-P05,2026-02-17 13:20:21,Sucesso,233,780,0
BLD-C01-P05-007777,C01-P05,2026-02-28 10:35:11,Sucesso,421,638,0
BLD-C01-P05-007778,C01-P05,2026-02-27 09:00:46,Sucesso,213,244,0
BLD-C01-P05-007779,C01-P05,2026-02-07 07:05:24,Sucesso,392,679,0
BLD-C01-P05-007780,C01-P05,2026-02-02 14:18:34,Sucesso,436,657,0
BLD-C01-P05-007781,C01-P05,2026-02-15 18:26:12,Sucesso,371,366,0
BLD-C01-P05-007782,C01-P05,2026-02-21 19:37:06,Falha,433,464,6
BLD-C01-P05-007783,C01-P05,2026-02-16 18:43:26,Sucesso,203,471,0
BLD-C01-P05-007784,C01-P05,2026-02-09 17:12:17,Sucesso,256,260,0
BLD-C01-P05-007785,C01-P05,2026-02-26 14:27:01,Falha,354,551,6
BLD-C01-P05-007786,C01-P05,2026-02-11 19:22:33,Sucesso,474,293,0
BLD-C01-P05-007787,C01-P05,2026-02-21 11:33:34,Falha,373,241,12
BLD-C01-P05-007788,C01-P05,2026-02-17 17:46:56,Sucesso,233,195,0
BLD-C01-P05-007789,C01-P05,2026-02-10 11:33:37,Sucesso,188,375,0
BLD-C01-P05-007790,C01-P05,2026-02-13 07:35:00,Sucesso,435,827,1
BLD-C01-P05-007791,C01-P05,2026-02-27 07:19:39,Sucesso,433,274,0
BLD-C01-P05-007792,C01-P05,2026-02-01 11:19:07,Sucesso,386,306,0
BLD-C01-P05-007793,C01-P05,2026-02-26 18:20:19,Sucesso,227,318,0
BLD-C01-P05-007794,C01-P05,2026-02-01 17:29:41,Falha,161,232,5
BLD-C01-P05-007795,C01-P05,2026-02-08 20:37:19,Sucesso,324,35,1
BLD-C01-P05-007796,C01-P05,2026-02-06 07:29:33,Sucesso,264,116,0
BLD-C01-P05-007797,C01-P05,2026-02-01 18:42:12,Sucesso,39,534,0
BLD-C01-P05-007798,C01-P05,2026-02-19 15:29:25,Falha,100,375,3
BLD-C01-P05-007799,C01-P05,2026-02-12 17:21:25,Sucesso,189,242,0
BLD-C01-P05-007800,C01-P05,2026-02-06 11:27:06,Sucesso,145,627,0
BLD-C01-P05-007801,C01-P05,2026-02-04 21:13:26,Sucesso,508,682,0
BLD-C01-P05-007802,C01-P05,2026-02-08 11:46:01,Sucesso,324,562,0
BLD-C01-P05-007803,C01-P05,2026-02-04 14:43:21,Falha,394,103,2
BLD-C01-P05-007804,C01-P05,2026-02-23 16:15:43,Sucesso,248,774,0
BLD-C01-P05-007805,C01-P05,2026-02-20 08:50:44,Falha,426,660,6
BLD-C01-P05-007806,C01-P05,2026-02-14 15:16:48,Sucesso,353,355,1
BLD-C01-P05-007807,C01-P05,2026-02-15 07:17:35,Sucesso,351,309,0
BLD-C01-P05-007808,C01-P05,2026-02-17 07:17:24,Sucesso,278,522,0
BLD-C01-P05-007809,C01-P05,2026-02-02 20:46:12,Sucesso,162,501,0
BLD-C01-P05-007810,C01-P05,2026-02-16 08:52:12,Sucesso,190,435,2
BLD-C01-P05-007811,C01-P05,2026-02-15 11:12:20,Sucesso,427,455,0
BLD-C01-P05-007812,C01-P05,2026-02-13 11:01:28,Falha,194,270,15
BLD-C01-P05-007813,C01-P05,2026-02-19 14:07:12,Sucesso,429,76,0
BLD-C01-P05-007814,C01-P05,2026-02-23 12:45:56,Sucesso,288,577,0
BLD-C01-P05-007815,C01-P05,2026-02-20 18:29:19,Sucesso,389,250,0
BLD-C01-P05-007816,C01-P05,2026-02-24 15:38:54,Sucesso,116,84,0
BLD-C01-P05-007817,C01-P05,2026-02-12 18:06:43,Sucesso,457,701,0
BLD-C01-P05-007818,C01-P05,2026-02-01 20:54:11,Sucesso,519,376,0
BLD-C01-P05-007819,C01-P05,2026-02-23 17:04:36,Sucesso,419,209,0
BLD-C01-P05-007820,C01-P05,2026-02-09 21:04:37,Sucesso,517,436,0
BLD-C01-P05-007821,C01-P05,2026-02-25 20:11:33,Sucesso,118,10,0
BLD-C01-P05-007822,C01-P05,2026-02-28 11:04:59,Falha,231,611,1
BLD-C01-P05-007823,C01-P05,2026-02-15 18:51:51,Sucesso,90,524,0
BLD-C01-P05-007824,C01-P05,2026-02-22 20:43:55,Sucesso,315,471,0
BLD-C01-P05-007825,C01-P05,2026-02-03 08:46:37,Sucesso,691,589,0
BLD-C01-P05-007826,C01-P05,2026-02-04 10:46:25,Falha,499,792,1
BLD-C01-P05-007827,C01-P05,2026-02-17 21:24:34,Sucesso,314,409,0
BLD-C01-P05-007828,C01-P05,2026-02-15 20:58:19,Sucesso,337,668,0
BLD-C01-P05-007829,C01-P05,2026-02-10 10:00:22,Sucesso,51,481,0
BLD-C01-P05-007830,C01-P05,2026-02-09 07:06:06,Sucesso,552,10,0
BLD-C01-P05-007831,C01-P05,2026-02-16 11:30:57,Sucesso,426,407,0
BLD-C01-P05-007832,C01-P05,2026-02-22 09:01:54,Sucesso,233,779,0
BLD-C01-P05-007833,C01-P05,2026-02-16 17:01:47,Sucesso,525,374,0
BLD-C01-P05-007834,C01-P05,2026-02-04 16:17:01,Sucesso,241,341,0
BLD-C01-P05-007835,C01-P05,2026-02-17 09:14:29,Sucesso,478,208,0
BLD-C01-P05-007836,C01-P05,2026-02-24 14:21:49,Sucesso,389,380,1
BLD-C01-P05-007837,C01-P05,2026-02-20 15:50:47,Sucesso,180,539,0
BLD-C01-P05-007838,C01-P05,2026-02-13 10:27:02,Sucesso,626,509,0
BLD-C01-P05-007839,C01-P05,2026-02-06 09:18:13,Sucesso,137,858,0
BLD-C01-P05-007840,C01-P05,2026-02-09 17:15:33,Sucesso,192,407,0
BLD-C01-P05-007841,C01-P05,2026-02-02 19:18:01,Sucesso,481,322,0
BLD-C01-P05-007842,C01-P05,2026-02-12 10:56:48,Sucesso,96,493,0
BLD-C01-P05-007843,C01-P05,2026-02-18 21:28:52,Sucesso,150,534,0
BLD-C01-P05-007844,C01-P05,2026-02-25 07:05:31,Falha,520,504,2
BLD-C01-P05-007845,C01-P05,2026-02-13 09:58:37,Sucesso,420,624,1
BLD-C01-P05-007846,C01-P05,2026-02-06 10:40:40,Sucesso,128,812,0
BLD-C01-P05-007847,C01-P05,2026-02-17 14:27:41,Sucesso,172,377,0
BLD-C01-P05-007848,C01-P05,2026-02-19 13:20:03,Falha,613,238,5
BLD-C01-P05-007849,C01-P05,2026-02-11 20:57:37,Sucesso,326,582,0
BLD-C01-P05-007850,C01-P05,2026-02-03 20:57:26,Falha,101,447,9
BLD-C01-P05-007851,C01-P05,2026-02-21 08:19:42,Sucesso,356,634,0
BLD-C01-P05-007852,C01-P05,2026-02-07 13:51:43,Sucesso,20,568,0
BLD-C01-P05-007853,C01-P05,2026-02-06 10:42:55,Sucesso,131,224,0
BLD-C01-P05-007854,C01-P05,2026-02-08 08:00:58,Sucesso,348,427,0
BLD-C01-P05-007855,C01-P05,2026-02-05 16:34:40,Sucesso,356,305,0
BLD-C01-P05-007856,C01-P05,2026-02-26 17:07:53,Sucesso,295,521,0
BLD-C01-P05-007857,C01-P05,2026-02-11 14:50:55,Sucesso,41,596,0
BLD-C01-P05-007858,C01-P05,2026-02-23 10:02:56,Sucesso,541,516,0
BLD-C01-P05-007859,C01-P05,2026-02-13 17:48:20,Sucesso,20,472,0
BLD-C01-P05-007860,C01-P05,2026-02-09 20:56:07,Falha,378,10,3
BLD-C01-P05-007861,C01-P05,2026-02-12 11:04:49,Sucesso,123,280,0
BLD-C01-P05-007862,C01-P05,2026-02-17 17:19:30,Sucesso,252,165,0
BLD-C01-P05-007863,C01-P05,2026-02-25 09:36:17,Sucesso,363,354,1
BLD-C01-P05-007864,C01-P05,2026-02-08 21:38:36,Sucesso,464,252,0
BLD-C01-P05-007865,C01-P05,2026-02-21 18:14:15,Sucesso,348,442,0
BLD-C01-P05-007866,C01-P05,2026-02-02 17:21:49,Sucesso,449,524,0
BLD-C01-P05-007867,C01-P05,2026-02-25 14:09:26,Sucesso,313,485,0
BLD-C01-P05-007868,C01-P05,2026-02-19 21:46:35,Sucesso,359,567,0
BLD-C01-P05-007869,C01-P05,2026-02-16 12:09:15,Sucesso,44,271,0
BLD-C01-P05-007870,C01-P05,2026-02-22 19:50:53,Sucesso,431,90,0
BLD-C01-P05-007871,C01-P05,2026-02-07 18:57:00,Sucesso,628,771,0
BLD-C01-P05-007872,C01-P05,2026-02-25 10:48:50,Sucesso,69,775,0
BLD-C01-P05-007873,C01-P05,2026-02-22 15:24:41,Sucesso,451,358,0
BLD-C01-P05-007874,C01-P05,2026-02-19 21:53:57,Sucesso,336,615,0
BLD-C01-P05-007875,C01-P05,2026-02-23 21:45:09,Sucesso,624,703,0
BLD-C01-P05-007876,C01-P05,2026-02-17 08:55:32,Sucesso,272,189,0
BLD-C01-P05-007877,C01-P05,2026-02-11 20:35:53,Sucesso,223,455,0
BLD-C01-P05-007878,C01-P05,2026-02-14 19:37:50,Sucesso,482,517,0
BLD-C01-P05-007879,C01-P05,2026-02-21 19:24:51,Sucesso,197,479,0
BLD-C01-P05-007880,C01-P05,2026-02-19 21:52:22,Sucesso,284,751,2
BLD-C01-P05-007881,C01-P05,2026-02-09 07:27:44,Sucesso,540,166,0
BLD-C01-P05-007882,C01-P05,2026-02-25 20:03:40,Sucesso,299,647,0
BLD-C01-P05-007883,C01-P05,2026-02-01 07:11:15,Sucesso,325,846,0
BLD-C01-P05-007884,C01-P05,2026-03-27 11:18:53,Sucesso,279,497,0
BLD-C01-P05-007885,C01-P05,2026-03-01 11:25:33,Sucesso,327,722,0
BLD-C01-P05-007886,C01-P05,2026-03-21 17:50:01,Sucesso,313,166,0
BLD-C01-P05-007887,C01-P05,2026-03-18 10:29:37,Sucesso,528,528,0
BLD-C01-P05-007888,C01-P05,2026-03-25 19:34:30,Sucesso,249,299,0
BLD-C01-P05-007889,C01-P05,2026-03-16 07:54:05,Falha,217,281,5
BLD-C01-P05-007890,C01-P05,2026-03-07 09:12:09,Sucesso,251,176,0
BLD-C01-P05-007891,C01-P05,2026-03-05 19:54:09,Sucesso,557,552,0
BLD-C01-P05-007892,C01-P05,2026-03-12 13:11:03,Sucesso,421,403,1
BLD-C01-P05-007893,C01-P05,2026-03-22 13:28:18,Sucesso,20,412,1
BLD-C01-P05-007894,C01-P05,2026-03-03 09:33:52,Sucesso,463,342,0
BLD-C01-P05-007895,C01-P05,2026-03-11 13:28:13,Sucesso,86,766,0
BLD-C01-P05-007896,C01-P05,2026-03-15 21:26:16,Sucesso,346,192,0
BLD-C01-P05-007897,C01-P05,2026-03-25 21:49:53,Sucesso,32,731,0
BLD-C01-P05-007898,C01-P05,2026-03-17 15:45:19,Sucesso,530,358,0
BLD-C01-P05-007899,C01-P05,2026-03-24 17:58:02,Sucesso,358,408,0
BLD-C01-P05-007900,C01-P05,2026-03-13 08:29:12,Falha,150,573,1
BLD-C01-P05-007901,C01-P05,2026-03-09 20:43:29,Sucesso,348,443,0
BLD-C01-P05-007902,C01-P05,2026-03-20 11:17:43,Sucesso,367,83,0
BLD-C01-P05-007903,C01-P05,2026-03-31 07:08:42,Sucesso,246,335,0
BLD-C01-P05-007904,C01-P05,2026-03-19 08:02:00,Sucesso,597,313,0
BLD-C01-P05-007905,C01-P05,2026-03-08 13:49:46,Sucesso,446,445,0
BLD-C01-P05-007906,C01-P05,2026-03-06 17:50:55,Falha,393,297,1
BLD-C01-P05-007907,C01-P05,2026-03-17 12:28:17,Sucesso,20,197,0
BLD-C01-P05-007908,C01-P05,2026-03-08 10:33:07,Sucesso,441,452,0
BLD-C01-P05-007909,C01-P05,2026-03-10 12:52:52,Sucesso,318,304,0
BLD-C01-P05-007910,C01-P05,2026-03-31 10:29:35,Sucesso,397,819,0
BLD-C01-P05-007911,C01-P05,2026-03-08 19:21:11,Sucesso,494,464,0
BLD-C01-P05-007912,C01-P05,2026-03-09 16:11:34,Sucesso,175,250,0
BLD-C01-P05-007913,C01-P05,2026-03-27 11:15:13,Sucesso,481,439,0
BLD-C01-P05-007914,C01-P05,2026-03-08 18:48:32,Sucesso,140,261,0
BLD-C01-P05-007915,C01-P05,2026-03-18 18:48:24,Sucesso,321,556,0
BLD-C01-P05-007916,C01-P05,2026-03-04 11:41:54,Sucesso,411,251,1
BLD-C01-P05-007917,C01-P05,2026-03-03 09:36:27,Falha,337,771,13
BLD-C01-P05-007918,C01-P05,2026-03-05 08:32:15,Sucesso,420,445,0
BLD-C01-P05-007919,C01-P05,2026-03-26 19:31:42,Sucesso,295,447,0
BLD-C01-P05-007920,C01-P05,2026-03-17 21:16:42,Sucesso,298,154,0
BLD-C01-P05-007921,C01-P05,2026-03-24 20:53:53,Sucesso,20,257,0
BLD-C01-P05-007922,C01-P05,2026-03-06 07:39:24,Sucesso,466,458,0
BLD-C01-P05-007923,C01-P05,2026-03-30 12:32:27,Sucesso,20,693,0
BLD-C01-P05-007924,C01-P05,2026-03-12 08:30:44,Falha,593,93,10
BLD-C01-P05-007925,C01-P05,2026-03-28 21:29:20,Sucesso,517,91,0
BLD-C01-P05-007926,C01-P05,2026-03-28 17:12:44,Sucesso,236,434,0
BLD-C01-P05-007927,C01-P05,2026-03-11 13:31:30,Sucesso,247,388,0
BLD-C01-P05-007928,C01-P05,2026-03-25 16:52:51,Sucesso,192,316,0
BLD-C01-P05-007929,C01-P05,2026-03-26 08:21:24,Sucesso,277,169,0
BLD-C01-P05-007930,C01-P05,2026-03-25 11:22:33,Sucesso,463,423,0
BLD-C01-P05-007931,C01-P05,2026-03-04 08:06:30,Sucesso,360,660,0
BLD-C01-P05-007932,C01-P05,2026-03-03 10:02:43,Sucesso,396,379,0
BLD-C01-P05-007933,C01-P05,2026-03-25 14:46:25,Sucesso,451,423,0
BLD-C01-P05-007934,C01-P05,2026-03-30 14:14:43,Falha,233,593,5
BLD-C01-P05-007935,C01-P05,2026-03-09 20:16:33,Sucesso,358,362,0
BLD-C01-P05-007936,C01-P05,2026-03-30 09:08:43,Sucesso,214,758,0
BLD-C01-P05-007937,C01-P05,2026-03-09 14:52:03,Sucesso,306,242,0
BLD-C01-P05-007938,C01-P05,2026-03-23 21:16:15,Sucesso,293,437,0
BLD-C01-P05-007939,C01-P05,2026-03-11 14:27:47,Sucesso,418,584,0
BLD-C01-P05-007940,C01-P05,2026-03-25 20:56:59,Sucesso,161,233,0
BLD-C01-P05-007941,C01-P05,2026-03-31 09:19:40,Falha,480,745,1
BLD-C01-P05-007942,C01-P05,2026-03-20 16:40:21,Sucesso,437,420,0
BLD-C01-P05-007943,C01-P05,2026-03-12 15:00:01,Falha,353,519,1
BLD-C01-P05-007944,C01-P05,2026-03-25 09:04:24,Sucesso,221,245,0
BLD-C01-P05-007945,C01-P05,2026-03-07 08:49:57,Sucesso,352,487,0
BLD-C01-P05-007946,C01-P05,2026-03-25 13:08:17,Sucesso,290,295,0
BLD-C01-P05-007947,C01-P05,2026-03-25 20:44:23,Sucesso,38,144,0
BLD-C01-P05-007948,C01-P05,2026-03-15 09:42:27,Falha,341,464,3
BLD-C01-P05-007949,C01-P05,2026-03-05 07:56:39,Sucesso,368,279,0
BLD-C01-P05-007950,C01-P05,2026-03-16 08:23:36,Falha,360,455,7
BLD-C01-P05-007951,C01-P05,2026-03-07 17:33:50,Sucesso,189,274,0
BLD-C01-P05-007952,C01-P05,2026-03-07 15:49:23,Sucesso,276,312,0
BLD-C01-P05-007953,C01-P05,2026-03-03 11:38:45,Sucesso,434,389,0
BLD-C01-P05-007954,C01-P05,2026-03-16 19:51:59,Falha,378,581,9
BLD-C01-P05-007955,C01-P05,2026-03-13 11:16:23,Sucesso,593,634,1
BLD-C01-P05-007956,C01-P05,2026-03-26 10:48:03,Sucesso,352,332,0
BLD-C01-P05-007957,C01-P05,2026-03-17 08:57:55,Sucesso,150,383,0
BLD-C01-P05-007958,C01-P05,2026-03-13 15:38:20,Sucesso,488,85,0
BLD-C01-P05-007959,C01-P05,2026-03-15 10:53:50,Falha,394,677,14
BLD-C01-P05-007960,C01-P05,2026-03-21 20:36:40,Falha,279,643,7
BLD-C01-P05-007961,C01-P05,2026-03-17 07:54:44,Sucesso,347,335,0
BLD-C01-P05-007962,C01-P05,2026-03-03 17:33:18,Sucesso,254,711,0
BLD-C01-P05-007963,C01-P05,2026-03-02 13:32:36,Falha,307,10,1
BLD-C01-P05-007964,C01-P05,2026-03-07 09:17:14,Sucesso,250,493,0
BLD-C01-P05-007965,C01-P05,2026-03-24 12:10:22,Sucesso,526,159,0
BLD-C01-P05-007966,C01-P05,2026-03-16 19:56:02,Sucesso,208,430,0
BLD-C01-P05-007967,C01-P05,2026-03-11 08:12:49,Sucesso,380,631,0
BLD-C01-P05-007968,C01-P05,2026-03-01 08:42:00,Sucesso,307,25,0
BLD-C01-P05-007969,C01-P05,2026-03-18 18:32:29,Sucesso,419,484,0
BLD-C01-P05-007970,C01-P05,2026-03-04 21:57:31,Sucesso,370,113,1
BLD-C01-P05-007971,C01-P05,2026-03-04 11:43:59,Sucesso,229,711,0
BLD-C01-P05-007972,C01-P05,2026-03-11 14:31:57,Sucesso,474,786,0
BLD-C01-P05-007973,C01-P05,2026-03-31 21:12:38,Sucesso,433,440,0
BLD-C01-P05-007974,C01-P05,2026-03-04 21:07:43,Sucesso,139,105,0
BLD-C01-P05-007975,C01-P05,2026-03-28 12:29:25,Falha,227,444,10
BLD-C01-P05-007976,C01-P05,2026-03-13 10:15:12,Sucesso,367,164,0
BLD-C01-P05-007977,C01-P05,2026-03-15 08:18:56,Sucesso,360,701,0
BLD-C01-P05-007978,C01-P05,2026-03-18 17:45:34,Sucesso,394,324,0
BLD-C01-P05-007979,C01-P05,2026-03-25 21:43:15,Sucesso,439,443,0
BLD-C01-P05-007980,C01-P05,2026-03-30 14:00:28,Sucesso,264,612,0
BLD-C01-P05-007981,C01-P05,2026-03-14 20:23:18,Sucesso,337,337,0
BLD-C01-P05-007982,C01-P05,2026-03-20 18:30:44,Sucesso,547,359,0
BLD-C01-P05-007983,C01-P05,2026-03-02 07:33:58,Sucesso,366,446,0
BLD-C01-P05-007984,C01-P05,2026-03-25 16:46:41,Sucesso,420,522,0
BLD-C01-P05-007985,C01-P05,2026-03-14 13:21:01,Sucesso,94,334,0
BLD-C01-P05-007986,C01-P05,2026-03-31 09:19:25,Sucesso,441,170,0
BLD-C01-P05-007987,C01-P05,2026-03-02 17:35:22,Sucesso,463,608,0
BLD-C01-P05-007988,C01-P05,2026-03-22 20:01:01,Falha,250,713,17
BLD-C01-P05-007989,C01-P05,2026-03-02 07:08:13,Sucesso,108,462,0
BLD-C01-P05-007990,C01-P05,2026-03-19 20:11:35,Sucesso,160,319,0
BLD-C01-P05-007991,C01-P05,2026-03-02 14:55:11,Sucesso,261,276,0
BLD-C01-P05-007992,C01-P05,2026-03-17 19:52:57,Falha,177,313,3
BLD-C01-P05-007993,C01-P05,2026-03-19 14:46:49,Sucesso,272,414,1
BLD-C01-P05-007994,C01-P05,2026-03-14 19:14:15,Sucesso,515,251,0
BLD-C01-P05-007995,C01-P05,2026-03-16 13:56:29,Sucesso,230,567,0
BLD-C01-P05-007996,C01-P05,2026-03-16 07:33:26,Falha,490,333,5
BLD-C01-P05-007997,C01-P05,2026-03-05 12:42:35,Sucesso,294,560,0
BLD-C01-P05-007998,C01-P05,2026-03-17 18:34:23,Falha,84,406,8
BLD-C01-P05-007999,C01-P05,2026-03-14 10:12:21,Sucesso,471,326,0
BLD-C01-P05-008000,C01-P05,2026-03-12 15:03:48,Falha,310,409,3
BLD-C01-P05-008001,C01-P05,2026-03-05 14:10:09,Sucesso,391,350,0
BLD-C01-P05-008002,C01-P05,2026-03-24 18:45:38,Sucesso,529,527,0
BLD-C01-P05-008003,C01-P05,2026-03-03 07:11:28,Falha,311,159,2
BLD-C01-P05-008004,C01-P05,2026-03-26 08:58:22,Sucesso,226,349,0
BLD-C01-P05-008005,C01-P05,2026-03-24 08:16:09,Sucesso,166,382,0
BLD-C01-P05-008006,C01-P05,2026-03-26 19:29:18,Sucesso,495,518,0
BLD-C01-P05-008007,C01-P05,2026-03-20 18:23:35,Sucesso,416,403,0
BLD-C01-P05-008008,C01-P05,2026-03-03 14:37:29,Sucesso,395,140,0
BLD-C01-P05-008009,C01-P05,2026-03-06 21:48:03,Sucesso,298,700,0
BLD-C01-P05-008010,C01-P05,2026-03-11 16:26:19,Sucesso,177,400,0
BLD-C01-P05-008011,C01-P05,2026-03-05 10:45:55,Sucesso,111,620,0
BLD-C01-P05-008012,C01-P05,2026-03-10 17:51:09,Sucesso,387,309,0
BLD-C01-P05-008013,C01-P05,2026-03-23 12:52:04,Sucesso,49,718,0
BLD-C01-P05-008014,C01-P05,2026-03-09 13:04:48,Sucesso,424,375,0
BLD-C01-P05-008015,C01-P05,2026-03-05 10:04:11,Sucesso,265,266,0
BLD-C01-P05-008016,C01-P05,2026-03-21 20:21:16,Sucesso,46,482,0
BLD-C01-P05-008017,C01-P05,2026-03-20 12:34:27,Sucesso,413,16,0
BLD-C01-P05-008018,C01-P05,2026-03-23 15:06:58,Sucesso,383,118,0
BLD-C01-P05-008019,C01-P05,2026-03-22 11:08:30,Sucesso,257,321,0
BLD-C01-P05-008020,C01-P05,2026-03-14 11:57:33,Sucesso,357,454,0
BLD-C01-P05-008021,C01-P05,2026-03-04 12:18:15,Sucesso,285,449,0
BLD-C01-P05-008022,C01-P05,2026-03-10 07:35:09,Falha,127,573,8
BLD-C01-P05-008023,C01-P05,2026-03-05 15:01:23,Sucesso,422,712,0
BLD-C01-P05-008024,C01-P05,2026-03-06 09:44:24,Sucesso,459,304,0
BLD-C01-P05-008025,C01-P05,2026-03-15 11:35:44,Sucesso,632,506,0
BLD-C01-P05-008026,C01-P05,2026-03-04 17:23:11,Sucesso,372,84,0
BLD-C01-P05-008027,C01-P05,2026-03-10 20:41:04,Sucesso,114,301,0
BLD-C01-P05-008028,C01-P05,2026-03-11 10:24:37,Sucesso,192,112,0
BLD-C01-P05-008029,C01-P05,2026-03-25 18:05:02,Sucesso,316,161,0
BLD-C01-P05-008030,C01-P05,2026-03-22 14:37:15,Sucesso,273,386,0
BLD-C01-P05-008031,C01-P05,2026-03-29 16:06:27,Sucesso,350,386,1
BLD-C01-P05-008032,C01-P05,2026-03-16 09:43:45,Sucesso,315,77,0
BLD-C01-P05-008033,C01-P05,2026-03-12 20:35:33,Sucesso,448,825,0
BLD-C01-P05-008034,C01-P05,2026-03-20 09:36:59,Sucesso,276,544,0
BLD-C01-P05-008035,C01-P05,2026-04-02 16:11:57,Sucesso,63,36,0
BLD-C01-P05-008036,C01-P05,2026-04-09 14:48:33,Sucesso,101,718,0
BLD-C01-P05-008037,C01-P05,2026-04-05 18:32:58,Sucesso,620,620,0
BLD-C01-P05-008038,C01-P05,2026-04-12 09:25:25,Sucesso,234,484,0
BLD-C01-P05-008039,C01-P05,2026-04-17 10:49:26,Sucesso,225,718,0
BLD-C01-P05-008040,C01-P05,2026-04-19 21:15:34,Sucesso,424,350,0
BLD-C01-P05-008041,C01-P05,2026-04-16 21:58:22,Sucesso,340,884,0
BLD-C01-P05-008042,C01-P05,2026-04-11 16:06:12,Sucesso,377,609,0
BLD-C01-P05-008043,C01-P05,2026-04-20 21:30:12,Sucesso,433,266,0
BLD-C01-P05-008044,C01-P05,2026-04-30 19:17:12,Sucesso,441,495,0
BLD-C01-P05-008045,C01-P05,2026-04-28 08:45:44,Sucesso,556,388,1
BLD-C01-P05-008046,C01-P05,2026-04-26 10:46:07,Sucesso,389,60,0
BLD-C01-P05-008047,C01-P05,2026-04-15 10:14:41,Sucesso,360,425,0
BLD-C01-P05-008048,C01-P05,2026-04-22 16:04:33,Sucesso,594,440,0
BLD-C01-P05-008049,C01-P05,2026-04-11 14:11:11,Falha,327,180,3
BLD-C01-P05-008050,C01-P05,2026-04-23 11:32:38,Sucesso,425,505,0
BLD-C01-P05-008051,C01-P05,2026-04-07 07:40:30,Sucesso,615,541,0
BLD-C01-P05-008052,C01-P05,2026-04-22 19:20:56,Sucesso,456,432,0
BLD-C01-P05-008053,C01-P05,2026-04-26 18:49:20,Sucesso,387,378,0
BLD-C01-P05-008054,C01-P05,2026-04-13 07:34:10,Sucesso,227,444,0
BLD-C01-P05-008055,C01-P05,2026-04-03 19:29:20,Falha,319,592,14
BLD-C01-P05-008056,C01-P05,2026-04-02 10:12:53,Sucesso,511,194,0
BLD-C01-P05-008057,C01-P05,2026-04-27 07:16:23,Sucesso,172,1022,0
BLD-C01-P05-008058,C01-P05,2026-04-28 20:40:02,Sucesso,351,152,0
BLD-C01-P05-008059,C01-P05,2026-04-22 19:04:43,Sucesso,361,458,0
BLD-C01-P05-008060,C01-P05,2026-04-03 13:48:34,Sucesso,395,642,0
BLD-C01-P05-008061,C01-P05,2026-04-14 13:42:38,Sucesso,59,410,0
BLD-C01-P05-008062,C01-P05,2026-04-04 17:02:15,Falha,444,555,4
BLD-C01-P05-008063,C01-P05,2026-04-28 18:22:51,Sucesso,424,315,0
BLD-C01-P05-008064,C01-P05,2026-04-22 07:01:04,Falha,268,645,1
BLD-C01-P05-008065,C01-P05,2026-04-05 19:04:44,Sucesso,223,734,0
BLD-C01-P05-008066,C01-P05,2026-04-07 18:20:39,Sucesso,443,424,0
BLD-C01-P05-008067,C01-P05,2026-04-20 13:19:54,Sucesso,304,10,0
BLD-C01-P05-008068,C01-P05,2026-04-25 16:47:44,Sucesso,238,302,0
BLD-C01-P05-008069,C01-P05,2026-04-20 15:55:18,Sucesso,329,377,0
BLD-C01-P05-008070,C01-P05,2026-04-09 11:37:49,Sucesso,425,297,0
BLD-C01-P05-008071,C01-P05,2026-04-18 17:10:57,Sucesso,455,498,0
BLD-C01-P05-008072,C01-P05,2026-04-16 09:36:20,Sucesso,382,292,0
BLD-C01-P05-008073,C01-P05,2026-04-11 15:17:08,Sucesso,193,170,0
BLD-C01-P05-008074,C01-P05,2026-04-01 18:21:14,Falha,240,335,7
BLD-C01-P05-008075,C01-P05,2026-04-11 21:14:27,Sucesso,303,198,0
BLD-C01-P05-008076,C01-P05,2026-04-29 21:37:54,Sucesso,257,503,0
BLD-C01-P05-008077,C01-P05,2026-04-27 13:03:32,Sucesso,460,381,0
BLD-C01-P05-008078,C01-P05,2026-04-24 21:09:42,Sucesso,467,172,0
BLD-C01-P05-008079,C01-P05,2026-04-02 07:42:45,Sucesso,278,281,0
BLD-C01-P05-008080,C01-P05,2026-04-23 20:29:41,Sucesso,448,373,0
BLD-C01-P05-008081,C01-P05,2026-04-17 07:14:01,Sucesso,190,306,0
BLD-C01-P05-008082,C01-P05,2026-04-04 18:21:56,Sucesso,429,251,0
BLD-C01-P05-008083,C01-P05,2026-04-12 15:35:37,Sucesso,277,343,0
BLD-C01-P05-008084,C01-P05,2026-04-13 16:19:56,Sucesso,340,538,4
BLD-C01-P05-008085,C01-P05,2026-04-07 13:38:42,Sucesso,288,633,1
BLD-C01-P05-008086,C01-P05,2026-04-08 15:31:02,Sucesso,183,348,0
BLD-C01-P05-008087,C01-P05,2026-04-22 21:37:36,Sucesso,451,189,0
BLD-C01-P05-008088,C01-P05,2026-04-04 20:11:36,Sucesso,275,584,0
BLD-C01-P05-008089,C01-P05,2026-04-26 07:09:23,Sucesso,290,728,0
BLD-C01-P05-008090,C01-P05,2026-04-10 11:15:46,Sucesso,329,107,0
BLD-C01-P05-008091,C01-P05,2026-04-14 09:11:42,Sucesso,465,646,0
BLD-C01-P05-008092,C01-P05,2026-04-19 10:20:47,Sucesso,481,706,0
BLD-C01-P05-008093,C01-P05,2026-04-06 10:32:48,Sucesso,214,168,0
BLD-C01-P05-008094,C01-P05,2026-04-26 14:19:35,Sucesso,229,336,0
BLD-C01-P05-008095,C01-P05,2026-04-27 13:03:07,Falha,80,589,2
BLD-C01-P05-008096,C01-P05,2026-04-01 07:33:00,Sucesso,83,358,0
BLD-C01-P05-008097,C01-P05,2026-04-25 08:48:29,Sucesso,403,537,0
BLD-C01-P05-008098,C01-P05,2026-04-15 10:07:54,Falha,239,266,4
BLD-C01-P05-008099,C01-P05,2026-04-28 19:01:45,Sucesso,198,534,0
BLD-C01-P05-008100,C01-P05,2026-04-17 11:41:33,Sucesso,172,397,0
BLD-C01-P05-008101,C01-P05,2026-04-01 13:48:40,Sucesso,335,661,0
BLD-C01-P05-008102,C01-P05,2026-04-03 08:53:11,Sucesso,406,224,1
BLD-C01-P05-008103,C01-P05,2026-04-11 19:57:08,Falha,452,380,7
BLD-C01-P05-008104,C01-P05,2026-04-30 21:02:57,Sucesso,158,221,0
BLD-C01-P05-008105,C01-P05,2026-04-09 10:39:12,Sucesso,23,158,0
BLD-C01-P05-008106,C01-P05,2026-04-11 14:25:45,Sucesso,212,158,0
BLD-C01-P05-008107,C01-P05,2026-04-15 09:10:10,Sucesso,418,455,0
BLD-C01-P05-008108,C01-P05,2026-04-08 11:22:35,Sucesso,100,379,0
BLD-C01-P05-008109,C01-P05,2026-04-08 15:43:55,Sucesso,294,407,0
BLD-C01-P05-008110,C01-P05,2026-04-14 10:25:33,Falha,409,439,7
BLD-C01-P05-008111,C01-P05,2026-04-13 08:54:46,Sucesso,121,414,0
BLD-C01-P05-008112,C01-P05,2026-04-15 09:59:51,Falha,372,362,1
BLD-C01-P05-008113,C01-P05,2026-04-16 15:43:35,Sucesso,217,291,0
BLD-C01-P05-008114,C01-P05,2026-04-06 10:55:58,Sucesso,309,391,0
BLD-C01-P05-008115,C01-P05,2026-04-19 19:54:36,Sucesso,527,51,0
BLD-C01-P05-008116,C01-P05,2026-04-10 15:16:00,Sucesso,334,449,0
BLD-C01-P05-008117,C01-P05,2026-04-11 09:50:27,Sucesso,253,498,0
BLD-C01-P05-008118,C01-P05,2026-04-05 12:41:03,Falha,200,10,10
BLD-C01-P05-008119,C01-P05,2026-04-07 21:51:47,Sucesso,325,480,0
BLD-C01-P05-008120,C01-P05,2026-04-19 11:00:37,Sucesso,373,533,0
BLD-C01-P05-008121,C01-P05,2026-04-02 10:37:02,Sucesso,334,610,0
BLD-C01-P05-008122,C01-P05,2026-04-08 07:35:02,Falha,474,380,4
BLD-C01-P05-008123,C01-P05,2026-04-28 15:26:12,Sucesso,197,228,1
BLD-C01-P05-008124,C01-P05,2026-04-07 11:02:35,Sucesso,464,668,0
BLD-C01-P05-008125,C01-P05,2026-04-28 08:57:18,Falha,327,395,5
BLD-C01-P05-008126,C01-P05,2026-04-25 08:53:18,Sucesso,175,509,0
BLD-C01-P05-008127,C01-P05,2026-04-25 11:00:43,Sucesso,466,367,0
BLD-C01-P05-008128,C01-P05,2026-04-03 21:31:33,Sucesso,509,63,0
BLD-C01-P05-008129,C01-P05,2026-04-17 12:40:08,Sucesso,584,308,1
BLD-C01-P05-008130,C01-P05,2026-04-03 13:06:44,Sucesso,223,310,0
BLD-C01-P05-008131,C01-P05,2026-04-03 16:24:30,Sucesso,20,70,0
BLD-C01-P05-008132,C01-P05,2026-04-04 15:22:04,Sucesso,321,389,0
BLD-C01-P05-008133,C01-P05,2026-04-21 17:29:38,Sucesso,408,437,0
BLD-C01-P05-008134,C01-P05,2026-04-24 18:26:32,Sucesso,183,46,0
BLD-C01-P05-008135,C01-P05,2026-04-08 17:38:27,Falha,96,225,2
BLD-C01-P05-008136,C01-P05,2026-04-19 09:25:32,Sucesso,218,432,0
BLD-C01-P05-008137,C01-P05,2026-04-30 08:02:10,Sucesso,268,331,0
BLD-C01-P05-008138,C01-P05,2026-04-13 07:53:42,Falha,274,619,16
BLD-C01-P05-008139,C01-P05,2026-04-22 11:59:05,Sucesso,179,186,0
BLD-C01-P05-008140,C01-P05,2026-04-15 18:03:14,Falha,463,445,1
BLD-C01-P05-008141,C01-P05,2026-04-20 20:14:49,Sucesso,158,712,0
BLD-C01-P05-008142,C01-P05,2026-04-04 09:11:14,Sucesso,305,210,0
BLD-C01-P05-008143,C01-P05,2026-04-29 16:06:54,Sucesso,341,854,0
BLD-C01-P05-008144,C01-P05,2026-04-07 13:38:03,Sucesso,525,99,0
BLD-C01-P05-008145,C01-P05,2026-04-19 19:59:11,Falha,333,477,12
BLD-C01-P05-008146,C01-P05,2026-04-26 10:44:53,Sucesso,315,394,0
BLD-C01-P05-008147,C01-P05,2026-04-02 17:46:17,Falha,311,359,1
BLD-C01-P05-008148,C01-P05,2026-04-14 16:43:49,Sucesso,246,374,0
BLD-C01-P05-008149,C01-P05,2026-04-29 16:53:07,Sucesso,371,459,1
BLD-C01-P05-008150,C01-P05,2026-04-23 15:06:39,Sucesso,507,432,1
BLD-C01-P05-008151,C01-P05,2026-04-24 18:22:08,Sucesso,310,293,0
BLD-C01-P05-008152,C01-P05,2026-04-13 20:57:57,Sucesso,216,219,0
BLD-C01-P05-008153,C01-P05,2026-04-17 16:22:42,Sucesso,247,552,0
BLD-C01-P05-008154,C01-P05,2026-04-05 14:07:30,Sucesso,220,488,1
BLD-C01-P05-008155,C01-P05,2026-04-25 13:34:12,Falha,164,114,20
BLD-C01-P05-008156,C01-P05,2026-04-01 13:58:12,Sucesso,597,528,0
BLD-C01-P05-008157,C01-P05,2026-04-29 07:48:32,Sucesso,376,544,0
BLD-C01-P05-008158,C01-P05,2026-04-07 07:08:13,Sucesso,633,324,1
BLD-C01-P05-008159,C01-P05,2026-04-28 21:32:26,Sucesso,325,736,0
BLD-C01-P05-008160,C01-P05,2026-04-10 11:33:51,Falha,542,236,9
BLD-C01-P05-008161,C01-P05,2026-04-15 08:19:11,Sucesso,601,746,0
BLD-C01-P05-008162,C01-P05,2026-04-21 15:10:58,Falha,253,700,3
BLD-C01-P05-008163,C01-P05,2026-04-01 12:01:05,Sucesso,161,322,0
BLD-C01-P05-008164,C01-P05,2026-04-12 11:15:35,Sucesso,246,206,0
BLD-C01-P05-008165,C01-P05,2026-04-22 19:23:58,Sucesso,235,550,0
BLD-C01-P05-008166,C01-P05,2026-04-17 16:48:55,Sucesso,442,498,0
BLD-C01-P05-008167,C01-P05,2026-04-14 17:34:00,Sucesso,355,237,0
BLD-C01-P05-008168,C01-P05,2026-04-22 19:18:50,Falha,355,304,4
BLD-C01-P05-008169,C01-P05,2026-04-07 13:43:45,Falha,99,475,2
BLD-C01-P05-008170,C01-P05,2026-04-26 11:50:29,Falha,346,908,16
BLD-C01-P05-008171,C01-P05,2026-04-24 16:48:45,Falha,403,48,5
BLD-C01-P05-008172,C01-P05,2026-04-01 07:04:09,Sucesso,112,435,0
BLD-C01-P05-008173,C01-P05,2026-04-11 11:03:42,Sucesso,692,427,0
BLD-C01-P05-008174,C01-P05,2026-04-13 16:47:59,Sucesso,315,401,0
BLD-C01-P05-008175,C01-P05,2026-04-02 12:07:20,Sucesso,335,392,0
BLD-C01-P05-008176,C01-P05,2026-04-14 15:48:41,Sucesso,301,602,0
BLD-C01-P05-008177,C01-P05,2026-04-13 10:22:14,Falha,276,217,17
BLD-C01-P05-008178,C01-P05,2026-04-18 18:07:33,Sucesso,305,324,0
BLD-C01-P05-008179,C01-P05,2026-04-18 19:08:19,Sucesso,242,397,0
BLD-C01-P05-008180,C01-P05,2026-04-07 17:44:46,Sucesso,124,522,0
BLD-C01-P05-008181,C01-P05,2026-04-15 12:16:26,Sucesso,400,252,0
BLD-C01-P05-008182,C01-P05,2026-04-22 16:59:39,Sucesso,386,292,0
BLD-C01-P05-008183,C01-P05,2026-04-09 07:52:18,Falha,299,510,11
BLD-C01-P05-008184,C01-P05,2026-04-28 08:26:43,Sucesso,290,510,0
BLD-C01-P05-008185,C01-P05,2026-04-18 08:00:50,Sucesso,345,414,0
BLD-C01-P05-008186,C01-P05,2026-04-01 14:11:04,Sucesso,375,454,0
BLD-C01-P05-008187,C01-P05,2026-04-29 20:49:41,Sucesso,553,457,0
BLD-C01-P05-008188,C01-P05,2026-04-06 18:56:02,Sucesso,335,369,0
BLD-C01-P05-008189,C01-P05,2026-04-18 16:41:09,Sucesso,407,261,0
BLD-C01-P05-008190,C01-P05,2026-04-18 07:20:56,Sucesso,380,111,0
BLD-C01-P05-008191,C01-P05,2026-04-14 11:06:29,Falha,278,474,4
BLD-C01-P05-008192,C01-P05,2026-04-10 20:39:34,Falha,346,588,5
BLD-C01-P05-008193,C01-P05,2026-05-06 12:18:45,Sucesso,161,349,0
BLD-C01-P05-008194,C01-P05,2026-05-26 09:49:08,Sucesso,517,591,0
BLD-C01-P05-008195,C01-P05,2026-05-27 13:47:10,Sucesso,536,219,0
BLD-C01-P05-008196,C01-P05,2026-05-27 11:39:28,Sucesso,142,652,0
BLD-C01-P05-008197,C01-P05,2026-05-21 09:35:40,Sucesso,394,59,0
BLD-C01-P05-008198,C01-P05,2026-05-22 14:41:27,Sucesso,200,394,0
BLD-C01-P05-008199,C01-P05,2026-05-14 12:20:06,Sucesso,445,310,0
BLD-C01-P05-008200,C01-P05,2026-05-15 08:43:32,Sucesso,488,730,0
BLD-C01-P05-008201,C01-P05,2026-05-02 20:33:22,Falha,314,470,1
BLD-C01-P05-008202,C01-P05,2026-05-07 20:38:25,Sucesso,487,483,0
BLD-C01-P05-008203,C01-P05,2026-05-04 18:05:52,Sucesso,280,555,0
BLD-C01-P05-008204,C01-P05,2026-05-06 18:57:08,Sucesso,417,569,0
BLD-C01-P05-008205,C01-P05,2026-05-11 14:10:04,Sucesso,325,137,4
BLD-C01-P05-008206,C01-P05,2026-05-30 14:32:09,Sucesso,181,661,0
BLD-C01-P05-008207,C01-P05,2026-05-14 19:25:29,Sucesso,274,474,0
BLD-C01-P05-008208,C01-P05,2026-05-29 20:20:38,Sucesso,519,224,0
BLD-C01-P05-008209,C01-P05,2026-05-02 08:22:48,Sucesso,323,174,0
BLD-C01-P05-008210,C01-P05,2026-05-22 11:10:49,Sucesso,301,419,0
BLD-C01-P05-008211,C01-P05,2026-05-14 13:27:21,Sucesso,210,138,0
BLD-C01-P05-008212,C01-P05,2026-05-06 19:22:11,Sucesso,421,603,0
BLD-C01-P05-008213,C01-P05,2026-05-27 07:41:13,Sucesso,27,501,1
BLD-C01-P05-008214,C01-P05,2026-05-28 07:04:46,Sucesso,282,647,0
BLD-C01-P05-008215,C01-P05,2026-05-13 10:28:38,Sucesso,255,332,0
BLD-C01-P05-008216,C01-P05,2026-05-09 18:13:58,Falha,404,321,3
BLD-C01-P05-008217,C01-P05,2026-05-28 16:30:37,Sucesso,55,277,0
BLD-C01-P05-008218,C01-P05,2026-05-08 08:58:34,Sucesso,395,551,1
BLD-C01-P05-008219,C01-P05,2026-05-14 19:55:25,Sucesso,270,219,0
BLD-C01-P05-008220,C01-P05,2026-05-23 10:28:45,Falha,354,234,1
BLD-C01-P05-008221,C01-P05,2026-05-31 07:05:49,Sucesso,155,454,0
BLD-C01-P05-008222,C01-P05,2026-05-11 16:38:38,Falha,295,258,10
BLD-C01-P05-008223,C01-P05,2026-05-16 07:02:49,Falha,360,213,1
BLD-C01-P05-008224,C01-P05,2026-05-14 12:56:37,Sucesso,210,486,0
BLD-C01-P05-008225,C01-P05,2026-05-21 20:04:30,Sucesso,391,133,0
BLD-C01-P05-008226,C01-P05,2026-05-22 19:12:36,Sucesso,327,538,0
BLD-C01-P05-008227,C01-P05,2026-05-21 11:20:45,Sucesso,367,596,0
BLD-C01-P05-008228,C01-P05,2026-05-20 14:24:01,Falha,574,218,3
BLD-C01-P05-008229,C01-P05,2026-05-21 12:54:14,Sucesso,390,583,0
BLD-C01-P05-008230,C01-P05,2026-05-26 08:50:12,Sucesso,273,401,0
BLD-C01-P05-008231,C01-P05,2026-05-27 07:17:11,Falha,256,517,1
BLD-C01-P05-008232,C01-P05,2026-05-08 19:59:14,Sucesso,347,326,5
BLD-C01-P05-008233,C01-P05,2026-05-28 18:12:46,Sucesso,235,632,0
BLD-C01-P05-008234,C01-P05,2026-05-16 07:25:51,Sucesso,511,422,0
BLD-C01-P05-008235,C01-P05,2026-05-06 13:10:44,Sucesso,181,426,0
BLD-C01-P05-008236,C01-P05,2026-05-03 17:09:02,Sucesso,405,221,0
BLD-C01-P05-008237,C01-P05,2026-05-18 07:41:42,Sucesso,443,335,0
BLD-C01-P05-008238,C01-P05,2026-05-09 16:20:57,Sucesso,428,28,0
BLD-C01-P05-008239,C01-P05,2026-05-12 18:18:35,Sucesso,310,410,0
BLD-C01-P05-008240,C01-P05,2026-05-24 10:55:08,Sucesso,256,100,0
BLD-C01-P05-008241,C01-P05,2026-05-05 11:40:38,Sucesso,180,187,0
BLD-C01-P05-008242,C01-P05,2026-05-27 11:29:56,Falha,228,323,7
BLD-C01-P05-008243,C01-P05,2026-05-24 16:27:33,Sucesso,484,284,0
BLD-C01-P05-008244,C01-P05,2026-05-15 11:21:52,Sucesso,455,417,0
BLD-C01-P05-008245,C01-P05,2026-05-15 13:34:47,Sucesso,349,345,0
BLD-C01-P05-008246,C01-P05,2026-05-27 11:12:13,Sucesso,361,347,0
BLD-C01-P05-008247,C01-P05,2026-05-20 17:24:46,Sucesso,161,398,0
BLD-C01-P05-008248,C01-P05,2026-05-03 21:51:23,Sucesso,20,649,0
BLD-C01-P05-008249,C01-P05,2026-05-09 11:38:21,Sucesso,414,410,0
BLD-C01-P05-008250,C01-P05,2026-05-30 08:58:06,Sucesso,402,489,0
BLD-C01-P05-008251,C01-P05,2026-05-05 12:06:46,Sucesso,383,464,0
BLD-C01-P05-008252,C01-P05,2026-05-10 09:05:56,Sucesso,117,10,0
BLD-C01-P05-008253,C01-P05,2026-05-16 17:43:47,Sucesso,444,173,1
BLD-C01-P05-008254,C01-P05,2026-05-23 07:08:48,Sucesso,20,651,0
BLD-C01-P05-008255,C01-P05,2026-05-29 19:12:39,Sucesso,329,400,0
BLD-C01-P05-008256,C01-P05,2026-05-06 09:47:06,Sucesso,480,527,0
BLD-C01-P05-008257,C01-P05,2026-05-11 16:49:53,Sucesso,488,317,0
BLD-C01-P05-008258,C01-P05,2026-05-09 16:29:47,Sucesso,466,483,0
BLD-C01-P05-008259,C01-P05,2026-05-31 10:29:56,Sucesso,602,633,0
BLD-C01-P05-008260,C01-P05,2026-05-27 09:14:58,Sucesso,69,826,1
BLD-C01-P05-008261,C01-P05,2026-05-30 21:13:04,Sucesso,228,119,1
BLD-C01-P05-008262,C01-P05,2026-05-07 17:28:51,Sucesso,182,432,0
BLD-C01-P05-008263,C01-P05,2026-05-25 21:46:14,Falha,519,474,11
BLD-C01-P05-008264,C01-P05,2026-05-01 12:55:16,Sucesso,128,310,0
BLD-C01-P05-008265,C01-P05,2026-05-16 09:47:24,Sucesso,322,541,0
BLD-C01-P05-008266,C01-P05,2026-05-13 14:16:15,Sucesso,114,520,0
BLD-C01-P05-008267,C01-P05,2026-05-17 19:33:19,Sucesso,272,460,0
BLD-C01-P05-008268,C01-P05,2026-05-28 17:40:42,Sucesso,269,404,0
BLD-C01-P05-008269,C01-P05,2026-05-10 19:30:08,Sucesso,137,508,0
BLD-C01-P05-008270,C01-P05,2026-05-30 15:52:43,Sucesso,292,418,0
BLD-C01-P05-008271,C01-P05,2026-05-25 08:28:19,Sucesso,165,407,0
BLD-C01-P05-008272,C01-P05,2026-05-29 13:01:53,Sucesso,129,589,0
BLD-C01-P05-008273,C01-P05,2026-05-11 07:03:37,Sucesso,380,470,1
BLD-C01-P05-008274,C01-P05,2026-05-31 08:49:08,Sucesso,348,358,0
BLD-C01-P05-008275,C01-P05,2026-05-22 11:55:21,Sucesso,424,617,0
BLD-C01-P05-008276,C01-P05,2026-05-14 07:52:02,Sucesso,512,756,0
BLD-C01-P05-008277,C01-P05,2026-05-02 18:16:53,Sucesso,426,440,0
BLD-C01-P05-008278,C01-P05,2026-05-06 17:22:40,Sucesso,670,372,1
BLD-C01-P05-008279,C01-P05,2026-05-11 11:32:23,Sucesso,197,10,0
BLD-C01-P05-008280,C01-P05,2026-05-14 07:06:52,Sucesso,628,302,0
BLD-C01-P05-008281,C01-P05,2026-05-14 19:37:11,Sucesso,173,509,0
BLD-C01-P05-008282,C01-P05,2026-05-26 21:38:58,Sucesso,419,610,0
BLD-C01-P05-008283,C01-P05,2026-05-22 12:52:57,Sucesso,294,445,0
BLD-C01-P05-008284,C01-P05,2026-05-09 16:38:12,Sucesso,20,156,0
BLD-C01-P05-008285,C01-P05,2026-05-23 07:47:26,Sucesso,325,10,3
BLD-C01-P05-008286,C01-P05,2026-05-25 16:50:58,Sucesso,470,749,1
BLD-C01-P05-008287,C01-P05,2026-05-18 20:21:48,Sucesso,141,251,0
BLD-C01-P05-008288,C01-P05,2026-05-08 09:09:42,Sucesso,519,523,0
BLD-C01-P05-008289,C01-P05,2026-05-08 11:32:25,Sucesso,208,366,0
BLD-C01-P05-008290,C01-P05,2026-05-19 14:14:33,Falha,460,240,1
BLD-C01-P05-008291,C01-P05,2026-05-18 12:11:43,Falha,302,577,1
BLD-C01-P05-008292,C01-P05,2026-06-04 11:45:00,Falha,350,944,3
BLD-C01-P05-008293,C01-P05,2026-06-13 19:24:15,Sucesso,307,286,0
BLD-C01-P05-008294,C01-P05,2026-06-12 17:48:57,Sucesso,319,227,0
BLD-C01-P05-008295,C01-P05,2026-06-10 12:47:02,Sucesso,244,530,0
BLD-C01-P05-008296,C01-P05,2026-06-13 14:00:53,Sucesso,349,254,0
BLD-C01-P05-008297,C01-P05,2026-06-15 11:26:48,Sucesso,326,397,0
BLD-C01-P05-008298,C01-P05,2026-06-03 07:50:58,Sucesso,255,342,0
BLD-C01-P05-008299,C01-P05,2026-06-26 14:15:32,Sucesso,267,213,0
BLD-C01-P05-008300,C01-P05,2026-06-23 17:17:17,Sucesso,395,250,0
BLD-C01-P05-008301,C01-P05,2026-06-03 09:28:33,Sucesso,52,579,0
BLD-C01-P05-008302,C01-P05,2026-06-17 08:42:20,Sucesso,421,271,0
BLD-C01-P05-008303,C01-P05,2026-06-15 11:51:30,Sucesso,411,786,0
BLD-C01-P05-008304,C01-P05,2026-06-30 09:18:48,Sucesso,20,611,0
BLD-C01-P05-008305,C01-P05,2026-06-02 09:18:47,Falha,474,10,6
BLD-C01-P05-008306,C01-P05,2026-06-06 09:08:07,Sucesso,312,346,0
BLD-C01-P05-008307,C01-P05,2026-06-27 21:48:24,Sucesso,368,369,0
BLD-C01-P05-008308,C01-P05,2026-06-01 20:51:14,Sucesso,402,466,0
BLD-C01-P05-008309,C01-P05,2026-06-21 20:08:49,Sucesso,230,512,0
BLD-C01-P05-008310,C01-P05,2026-06-10 08:15:38,Sucesso,98,134,0
BLD-C01-P05-008311,C01-P05,2026-06-08 20:46:09,Sucesso,418,414,0
BLD-C01-P05-008312,C01-P05,2026-06-17 20:00:06,Sucesso,322,567,0
BLD-C01-P05-008313,C01-P05,2026-06-06 15:57:59,Sucesso,239,393,0
BLD-C01-P05-008314,C01-P05,2026-06-30 21:41:29,Sucesso,374,620,0
BLD-C01-P05-008315,C01-P05,2026-06-29 12:34:26,Sucesso,383,344,0
BLD-C01-P05-008316,C01-P05,2026-06-25 14:16:16,Sucesso,330,294,3
BLD-C01-P05-008317,C01-P05,2026-06-02 17:53:28,Sucesso,200,10,0
BLD-C01-P05-008318,C01-P05,2026-06-21 20:45:20,Sucesso,461,127,0
BLD-C01-P05-008319,C01-P05,2026-06-28 19:25:15,Falha,338,47,10
BLD-C01-P05-008320,C01-P05,2026-06-18 20:43:26,Sucesso,367,86,0
BLD-C01-P05-008321,C01-P05,2026-06-09 20:43:35,Sucesso,162,172,0
BLD-C01-P05-008322,C01-P05,2026-06-17 18:56:27,Sucesso,434,372,0
BLD-C01-P05-008323,C01-P05,2026-06-27 14:19:00,Sucesso,256,327,0
BLD-C01-P05-008324,C01-P05,2026-06-03 18:55:20,Sucesso,153,527,0
BLD-C01-P05-008325,C01-P05,2026-06-01 15:34:22,Sucesso,92,346,0
BLD-C01-P05-008326,C01-P05,2026-06-09 09:56:52,Sucesso,304,645,0
BLD-C01-P05-008327,C01-P05,2026-06-11 16:30:20,Sucesso,467,151,0
BLD-C01-P05-008328,C01-P05,2026-06-22 07:24:45,Sucesso,456,419,0
BLD-C01-P05-008329,C01-P05,2026-06-20 19:07:53,Sucesso,354,501,0
BLD-C01-P05-008330,C01-P05,2026-06-22 21:14:37,Sucesso,338,392,0
BLD-C01-P05-008331,C01-P05,2026-06-22 08:16:33,Sucesso,407,390,0
BLD-C01-P05-008332,C01-P05,2026-06-24 19:05:04,Sucesso,411,243,1
BLD-C01-P05-008333,C01-P05,2026-06-24 15:06:29,Sucesso,99,255,0
BLD-C01-P05-008334,C01-P05,2026-06-14 21:24:00,Sucesso,359,213,0
BLD-C01-P05-008335,C01-P05,2026-06-29 16:43:19,Sucesso,343,159,0
BLD-C01-P05-008336,C01-P05,2026-06-27 19:27:51,Sucesso,246,534,0
BLD-C01-P05-008337,C01-P05,2026-06-30 21:31:53,Sucesso,378,621,0
BLD-C01-P05-008338,C01-P05,2026-06-08 12:08:23,Sucesso,428,511,0
BLD-C01-P05-008339,C01-P05,2026-06-05 07:39:31,Sucesso,322,698,0
BLD-C01-P05-008340,C01-P05,2026-06-12 21:11:59,Sucesso,356,433,0
BLD-C01-P05-008341,C01-P05,2026-06-17 12:03:19,Sucesso,452,590,0
BLD-C01-P05-008342,C01-P05,2026-06-08 12:56:49,Sucesso,280,10,0
BLD-C01-P05-008343,C01-P05,2026-06-19 15:07:57,Sucesso,217,788,0
BLD-C01-P05-008344,C01-P05,2026-06-06 13:02:29,Sucesso,525,280,0
BLD-C01-P05-008345,C01-P05,2026-06-28 13:55:04,Sucesso,413,578,0
BLD-C01-P05-008346,C01-P05,2026-06-17 18:31:58,Sucesso,368,393,0
BLD-C01-P05-008347,C01-P05,2026-06-06 11:51:10,Falha,199,403,3
BLD-C01-P05-008348,C01-P05,2026-06-16 21:06:29,Sucesso,107,508,0
BLD-C01-P05-008349,C01-P05,2026-06-28 10:16:07,Sucesso,218,603,0
BLD-C01-P05-008350,C01-P05,2026-06-17 11:41:23,Sucesso,199,470,0
BLD-C01-P05-008351,C01-P05,2026-06-26 20:33:46,Falha,144,271,2
BLD-C01-P05-008352,C01-P05,2026-06-27 16:19:42,Sucesso,202,344,0
BLD-C01-P05-008353,C01-P05,2026-06-19 15:54:14,Sucesso,303,10,0
BLD-C01-P05-008354,C01-P05,2026-06-19 14:56:30,Sucesso,408,331,0
BLD-C01-P05-008355,C01-P05,2026-06-01 07:11:21,Sucesso,148,10,0
BLD-C01-P05-008356,C01-P05,2026-06-01 16:23:30,Sucesso,220,236,0
BLD-C01-P05-008357,C01-P05,2026-06-10 10:48:54,Sucesso,397,171,0
BLD-C01-P05-008358,C01-P05,2026-06-21 13:45:02,Sucesso,284,280,0
BLD-C01-P05-008359,C01-P05,2026-06-20 20:33:59,Falha,183,355,7
BLD-C01-P05-008360,C01-P05,2026-06-03 17:08:54,Sucesso,430,546,0
BLD-C01-P05-008361,C01-P05,2026-06-01 08:23:03,Sucesso,220,385,1
BLD-C01-P05-008362,C01-P05,2026-06-01 12:12:24,Sucesso,275,318,0
BLD-C01-P05-008363,C01-P05,2026-06-23 07:33:33,Sucesso,163,522,0
BLD-C01-P05-008364,C01-P05,2026-06-15 12:07:47,Sucesso,356,220,0
BLD-C01-P05-008365,C01-P05,2026-06-12 20:33:19,Falha,412,673,4
BLD-C01-P05-008366,C01-P05,2026-06-20 08:54:39,Sucesso,135,96,0
BLD-C01-P05-008367,C01-P05,2026-06-05 14:29:42,Sucesso,376,324,0
BLD-C01-P05-008368,C01-P05,2026-06-25 19:02:24,Sucesso,296,622,0
BLD-C01-P05-008369,C01-P05,2026-06-08 15:47:27,Sucesso,253,409,0
BLD-C01-P05-008370,C01-P05,2026-06-03 10:56:24,Sucesso,495,155,0
BLD-C01-P05-008371,C01-P05,2026-07-23 07:25:19,Sucesso,232,482,0
BLD-C01-P05-008372,C01-P05,2026-07-30 08:40:23,Sucesso,225,402,1
BLD-C01-P05-008373,C01-P05,2026-07-18 17:13:16,Sucesso,312,148,0
BLD-C01-P05-008374,C01-P05,2026-07-30 19:51:41,Sucesso,206,435,0
BLD-C01-P05-008375,C01-P05,2026-07-06 18:25:20,Sucesso,430,303,0
BLD-C01-P05-008376,C01-P05,2026-07-02 15:34:42,Sucesso,445,489,0
BLD-C01-P05-008377,C01-P05,2026-07-11 17:52:11,Falha,212,530,1
BLD-C01-P05-008378,C01-P05,2026-07-31 09:38:48,Sucesso,332,661,0
BLD-C01-P05-008379,C01-P05,2026-07-26 17:32:33,Sucesso,435,602,0
BLD-C01-P05-008380,C01-P05,2026-07-03 14:32:06,Sucesso,567,375,0
BLD-C01-P05-008381,C01-P05,2026-07-10 12:58:46,Falha,141,93,5
BLD-C01-P05-008382,C01-P05,2026-07-13 19:24:22,Sucesso,207,338,0
BLD-C01-P05-008383,C01-P05,2026-07-25 14:32:51,Sucesso,339,428,0
BLD-C01-P05-008384,C01-P05,2026-07-04 18:43:24,Sucesso,229,459,2
BLD-C01-P05-008385,C01-P05,2026-07-11 08:42:41,Falha,20,51,2
BLD-C01-P05-008386,C01-P05,2026-07-27 18:58:20,Sucesso,519,464,0
BLD-C01-P05-008387,C01-P05,2026-07-22 14:21:44,Sucesso,279,352,0
BLD-C01-P05-008388,C01-P05,2026-07-30 19:13:17,Sucesso,303,575,0
BLD-C01-P05-008389,C01-P05,2026-07-13 13:28:03,Sucesso,294,106,1
BLD-C01-P05-008390,C01-P05,2026-07-11 17:42:29,Sucesso,385,571,0
BLD-C01-P05-008391,C01-P05,2026-07-07 09:53:38,Sucesso,394,401,0
BLD-C01-P05-008392,C01-P05,2026-07-02 12:41:37,Sucesso,226,208,0
BLD-C01-P05-008393,C01-P05,2026-07-02 09:18:06,Falha,297,566,9
BLD-C01-P05-008394,C01-P05,2026-07-23 08:30:40,Sucesso,227,289,0
BLD-C01-P05-008395,C01-P05,2026-07-20 13:56:06,Sucesso,234,86,0
BLD-C01-P05-008396,C01-P05,2026-07-11 16:37:47,Sucesso,281,800,0
BLD-C01-P05-008397,C01-P05,2026-07-08 17:49:40,Sucesso,485,199,0
BLD-C01-P05-008398,C01-P05,2026-07-06 12:13:03,Sucesso,273,149,0
BLD-C01-P05-008399,C01-P05,2026-07-26 13:39:31,Sucesso,286,335,0
BLD-C01-P05-008400,C01-P05,2026-07-22 10:05:15,Sucesso,451,244,0
BLD-C01-P05-008401,C01-P05,2026-07-02 14:41:45,Sucesso,205,194,0
BLD-C01-P05-008402,C01-P05,2026-07-27 20:58:42,Sucesso,419,145,0
BLD-C01-P05-008403,C01-P05,2026-07-26 10:56:15,Sucesso,462,445,0
BLD-C01-P05-008404,C01-P05,2026-07-23 14:00:38,Sucesso,374,694,0
BLD-C01-P05-008405,C01-P05,2026-07-26 10:22:23,Sucesso,96,277,0
BLD-C01-P05-008406,C01-P05,2026-07-31 20:00:11,Sucesso,199,679,0
BLD-C01-P05-008407,C01-P05,2026-07-01 17:22:56,Sucesso,455,229,0
BLD-C01-P05-008408,C01-P05,2026-07-19 14:37:15,Falha,346,407,4
BLD-C01-P05-008409,C01-P05,2026-07-16 14:00:47,Sucesso,355,289,0
BLD-C01-P05-008410,C01-P05,2026-07-04 10:07:23,Sucesso,360,467,0
BLD-C01-P05-008411,C01-P05,2026-07-09 20:43:41,Falha,412,577,6
BLD-C01-P05-008412,C01-P05,2026-07-15 18:06:33,Sucesso,189,670,0
BLD-C01-P05-008413,C01-P05,2026-07-11 12:11:33,Sucesso,391,285,0
BLD-C01-P05-008414,C01-P05,2026-07-08 10:19:44,Falha,183,284,2
BLD-C01-P05-008415,C01-P05,2026-07-12 10:35:40,Falha,164,43,1
BLD-C01-P05-008416,C01-P05,2026-07-05 21:35:44,Sucesso,313,437,0
BLD-C01-P05-008417,C01-P05,2026-07-23 15:42:03,Sucesso,320,695,0
BLD-C01-P05-008418,C01-P05,2026-07-26 19:43:58,Sucesso,216,947,0
BLD-C02-P01-008419,C02-P01,2025-08-22 10:18:30,Sucesso,156,548,0
BLD-C02-P01-008420,C02-P01,2025-08-06 15:29:57,Sucesso,424,329,0
BLD-C02-P01-008421,C02-P01,2025-08-02 11:44:42,Sucesso,595,223,0
BLD-C02-P01-008422,C02-P01,2025-08-24 13:35:47,Sucesso,251,704,0
BLD-C02-P01-008423,C02-P01,2025-08-23 11:59:34,Sucesso,350,390,0
BLD-C02-P01-008424,C02-P01,2025-08-03 17:50:30,Falha,381,159,2
BLD-C02-P01-008425,C02-P01,2025-08-13 07:50:44,Sucesso,270,497,0
BLD-C02-P01-008426,C02-P01,2025-08-20 12:46:57,Sucesso,143,523,0
BLD-C02-P01-008427,C02-P01,2025-08-18 08:37:59,Falha,255,264,1
BLD-C02-P01-008428,C02-P01,2025-08-30 19:01:12,Sucesso,343,425,0
BLD-C02-P01-008429,C02-P01,2025-08-05 10:04:37,Sucesso,439,221,0
BLD-C02-P01-008430,C02-P01,2025-08-21 07:10:03,Sucesso,324,264,0
BLD-C02-P01-008431,C02-P01,2025-08-07 19:11:20,Sucesso,257,422,0
BLD-C02-P01-008432,C02-P01,2025-08-31 16:18:30,Sucesso,218,348,0
BLD-C02-P01-008433,C02-P01,2025-08-30 17:41:10,Sucesso,232,451,0
BLD-C02-P01-008434,C02-P01,2025-08-05 13:55:20,Sucesso,293,261,0
BLD-C02-P01-008435,C02-P01,2025-08-28 14:09:04,Sucesso,181,794,0
BLD-C02-P01-008436,C02-P01,2025-08-30 20:09:44,Sucesso,325,337,0
BLD-C02-P01-008437,C02-P01,2025-08-01 14:40:22,Sucesso,625,205,0
BLD-C02-P01-008438,C02-P01,2025-08-09 14:16:02,Sucesso,388,522,0
BLD-C02-P01-008439,C02-P01,2025-08-17 08:07:37,Sucesso,392,608,0
BLD-C02-P01-008440,C02-P01,2025-08-24 08:47:31,Sucesso,20,207,0
BLD-C02-P01-008441,C02-P01,2025-08-11 12:29:15,Falha,416,1027,17
BLD-C02-P01-008442,C02-P01,2025-08-14 21:50:45,Sucesso,23,426,0
BLD-C02-P01-008443,C02-P01,2025-08-22 19:12:22,Sucesso,283,519,0
BLD-C02-P01-008444,C02-P01,2025-08-30 07:43:42,Falha,206,502,6
BLD-C02-P01-008445,C02-P01,2025-08-20 12:27:15,Sucesso,156,670,0
BLD-C02-P01-008446,C02-P01,2025-08-29 09:09:15,Sucesso,604,512,0
BLD-C02-P01-008447,C02-P01,2025-08-12 19:55:13,Sucesso,166,77,0
BLD-C02-P01-008448,C02-P01,2025-08-27 12:27:52,Sucesso,36,563,0
BLD-C02-P01-008449,C02-P01,2025-08-21 11:47:49,Sucesso,191,193,0
BLD-C02-P01-008450,C02-P01,2025-08-14 16:42:29,Sucesso,304,373,0
BLD-C02-P01-008451,C02-P01,2025-08-06 07:42:04,Sucesso,384,609,0
BLD-C02-P01-008452,C02-P01,2025-08-17 08:26:37,Sucesso,499,10,0
BLD-C02-P01-008453,C02-P01,2025-08-18 19:27:47,Sucesso,442,585,1
BLD-C02-P01-008454,C02-P01,2025-08-14 21:51:11,Sucesso,512,722,0
BLD-C02-P01-008455,C02-P01,2025-08-27 19:58:34,Sucesso,348,329,0
BLD-C02-P01-008456,C02-P01,2025-08-13 16:54:11,Falha,479,316,4
BLD-C02-P01-008457,C02-P01,2025-08-13 15:41:30,Sucesso,300,558,0
BLD-C02-P01-008458,C02-P01,2025-08-27 18:12:55,Sucesso,162,495,0
BLD-C02-P01-008459,C02-P01,2025-08-29 19:10:02,Sucesso,590,182,0
BLD-C02-P01-008460,C02-P01,2025-08-18 19:35:33,Sucesso,267,385,0
BLD-C02-P01-008461,C02-P01,2025-08-15 14:15:55,Sucesso,230,248,0
BLD-C02-P01-008462,C02-P01,2025-09-13 16:39:40,Sucesso,419,706,0
BLD-C02-P01-008463,C02-P01,2025-09-17 07:25:25,Sucesso,452,228,0
BLD-C02-P01-008464,C02-P01,2025-09-08 14:28:59,Sucesso,425,135,0
BLD-C02-P01-008465,C02-P01,2025-09-12 15:24:52,Sucesso,381,481,0
BLD-C02-P01-008466,C02-P01,2025-09-02 10:39:47,Sucesso,325,212,0
BLD-C02-P01-008467,C02-P01,2025-09-22 18:17:47,Sucesso,419,779,0
BLD-C02-P01-008468,C02-P01,2025-09-23 16:19:58,Falha,309,268,1
BLD-C02-P01-008469,C02-P01,2025-09-20 13:59:37,Sucesso,407,660,0
BLD-C02-P01-008470,C02-P01,2025-09-20 13:57:51,Sucesso,74,490,0
BLD-C02-P01-008471,C02-P01,2025-09-05 15:01:04,Falha,275,247,11
BLD-C02-P01-008472,C02-P01,2025-09-04 20:40:31,Falha,460,420,14
BLD-C02-P01-008473,C02-P01,2025-09-10 11:57:55,Sucesso,462,241,0
BLD-C02-P01-008474,C02-P01,2025-09-23 13:49:34,Sucesso,226,518,0
BLD-C02-P01-008475,C02-P01,2025-09-30 10:05:27,Falha,365,451,8
BLD-C02-P01-008476,C02-P01,2025-09-02 16:48:09,Sucesso,510,640,0
BLD-C02-P01-008477,C02-P01,2025-09-12 15:41:37,Sucesso,445,367,0
BLD-C02-P01-008478,C02-P01,2025-09-27 19:29:26,Falha,279,276,1
BLD-C02-P01-008479,C02-P01,2025-09-23 18:28:01,Sucesso,146,101,0
BLD-C02-P01-008480,C02-P01,2025-09-08 14:04:33,Sucesso,145,251,0
BLD-C02-P01-008481,C02-P01,2025-09-19 13:28:56,Sucesso,308,374,0
BLD-C02-P01-008482,C02-P01,2025-09-04 16:29:07,Sucesso,28,279,0
BLD-C02-P01-008483,C02-P01,2025-09-17 09:40:38,Falha,496,286,1
BLD-C02-P01-008484,C02-P01,2025-09-03 19:49:35,Sucesso,196,203,0
BLD-C02-P01-008485,C02-P01,2025-09-28 07:37:04,Sucesso,358,564,0
BLD-C02-P01-008486,C02-P01,2025-09-12 11:22:28,Falha,593,293,3
BLD-C02-P01-008487,C02-P01,2025-09-24 11:34:34,Falha,279,281,5
BLD-C02-P01-008488,C02-P01,2025-09-07 08:25:12,Falha,477,493,1
BLD-C02-P01-008489,C02-P01,2025-09-21 15:28:24,Falha,20,83,1
BLD-C02-P01-008490,C02-P01,2025-09-28 12:15:55,Sucesso,324,511,0
BLD-C02-P01-008491,C02-P01,2025-09-06 18:23:19,Sucesso,156,238,0
BLD-C02-P01-008492,C02-P01,2025-09-21 21:38:00,Sucesso,360,313,0
BLD-C02-P01-008493,C02-P01,2025-09-27 13:16:55,Sucesso,244,262,0
BLD-C02-P01-008494,C02-P01,2025-09-12 18:21:38,Sucesso,372,564,0
BLD-C02-P01-008495,C02-P01,2025-09-15 13:07:20,Falha,234,417,4
BLD-C02-P01-008496,C02-P01,2025-09-24 13:46:39,Sucesso,407,302,0
BLD-C02-P01-008497,C02-P01,2025-09-06 17:24:14,Sucesso,201,349,0
BLD-C02-P01-008498,C02-P01,2025-09-19 09:08:17,Falha,412,139,1
BLD-C02-P01-008499,C02-P01,2025-09-28 14:55:03,Falha,594,835,1
BLD-C02-P01-008500,C02-P01,2025-09-10 17:28:02,Sucesso,349,767,0
BLD-C02-P01-008501,C02-P01,2025-09-07 15:00:17,Sucesso,112,291,1
BLD-C02-P01-008502,C02-P01,2025-09-29 18:50:17,Sucesso,33,523,0
BLD-C02-P01-008503,C02-P01,2025-09-14 15:01:14,Sucesso,398,562,0
BLD-C02-P01-008504,C02-P01,2025-09-26 18:16:32,Sucesso,382,454,0
BLD-C02-P01-008505,C02-P01,2025-09-12 19:41:45,Sucesso,273,73,0
BLD-C02-P01-008506,C02-P01,2025-09-25 13:03:51,Sucesso,206,739,0
BLD-C02-P01-008507,C02-P01,2025-09-20 14:40:08,Sucesso,488,413,0
BLD-C02-P01-008508,C02-P01,2025-09-15 11:34:23,Sucesso,29,476,1
BLD-C02-P01-008509,C02-P01,2025-09-10 08:13:52,Sucesso,380,382,0
BLD-C02-P01-008510,C02-P01,2025-09-30 10:03:26,Sucesso,293,293,0
BLD-C02-P01-008511,C02-P01,2025-09-14 11:13:11,Sucesso,20,129,0
BLD-C02-P01-008512,C02-P01,2025-09-20 14:11:47,Falha,479,262,4
BLD-C02-P01-008513,C02-P01,2025-09-22 20:35:14,Sucesso,344,426,0
BLD-C02-P01-008514,C02-P01,2025-09-09 16:58:42,Sucesso,214,269,0
BLD-C02-P01-008515,C02-P01,2025-09-21 20:09:06,Sucesso,527,189,0
BLD-C02-P01-008516,C02-P01,2025-09-18 15:48:27,Sucesso,398,173,0
BLD-C02-P01-008517,C02-P01,2025-09-28 20:01:54,Sucesso,211,94,0
BLD-C02-P01-008518,C02-P01,2025-09-28 19:55:48,Sucesso,297,313,0
BLD-C02-P01-008519,C02-P01,2025-09-12 12:07:14,Sucesso,475,332,0
BLD-C02-P01-008520,C02-P01,2025-09-22 12:02:36,Sucesso,401,423,0
BLD-C02-P01-008521,C02-P01,2025-09-18 13:22:21,Sucesso,307,511,0
BLD-C02-P01-008522,C02-P01,2025-09-09 21:48:55,Sucesso,431,587,0
BLD-C02-P01-008523,C02-P01,2025-09-28 18:01:10,Falha,337,462,2
BLD-C02-P01-008524,C02-P01,2025-09-30 10:34:03,Sucesso,232,328,0
BLD-C02-P01-008525,C02-P01,2025-09-30 14:22:27,Sucesso,44,758,0
BLD-C02-P01-008526,C02-P01,2025-09-18 09:24:41,Falha,273,548,6
BLD-C02-P01-008527,C02-P01,2025-09-14 07:31:33,Sucesso,418,240,0
BLD-C02-P01-008528,C02-P01,2025-09-10 11:14:02,Sucesso,416,444,0
BLD-C02-P01-008529,C02-P01,2025-09-02 10:25:21,Sucesso,417,732,0
BLD-C02-P01-008530,C02-P01,2025-09-09 19:51:21,Sucesso,369,507,0
BLD-C02-P01-008531,C02-P01,2025-09-11 15:56:35,Sucesso,430,220,0
BLD-C02-P01-008532,C02-P01,2025-09-14 17:31:39,Sucesso,565,236,0
BLD-C02-P01-008533,C02-P01,2025-09-30 15:27:41,Sucesso,629,307,0
BLD-C02-P01-008534,C02-P01,2025-09-23 14:15:58,Falha,403,439,3
BLD-C02-P01-008535,C02-P01,2025-09-11 18:56:56,Sucesso,107,624,0
BLD-C02-P01-008536,C02-P01,2025-09-04 15:16:09,Sucesso,318,10,0
BLD-C02-P01-008537,C02-P01,2025-09-05 17:54:30,Sucesso,320,279,0
BLD-C02-P01-008538,C02-P01,2025-09-27 19:17:50,Sucesso,431,719,1
BLD-C02-P01-008539,C02-P01,2025-09-11 11:50:42,Sucesso,436,726,0
BLD-C02-P01-008540,C02-P01,2025-09-30 21:51:33,Sucesso,20,641,0
BLD-C02-P01-008541,C02-P01,2025-09-07 12:40:40,Sucesso,384,465,0
BLD-C02-P01-008542,C02-P01,2025-09-20 18:19:07,Falha,402,412,2
BLD-C02-P01-008543,C02-P01,2025-09-09 17:38:07,Falha,160,590,4
BLD-C02-P01-008544,C02-P01,2025-09-13 08:13:21,Falha,504,213,10
BLD-C02-P01-008545,C02-P01,2025-09-09 10:44:21,Sucesso,20,582,0
BLD-C02-P01-008546,C02-P01,2025-10-07 11:51:22,Sucesso,161,450,0
BLD-C02-P01-008547,C02-P01,2025-10-29 09:29:12,Falha,318,460,1
BLD-C02-P01-008548,C02-P01,2025-10-31 16:44:16,Falha,296,563,2
BLD-C02-P01-008549,C02-P01,2025-10-11 17:47:02,Sucesso,287,137,1
BLD-C02-P01-008550,C02-P01,2025-10-31 12:04:38,Sucesso,423,407,0
BLD-C02-P01-008551,C02-P01,2025-10-02 08:36:37,Sucesso,136,375,0
BLD-C02-P01-008552,C02-P01,2025-10-12 09:26:35,Sucesso,124,386,0
BLD-C02-P01-008553,C02-P01,2025-10-02 17:39:52,Sucesso,555,523,0
BLD-C02-P01-008554,C02-P01,2025-10-28 18:06:50,Sucesso,291,365,1
BLD-C02-P01-008555,C02-P01,2025-10-28 07:11:02,Sucesso,466,161,0
BLD-C02-P01-008556,C02-P01,2025-10-06 14:02:22,Sucesso,230,233,0
BLD-C02-P01-008557,C02-P01,2025-10-19 14:06:21,Sucesso,414,476,0
BLD-C02-P01-008558,C02-P01,2025-10-30 12:38:35,Falha,269,796,2
BLD-C02-P01-008559,C02-P01,2025-10-14 15:18:44,Sucesso,192,325,0
BLD-C02-P01-008560,C02-P01,2025-10-27 11:37:23,Sucesso,485,437,0
BLD-C02-P01-008561,C02-P01,2025-10-12 17:24:25,Sucesso,124,622,1
BLD-C02-P01-008562,C02-P01,2025-10-25 21:42:48,Falha,194,383,1
BLD-C02-P01-008563,C02-P01,2025-10-24 19:18:20,Falha,303,451,4
BLD-C02-P01-008564,C02-P01,2025-10-28 21:10:09,Sucesso,291,462,0
BLD-C02-P01-008565,C02-P01,2025-10-18 10:43:32,Sucesso,248,587,0
BLD-C02-P01-008566,C02-P01,2025-10-11 13:05:31,Falha,294,494,12
BLD-C02-P01-008567,C02-P01,2025-10-26 20:06:43,Sucesso,419,526,0
BLD-C02-P01-008568,C02-P01,2025-10-06 20:03:12,Sucesso,39,599,0
BLD-C02-P01-008569,C02-P01,2025-10-13 21:47:10,Falha,334,322,1
BLD-C02-P01-008570,C02-P01,2025-10-22 18:01:26,Falha,374,504,7
BLD-C02-P01-008571,C02-P01,2025-10-27 10:32:39,Sucesso,395,707,0
BLD-C02-P01-008572,C02-P01,2025-10-24 16:39:46,Sucesso,327,697,0
BLD-C02-P01-008573,C02-P01,2025-10-22 09:16:24,Sucesso,145,525,0
BLD-C02-P01-008574,C02-P01,2025-10-18 16:47:25,Falha,234,482,1
BLD-C02-P01-008575,C02-P01,2025-10-26 11:20:52,Sucesso,352,202,0
BLD-C02-P01-008576,C02-P01,2025-10-29 13:00:19,Sucesso,228,77,0
BLD-C02-P01-008577,C02-P01,2025-10-20 07:35:39,Sucesso,470,382,0
BLD-C02-P01-008578,C02-P01,2025-10-20 15:46:22,Falha,269,363,17
BLD-C02-P01-008579,C02-P01,2025-10-25 13:13:11,Sucesso,211,587,0
BLD-C02-P01-008580,C02-P01,2025-10-08 08:59:20,Sucesso,337,549,0
BLD-C02-P01-008581,C02-P01,2025-10-10 07:41:09,Sucesso,283,342,0
BLD-C02-P01-008582,C02-P01,2025-10-02 07:36:17,Sucesso,267,459,0
BLD-C02-P01-008583,C02-P01,2025-10-30 08:22:43,Sucesso,280,222,0
BLD-C02-P01-008584,C02-P01,2025-10-10 15:01:48,Sucesso,382,400,0
BLD-C02-P01-008585,C02-P01,2025-10-25 17:37:19,Sucesso,217,397,0
BLD-C02-P01-008586,C02-P01,2025-10-10 15:19:19,Sucesso,369,473,0
BLD-C02-P01-008587,C02-P01,2025-10-10 09:31:24,Sucesso,386,289,0
BLD-C02-P01-008588,C02-P01,2025-10-28 11:58:53,Sucesso,229,521,0
BLD-C02-P01-008589,C02-P01,2025-10-05 15:27:04,Sucesso,266,342,0
BLD-C02-P01-008590,C02-P01,2025-10-10 19:35:53,Sucesso,184,263,0
BLD-C02-P01-008591,C02-P01,2025-10-03 09:01:33,Sucesso,386,601,0
BLD-C02-P01-008592,C02-P01,2025-10-23 17:14:57,Sucesso,451,280,0
BLD-C02-P01-008593,C02-P01,2025-10-24 10:33:13,Sucesso,408,611,0
BLD-C02-P01-008594,C02-P01,2025-10-27 20:51:26,Falha,472,365,1
BLD-C02-P01-008595,C02-P01,2025-10-27 19:36:34,Sucesso,313,251,0
BLD-C02-P01-008596,C02-P01,2025-10-13 21:36:06,Sucesso,114,208,0
BLD-C02-P01-008597,C02-P01,2025-10-19 11:22:24,Sucesso,297,384,0
BLD-C02-P01-008598,C02-P01,2025-10-23 15:50:56,Sucesso,209,141,0
BLD-C02-P01-008599,C02-P01,2025-10-04 15:45:25,Sucesso,152,442,0
BLD-C02-P01-008600,C02-P01,2025-10-01 17:48:48,Falha,615,420,5
BLD-C02-P01-008601,C02-P01,2025-10-26 18:12:15,Sucesso,486,551,0
BLD-C02-P01-008602,C02-P01,2025-10-16 09:20:55,Sucesso,126,80,0
BLD-C02-P01-008603,C02-P01,2025-10-06 17:58:34,Sucesso,323,206,0
BLD-C02-P01-008604,C02-P01,2025-10-01 12:13:20,Sucesso,468,238,0
BLD-C02-P01-008605,C02-P01,2025-10-24 16:15:53,Sucesso,474,33,0
BLD-C02-P01-008606,C02-P01,2025-10-02 09:28:49,Sucesso,332,608,0
BLD-C02-P01-008607,C02-P01,2025-10-14 11:55:51,Falha,271,794,1
BLD-C02-P01-008608,C02-P01,2025-10-27 11:26:17,Sucesso,337,360,0
BLD-C02-P01-008609,C02-P01,2025-10-07 21:05:34,Sucesso,220,189,0
BLD-C02-P01-008610,C02-P01,2025-10-29 15:56:31,Sucesso,430,338,0
BLD-C02-P01-008611,C02-P01,2025-10-19 12:55:56,Sucesso,371,399,0
BLD-C02-P01-008612,C02-P01,2025-10-15 09:53:01,Falha,260,567,3
BLD-C02-P01-008613,C02-P01,2025-10-08 18:52:44,Sucesso,20,24,0
BLD-C02-P01-008614,C02-P01,2025-10-28 21:41:46,Falha,503,285,13
BLD-C02-P01-008615,C02-P01,2025-10-20 18:02:10,Falha,547,756,1
BLD-C02-P01-008616,C02-P01,2025-10-23 16:13:35,Sucesso,206,337,0
BLD-C02-P01-008617,C02-P01,2025-10-15 10:17:33,Sucesso,439,732,0
BLD-C02-P01-008618,C02-P01,2025-10-29 21:55:13,Falha,433,274,5
BLD-C02-P01-008619,C02-P01,2025-10-13 10:32:36,Sucesso,324,439,0
BLD-C02-P01-008620,C02-P01,2025-10-02 19:19:50,Sucesso,213,708,0
BLD-C02-P01-008621,C02-P01,2025-10-20 10:40:03,Sucesso,231,297,1
BLD-C02-P01-008622,C02-P01,2025-10-21 16:52:58,Sucesso,287,426,0
BLD-C02-P01-008623,C02-P01,2025-10-27 21:55:45,Sucesso,20,599,0
BLD-C02-P01-008624,C02-P01,2025-10-03 21:54:31,Falha,216,403,1
BLD-C02-P01-008625,C02-P01,2025-10-15 09:37:43,Sucesso,203,414,0
BLD-C02-P01-008626,C02-P01,2025-10-01 14:49:31,Falha,38,290,16
BLD-C02-P01-008627,C02-P01,2025-10-26 07:33:26,Sucesso,292,505,0
BLD-C02-P01-008628,C02-P01,2025-10-29 17:58:56,Falha,179,299,5
BLD-C02-P01-008629,C02-P01,2025-10-17 13:19:00,Sucesso,436,811,0
BLD-C02-P01-008630,C02-P01,2025-10-23 21:36:45,Sucesso,554,363,0
BLD-C02-P01-008631,C02-P01,2025-10-24 12:58:14,Sucesso,250,184,0
BLD-C02-P01-008632,C02-P01,2025-10-24 20:03:00,Sucesso,288,497,0
BLD-C02-P01-008633,C02-P01,2025-10-08 15:28:49,Sucesso,52,533,0
BLD-C02-P01-008634,C02-P01,2025-10-03 21:31:04,Sucesso,454,349,0
BLD-C02-P01-008635,C02-P01,2025-10-13 16:36:33,Sucesso,336,714,0
BLD-C02-P01-008636,C02-P01,2025-10-20 13:39:59,Sucesso,74,396,0
BLD-C02-P01-008637,C02-P01,2025-10-07 10:49:25,Sucesso,754,472,0
BLD-C02-P01-008638,C02-P01,2025-10-28 20:36:22,Sucesso,321,387,0
BLD-C02-P01-008639,C02-P01,2026-07-16 08:36:32,Sucesso,446,531,0
BLD-C02-P01-008640,C02-P01,2026-07-30 07:31:04,Sucesso,337,539,1
BLD-C02-P01-008641,C02-P01,2026-07-25 12:49:15,Sucesso,303,499,0
BLD-C02-P01-008642,C02-P01,2026-07-20 17:42:37,Sucesso,421,364,0
BLD-C02-P01-008643,C02-P01,2026-07-07 12:09:37,Falha,273,537,3
BLD-C02-P01-008644,C02-P01,2026-07-11 09:52:45,Falha,423,881,2
BLD-C02-P01-008645,C02-P01,2026-07-02 10:31:55,Sucesso,71,498,0
BLD-C02-P01-008646,C02-P01,2026-07-18 20:36:07,Sucesso,564,481,0
BLD-C02-P01-008647,C02-P01,2026-07-26 13:19:38,Sucesso,33,654,0
BLD-C02-P01-008648,C02-P01,2026-07-09 19:50:14,Sucesso,149,204,0
BLD-C02-P01-008649,C02-P01,2026-07-15 13:24:59,Sucesso,279,323,0
BLD-C02-P01-008650,C02-P01,2026-07-15 18:15:09,Falha,686,586,14
BLD-C02-P01-008651,C02-P01,2026-07-16 07:08:02,Sucesso,249,166,0
BLD-C02-P01-008652,C02-P01,2026-07-01 07:40:37,Falha,317,420,2
BLD-C02-P01-008653,C02-P01,2026-07-30 12:16:57,Sucesso,333,566,0
BLD-C02-P01-008654,C02-P01,2026-07-11 14:01:09,Sucesso,423,403,0
BLD-C02-P01-008655,C02-P01,2026-07-07 12:58:14,Sucesso,293,666,0
BLD-C02-P01-008656,C02-P01,2026-07-25 07:09:51,Sucesso,388,170,0
BLD-C02-P01-008657,C02-P01,2026-07-10 18:18:06,Sucesso,623,567,0
BLD-C02-P01-008658,C02-P01,2026-07-24 16:03:39,Sucesso,414,302,0
BLD-C02-P01-008659,C02-P01,2026-07-11 09:18:20,Falha,387,523,1
BLD-C02-P01-008660,C02-P01,2026-07-14 16:53:54,Falha,423,432,3
BLD-C02-P01-008661,C02-P01,2026-07-14 17:59:05,Sucesso,450,503,1
BLD-C02-P01-008662,C02-P01,2026-07-23 15:50:09,Sucesso,283,390,0
BLD-C02-P01-008663,C02-P01,2026-07-31 12:43:59,Sucesso,274,609,0
BLD-C02-P01-008664,C02-P01,2026-07-02 20:06:15,Sucesso,346,1025,0
BLD-C02-P01-008665,C02-P01,2026-07-08 20:16:17,Sucesso,446,233,0
BLD-C02-P01-008666,C02-P01,2026-07-29 08:32:29,Sucesso,478,452,0
BLD-C02-P01-008667,C02-P01,2026-07-31 09:20:18,Falha,248,306,1
BLD-C02-P01-008668,C02-P01,2026-07-02 21:17:40,Sucesso,91,271,1
BLD-C02-P01-008669,C02-P01,2026-07-03 09:06:36,Sucesso,276,148,0
BLD-C02-P01-008670,C02-P01,2026-07-21 07:55:45,Falha,319,376,4
BLD-C02-P01-008671,C02-P01,2026-07-18 10:54:09,Falha,210,576,5
BLD-C02-P01-008672,C02-P01,2026-07-02 08:57:44,Sucesso,614,308,0
BLD-C02-P01-008673,C02-P01,2026-07-14 13:43:14,Sucesso,292,841,0
BLD-C02-P01-008674,C02-P01,2026-07-12 18:01:32,Sucesso,426,478,0
BLD-C02-P01-008675,C02-P01,2026-07-24 13:18:00,Falha,361,548,12
BLD-C02-P01-008676,C02-P01,2026-07-15 17:14:23,Sucesso,427,282,0
BLD-C02-P01-008677,C02-P01,2026-07-23 19:02:00,Sucesso,287,10,0
BLD-C02-P01-008678,C02-P01,2026-07-26 15:49:20,Sucesso,228,266,0
BLD-C02-P01-008679,C02-P01,2026-07-02 11:40:34,Sucesso,150,277,0
BLD-C02-P01-008680,C02-P01,2026-07-19 13:00:54,Sucesso,113,416,0
BLD-C02-P01-008681,C02-P01,2026-07-11 15:44:33,Sucesso,454,84,0
BLD-C02-P01-008682,C02-P01,2026-07-20 20:51:13,Falha,96,385,7
BLD-C02-P01-008683,C02-P01,2026-07-11 19:44:51,Sucesso,36,156,0
BLD-C02-P01-008684,C02-P01,2026-07-10 18:27:41,Falha,172,389,1
BLD-C02-P01-008685,C02-P01,2026-07-28 18:25:48,Sucesso,436,514,0
BLD-C02-P01-008686,C02-P01,2026-07-07 18:12:08,Falha,116,507,7
BLD-C02-P01-008687,C02-P01,2026-07-14 18:10:07,Sucesso,536,517,0
BLD-C02-P01-008688,C02-P01,2026-07-23 08:07:16,Sucesso,249,215,0
BLD-C02-P01-008689,C02-P01,2026-07-10 15:47:54,Sucesso,292,119,0
BLD-C02-P01-008690,C02-P01,2026-07-15 11:12:53,Sucesso,244,260,0
BLD-C02-P01-008691,C02-P01,2026-07-23 17:15:32,Falha,173,193,2
BLD-C02-P01-008692,C02-P01,2026-07-26 07:26:54,Sucesso,238,74,0
BLD-C02-P01-008693,C02-P01,2026-07-10 21:23:59,Sucesso,468,566,1
BLD-C02-P01-008694,C02-P01,2026-07-10 09:34:33,Falha,194,721,1
BLD-C02-P01-008695,C02-P01,2026-07-22 09:56:17,Falha,605,402,11
BLD-C02-P01-008696,C02-P01,2026-07-03 14:52:33,Sucesso,466,503,1
BLD-C02-P01-008697,C02-P01,2026-07-28 18:09:24,Sucesso,81,633,0
BLD-C02-P01-008698,C02-P01,2026-07-11 19:16:38,Sucesso,412,652,0
BLD-C02-P01-008699,C02-P01,2026-07-26 10:43:55,Sucesso,371,479,0
BLD-C02-P01-008700,C02-P01,2026-07-08 12:34:21,Sucesso,20,459,0
BLD-C02-P01-008701,C02-P01,2026-07-21 19:50:42,Sucesso,325,219,0
BLD-C02-P01-008702,C02-P01,2026-07-08 20:25:37,Sucesso,275,610,0
BLD-C02-P01-008703,C02-P01,2026-07-07 09:18:14,Sucesso,200,487,0
BLD-C02-P01-008704,C02-P01,2026-07-27 21:03:20,Sucesso,520,421,0
BLD-C02-P01-008705,C02-P01,2026-07-26 12:45:53,Sucesso,507,336,0
BLD-C02-P01-008706,C02-P01,2026-07-30 20:02:59,Sucesso,218,440,0
BLD-C02-P02-008707,C02-P02,2025-06-08 07:23:57,Falha,478,603,2
BLD-C02-P02-008708,C02-P02,2025-06-10 17:34:48,Sucesso,353,373,0
BLD-C02-P02-008709,C02-P02,2025-06-19 15:02:31,Falha,431,352,2
BLD-C02-P02-008710,C02-P02,2025-06-21 09:17:44,Falha,463,366,1
BLD-C02-P02-008711,C02-P02,2025-06-20 11:47:42,Sucesso,198,412,0
BLD-C02-P02-008712,C02-P02,2025-06-06 15:54:14,Sucesso,284,357,0
BLD-C02-P02-008713,C02-P02,2025-06-12 21:09:10,Sucesso,430,119,0
BLD-C02-P02-008714,C02-P02,2025-06-16 20:42:55,Sucesso,402,528,0
BLD-C02-P02-008715,C02-P02,2025-06-18 16:12:51,Sucesso,315,438,0
BLD-C02-P02-008716,C02-P02,2025-06-15 08:53:50,Sucesso,457,202,0
BLD-C02-P02-008717,C02-P02,2025-06-13 21:12:54,Sucesso,527,478,0
BLD-C02-P02-008718,C02-P02,2025-06-01 17:17:41,Falha,103,297,1
BLD-C02-P02-008719,C02-P02,2025-06-23 16:33:39,Sucesso,509,520,0
BLD-C02-P02-008720,C02-P02,2025-06-18 20:48:43,Sucesso,300,10,0
BLD-C02-P02-008721,C02-P02,2025-06-24 07:15:55,Sucesso,20,561,0
BLD-C02-P02-008722,C02-P02,2025-06-12 07:52:47,Sucesso,169,245,0
BLD-C02-P02-008723,C02-P02,2025-06-25 14:41:40,Sucesso,284,457,1
BLD-C02-P02-008724,C02-P02,2025-06-13 14:37:54,Sucesso,144,684,0
BLD-C02-P02-008725,C02-P02,2025-06-06 15:48:32,Sucesso,274,395,0
BLD-C02-P02-008726,C02-P02,2025-06-11 18:16:27,Sucesso,244,336,0
BLD-C02-P02-008727,C02-P02,2025-06-11 11:25:12,Sucesso,369,132,0
BLD-C02-P02-008728,C02-P02,2025-06-04 10:59:48,Sucesso,103,589,1
BLD-C02-P02-008729,C02-P02,2025-06-01 08:59:49,Sucesso,115,609,0
BLD-C02-P02-008730,C02-P02,2025-06-09 10:50:01,Sucesso,296,457,0
BLD-C02-P02-008731,C02-P02,2025-06-30 18:59:34,Sucesso,253,352,0
BLD-C02-P02-008732,C02-P02,2025-06-30 15:01:02,Sucesso,413,448,0
BLD-C02-P02-008733,C02-P02,2025-06-30 21:27:58,Sucesso,254,300,0
BLD-C02-P02-008734,C02-P02,2025-06-09 20:49:28,Sucesso,330,300,1
BLD-C02-P02-008735,C02-P02,2025-06-19 20:00:15,Sucesso,383,668,1
BLD-C02-P02-008736,C02-P02,2025-06-08 18:34:04,Sucesso,289,270,0
BLD-C02-P02-008737,C02-P02,2025-06-19 12:35:05,Falha,550,294,3
BLD-C02-P02-008738,C02-P02,2025-06-14 07:20:48,Sucesso,314,450,0
BLD-C02-P02-008739,C02-P02,2025-06-07 16:22:43,Sucesso,349,416,0
BLD-C02-P02-008740,C02-P02,2025-06-05 16:46:52,Sucesso,363,593,0
BLD-C02-P02-008741,C02-P02,2025-06-06 21:31:19,Sucesso,321,10,0
BLD-C02-P02-008742,C02-P02,2025-06-07 10:14:07,Sucesso,255,350,0
BLD-C02-P02-008743,C02-P02,2025-06-20 14:06:35,Sucesso,236,632,0
BLD-C02-P02-008744,C02-P02,2025-06-04 11:04:36,Sucesso,400,863,0
BLD-C02-P02-008745,C02-P02,2025-06-04 08:15:11,Sucesso,433,222,0
BLD-C02-P02-008746,C02-P02,2025-06-21 12:36:03,Falha,300,574,19
BLD-C02-P02-008747,C02-P02,2025-06-06 13:55:33,Sucesso,348,320,0
BLD-C02-P02-008748,C02-P02,2025-06-15 15:28:18,Sucesso,184,582,0
BLD-C02-P02-008749,C02-P02,2025-06-13 15:39:45,Sucesso,501,615,0
BLD-C02-P02-008750,C02-P02,2025-06-17 14:46:56,Sucesso,524,31,1
BLD-C02-P02-008751,C02-P02,2025-06-12 20:42:35,Falha,372,311,1
BLD-C02-P02-008752,C02-P02,2025-06-04 17:44:33,Falha,417,486,4
BLD-C02-P02-008753,C02-P02,2025-06-28 11:29:07,Sucesso,322,452,0
BLD-C02-P02-008754,C02-P02,2025-07-07 07:00:45,Sucesso,315,342,0
BLD-C02-P02-008755,C02-P02,2025-07-31 14:40:12,Sucesso,250,375,0
BLD-C02-P02-008756,C02-P02,2025-07-01 10:15:35,Sucesso,20,662,0
BLD-C02-P02-008757,C02-P02,2025-07-06 17:57:41,Sucesso,270,97,0
BLD-C02-P02-008758,C02-P02,2025-07-21 10:21:28,Sucesso,290,90,0
BLD-C02-P02-008759,C02-P02,2025-07-12 16:41:26,Sucesso,196,220,0
BLD-C02-P02-008760,C02-P02,2025-07-04 10:39:37,Sucesso,167,340,0
BLD-C02-P02-008761,C02-P02,2025-07-19 11:25:01,Sucesso,241,191,0
BLD-C02-P02-008762,C02-P02,2025-07-15 09:46:19,Sucesso,626,342,0
BLD-C02-P02-008763,C02-P02,2025-07-22 17:17:04,Sucesso,492,392,0
BLD-C02-P02-008764,C02-P02,2025-07-21 08:47:33,Sucesso,348,170,0
BLD-C02-P02-008765,C02-P02,2025-07-06 17:54:42,Sucesso,334,186,0
BLD-C02-P02-008766,C02-P02,2025-07-08 12:36:57,Sucesso,331,512,0
BLD-C02-P02-008767,C02-P02,2025-07-17 17:49:06,Falha,159,96,7
BLD-C02-P02-008768,C02-P02,2025-07-02 20:33:01,Falha,411,538,3
BLD-C02-P02-008769,C02-P02,2025-07-12 11:31:45,Falha,389,463,1
BLD-C02-P02-008770,C02-P02,2025-07-23 12:13:28,Sucesso,203,526,0
BLD-C02-P02-008771,C02-P02,2025-07-04 21:05:44,Falha,508,594,7
BLD-C02-P02-008772,C02-P02,2025-07-11 18:13:50,Sucesso,441,481,0
BLD-C02-P02-008773,C02-P02,2025-07-06 12:37:25,Falha,396,493,10
BLD-C02-P02-008774,C02-P02,2025-07-28 10:16:06,Sucesso,168,430,0
BLD-C02-P02-008775,C02-P02,2025-07-07 19:12:43,Falha,292,270,5
BLD-C02-P02-008776,C02-P02,2025-07-23 15:52:02,Sucesso,574,527,0
BLD-C02-P02-008777,C02-P02,2025-07-11 11:30:20,Sucesso,376,163,0
BLD-C02-P02-008778,C02-P02,2025-07-30 20:42:48,Falha,108,446,4
BLD-C02-P02-008779,C02-P02,2025-07-18 16:42:30,Sucesso,145,866,0
BLD-C02-P02-008780,C02-P02,2025-07-27 12:37:35,Sucesso,168,422,0
BLD-C02-P02-008781,C02-P02,2025-07-21 21:42:32,Sucesso,357,505,0
BLD-C02-P02-008782,C02-P02,2025-07-30 15:49:35,Sucesso,386,374,0
BLD-C02-P02-008783,C02-P02,2025-07-04 19:58:32,Falha,286,128,10
BLD-C02-P02-008784,C02-P02,2025-07-08 21:54:40,Sucesso,240,824,0
BLD-C02-P02-008785,C02-P02,2025-07-18 21:15:40,Sucesso,480,321,0
BLD-C02-P02-008786,C02-P02,2025-07-29 19:12:31,Sucesso,252,262,0
BLD-C02-P02-008787,C02-P02,2025-07-22 17:47:26,Falha,403,446,7
BLD-C02-P02-008788,C02-P02,2025-07-23 13:19:58,Falha,152,332,4
BLD-C02-P02-008789,C02-P02,2025-07-24 18:26:11,Sucesso,185,252,0
BLD-C02-P02-008790,C02-P02,2025-07-02 11:53:14,Falha,213,397,5
BLD-C02-P02-008791,C02-P02,2025-07-19 12:26:54,Sucesso,321,292,0
BLD-C02-P02-008792,C02-P02,2025-07-31 20:36:38,Sucesso,96,307,0
BLD-C02-P02-008793,C02-P02,2025-07-24 18:20:28,Sucesso,679,571,0
BLD-C02-P02-008794,C02-P02,2025-07-23 08:21:50,Sucesso,719,142,0
BLD-C02-P02-008795,C02-P02,2025-07-02 20:55:12,Sucesso,325,386,0
BLD-C02-P02-008796,C02-P02,2025-07-13 19:36:55,Sucesso,249,10,0
BLD-C02-P02-008797,C02-P02,2025-07-11 17:35:38,Sucesso,20,46,0
BLD-C02-P02-008798,C02-P02,2025-07-16 21:55:22,Falha,409,177,6
BLD-C02-P02-008799,C02-P02,2025-07-08 16:50:23,Sucesso,235,611,0
BLD-C02-P02-008800,C02-P02,2025-07-04 11:57:24,Falha,404,88,3
BLD-C02-P02-008801,C02-P02,2025-07-15 15:47:39,Sucesso,189,276,0
BLD-C02-P02-008802,C02-P02,2025-07-13 07:52:24,Sucesso,361,630,0
BLD-C02-P02-008803,C02-P02,2025-07-05 16:04:48,Sucesso,276,10,1
BLD-C02-P02-008804,C02-P02,2025-07-29 14:05:17,Sucesso,346,413,0
BLD-C02-P02-008805,C02-P02,2025-07-20 08:36:21,Sucesso,225,234,0
BLD-C02-P02-008806,C02-P02,2025-07-13 10:18:08,Sucesso,150,141,0
BLD-C02-P02-008807,C02-P02,2025-07-27 07:59:16,Sucesso,240,10,0
BLD-C02-P02-008808,C02-P02,2025-07-06 18:14:18,Sucesso,280,257,0
BLD-C02-P02-008809,C02-P02,2025-07-08 14:56:01,Sucesso,540,491,0
BLD-C02-P02-008810,C02-P02,2025-07-06 09:40:58,Sucesso,181,290,0
BLD-C02-P02-008811,C02-P02,2025-07-15 15:12:38,Falha,103,687,5
BLD-C02-P02-008812,C02-P02,2025-07-29 17:49:56,Sucesso,20,476,0
BLD-C02-P02-008813,C02-P02,2025-07-15 19:41:41,Sucesso,20,284,0
BLD-C02-P02-008814,C02-P02,2025-07-01 17:52:08,Falha,466,632,2
BLD-C02-P02-008815,C02-P02,2025-07-29 07:37:46,Sucesso,456,333,0
BLD-C02-P02-008816,C02-P02,2025-08-07 07:27:28,Sucesso,213,430,1
BLD-C02-P02-008817,C02-P02,2025-08-24 21:56:24,Sucesso,242,546,0
BLD-C02-P02-008818,C02-P02,2025-08-15 12:01:49,Sucesso,321,292,0
BLD-C02-P02-008819,C02-P02,2025-08-21 20:40:01,Falha,20,508,2
BLD-C02-P02-008820,C02-P02,2025-08-23 16:04:20,Sucesso,401,481,0
BLD-C02-P02-008821,C02-P02,2025-08-30 16:24:23,Sucesso,223,448,0
BLD-C02-P02-008822,C02-P02,2025-08-02 09:32:09,Sucesso,504,482,0
BLD-C02-P02-008823,C02-P02,2025-08-25 09:58:20,Sucesso,488,778,0
BLD-C02-P02-008824,C02-P02,2025-08-30 16:14:27,Sucesso,536,575,0
BLD-C02-P02-008825,C02-P02,2025-08-07 18:41:12,Sucesso,235,657,0
BLD-C02-P02-008826,C02-P02,2025-08-09 21:53:27,Falha,378,357,4
BLD-C02-P02-008827,C02-P02,2025-08-04 18:38:01,Falha,41,306,5
BLD-C02-P02-008828,C02-P02,2025-08-24 09:58:01,Sucesso,387,180,0
BLD-C02-P02-008829,C02-P02,2025-08-25 17:53:00,Falha,301,467,10
BLD-C02-P02-008830,C02-P02,2025-08-04 20:20:43,Sucesso,310,406,0
BLD-C02-P02-008831,C02-P02,2025-08-27 12:12:20,Sucesso,433,235,0
BLD-C02-P02-008832,C02-P02,2025-08-21 07:35:51,Falha,520,10,1
BLD-C02-P02-008833,C02-P02,2025-08-28 09:48:38,Sucesso,362,327,0
BLD-C02-P02-008834,C02-P02,2025-08-07 09:03:40,Sucesso,269,269,0
BLD-C02-P02-008835,C02-P02,2025-08-08 21:52:48,Sucesso,663,480,0
BLD-C02-P02-008836,C02-P02,2025-08-26 10:52:57,Sucesso,374,266,0
BLD-C02-P02-008837,C02-P02,2025-08-23 21:54:39,Falha,428,631,1
BLD-C02-P02-008838,C02-P02,2025-08-07 15:43:15,Sucesso,378,694,0
BLD-C02-P02-008839,C02-P02,2025-08-03 18:51:44,Sucesso,243,338,0
BLD-C02-P02-008840,C02-P02,2025-08-22 10:18:53,Sucesso,243,240,0
BLD-C02-P02-008841,C02-P02,2025-08-28 17:04:25,Sucesso,542,252,0
BLD-C02-P02-008842,C02-P02,2025-08-05 13:23:53,Sucesso,432,452,0
BLD-C02-P02-008843,C02-P02,2025-08-01 21:19:22,Sucesso,241,520,0
BLD-C02-P02-008844,C02-P02,2025-08-21 19:40:54,Sucesso,464,334,0
BLD-C02-P02-008845,C02-P02,2025-08-04 15:54:28,Sucesso,481,430,0
BLD-C02-P02-008846,C02-P02,2025-08-09 15:27:19,Falha,157,474,3
BLD-C02-P02-008847,C02-P02,2025-08-07 08:40:22,Falha,362,120,5
BLD-C02-P02-008848,C02-P02,2025-08-29 08:33:46,Sucesso,424,385,1
BLD-C02-P02-008849,C02-P02,2025-08-24 19:27:57,Sucesso,500,661,0
BLD-C02-P02-008850,C02-P02,2025-08-30 18:03:43,Sucesso,235,48,0
BLD-C02-P02-008851,C02-P02,2025-08-21 20:06:30,Falha,335,471,3
BLD-C02-P02-008852,C02-P02,2025-08-15 14:37:44,Sucesso,349,323,0
BLD-C02-P02-008853,C02-P02,2025-08-25 07:57:04,Falha,348,349,7
BLD-C02-P02-008854,C02-P02,2025-08-26 16:59:04,Falha,148,463,11
BLD-C02-P02-008855,C02-P02,2025-08-05 15:51:10,Sucesso,330,226,0
BLD-C02-P02-008856,C02-P02,2025-08-08 10:43:56,Falha,125,540,19
BLD-C02-P02-008857,C02-P02,2025-08-07 12:13:30,Sucesso,295,10,0
BLD-C02-P02-008858,C02-P02,2025-08-26 15:35:38,Sucesso,329,166,0
BLD-C02-P02-008859,C02-P02,2025-08-24 19:20:52,Sucesso,304,315,0
BLD-C02-P02-008860,C02-P02,2025-08-02 14:19:11,Sucesso,20,294,0
BLD-C02-P02-008861,C02-P02,2025-08-01 11:24:39,Falha,335,462,4
BLD-C02-P02-008862,C02-P02,2025-08-21 20:59:18,Sucesso,357,499,0
BLD-C02-P02-008863,C02-P02,2025-08-20 15:18:09,Sucesso,33,368,0
BLD-C02-P02-008864,C02-P02,2025-08-18 11:19:50,Sucesso,842,762,0
BLD-C02-P02-008865,C02-P02,2025-08-26 15:01:03,Falha,207,140,6
BLD-C02-P02-008866,C02-P02,2025-08-31 10:13:22,Sucesso,402,240,0
BLD-C02-P02-008867,C02-P02,2025-09-04 11:21:11,Sucesso,352,441,0
BLD-C02-P02-008868,C02-P02,2025-09-14 19:44:35,Sucesso,266,701,2
BLD-C02-P02-008869,C02-P02,2025-09-05 17:26:37,Sucesso,638,81,0
BLD-C02-P02-008870,C02-P02,2025-09-30 19:58:57,Sucesso,239,292,0
BLD-C02-P02-008871,C02-P02,2025-09-01 13:36:03,Sucesso,259,18,0
BLD-C02-P02-008872,C02-P02,2025-09-07 11:01:28,Sucesso,616,364,0
BLD-C02-P02-008873,C02-P02,2025-09-25 07:10:51,Sucesso,613,564,0
BLD-C02-P02-008874,C02-P02,2025-09-14 07:08:11,Falha,382,629,10
BLD-C02-P02-008875,C02-P02,2025-09-18 21:15:19,Sucesso,200,635,0
BLD-C02-P02-008876,C02-P02,2025-09-30 17:13:58,Sucesso,555,165,0
BLD-C02-P02-008877,C02-P02,2025-09-15 12:57:53,Sucesso,462,314,0
BLD-C02-P02-008878,C02-P02,2025-09-06 10:05:00,Sucesso,699,735,0
BLD-C02-P02-008879,C02-P02,2025-09-21 20:21:28,Falha,20,195,5
BLD-C02-P02-008880,C02-P02,2025-09-12 16:12:38,Sucesso,102,805,0
BLD-C02-P02-008881,C02-P02,2025-09-11 18:33:24,Sucesso,140,428,0
BLD-C02-P02-008882,C02-P02,2025-09-21 17:04:25,Sucesso,160,10,0
BLD-C02-P02-008883,C02-P02,2025-09-21 18:11:13,Sucesso,498,72,0
BLD-C02-P02-008884,C02-P02,2025-09-28 09:26:54,Sucesso,381,525,0
BLD-C02-P02-008885,C02-P02,2025-09-29 19:55:24,Sucesso,361,540,0
BLD-C02-P02-008886,C02-P02,2025-09-14 10:41:20,Sucesso,509,507,0
BLD-C02-P02-008887,C02-P02,2025-09-25 07:53:30,Falha,342,392,5
BLD-C02-P02-008888,C02-P02,2025-09-20 07:23:25,Sucesso,20,105,0
BLD-C02-P02-008889,C02-P02,2025-09-17 07:41:40,Sucesso,475,185,2
BLD-C02-P02-008890,C02-P02,2025-09-23 17:59:25,Falha,425,136,17
BLD-C02-P02-008891,C02-P02,2025-09-12 18:58:19,Sucesso,323,255,0
BLD-C02-P02-008892,C02-P02,2025-09-17 21:47:04,Sucesso,322,428,0
BLD-C02-P02-008893,C02-P02,2025-09-25 08:28:13,Sucesso,512,366,0
BLD-C02-P02-008894,C02-P02,2025-09-18 07:10:44,Sucesso,474,476,0
BLD-C02-P02-008895,C02-P02,2025-09-06 15:20:20,Sucesso,304,464,0
BLD-C02-P02-008896,C02-P02,2025-09-10 14:29:21,Falha,208,310,13
BLD-C02-P02-008897,C02-P02,2025-09-18 11:41:43,Sucesso,497,590,0
BLD-C02-P02-008898,C02-P02,2025-09-27 20:32:46,Sucesso,230,498,0
BLD-C02-P02-008899,C02-P02,2025-09-02 12:53:38,Falha,422,664,5
BLD-C02-P02-008900,C02-P02,2025-09-07 20:40:48,Sucesso,306,422,0
BLD-C02-P02-008901,C02-P02,2025-09-06 20:38:24,Sucesso,476,399,0
BLD-C02-P02-008902,C02-P02,2025-09-21 13:54:46,Falha,330,346,4
BLD-C02-P02-008903,C02-P02,2025-09-08 14:34:13,Sucesso,198,638,0
BLD-C02-P02-008904,C02-P02,2025-09-23 10:56:58,Sucesso,664,459,0
BLD-C02-P02-008905,C02-P02,2025-09-01 08:09:57,Sucesso,331,275,0
BLD-C02-P02-008906,C02-P02,2025-09-24 09:16:44,Sucesso,511,367,0
BLD-C02-P02-008907,C02-P02,2025-09-04 09:31:34,Sucesso,136,571,0
BLD-C02-P02-008908,C02-P02,2025-09-22 14:09:47,Falha,368,245,2
BLD-C02-P02-008909,C02-P02,2025-09-15 10:58:56,Sucesso,254,232,0
BLD-C02-P02-008910,C02-P02,2025-09-09 07:34:27,Sucesso,432,93,0
BLD-C02-P02-008911,C02-P02,2025-09-01 07:00:00,Sucesso,107,547,0
BLD-C02-P02-008912,C02-P02,2025-09-27 20:10:11,Sucesso,264,275,0
BLD-C02-P02-008913,C02-P02,2025-09-23 10:39:32,Sucesso,369,10,0
BLD-C02-P02-008914,C02-P02,2025-09-17 08:14:39,Sucesso,256,720,0
BLD-C02-P02-008915,C02-P02,2025-09-16 11:00:35,Falha,422,603,5
BLD-C02-P02-008916,C02-P02,2025-09-29 07:29:00,Sucesso,496,665,0
BLD-C02-P02-008917,C02-P02,2025-09-23 19:33:08,Sucesso,460,557,0
BLD-C02-P02-008918,C02-P02,2025-09-09 21:11:27,Falha,561,545,1
BLD-C02-P02-008919,C02-P02,2025-09-05 13:44:19,Sucesso,408,497,0
BLD-C02-P02-008920,C02-P02,2025-09-30 16:04:41,Sucesso,20,92,0
BLD-C02-P02-008921,C02-P02,2025-09-02 18:48:35,Sucesso,167,280,0
BLD-C02-P02-008922,C02-P02,2025-09-17 20:03:12,Sucesso,227,342,2
BLD-C02-P02-008923,C02-P02,2025-09-23 17:58:33,Sucesso,47,262,0
BLD-C02-P02-008924,C02-P02,2025-09-05 08:40:01,Sucesso,324,527,0
BLD-C02-P02-008925,C02-P02,2025-09-13 20:58:29,Sucesso,315,320,0
BLD-C02-P02-008926,C02-P02,2025-09-14 08:59:40,Sucesso,182,387,0
BLD-C02-P02-008927,C02-P02,2025-09-20 15:50:43,Sucesso,257,288,0
BLD-C02-P02-008928,C02-P02,2025-09-17 14:15:36,Sucesso,20,259,0
BLD-C02-P02-008929,C02-P02,2025-09-01 20:59:23,Sucesso,125,543,0
BLD-C02-P02-008930,C02-P02,2025-09-01 07:54:53,Sucesso,239,207,0
BLD-C02-P02-008931,C02-P02,2025-09-10 14:03:30,Sucesso,553,584,0
BLD-C02-P02-008932,C02-P02,2025-09-08 20:12:45,Sucesso,258,788,0
BLD-C02-P02-008933,C02-P02,2025-09-28 13:44:41,Sucesso,479,163,0
BLD-C02-P02-008934,C02-P02,2025-09-07 15:12:26,Sucesso,130,742,0
BLD-C02-P02-008935,C02-P02,2025-09-01 08:53:05,Sucesso,476,754,0
BLD-C02-P02-008936,C02-P02,2025-09-05 11:27:28,Sucesso,321,353,0
BLD-C02-P02-008937,C02-P02,2025-09-03 15:41:56,Falha,563,10,2
BLD-C02-P02-008938,C02-P02,2025-09-06 13:47:24,Sucesso,619,548,0
BLD-C02-P02-008939,C02-P02,2025-09-28 21:01:05,Sucesso,328,369,1
BLD-C02-P02-008940,C02-P02,2025-09-04 07:45:47,Sucesso,362,477,0
BLD-C02-P02-008941,C02-P02,2025-09-17 08:04:16,Sucesso,249,282,0
BLD-C02-P02-008942,C02-P02,2025-09-13 20:39:28,Sucesso,263,287,0
BLD-C02-P02-008943,C02-P02,2025-09-14 21:15:00,Sucesso,564,129,0
BLD-C02-P02-008944,C02-P02,2025-09-04 10:27:07,Sucesso,387,289,0
BLD-C02-P02-008945,C02-P02,2025-09-14 09:25:27,Sucesso,446,379,0
BLD-C02-P02-008946,C02-P02,2025-09-18 07:49:59,Sucesso,395,298,0
BLD-C02-P02-008947,C02-P02,2025-09-28 21:49:24,Sucesso,209,94,0
BLD-C02-P02-008948,C02-P02,2025-10-31 18:30:38,Sucesso,318,365,0
BLD-C02-P02-008949,C02-P02,2025-10-25 18:05:10,Sucesso,295,365,0
BLD-C02-P02-008950,C02-P02,2025-10-31 07:11:43,Sucesso,303,699,0
BLD-C02-P02-008951,C02-P02,2025-10-08 20:21:01,Sucesso,546,373,0
BLD-C02-P02-008952,C02-P02,2025-10-31 13:27:27,Sucesso,270,74,0
BLD-C02-P02-008953,C02-P02,2025-10-30 16:55:56,Sucesso,98,539,0
BLD-C02-P02-008954,C02-P02,2025-10-17 17:53:45,Sucesso,419,498,0
BLD-C02-P02-008955,C02-P02,2025-10-06 19:22:41,Sucesso,395,325,0
BLD-C02-P02-008956,C02-P02,2025-10-01 16:57:29,Sucesso,282,366,0
BLD-C02-P02-008957,C02-P02,2025-10-09 08:37:54,Sucesso,78,441,0
BLD-C02-P02-008958,C02-P02,2025-10-24 08:30:51,Sucesso,304,90,0
BLD-C02-P02-008959,C02-P02,2025-10-29 16:09:17,Sucesso,483,223,0
BLD-C02-P02-008960,C02-P02,2025-10-13 18:05:29,Sucesso,553,295,0
BLD-C02-P02-008961,C02-P02,2025-10-13 17:25:05,Sucesso,226,255,3
BLD-C02-P02-008962,C02-P02,2025-10-06 11:31:25,Sucesso,198,83,0
BLD-C02-P02-008963,C02-P02,2025-10-06 13:50:53,Sucesso,253,30,0
BLD-C02-P02-008964,C02-P02,2025-10-30 18:29:13,Sucesso,382,405,0
BLD-C02-P02-008965,C02-P02,2025-10-05 11:42:46,Sucesso,427,354,0
BLD-C02-P02-008966,C02-P02,2025-10-03 11:50:29,Sucesso,281,368,0
BLD-C02-P02-008967,C02-P02,2025-10-31 13:01:57,Falha,409,667,1
BLD-C02-P02-008968,C02-P02,2025-10-05 14:03:18,Sucesso,505,10,0
BLD-C02-P02-008969,C02-P02,2025-10-28 09:06:04,Sucesso,329,295,0
BLD-C02-P02-008970,C02-P02,2025-10-01 17:54:41,Sucesso,375,286,0
BLD-C02-P02-008971,C02-P02,2025-10-19 21:38:59,Falha,170,395,1
BLD-C02-P02-008972,C02-P02,2025-10-13 12:35:16,Sucesso,20,265,0
BLD-C02-P02-008973,C02-P02,2025-10-01 14:46:24,Sucesso,341,633,0
BLD-C02-P02-008974,C02-P02,2025-10-07 07:28:13,Sucesso,536,285,0
BLD-C02-P02-008975,C02-P02,2025-10-27 15:01:22,Sucesso,44,396,0
BLD-C02-P02-008976,C02-P02,2025-10-14 15:58:44,Sucesso,396,106,0
BLD-C02-P02-008977,C02-P02,2025-10-09 17:40:24,Sucesso,383,418,0
BLD-C02-P02-008978,C02-P02,2025-10-13 14:44:09,Sucesso,287,106,0
BLD-C02-P02-008979,C02-P02,2025-10-16 21:56:38,Sucesso,292,498,0
BLD-C02-P02-008980,C02-P02,2025-10-19 18:46:21,Sucesso,576,388,0
BLD-C02-P02-008981,C02-P02,2025-10-06 08:16:08,Sucesso,237,509,0
BLD-C02-P02-008982,C02-P02,2025-11-04 21:58:25,Falha,92,480,4
BLD-C02-P02-008983,C02-P02,2025-11-05 14:11:03,Falha,510,489,1
BLD-C02-P02-008984,C02-P02,2025-11-24 17:50:46,Sucesso,333,439,0
BLD-C02-P02-008985,C02-P02,2025-11-19 19:00:38,Sucesso,382,168,1
BLD-C02-P02-008986,C02-P02,2025-11-07 13:28:26,Sucesso,493,595,0
BLD-C02-P02-008987,C02-P02,2025-11-11 21:35:36,Sucesso,464,470,0
BLD-C02-P02-008988,C02-P02,2025-11-05 09:23:12,Sucesso,424,35,0
BLD-C02-P02-008989,C02-P02,2025-11-27 13:11:05,Sucesso,257,755,1
BLD-C02-P02-008990,C02-P02,2025-11-26 07:14:44,Sucesso,131,427,0
BLD-C02-P02-008991,C02-P02,2025-11-20 09:22:51,Sucesso,107,319,0
BLD-C02-P02-008992,C02-P02,2025-11-28 20:07:29,Sucesso,264,503,0
BLD-C02-P02-008993,C02-P02,2025-11-04 17:16:53,Sucesso,328,40,0
BLD-C02-P02-008994,C02-P02,2025-11-30 07:44:25,Sucesso,435,559,0
BLD-C02-P02-008995,C02-P02,2025-11-02 15:11:12,Sucesso,285,448,0
BLD-C02-P02-008996,C02-P02,2025-11-20 18:37:13,Sucesso,313,686,0
BLD-C02-P02-008997,C02-P02,2025-11-14 20:11:43,Sucesso,443,552,0
BLD-C02-P02-008998,C02-P02,2025-11-23 08:55:51,Sucesso,154,149,0
BLD-C02-P02-008999,C02-P02,2025-11-07 14:00:45,Sucesso,578,673,0
BLD-C02-P02-009000,C02-P02,2025-11-11 11:04:00,Falha,67,193,6
BLD-C02-P02-009001,C02-P02,2025-11-12 14:12:46,Sucesso,219,594,0
BLD-C02-P02-009002,C02-P02,2025-11-28 07:59:14,Sucesso,185,588,0
BLD-C02-P02-009003,C02-P02,2025-11-03 09:29:37,Sucesso,483,425,0
BLD-C02-P02-009004,C02-P02,2025-11-18 15:37:18,Sucesso,466,467,0
BLD-C02-P02-009005,C02-P02,2025-11-25 10:06:54,Sucesso,371,542,0
BLD-C02-P02-009006,C02-P02,2025-11-16 13:19:10,Sucesso,342,622,0
BLD-C02-P02-009007,C02-P02,2025-11-25 19:13:53,Sucesso,72,436,0
BLD-C02-P02-009008,C02-P02,2025-11-12 09:15:48,Sucesso,25,765,0
BLD-C02-P02-009009,C02-P02,2025-11-21 08:44:50,Sucesso,276,706,0
BLD-C02-P02-009010,C02-P02,2025-11-26 07:44:38,Sucesso,479,564,0
BLD-C02-P02-009011,C02-P02,2025-12-24 13:51:52,Sucesso,454,517,0
BLD-C02-P02-009012,C02-P02,2025-12-07 07:29:56,Falha,355,374,1
BLD-C02-P02-009013,C02-P02,2025-12-29 20:12:03,Sucesso,459,294,0
BLD-C02-P02-009014,C02-P02,2025-12-24 07:06:43,Falha,352,327,8
BLD-C02-P02-009015,C02-P02,2025-12-14 14:31:44,Sucesso,220,727,0
BLD-C02-P02-009016,C02-P02,2025-12-30 07:28:39,Sucesso,433,278,0
BLD-C02-P02-009017,C02-P02,2025-12-25 07:29:27,Sucesso,136,379,0
BLD-C02-P02-009018,C02-P02,2025-12-18 12:32:27,Falha,85,437,9
BLD-C02-P02-009019,C02-P02,2025-12-08 19:28:41,Sucesso,214,332,0
BLD-C02-P02-009020,C02-P02,2025-12-31 12:10:50,Falha,370,525,12
BLD-C02-P02-009021,C02-P02,2025-12-21 18:03:58,Falha,209,415,3
BLD-C02-P02-009022,C02-P02,2025-12-11 19:13:14,Falha,253,323,3
BLD-C02-P02-009023,C02-P02,2025-12-23 12:08:09,Sucesso,60,600,0
BLD-C02-P02-009024,C02-P02,2025-12-12 07:08:23,Sucesso,198,193,0
BLD-C02-P02-009025,C02-P02,2025-12-14 08:38:24,Sucesso,382,396,0
BLD-C02-P02-009026,C02-P02,2025-12-10 19:10:24,Falha,20,775,12
BLD-C02-P02-009027,C02-P02,2025-12-08 21:05:25,Sucesso,28,406,0
BLD-C02-P02-009028,C02-P02,2025-12-23 13:50:05,Sucesso,534,776,0
BLD-C02-P02-009029,C02-P02,2025-12-21 21:19:42,Sucesso,488,111,0
BLD-C02-P02-009030,C02-P02,2025-12-04 11:21:07,Sucesso,150,399,0
BLD-C02-P02-009031,C02-P02,2025-12-25 18:12:20,Sucesso,383,344,0
BLD-C02-P02-009032,C02-P02,2025-12-22 17:34:37,Sucesso,498,414,0
BLD-C02-P02-009033,C02-P02,2025-12-08 11:20:18,Sucesso,399,365,0
BLD-C02-P02-009034,C02-P02,2025-12-05 19:36:10,Sucesso,221,151,1
BLD-C02-P02-009035,C02-P02,2025-12-18 09:01:00,Sucesso,331,73,0
BLD-C02-P02-009036,C02-P02,2025-12-16 13:05:40,Sucesso,416,473,0
BLD-C02-P02-009037,C02-P02,2025-12-13 10:28:30,Sucesso,265,418,0
BLD-C02-P02-009038,C02-P02,2025-12-20 19:22:43,Falha,502,407,1
BLD-C02-P02-009039,C02-P02,2025-12-24 16:26:26,Sucesso,316,56,0
BLD-C02-P02-009040,C02-P02,2025-12-31 18:10:10,Sucesso,161,414,0
BLD-C02-P02-009041,C02-P02,2025-12-23 17:02:20,Sucesso,214,540,0
BLD-C02-P02-009042,C02-P02,2025-12-23 09:42:05,Falha,537,512,3
BLD-C02-P02-009043,C02-P02,2025-12-22 21:59:08,Sucesso,585,440,0
BLD-C02-P02-009044,C02-P02,2025-12-10 18:09:23,Sucesso,558,428,0
BLD-C02-P02-009045,C02-P02,2025-12-09 10:48:25,Sucesso,252,316,0
BLD-C02-P02-009046,C02-P02,2025-12-31 18:09:07,Sucesso,365,275,1
BLD-C02-P02-009047,C02-P02,2025-12-10 08:29:21,Sucesso,589,681,0
BLD-C02-P02-009048,C02-P02,2025-12-20 18:09:01,Falha,385,411,2
BLD-C02-P02-009049,C02-P02,2025-12-15 07:26:58,Sucesso,139,271,0
BLD-C02-P02-009050,C02-P02,2025-12-14 15:08:03,Sucesso,65,415,0
BLD-C02-P02-009051,C02-P02,2025-12-15 20:44:45,Sucesso,361,121,0
BLD-C02-P02-009052,C02-P02,2026-01-10 18:08:20,Sucesso,322,139,0
BLD-C02-P02-009053,C02-P02,2026-01-24 10:58:44,Sucesso,196,831,0
BLD-C02-P02-009054,C02-P02,2026-01-30 17:13:17,Sucesso,263,158,0
BLD-C02-P02-009055,C02-P02,2026-01-03 20:21:18,Sucesso,146,436,0
BLD-C02-P02-009056,C02-P02,2026-01-08 19:41:25,Sucesso,133,308,0
BLD-C02-P02-009057,C02-P02,2026-01-08 14:20:14,Sucesso,283,206,0
BLD-C02-P02-009058,C02-P02,2026-01-09 12:07:55,Sucesso,100,10,0
BLD-C02-P02-009059,C02-P02,2026-01-28 17:02:04,Sucesso,635,451,0
BLD-C02-P02-009060,C02-P02,2026-01-19 10:32:40,Sucesso,350,510,0
BLD-C02-P02-009061,C02-P02,2026-01-26 20:10:48,Sucesso,362,484,0
BLD-C02-P02-009062,C02-P02,2026-01-13 09:11:07,Sucesso,523,138,0
BLD-C02-P02-009063,C02-P02,2026-01-18 08:40:16,Sucesso,381,395,0
BLD-C02-P02-009064,C02-P02,2026-01-15 18:45:28,Sucesso,297,10,0
BLD-C02-P02-009065,C02-P02,2026-01-18 11:39:11,Sucesso,425,636,0
BLD-C02-P02-009066,C02-P02,2026-01-11 13:52:45,Sucesso,537,612,0
BLD-C02-P02-009067,C02-P02,2026-01-12 19:00:02,Sucesso,439,500,0
BLD-C02-P02-009068,C02-P02,2026-01-19 14:48:42,Sucesso,20,191,0
BLD-C02-P02-009069,C02-P02,2026-01-05 20:06:35,Sucesso,373,578,0
BLD-C02-P02-009070,C02-P02,2026-01-08 12:36:10,Sucesso,133,607,0
BLD-C02-P02-009071,C02-P02,2026-01-18 09:33:17,Sucesso,195,317,0
BLD-C02-P02-009072,C02-P02,2026-01-19 11:08:00,Sucesso,287,469,0
BLD-C02-P02-009073,C02-P02,2026-01-21 15:22:50,Sucesso,206,573,0
BLD-C02-P02-009074,C02-P02,2026-02-18 12:38:14,Sucesso,424,108,0
BLD-C02-P02-009075,C02-P02,2026-02-15 13:06:08,Sucesso,171,616,0
BLD-C02-P02-009076,C02-P02,2026-02-23 17:15:12,Falha,251,535,7
BLD-C02-P02-009077,C02-P02,2026-02-14 18:03:09,Sucesso,408,399,0
BLD-C02-P02-009078,C02-P02,2026-02-07 20:53:21,Sucesso,407,242,0
BLD-C02-P02-009079,C02-P02,2026-02-14 07:50:47,Falha,314,335,5
BLD-C02-P02-009080,C02-P02,2026-02-14 11:17:27,Sucesso,400,449,0
BLD-C02-P02-009081,C02-P02,2026-02-17 08:43:36,Sucesso,169,152,0
BLD-C02-P02-009082,C02-P02,2026-02-06 19:56:09,Sucesso,343,709,0
BLD-C02-P02-009083,C02-P02,2026-02-07 09:24:34,Sucesso,94,338,0
BLD-C02-P02-009084,C02-P02,2026-02-12 21:59:52,Sucesso,290,189,0
BLD-C02-P02-009085,C02-P02,2026-02-17 11:04:50,Sucesso,81,838,0
BLD-C02-P02-009086,C02-P02,2026-02-28 12:37:00,Sucesso,344,503,0
BLD-C02-P02-009087,C02-P02,2026-02-17 13:28:00,Sucesso,173,501,0
BLD-C02-P02-009088,C02-P02,2026-02-20 10:48:48,Sucesso,380,450,0
BLD-C02-P02-009089,C02-P02,2026-02-08 19:16:19,Falha,429,502,12
BLD-C02-P02-009090,C02-P02,2026-02-26 11:32:32,Sucesso,468,291,0
BLD-C02-P02-009091,C02-P02,2026-02-15 13:33:37,Sucesso,251,279,0
BLD-C02-P02-009092,C02-P02,2026-02-11 20:32:04,Sucesso,180,466,0
BLD-C02-P02-009093,C02-P02,2026-02-16 10:01:43,Falha,535,486,2
BLD-C02-P02-009094,C02-P02,2026-02-04 18:27:04,Sucesso,20,93,0
BLD-C02-P02-009095,C02-P02,2026-02-05 10:09:06,Sucesso,255,84,0
BLD-C02-P02-009096,C02-P02,2026-02-05 17:53:25,Sucesso,506,144,0
BLD-C02-P02-009097,C02-P02,2026-02-09 18:36:11,Falha,294,759,1
BLD-C02-P02-009098,C02-P02,2026-02-13 10:32:30,Sucesso,536,209,0
BLD-C02-P02-009099,C02-P02,2026-02-04 07:11:50,Sucesso,274,279,0
BLD-C02-P02-009100,C02-P02,2026-02-27 13:58:25,Sucesso,283,10,0
BLD-C02-P02-009101,C02-P02,2026-03-05 14:24:40,Sucesso,24,126,0
BLD-C02-P02-009102,C02-P02,2026-03-08 11:36:56,Sucesso,20,555,0
BLD-C02-P02-009103,C02-P02,2026-03-08 10:13:23,Sucesso,251,589,0
BLD-C02-P02-009104,C02-P02,2026-03-11 08:45:56,Sucesso,108,655,0
BLD-C02-P02-009105,C02-P02,2026-03-20 20:44:46,Falha,585,421,6
BLD-C02-P02-009106,C02-P02,2026-03-30 11:37:49,Sucesso,327,756,0
BLD-C02-P02-009107,C02-P02,2026-03-06 10:24:26,Sucesso,367,384,0
BLD-C02-P02-009108,C02-P02,2026-03-30 14:00:57,Sucesso,434,183,0
BLD-C02-P02-009109,C02-P02,2026-03-18 16:38:44,Sucesso,423,408,0
BLD-C02-P02-009110,C02-P02,2026-03-05 10:37:30,Sucesso,239,578,0
BLD-C02-P02-009111,C02-P02,2026-03-23 20:41:52,Sucesso,368,31,0
BLD-C02-P02-009112,C02-P02,2026-04-29 15:17:12,Sucesso,547,444,0
BLD-C02-P02-009113,C02-P02,2026-04-23 11:03:35,Sucesso,515,270,0
BLD-C02-P02-009114,C02-P02,2026-04-20 14:36:34,Sucesso,165,783,0
BLD-C02-P02-009115,C02-P02,2026-04-21 11:19:35,Sucesso,597,411,0
BLD-C02-P02-009116,C02-P02,2026-04-11 17:26:45,Sucesso,343,209,0
BLD-C02-P02-009117,C02-P02,2026-04-21 18:53:25,Sucesso,487,702,0
BLD-C02-P02-009118,C02-P02,2026-04-13 08:52:27,Sucesso,359,526,0
BLD-C02-P02-009119,C02-P02,2026-04-09 11:50:28,Sucesso,303,740,0
BLD-C02-P02-009120,C02-P02,2026-04-11 16:07:02,Sucesso,444,218,0
BLD-C02-P02-009121,C02-P02,2026-04-05 16:46:31,Falha,399,333,6
BLD-C02-P02-009122,C02-P02,2026-04-22 13:03:16,Sucesso,241,515,0
BLD-C02-P02-009123,C02-P02,2026-04-04 13:21:54,Sucesso,235,434,0
BLD-C02-P02-009124,C02-P02,2026-04-03 21:15:57,Sucesso,513,293,0
BLD-C02-P02-009125,C02-P02,2026-04-27 17:49:35,Sucesso,406,503,0
BLD-C02-P02-009126,C02-P02,2026-04-12 09:51:35,Sucesso,127,82,0
BLD-C02-P02-009127,C02-P02,2026-04-02 20:57:30,Sucesso,587,170,0
BLD-C02-P02-009128,C02-P02,2026-04-24 07:45:53,Sucesso,449,343,0
BLD-C02-P02-009129,C02-P02,2026-04-03 16:10:26,Sucesso,205,405,0
BLD-C02-P02-009130,C02-P02,2026-04-15 17:17:22,Sucesso,248,739,0
BLD-C02-P02-009131,C02-P02,2026-05-24 19:47:26,Falha,175,516,14
BLD-C02-P02-009132,C02-P02,2026-05-13 17:38:09,Sucesso,384,480,0
BLD-C02-P02-009133,C02-P02,2026-05-08 21:24:23,Sucesso,233,204,0
BLD-C02-P02-009134,C02-P02,2026-05-14 21:50:26,Sucesso,281,433,0
BLD-C02-P02-009135,C02-P02,2026-05-27 19:52:00,Sucesso,263,900,0
BLD-C02-P02-009136,C02-P02,2026-05-21 08:30:52,Sucesso,116,227,0
BLD-C02-P02-009137,C02-P02,2026-05-13 14:00:11,Falha,545,427,7
BLD-C02-P02-009138,C02-P02,2026-05-29 19:40:08,Falha,242,515,3
BLD-C02-P02-009139,C02-P02,2026-05-04 16:53:01,Sucesso,410,555,0
BLD-C02-P02-009140,C02-P02,2026-05-13 10:28:19,Sucesso,484,313,0
BLD-C02-P02-009141,C02-P02,2026-05-20 07:05:36,Sucesso,399,168,0
BLD-C02-P02-009142,C02-P02,2026-05-25 09:48:25,Sucesso,432,223,0
BLD-C02-P02-009143,C02-P02,2026-05-17 10:13:43,Falha,463,676,2
BLD-C02-P02-009144,C02-P02,2026-05-02 10:57:00,Falha,407,406,8
BLD-C02-P02-009145,C02-P02,2026-05-16 11:11:57,Sucesso,295,575,0
BLD-C02-P02-009146,C02-P02,2026-05-11 07:04:03,Falha,377,334,3
BLD-C02-P02-009147,C02-P02,2026-05-03 07:15:42,Sucesso,430,685,0
BLD-C02-P02-009148,C02-P02,2026-05-24 11:16:41,Sucesso,587,261,0
BLD-C02-P02-009149,C02-P02,2026-05-10 07:05:40,Sucesso,213,602,0
BLD-C02-P02-009150,C02-P02,2026-05-09 21:41:30,Sucesso,187,228,0
BLD-C02-P02-009151,C02-P02,2026-05-04 20:43:08,Sucesso,556,379,0
BLD-C02-P02-009152,C02-P02,2026-06-26 08:30:44,Falha,537,373,6
BLD-C02-P02-009153,C02-P02,2026-06-21 17:04:59,Sucesso,273,600,0
BLD-C02-P02-009154,C02-P02,2026-06-27 11:41:58,Sucesso,372,446,0
BLD-C02-P02-009155,C02-P02,2026-06-06 14:40:42,Sucesso,253,486,0
BLD-C02-P02-009156,C02-P02,2026-06-16 07:13:05,Sucesso,297,333,0
BLD-C02-P02-009157,C02-P02,2026-06-09 11:24:16,Sucesso,200,148,1
BLD-C02-P02-009158,C02-P02,2026-06-04 15:06:07,Sucesso,289,412,0
BLD-C02-P02-009159,C02-P02,2026-06-18 17:14:46,Sucesso,264,352,0
BLD-C02-P02-009160,C02-P02,2026-06-14 19:22:25,Sucesso,374,248,0
BLD-C02-P02-009161,C02-P02,2026-06-05 21:20:59,Sucesso,472,184,0
BLD-C02-P02-009162,C02-P02,2026-06-07 17:33:25,Sucesso,236,148,0
BLD-C02-P02-009163,C02-P02,2026-06-05 16:30:20,Sucesso,525,389,0
BLD-C02-P02-009164,C02-P02,2026-06-11 19:40:21,Sucesso,329,446,0
BLD-C02-P02-009165,C02-P02,2026-06-29 17:56:35,Sucesso,473,286,0
BLD-C02-P02-009166,C02-P02,2026-06-21 14:57:43,Sucesso,360,493,0
BLD-C02-P02-009167,C02-P02,2026-06-30 18:25:00,Falha,294,466,10
BLD-C02-P02-009168,C02-P02,2026-06-29 13:43:01,Falha,421,445,12
BLD-C02-P02-009169,C02-P02,2026-06-16 07:38:20,Falha,345,648,1
BLD-C02-P02-009170,C02-P02,2026-06-19 11:43:42,Falha,306,10,10
BLD-C02-P02-009171,C02-P02,2026-07-26 09:14:13,Sucesso,345,340,0
BLD-C02-P02-009172,C02-P02,2026-07-15 19:09:48,Sucesso,443,192,0
BLD-C02-P02-009173,C02-P02,2026-07-10 07:48:32,Sucesso,532,394,0
BLD-C02-P02-009174,C02-P02,2026-07-25 07:41:20,Falha,313,567,4
BLD-C02-P02-009175,C02-P02,2026-07-22 11:31:31,Sucesso,428,369,0
BLD-C02-P02-009176,C02-P02,2026-07-06 10:14:42,Sucesso,139,278,0
BLD-C02-P02-009177,C02-P02,2026-07-22 16:31:33,Sucesso,345,306,0
BLD-C02-P02-009178,C02-P02,2026-07-31 13:47:34,Sucesso,171,456,0
BLD-C02-P02-009179,C02-P02,2026-07-17 10:26:37,Sucesso,592,362,0
BLD-C02-P02-009180,C02-P02,2026-07-23 21:31:59,Sucesso,599,687,0
BLD-C02-P02-009181,C02-P02,2026-07-30 09:35:01,Falha,386,248,4
BLD-C02-P02-009182,C02-P02,2026-07-09 14:55:02,Falha,355,492,2
BLD-C02-P02-009183,C02-P02,2026-07-03 20:16:29,Sucesso,180,470,0
BLD-C02-P02-009184,C02-P02,2026-07-25 19:46:38,Sucesso,308,850,0
BLD-C02-P02-009185,C02-P02,2026-07-08 10:21:38,Sucesso,461,508,0
BLD-C02-P02-009186,C02-P02,2026-07-13 07:19:53,Sucesso,468,514,0
BLD-C02-P02-009187,C02-P02,2026-07-11 21:57:13,Sucesso,279,573,0
BLD-C02-P02-009188,C02-P02,2026-07-19 16:35:56,Sucesso,20,554,0
BLD-C02-P02-009189,C02-P02,2026-07-26 18:21:00,Sucesso,306,297,0
BLD-C02-P02-009190,C02-P02,2026-07-26 18:12:39,Sucesso,597,84,0
BLD-C02-P02-009191,C02-P02,2026-07-24 08:53:32,Sucesso,342,327,0
BLD-C02-P02-009192,C02-P02,2026-07-26 08:32:25,Sucesso,276,353,0
BLD-C02-P02-009193,C02-P02,2026-07-07 07:30:50,Sucesso,309,246,0
BLD-C02-P02-009194,C02-P02,2026-07-30 09:10:14,Sucesso,396,174,0
BLD-C02-P02-009195,C02-P02,2026-07-07 10:29:55,Sucesso,105,450,0
BLD-C02-P02-009196,C02-P02,2026-07-21 18:39:30,Sucesso,690,425,0
BLD-C02-P02-009197,C02-P02,2026-07-29 15:15:31,Sucesso,108,506,0
BLD-C02-P02-009198,C02-P02,2026-07-23 18:52:47,Sucesso,423,572,0
BLD-C02-P02-009199,C02-P02,2026-07-08 08:51:27,Sucesso,388,455,2
BLD-C02-P02-009200,C02-P02,2026-07-08 16:48:26,Sucesso,271,299,0
BLD-C02-P02-009201,C02-P02,2026-07-28 20:03:59,Sucesso,112,403,0
BLD-C02-P02-009202,C02-P02,2026-07-26 08:34:56,Sucesso,329,507,0
BLD-C02-P03-009203,C02-P03,2026-01-03 21:12:41,Sucesso,20,261,0
BLD-C02-P03-009204,C02-P03,2026-01-07 14:26:36,Sucesso,405,606,0
BLD-C02-P03-009205,C02-P03,2026-01-15 11:30:16,Sucesso,263,175,0
BLD-C02-P03-009206,C02-P03,2026-01-02 09:48:53,Sucesso,496,337,0
BLD-C02-P03-009207,C02-P03,2026-01-18 12:35:31,Sucesso,296,693,0
BLD-C02-P03-009208,C02-P03,2026-01-24 08:16:10,Sucesso,362,455,0
BLD-C02-P03-009209,C02-P03,2026-01-07 15:33:13,Sucesso,623,73,0
BLD-C02-P03-009210,C02-P03,2026-01-19 07:25:31,Sucesso,20,582,0
BLD-C02-P03-009211,C02-P03,2026-01-09 20:49:39,Sucesso,352,360,0
BLD-C02-P03-009212,C02-P03,2026-01-02 16:30:42,Sucesso,506,406,0
BLD-C02-P03-009213,C02-P03,2026-01-25 15:53:52,Sucesso,517,258,0
BLD-C02-P03-009214,C02-P03,2026-01-24 14:45:04,Falha,228,381,5
BLD-C02-P03-009215,C02-P03,2026-01-22 09:20:05,Sucesso,409,256,0
BLD-C02-P03-009216,C02-P03,2026-01-06 09:07:55,Sucesso,161,891,0
BLD-C02-P03-009217,C02-P03,2026-01-10 19:48:07,Sucesso,343,572,0
BLD-C02-P03-009218,C02-P03,2026-01-05 08:08:09,Sucesso,488,502,0
BLD-C02-P03-009219,C02-P03,2026-01-12 17:49:48,Sucesso,359,704,0
BLD-C02-P03-009220,C02-P03,2026-01-27 09:32:11,Sucesso,327,225,0
BLD-C02-P03-009221,C02-P03,2026-01-19 12:12:35,Sucesso,208,302,0
BLD-C02-P03-009222,C02-P03,2026-01-07 11:27:25,Sucesso,280,412,0
BLD-C02-P03-009223,C02-P03,2026-01-28 18:22:01,Sucesso,118,634,0
BLD-C02-P03-009224,C02-P03,2026-01-10 08:19:30,Sucesso,239,792,0
BLD-C02-P03-009225,C02-P03,2026-01-27 13:34:54,Sucesso,424,621,0
BLD-C02-P03-009226,C02-P03,2026-01-08 21:14:13,Sucesso,427,463,0
BLD-C02-P03-009227,C02-P03,2026-01-22 10:40:22,Sucesso,357,10,0
BLD-C02-P03-009228,C02-P03,2026-01-23 12:36:42,Falha,375,719,1
BLD-C02-P03-009229,C02-P03,2026-01-10 12:50:42,Sucesso,162,406,0
BLD-C02-P03-009230,C02-P03,2026-01-25 16:52:39,Sucesso,324,393,0
BLD-C02-P03-009231,C02-P03,2026-01-09 21:43:34,Sucesso,182,199,0
BLD-C02-P03-009232,C02-P03,2026-01-16 09:26:18,Sucesso,20,468,0
BLD-C02-P03-009233,C02-P03,2026-01-12 14:30:02,Sucesso,209,514,0
BLD-C02-P03-009234,C02-P03,2026-01-05 21:15:08,Sucesso,431,443,0
BLD-C02-P03-009235,C02-P03,2026-01-21 17:49:27,Sucesso,147,447,0
BLD-C02-P03-009236,C02-P03,2026-01-11 09:40:27,Sucesso,170,633,0
BLD-C02-P03-009237,C02-P03,2026-01-28 15:06:17,Sucesso,281,345,0
BLD-C02-P03-009238,C02-P03,2026-01-05 15:10:29,Falha,285,362,5
BLD-C02-P03-009239,C02-P03,2026-01-04 14:04:14,Sucesso,377,671,0
BLD-C02-P03-009240,C02-P03,2026-01-24 18:19:47,Falha,290,86,1
BLD-C02-P03-009241,C02-P03,2026-01-24 20:31:35,Sucesso,436,520,1
BLD-C02-P03-009242,C02-P03,2026-01-16 18:27:32,Falha,105,576,1
BLD-C02-P03-009243,C02-P03,2026-01-24 08:40:58,Sucesso,436,188,0
BLD-C02-P03-009244,C02-P03,2026-01-09 10:01:36,Sucesso,278,462,0
BLD-C02-P03-009245,C02-P03,2026-01-14 17:30:22,Sucesso,373,255,0
BLD-C02-P03-009246,C02-P03,2026-01-31 18:58:46,Sucesso,187,177,0
BLD-C02-P03-009247,C02-P03,2026-01-06 17:03:08,Falha,312,449,10
BLD-C02-P03-009248,C02-P03,2026-01-06 21:25:16,Sucesso,362,601,0
BLD-C02-P03-009249,C02-P03,2026-01-23 07:37:07,Sucesso,198,539,0
BLD-C02-P03-009250,C02-P03,2026-01-05 19:58:58,Falha,289,135,8
BLD-C02-P03-009251,C02-P03,2026-01-01 17:58:57,Sucesso,562,10,0
BLD-C02-P03-009252,C02-P03,2026-01-23 07:31:45,Sucesso,341,184,0
BLD-C02-P03-009253,C02-P03,2026-01-24 13:05:34,Sucesso,498,702,0
BLD-C02-P03-009254,C02-P03,2026-01-23 20:22:46,Sucesso,602,385,0
BLD-C02-P03-009255,C02-P03,2026-01-10 20:51:26,Sucesso,298,133,0
BLD-C02-P03-009256,C02-P03,2026-01-18 15:04:41,Sucesso,712,447,0
BLD-C02-P03-009257,C02-P03,2026-01-10 16:47:31,Falha,336,887,1
BLD-C02-P03-009258,C02-P03,2026-01-19 14:19:22,Sucesso,436,290,0
BLD-C02-P03-009259,C02-P03,2026-01-02 12:52:11,Falha,614,47,4
BLD-C02-P03-009260,C02-P03,2026-01-08 07:24:16,Falha,212,360,2
BLD-C02-P03-009261,C02-P03,2026-01-07 20:40:34,Sucesso,356,399,0
BLD-C02-P03-009262,C02-P03,2026-01-22 19:13:05,Sucesso,212,842,0
BLD-C02-P03-009263,C02-P03,2026-01-14 18:49:53,Sucesso,403,383,5
BLD-C02-P03-009264,C02-P03,2026-01-20 10:03:33,Sucesso,302,203,0
BLD-C02-P03-009265,C02-P03,2026-01-20 21:37:06,Sucesso,502,718,0
BLD-C02-P03-009266,C02-P03,2026-01-04 17:19:17,Sucesso,421,434,0
BLD-C02-P03-009267,C02-P03,2026-01-24 20:21:33,Sucesso,385,559,0
BLD-C02-P03-009268,C02-P03,2026-01-15 18:56:17,Sucesso,508,300,0
BLD-C02-P03-009269,C02-P03,2026-01-18 19:09:51,Falha,619,513,11
BLD-C02-P03-009270,C02-P03,2026-01-15 13:43:42,Sucesso,38,673,0
BLD-C02-P03-009271,C02-P03,2026-01-22 08:47:01,Sucesso,252,450,0
BLD-C02-P03-009272,C02-P03,2026-01-03 14:58:26,Falha,431,209,9
BLD-C02-P03-009273,C02-P03,2026-01-03 13:32:36,Sucesso,286,393,0
BLD-C02-P03-009274,C02-P03,2026-01-23 19:22:30,Sucesso,280,326,0
BLD-C02-P03-009275,C02-P03,2026-01-22 19:30:13,Sucesso,507,295,0
BLD-C02-P03-009276,C02-P03,2026-01-01 10:15:45,Sucesso,375,179,0
BLD-C02-P03-009277,C02-P03,2026-01-04 07:48:01,Falha,390,31,1
BLD-C02-P03-009278,C02-P03,2026-01-04 18:04:11,Sucesso,292,155,0
BLD-C02-P03-009279,C02-P03,2026-01-11 09:10:32,Sucesso,403,185,0
BLD-C02-P03-009280,C02-P03,2026-01-17 20:03:16,Sucesso,345,648,0
BLD-C02-P03-009281,C02-P03,2026-01-18 19:36:56,Falha,176,306,1
BLD-C02-P03-009282,C02-P03,2026-01-16 13:38:47,Sucesso,229,295,2
BLD-C02-P03-009283,C02-P03,2026-01-03 14:10:54,Sucesso,458,645,0
BLD-C02-P03-009284,C02-P03,2026-01-31 17:25:43,Sucesso,330,10,0
BLD-C02-P03-009285,C02-P03,2026-01-31 18:28:27,Sucesso,144,472,0
BLD-C02-P03-009286,C02-P03,2026-01-09 15:15:27,Sucesso,191,676,0
BLD-C02-P03-009287,C02-P03,2026-01-17 17:31:23,Sucesso,236,503,4
BLD-C02-P03-009288,C02-P03,2026-01-08 15:18:24,Falha,254,547,10
BLD-C02-P03-009289,C02-P03,2026-01-21 21:20:37,Sucesso,432,565,2
BLD-C02-P03-009290,C02-P03,2026-01-15 08:03:08,Sucesso,94,769,0
BLD-C02-P03-009291,C02-P03,2026-01-30 15:32:24,Sucesso,223,484,0
BLD-C02-P03-009292,C02-P03,2026-01-19 20:04:49,Sucesso,322,463,0
BLD-C02-P03-009293,C02-P03,2026-01-05 07:26:20,Sucesso,137,491,0
BLD-C02-P03-009294,C02-P03,2026-01-30 19:59:04,Sucesso,285,549,2
BLD-C02-P03-009295,C02-P03,2026-01-04 19:06:08,Sucesso,436,601,0
BLD-C02-P03-009296,C02-P03,2026-01-20 20:15:31,Sucesso,73,453,0
BLD-C02-P03-009297,C02-P03,2026-01-20 19:19:23,Sucesso,311,453,0
BLD-C02-P03-009298,C02-P03,2026-01-11 09:44:56,Sucesso,260,29,0
BLD-C02-P03-009299,C02-P03,2026-01-16 16:15:02,Sucesso,450,152,0
BLD-C02-P03-009300,C02-P03,2026-01-13 15:24:26,Sucesso,463,58,0
BLD-C02-P03-009301,C02-P03,2026-01-25 21:42:10,Sucesso,474,413,0
BLD-C02-P03-009302,C02-P03,2026-01-18 20:12:49,Sucesso,524,304,0
BLD-C02-P03-009303,C02-P03,2026-01-16 19:26:52,Sucesso,512,36,0
BLD-C02-P03-009304,C02-P03,2026-01-04 13:27:59,Sucesso,415,470,0
BLD-C02-P03-009305,C02-P03,2026-01-29 07:29:39,Sucesso,486,344,0
BLD-C02-P03-009306,C02-P03,2026-01-26 12:07:36,Sucesso,468,676,0
BLD-C02-P03-009307,C02-P03,2026-01-16 11:28:24,Sucesso,550,333,0
BLD-C02-P03-009308,C02-P03,2026-01-29 18:45:44,Falha,123,505,14
BLD-C02-P03-009309,C02-P03,2026-01-25 08:46:44,Sucesso,397,316,0
BLD-C02-P03-009310,C02-P03,2026-01-22 17:10:59,Sucesso,421,579,0
BLD-C02-P03-009311,C02-P03,2026-01-29 12:56:54,Sucesso,325,356,0
BLD-C02-P03-009312,C02-P03,2026-01-19 13:38:04,Sucesso,333,553,0
BLD-C02-P03-009313,C02-P03,2026-01-07 17:27:02,Falha,460,454,4
BLD-C02-P03-009314,C02-P03,2026-01-26 17:06:01,Sucesso,526,276,0
BLD-C02-P03-009315,C02-P03,2026-01-21 11:11:30,Sucesso,451,85,0
BLD-C02-P03-009316,C02-P03,2026-01-30 14:42:36,Sucesso,149,638,0
BLD-C02-P03-009317,C02-P03,2026-01-01 17:38:11,Sucesso,34,424,0
BLD-C02-P03-009318,C02-P03,2026-02-06 15:39:46,Sucesso,367,621,0
BLD-C02-P03-009319,C02-P03,2026-02-06 14:38:29,Sucesso,207,586,0
BLD-C02-P03-009320,C02-P03,2026-02-17 18:38:30,Sucesso,327,618,0
BLD-C02-P03-009321,C02-P03,2026-02-14 11:45:32,Sucesso,357,562,0
BLD-C02-P03-009322,C02-P03,2026-02-08 10:25:29,Sucesso,506,649,0
BLD-C02-P03-009323,C02-P03,2026-02-07 21:16:58,Falha,285,154,11
BLD-C02-P03-009324,C02-P03,2026-02-26 09:20:14,Sucesso,235,74,0
BLD-C02-P03-009325,C02-P03,2026-02-27 17:30:42,Sucesso,332,351,0
BLD-C02-P03-009326,C02-P03,2026-02-01 14:46:30,Sucesso,501,171,0
BLD-C02-P03-009327,C02-P03,2026-02-20 09:46:36,Falha,405,159,10
BLD-C02-P03-009328,C02-P03,2026-02-19 12:29:55,Sucesso,444,257,0
BLD-C02-P03-009329,C02-P03,2026-02-15 13:03:47,Sucesso,312,632,0
BLD-C02-P03-009330,C02-P03,2026-02-08 09:14:53,Sucesso,259,240,0
BLD-C02-P03-009331,C02-P03,2026-02-07 16:35:42,Sucesso,187,155,0
BLD-C02-P03-009332,C02-P03,2026-02-15 17:55:30,Falha,449,419,3
BLD-C02-P03-009333,C02-P03,2026-02-13 15:18:38,Sucesso,415,509,0
BLD-C02-P03-009334,C02-P03,2026-02-28 21:02:15,Sucesso,295,164,0
BLD-C02-P03-009335,C02-P03,2026-02-04 11:09:57,Sucesso,350,283,0
BLD-C02-P03-009336,C02-P03,2026-02-08 17:30:19,Sucesso,300,655,0
BLD-C02-P03-009337,C02-P03,2026-02-13 18:16:03,Sucesso,240,335,0
BLD-C02-P03-009338,C02-P03,2026-02-11 11:58:42,Falha,562,309,10
BLD-C02-P03-009339,C02-P03,2026-02-08 10:43:56,Falha,92,807,5
BLD-C02-P03-009340,C02-P03,2026-02-22 19:05:11,Sucesso,371,403,0
BLD-C02-P03-009341,C02-P03,2026-02-19 08:35:52,Sucesso,110,277,0
BLD-C02-P03-009342,C02-P03,2026-02-24 19:26:21,Falha,308,101,4
BLD-C02-P03-009343,C02-P03,2026-02-20 16:50:23,Sucesso,374,542,0
BLD-C02-P03-009344,C02-P03,2026-02-21 08:39:49,Sucesso,295,541,0
BLD-C02-P03-009345,C02-P03,2026-02-15 08:00:50,Sucesso,99,396,0
BLD-C02-P03-009346,C02-P03,2026-02-17 21:35:14,Sucesso,198,314,0
BLD-C02-P03-009347,C02-P03,2026-02-01 15:16:04,Falha,495,246,23
BLD-C02-P03-009348,C02-P03,2026-02-23 19:20:09,Sucesso,370,663,0
BLD-C02-P03-009349,C02-P03,2026-02-08 15:22:40,Sucesso,431,545,0
BLD-C02-P03-009350,C02-P03,2026-02-08 14:20:10,Sucesso,502,144,0
BLD-C02-P03-009351,C02-P03,2026-02-16 16:57:16,Sucesso,20,675,0
BLD-C02-P03-009352,C02-P03,2026-02-07 20:03:43,Sucesso,646,430,0
BLD-C02-P03-009353,C02-P03,2026-02-13 18:02:40,Sucesso,363,268,0
BLD-C02-P03-009354,C02-P03,2026-02-03 14:48:44,Sucesso,376,95,0
BLD-C02-P03-009355,C02-P03,2026-02-15 20:22:19,Sucesso,491,342,0
BLD-C02-P03-009356,C02-P03,2026-02-13 15:56:05,Sucesso,125,254,1
BLD-C02-P03-009357,C02-P03,2026-02-23 14:59:07,Sucesso,291,460,0
BLD-C02-P03-009358,C02-P03,2026-02-17 09:42:22,Sucesso,399,387,0
BLD-C02-P03-009359,C02-P03,2026-02-09 20:16:44,Sucesso,407,130,0
BLD-C02-P03-009360,C02-P03,2026-02-14 20:57:36,Sucesso,210,590,0
BLD-C02-P03-009361,C02-P03,2026-02-13 17:34:42,Sucesso,447,435,0
BLD-C02-P03-009362,C02-P03,2026-02-07 13:55:00,Sucesso,222,318,0
BLD-C02-P03-009363,C02-P03,2026-02-12 15:18:28,Falha,300,397,6
BLD-C02-P03-009364,C02-P03,2026-02-24 15:28:51,Sucesso,423,615,1
BLD-C02-P03-009365,C02-P03,2026-02-18 18:09:46,Sucesso,69,495,0
BLD-C02-P03-009366,C02-P03,2026-02-11 10:18:31,Sucesso,55,230,0
BLD-C02-P03-009367,C02-P03,2026-02-06 10:49:57,Sucesso,234,350,0
BLD-C02-P03-009368,C02-P03,2026-02-21 20:34:05,Sucesso,20,47,0
BLD-C02-P03-009369,C02-P03,2026-02-10 20:54:07,Sucesso,342,505,0
BLD-C02-P03-009370,C02-P03,2026-02-06 07:17:02,Sucesso,252,230,0
BLD-C02-P03-009371,C02-P03,2026-02-12 07:05:39,Sucesso,366,10,0
BLD-C02-P03-009372,C02-P03,2026-02-28 21:57:37,Sucesso,139,612,0
BLD-C02-P03-009373,C02-P03,2026-02-06 21:50:58,Sucesso,320,641,0
BLD-C02-P03-009374,C02-P03,2026-02-05 09:10:36,Sucesso,298,347,0
BLD-C02-P03-009375,C02-P03,2026-02-10 15:17:28,Sucesso,203,440,0
BLD-C02-P03-009376,C02-P03,2026-02-05 09:03:04,Sucesso,479,760,0
BLD-C02-P03-009377,C02-P03,2026-02-14 18:37:37,Sucesso,189,379,0
BLD-C02-P03-009378,C02-P03,2026-02-11 20:22:51,Sucesso,430,280,0
BLD-C02-P03-009379,C02-P03,2026-02-19 14:41:03,Sucesso,415,487,0
BLD-C02-P03-009380,C02-P03,2026-02-25 12:10:20,Sucesso,150,154,0
BLD-C02-P03-009381,C02-P03,2026-02-22 12:24:03,Falha,587,237,12
BLD-C02-P03-009382,C02-P03,2026-02-07 11:20:04,Sucesso,562,409,0
BLD-C02-P03-009383,C02-P03,2026-02-22 08:45:24,Sucesso,385,211,0
BLD-C02-P03-009384,C02-P03,2026-02-04 14:48:31,Sucesso,270,348,0
BLD-C02-P03-009385,C02-P03,2026-02-20 12:36:50,Sucesso,124,302,0
BLD-C02-P03-009386,C02-P03,2026-02-25 07:24:59,Sucesso,288,398,0
BLD-C02-P03-009387,C02-P03,2026-02-24 18:48:25,Sucesso,274,218,0
BLD-C02-P03-009388,C02-P03,2026-03-24 08:46:31,Sucesso,243,497,0
BLD-C02-P03-009389,C02-P03,2026-03-11 11:29:58,Sucesso,427,733,0
BLD-C02-P03-009390,C02-P03,2026-03-03 12:01:16,Sucesso,20,365,0
BLD-C02-P03-009391,C02-P03,2026-03-23 21:10:34,Falha,305,785,6
BLD-C02-P03-009392,C02-P03,2026-03-10 20:04:24,Sucesso,406,325,0
BLD-C02-P03-009393,C02-P03,2026-03-10 19:26:55,Falha,51,192,21
BLD-C02-P03-009394,C02-P03,2026-03-25 20:03:39,Falha,74,771,15
BLD-C02-P03-009395,C02-P03,2026-03-09 18:51:11,Sucesso,202,355,0
BLD-C02-P03-009396,C02-P03,2026-03-03 17:19:56,Sucesso,349,470,0
BLD-C02-P03-009397,C02-P03,2026-03-22 19:48:42,Sucesso,78,450,0
BLD-C02-P03-009398,C02-P03,2026-03-06 07:23:43,Sucesso,604,539,0
BLD-C02-P03-009399,C02-P03,2026-03-19 17:36:37,Sucesso,138,544,0
BLD-C02-P03-009400,C02-P03,2026-03-13 18:50:27,Sucesso,34,392,0
BLD-C02-P03-009401,C02-P03,2026-03-16 21:46:22,Falha,209,618,1
BLD-C02-P03-009402,C02-P03,2026-03-28 18:50:26,Sucesso,92,392,0
BLD-C02-P03-009403,C02-P03,2026-03-19 09:46:44,Sucesso,498,380,0
BLD-C02-P03-009404,C02-P03,2026-03-02 08:40:20,Sucesso,323,513,0
BLD-C02-P03-009405,C02-P03,2026-03-12 16:28:22,Falha,240,484,4
BLD-C02-P03-009406,C02-P03,2026-03-21 09:12:11,Sucesso,292,600,0
BLD-C02-P03-009407,C02-P03,2026-03-22 13:44:46,Falha,199,136,7
BLD-C02-P03-009408,C02-P03,2026-03-31 10:47:21,Sucesso,139,320,0
BLD-C02-P03-009409,C02-P03,2026-03-17 19:37:54,Sucesso,496,100,0
BLD-C02-P03-009410,C02-P03,2026-03-19 10:13:39,Sucesso,235,377,0
BLD-C02-P03-009411,C02-P03,2026-03-29 17:06:41,Sucesso,134,281,0
BLD-C02-P03-009412,C02-P03,2026-03-28 08:56:42,Sucesso,564,172,0
BLD-C02-P03-009413,C02-P03,2026-03-23 15:55:26,Sucesso,344,69,0
BLD-C02-P03-009414,C02-P03,2026-03-06 11:54:00,Sucesso,219,428,0
BLD-C02-P03-009415,C02-P03,2026-03-20 12:44:08,Falha,506,368,2
BLD-C02-P03-009416,C02-P03,2026-03-20 17:33:47,Sucesso,206,10,0
BLD-C02-P03-009417,C02-P03,2026-03-14 16:23:35,Sucesso,463,502,0
BLD-C02-P03-009418,C02-P03,2026-03-13 08:51:00,Sucesso,219,400,0
BLD-C02-P03-009419,C02-P03,2026-03-30 11:40:36,Sucesso,395,662,0
BLD-C02-P03-009420,C02-P03,2026-03-12 09:55:34,Sucesso,109,356,0
BLD-C02-P03-009421,C02-P03,2026-03-27 18:13:11,Sucesso,420,583,0
BLD-C02-P03-009422,C02-P03,2026-03-19 20:09:46,Sucesso,595,76,0
BLD-C02-P03-009423,C02-P03,2026-03-17 19:16:28,Falha,245,459,7
BLD-C02-P03-009424,C02-P03,2026-03-28 16:30:54,Sucesso,173,545,0
BLD-C02-P03-009425,C02-P03,2026-03-12 19:06:01,Sucesso,218,389,0
BLD-C02-P03-009426,C02-P03,2026-03-28 17:46:01,Sucesso,567,320,0
BLD-C02-P03-009427,C02-P03,2026-03-27 14:41:43,Sucesso,362,635,0
BLD-C02-P03-009428,C02-P03,2026-03-14 12:54:13,Sucesso,236,105,0
BLD-C02-P03-009429,C02-P03,2026-03-15 19:13:18,Sucesso,346,315,0
BLD-C02-P03-009430,C02-P03,2026-03-30 08:30:00,Sucesso,201,387,0
BLD-C02-P03-009431,C02-P03,2026-03-22 08:16:20,Sucesso,340,189,0
BLD-C02-P03-009432,C02-P03,2026-03-15 13:37:43,Sucesso,184,406,0
BLD-C02-P03-009433,C02-P03,2026-03-24 10:08:59,Sucesso,93,10,0
BLD-C02-P03-009434,C02-P03,2026-03-03 10:47:07,Sucesso,302,429,0
BLD-C02-P03-009435,C02-P03,2026-03-22 10:45:57,Sucesso,402,404,0
BLD-C02-P03-009436,C02-P03,2026-03-13 13:41:16,Sucesso,336,10,0
BLD-C02-P03-009437,C02-P03,2026-03-19 12:06:42,Sucesso,150,607,0
BLD-C02-P03-009438,C02-P03,2026-03-27 21:02:28,Sucesso,473,207,0
BLD-C02-P03-009439,C02-P03,2026-03-31 09:00:32,Sucesso,214,488,0
BLD-C02-P03-009440,C02-P03,2026-03-20 13:26:56,Sucesso,367,1002,0
BLD-C02-P03-009441,C02-P03,2026-03-31 17:50:29,Sucesso,364,805,0
BLD-C02-P03-009442,C02-P03,2026-03-17 13:28:53,Sucesso,177,282,0
BLD-C02-P03-009443,C02-P03,2026-03-28 21:24:12,Sucesso,454,685,0
BLD-C02-P03-009444,C02-P03,2026-03-09 12:54:10,Sucesso,366,187,0
BLD-C02-P03-009445,C02-P03,2026-03-23 19:06:59,Sucesso,398,231,1
BLD-C02-P03-009446,C02-P03,2026-03-23 19:44:59,Falha,288,338,2
BLD-C02-P03-009447,C02-P03,2026-03-23 09:09:36,Falha,198,378,1
BLD-C02-P03-009448,C02-P03,2026-03-03 20:51:55,Sucesso,646,413,0
BLD-C02-P03-009449,C02-P03,2026-03-06 21:43:57,Sucesso,603,444,0
BLD-C02-P03-009450,C02-P03,2026-03-26 09:17:52,Sucesso,367,341,0
BLD-C02-P03-009451,C02-P03,2026-03-09 18:30:30,Sucesso,359,343,0
BLD-C02-P03-009452,C02-P03,2026-03-31 10:32:39,Sucesso,236,35,0
BLD-C02-P03-009453,C02-P03,2026-03-24 07:30:41,Sucesso,319,420,0
BLD-C02-P03-009454,C02-P03,2026-03-03 13:06:49,Sucesso,111,308,0
BLD-C02-P03-009455,C02-P03,2026-03-14 15:38:01,Falha,331,209,4
BLD-C02-P03-009456,C02-P03,2026-03-31 16:56:04,Sucesso,42,374,0
BLD-C02-P03-009457,C02-P03,2026-03-01 19:17:26,Falha,263,300,6
BLD-C02-P03-009458,C02-P03,2026-03-15 12:18:27,Sucesso,231,462,0
BLD-C02-P03-009459,C02-P03,2026-03-01 16:04:17,Sucesso,225,143,0
BLD-C02-P03-009460,C02-P03,2026-03-15 19:28:46,Sucesso,577,171,0
BLD-C02-P03-009461,C02-P03,2026-03-02 21:19:41,Sucesso,473,493,0
BLD-C02-P03-009462,C02-P03,2026-03-25 11:30:04,Sucesso,591,658,0
BLD-C02-P03-009463,C02-P03,2026-03-11 09:27:34,Sucesso,118,592,0
BLD-C02-P03-009464,C02-P03,2026-03-11 13:43:03,Sucesso,582,574,0
BLD-C02-P03-009465,C02-P03,2026-03-08 08:23:40,Sucesso,385,237,0
BLD-C02-P03-009466,C02-P03,2026-03-20 13:56:02,Sucesso,337,643,0
BLD-C02-P03-009467,C02-P03,2026-03-08 09:37:08,Sucesso,251,247,0
BLD-C02-P03-009468,C02-P03,2026-03-19 21:18:46,Sucesso,65,291,0
BLD-C02-P03-009469,C02-P03,2026-03-20 15:09:58,Sucesso,444,355,0
BLD-C02-P03-009470,C02-P03,2026-03-21 08:17:33,Sucesso,388,357,0
BLD-C02-P03-009471,C02-P03,2026-03-20 09:32:17,Sucesso,271,362,0
BLD-C02-P03-009472,C02-P03,2026-03-14 16:52:36,Sucesso,508,453,0
BLD-C02-P03-009473,C02-P03,2026-03-21 10:19:07,Sucesso,274,583,0
BLD-C02-P03-009474,C02-P03,2026-03-14 10:33:15,Sucesso,440,310,0
BLD-C02-P03-009475,C02-P03,2026-03-06 17:54:53,Sucesso,198,466,0
BLD-C02-P03-009476,C02-P03,2026-03-24 10:04:11,Falha,292,688,9
BLD-C02-P03-009477,C02-P03,2026-03-15 08:19:05,Sucesso,378,444,0
BLD-C02-P03-009478,C02-P03,2026-03-12 07:37:31,Sucesso,188,304,0
BLD-C02-P03-009479,C02-P03,2026-03-20 08:55:23,Sucesso,391,470,0
BLD-C02-P03-009480,C02-P03,2026-03-19 14:25:15,Sucesso,499,572,0
BLD-C02-P03-009481,C02-P03,2026-03-24 16:21:10,Falha,240,420,3
BLD-C02-P03-009482,C02-P03,2026-03-15 10:53:33,Sucesso,265,117,0
BLD-C02-P03-009483,C02-P03,2026-03-19 20:14:37,Sucesso,430,196,0
BLD-C02-P03-009484,C02-P03,2026-04-16 13:58:20,Sucesso,151,630,0
BLD-C02-P03-009485,C02-P03,2026-04-02 16:58:40,Sucesso,298,303,0
BLD-C02-P03-009486,C02-P03,2026-04-11 11:32:02,Sucesso,428,355,0
BLD-C02-P03-009487,C02-P03,2026-04-13 13:31:30,Sucesso,496,347,0
BLD-C02-P03-009488,C02-P03,2026-04-16 07:50:30,Sucesso,342,140,0
BLD-C02-P03-009489,C02-P03,2026-04-16 20:11:53,Sucesso,279,392,0
BLD-C02-P03-009490,C02-P03,2026-04-22 21:03:34,Falha,457,578,4
BLD-C02-P03-009491,C02-P03,2026-04-26 13:38:02,Sucesso,181,495,5
BLD-C02-P03-009492,C02-P03,2026-04-29 14:07:37,Sucesso,116,576,0
BLD-C02-P03-009493,C02-P03,2026-04-08 19:30:50,Sucesso,570,576,0
BLD-C02-P03-009494,C02-P03,2026-04-08 09:52:09,Sucesso,349,649,0
BLD-C02-P03-009495,C02-P03,2026-04-06 17:19:31,Sucesso,392,32,0
BLD-C02-P03-009496,C02-P03,2026-04-07 11:37:23,Sucesso,531,636,0
BLD-C02-P03-009497,C02-P03,2026-04-07 15:28:32,Sucesso,157,363,0
BLD-C02-P03-009498,C02-P03,2026-04-28 08:06:31,Sucesso,461,304,0
BLD-C02-P03-009499,C02-P03,2026-04-02 14:19:30,Sucesso,403,441,0
BLD-C02-P03-009500,C02-P03,2026-04-28 09:57:34,Sucesso,427,347,0
BLD-C02-P03-009501,C02-P03,2026-04-17 16:22:59,Sucesso,293,109,0
BLD-C02-P03-009502,C02-P03,2026-04-03 20:34:06,Sucesso,174,481,0
BLD-C02-P03-009503,C02-P03,2026-04-21 15:26:33,Sucesso,377,125,0
BLD-C02-P03-009504,C02-P03,2026-04-11 19:54:19,Falha,35,483,3
BLD-C02-P03-009505,C02-P03,2026-04-04 19:34:06,Sucesso,111,269,0
BLD-C02-P03-009506,C02-P03,2026-04-02 18:20:12,Sucesso,454,397,0
BLD-C02-P03-009507,C02-P03,2026-04-21 11:50:09,Sucesso,541,446,0
BLD-C02-P03-009508,C02-P03,2026-04-28 13:22:11,Sucesso,378,379,0
BLD-C02-P03-009509,C02-P03,2026-04-29 14:02:36,Sucesso,263,274,4
BLD-C02-P03-009510,C02-P03,2026-04-26 13:52:18,Sucesso,436,538,0
BLD-C02-P03-009511,C02-P03,2026-04-29 16:05:44,Sucesso,373,435,0
BLD-C02-P03-009512,C02-P03,2026-04-02 15:08:03,Sucesso,303,722,0
BLD-C02-P03-009513,C02-P03,2026-04-05 09:51:16,Sucesso,297,536,0
BLD-C02-P03-009514,C02-P03,2026-04-24 09:42:01,Sucesso,180,250,0
BLD-C02-P03-009515,C02-P03,2026-04-13 11:41:47,Sucesso,507,230,0
BLD-C02-P03-009516,C02-P03,2026-04-20 18:13:31,Sucesso,349,640,0
BLD-C02-P03-009517,C02-P03,2026-04-18 20:46:40,Sucesso,410,701,0
BLD-C02-P03-009518,C02-P03,2026-04-17 08:02:34,Sucesso,474,252,0
BLD-C02-P03-009519,C02-P03,2026-04-25 20:06:47,Falha,296,624,1
BLD-C02-P03-009520,C02-P03,2026-04-05 21:38:55,Falha,458,575,11
BLD-C02-P03-009521,C02-P03,2026-04-22 10:18:55,Sucesso,386,529,0
BLD-C02-P03-009522,C02-P03,2026-04-02 18:00:28,Sucesso,373,285,0
BLD-C02-P03-009523,C02-P03,2026-04-12 20:08:12,Sucesso,442,458,0
BLD-C02-P03-009524,C02-P03,2026-04-20 07:47:58,Falha,285,486,3
BLD-C02-P03-009525,C02-P03,2026-04-05 21:52:09,Sucesso,249,296,0
BLD-C02-P03-009526,C02-P03,2026-04-04 18:12:17,Sucesso,322,475,0
BLD-C02-P03-009527,C02-P03,2026-04-28 12:55:30,Sucesso,501,526,0
BLD-C02-P03-009528,C02-P03,2026-04-28 16:43:06,Sucesso,188,10,2
BLD-C02-P03-009529,C02-P03,2026-04-30 13:58:01,Falha,190,523,9
BLD-C02-P03-009530,C02-P03,2026-04-22 15:21:57,Sucesso,218,103,0
BLD-C02-P03-009531,C02-P03,2026-04-26 08:48:01,Sucesso,20,487,0
BLD-C02-P03-009532,C02-P03,2026-04-16 09:33:00,Sucesso,570,390,0
BLD-C02-P03-009533,C02-P03,2026-04-02 11:19:59,Falha,312,621,1
BLD-C02-P03-009534,C02-P03,2026-04-06 10:26:49,Sucesso,521,250,0
BLD-C02-P03-009535,C02-P03,2026-04-29 14:51:08,Sucesso,356,381,0
BLD-C02-P03-009536,C02-P03,2026-04-12 12:37:23,Sucesso,239,517,0
BLD-C02-P03-009537,C02-P03,2026-04-15 17:09:51,Sucesso,421,433,2
BLD-C02-P03-009538,C02-P03,2026-04-06 12:03:26,Sucesso,349,771,0
BLD-C02-P03-009539,C02-P03,2026-04-09 13:21:25,Sucesso,587,504,0
BLD-C02-P03-009540,C02-P03,2026-04-01 14:47:11,Sucesso,550,554,0
BLD-C02-P03-009541,C02-P03,2026-04-15 11:33:03,Sucesso,365,262,0
BLD-C02-P03-009542,C02-P03,2026-04-24 11:47:39,Falha,396,146,2
BLD-C02-P03-009543,C02-P03,2026-04-15 14:25:48,Sucesso,329,529,0
BLD-C02-P03-009544,C02-P03,2026-04-04 21:05:25,Sucesso,723,422,0
BLD-C02-P03-009545,C02-P03,2026-04-10 17:32:41,Sucesso,335,524,0
BLD-C02-P03-009546,C02-P03,2026-04-16 18:09:53,Sucesso,223,463,0
BLD-C02-P03-009547,C02-P03,2026-04-22 15:00:23,Sucesso,396,175,0
BLD-C02-P03-009548,C02-P03,2026-04-11 21:15:49,Sucesso,466,106,0
BLD-C02-P03-009549,C02-P03,2026-04-07 17:54:22,Sucesso,654,271,0
BLD-C02-P03-009550,C02-P03,2026-04-30 16:02:11,Sucesso,398,608,0
BLD-C02-P03-009551,C02-P03,2026-04-16 19:32:06,Sucesso,150,502,0
BLD-C02-P03-009552,C02-P03,2026-04-25 20:11:24,Sucesso,435,447,0
BLD-C02-P03-009553,C02-P03,2026-04-23 15:32:04,Sucesso,483,558,0
BLD-C02-P03-009554,C02-P03,2026-04-16 08:02:24,Sucesso,256,282,0
BLD-C02-P03-009555,C02-P03,2026-04-07 08:06:22,Sucesso,381,591,0
BLD-C02-P03-009556,C02-P03,2026-04-20 12:17:00,Sucesso,381,155,0
BLD-C02-P03-009557,C02-P03,2026-04-03 15:30:08,Sucesso,407,31,2
BLD-C02-P03-009558,C02-P03,2026-04-07 18:59:37,Sucesso,114,434,0
BLD-C02-P03-009559,C02-P03,2026-04-11 18:18:59,Sucesso,272,280,0
BLD-C02-P03-009560,C02-P03,2026-04-04 19:31:30,Sucesso,20,23,0
BLD-C02-P03-009561,C02-P03,2026-04-14 18:38:14,Sucesso,439,10,0
BLD-C02-P03-009562,C02-P03,2026-04-08 16:24:04,Sucesso,262,610,1
BLD-C02-P03-009563,C02-P03,2026-04-25 19:41:29,Sucesso,377,395,0
BLD-C02-P03-009564,C02-P03,2026-04-14 21:28:35,Sucesso,20,177,0
BLD-C02-P03-009565,C02-P03,2026-04-17 12:41:33,Falha,420,96,8
BLD-C02-P03-009566,C02-P03,2026-04-17 17:12:21,Sucesso,195,717,0
BLD-C02-P03-009567,C02-P03,2026-04-09 15:23:08,Falha,405,244,3
BLD-C02-P03-009568,C02-P03,2026-04-25 09:58:25,Sucesso,447,515,0
BLD-C02-P03-009569,C02-P03,2026-04-16 11:50:36,Sucesso,373,718,0
BLD-C02-P03-009570,C02-P03,2026-04-17 16:16:20,Sucesso,273,546,0
BLD-C02-P03-009571,C02-P03,2026-04-17 08:30:28,Falha,387,10,8
BLD-C02-P03-009572,C02-P03,2026-04-10 17:46:41,Sucesso,384,724,0
BLD-C02-P03-009573,C02-P03,2026-04-21 07:19:15,Sucesso,465,394,0
BLD-C02-P03-009574,C02-P03,2026-04-29 17:42:30,Sucesso,614,200,0
BLD-C02-P03-009575,C02-P03,2026-04-08 07:57:17,Sucesso,331,325,0
BLD-C02-P03-009576,C02-P03,2026-04-04 20:40:57,Sucesso,314,410,0
BLD-C02-P03-009577,C02-P03,2026-04-27 15:41:20,Sucesso,311,364,0
BLD-C02-P03-009578,C02-P03,2026-04-19 10:23:15,Sucesso,494,170,3
BLD-C02-P03-009579,C02-P03,2026-04-07 14:25:15,Sucesso,365,596,0
BLD-C02-P03-009580,C02-P03,2026-04-16 20:10:23,Falha,235,577,1
BLD-C02-P03-009581,C02-P03,2026-04-15 09:11:23,Sucesso,121,434,0
BLD-C02-P03-009582,C02-P03,2026-04-30 16:58:32,Sucesso,281,414,0
BLD-C02-P03-009583,C02-P03,2026-04-15 10:19:13,Sucesso,509,296,0
BLD-C02-P03-009584,C02-P03,2026-04-11 14:01:06,Sucesso,401,610,0
BLD-C02-P03-009585,C02-P03,2026-04-25 07:50:49,Falha,335,392,4
BLD-C02-P03-009586,C02-P03,2026-04-27 12:47:17,Sucesso,496,261,0
BLD-C02-P03-009587,C02-P03,2026-04-25 20:18:02,Sucesso,226,144,0
BLD-C02-P03-009588,C02-P03,2026-04-01 11:19:21,Sucesso,286,396,0
BLD-C02-P03-009589,C02-P03,2026-04-10 12:45:36,Sucesso,338,656,0
BLD-C02-P03-009590,C02-P03,2026-04-30 09:38:39,Sucesso,560,337,0
BLD-C02-P03-009591,C02-P03,2026-04-20 08:22:25,Falha,415,123,10
BLD-C02-P03-009592,C02-P03,2026-04-02 18:20:48,Sucesso,537,483,0
BLD-C02-P03-009593,C02-P03,2026-04-05 14:51:41,Sucesso,240,453,0
BLD-C02-P03-009594,C02-P03,2026-04-19 12:33:06,Sucesso,335,257,0
BLD-C02-P03-009595,C02-P03,2026-04-05 09:26:12,Sucesso,290,645,0
BLD-C02-P03-009596,C02-P03,2026-04-05 17:56:50,Sucesso,351,317,0
BLD-C02-P03-009597,C02-P03,2026-04-30 12:10:41,Falha,557,265,4
BLD-C02-P03-009598,C02-P03,2026-04-09 14:19:29,Sucesso,191,335,0
BLD-C02-P03-009599,C02-P03,2026-04-18 16:27:43,Sucesso,169,434,0
BLD-C02-P03-009600,C02-P03,2026-04-09 11:38:34,Sucesso,20,342,0
BLD-C02-P03-009601,C02-P03,2026-04-16 19:53:53,Sucesso,272,217,0
BLD-C02-P03-009602,C02-P03,2026-04-08 21:20:39,Sucesso,413,520,0
BLD-C02-P03-009603,C02-P03,2026-04-16 11:29:19,Sucesso,70,199,0
BLD-C02-P03-009604,C02-P03,2026-04-17 15:18:39,Sucesso,160,365,0
BLD-C02-P03-009605,C02-P03,2026-04-08 18:32:57,Sucesso,261,472,0
BLD-C02-P03-009606,C02-P03,2026-04-30 10:42:00,Sucesso,454,596,0
BLD-C02-P03-009607,C02-P03,2026-04-06 18:59:33,Sucesso,340,451,0
BLD-C02-P03-009608,C02-P03,2026-04-28 17:19:35,Sucesso,229,445,0
BLD-C02-P03-009609,C02-P03,2026-04-15 15:16:51,Sucesso,451,381,0
BLD-C02-P03-009610,C02-P03,2026-04-12 19:13:13,Sucesso,20,321,1
BLD-C02-P03-009611,C02-P03,2026-04-20 07:19:12,Sucesso,311,552,0
BLD-C02-P03-009612,C02-P03,2026-04-18 10:55:23,Falha,296,521,1
BLD-C02-P03-009613,C02-P03,2026-04-12 18:41:41,Sucesso,259,164,0
BLD-C02-P03-009614,C02-P03,2026-04-06 07:54:38,Sucesso,235,624,0
BLD-C02-P03-009615,C02-P03,2026-04-07 18:37:20,Sucesso,716,262,0
BLD-C02-P03-009616,C02-P03,2026-04-28 12:49:59,Falha,192,326,1
BLD-C02-P03-009617,C02-P03,2026-05-04 09:14:45,Falha,325,285,4
BLD-C02-P03-009618,C02-P03,2026-05-12 20:48:03,Sucesso,43,543,0
BLD-C02-P03-009619,C02-P03,2026-05-20 15:38:12,Sucesso,362,459,0
BLD-C02-P03-009620,C02-P03,2026-05-09 13:57:24,Sucesso,298,597,0
BLD-C02-P03-009621,C02-P03,2026-05-29 08:28:15,Sucesso,188,696,0
BLD-C02-P03-009622,C02-P03,2026-05-08 20:03:59,Sucesso,181,535,1
BLD-C02-P03-009623,C02-P03,2026-05-22 13:16:45,Sucesso,454,275,0
BLD-C02-P03-009624,C02-P03,2026-05-26 17:12:23,Sucesso,60,257,0
BLD-C02-P03-009625,C02-P03,2026-05-05 08:58:07,Sucesso,220,111,0
BLD-C02-P03-009626,C02-P03,2026-05-03 10:34:30,Sucesso,371,714,0
BLD-C02-P03-009627,C02-P03,2026-05-24 09:17:22,Sucesso,566,10,0
BLD-C02-P03-009628,C02-P03,2026-05-03 21:05:30,Sucesso,420,191,0
BLD-C02-P03-009629,C02-P03,2026-05-07 07:51:21,Sucesso,114,391,0
BLD-C02-P03-009630,C02-P03,2026-05-17 17:23:41,Sucesso,610,288,0
BLD-C02-P03-009631,C02-P03,2026-05-07 09:01:01,Sucesso,408,374,0
BLD-C02-P03-009632,C02-P03,2026-05-01 10:11:39,Sucesso,258,430,0
BLD-C02-P03-009633,C02-P03,2026-05-31 18:59:37,Sucesso,369,497,0
BLD-C02-P03-009634,C02-P03,2026-05-01 13:11:15,Sucesso,259,243,0
BLD-C02-P03-009635,C02-P03,2026-05-13 07:36:38,Sucesso,286,688,1
BLD-C02-P03-009636,C02-P03,2026-05-31 19:49:53,Sucesso,141,635,0
BLD-C02-P03-009637,C02-P03,2026-05-14 13:16:07,Sucesso,281,333,0
BLD-C02-P03-009638,C02-P03,2026-05-17 18:21:32,Sucesso,414,283,2
BLD-C02-P03-009639,C02-P03,2026-05-01 17:15:04,Sucesso,403,390,0
BLD-C02-P03-009640,C02-P03,2026-05-07 12:33:47,Sucesso,461,705,0
BLD-C02-P03-009641,C02-P03,2026-05-01 15:31:18,Falha,310,64,17
BLD-C02-P03-009642,C02-P03,2026-05-01 21:43:15,Falha,365,738,14
BLD-C02-P03-009643,C02-P03,2026-05-02 11:31:39,Sucesso,454,374,0
BLD-C02-P03-009644,C02-P03,2026-05-20 20:53:58,Sucesso,407,574,0
BLD-C02-P03-009645,C02-P03,2026-05-17 20:38:24,Falha,283,274,9
BLD-C02-P03-009646,C02-P03,2026-05-10 10:01:53,Sucesso,259,426,0
BLD-C02-P03-009647,C02-P03,2026-05-23 15:19:53,Sucesso,499,755,0
BLD-C02-P03-009648,C02-P03,2026-05-21 11:42:54,Sucesso,320,417,0
BLD-C02-P03-009649,C02-P03,2026-05-06 21:02:46,Sucesso,178,330,0
BLD-C02-P03-009650,C02-P03,2026-05-22 08:24:12,Falha,363,259,1
BLD-C02-P03-009651,C02-P03,2026-05-06 10:09:22,Sucesso,377,396,0
BLD-C02-P03-009652,C02-P03,2026-05-05 15:58:30,Sucesso,328,481,0
BLD-C02-P03-009653,C02-P03,2026-05-30 10:50:10,Sucesso,152,207,0
BLD-C02-P03-009654,C02-P03,2026-05-22 07:34:16,Sucesso,548,272,0
BLD-C02-P03-009655,C02-P03,2026-05-12 11:09:57,Sucesso,60,226,0
BLD-C02-P03-009656,C02-P03,2026-05-30 09:52:30,Sucesso,331,405,0
BLD-C02-P03-009657,C02-P03,2026-05-15 21:44:05,Sucesso,234,165,0
BLD-C02-P03-009658,C02-P03,2026-05-10 07:41:46,Sucesso,256,169,1
BLD-C02-P03-009659,C02-P03,2026-05-25 14:27:47,Sucesso,20,221,0
BLD-C02-P03-009660,C02-P03,2026-05-02 20:30:59,Falha,366,555,7
BLD-C02-P03-009661,C02-P03,2026-05-16 12:54:48,Sucesso,511,423,0
BLD-C02-P03-009662,C02-P03,2026-05-17 07:55:55,Falha,304,402,5
BLD-C02-P03-009663,C02-P03,2026-05-17 18:41:32,Falha,553,406,6
BLD-C02-P03-009664,C02-P03,2026-05-28 07:07:03,Sucesso,335,223,1
BLD-C02-P03-009665,C02-P03,2026-05-07 18:49:32,Sucesso,259,546,0
BLD-C02-P03-009666,C02-P03,2026-05-17 13:57:36,Sucesso,252,115,0
BLD-C02-P03-009667,C02-P03,2026-05-19 11:58:43,Sucesso,240,358,0
BLD-C02-P03-009668,C02-P03,2026-05-02 08:18:26,Sucesso,90,546,1
BLD-C02-P03-009669,C02-P03,2026-05-28 14:21:36,Sucesso,360,438,0
BLD-C02-P03-009670,C02-P03,2026-05-07 20:25:13,Sucesso,272,477,0
BLD-C02-P03-009671,C02-P03,2026-05-12 16:12:29,Sucesso,249,284,0
BLD-C02-P03-009672,C02-P03,2026-05-14 12:14:25,Sucesso,396,695,0
BLD-C02-P03-009673,C02-P03,2026-05-25 13:01:40,Sucesso,185,10,0
BLD-C02-P03-009674,C02-P03,2026-05-16 19:35:21,Falha,377,252,1
BLD-C02-P03-009675,C02-P03,2026-05-21 10:07:47,Sucesso,70,188,0
BLD-C02-P03-009676,C02-P03,2026-05-05 14:53:15,Sucesso,361,11,0
BLD-C02-P03-009677,C02-P03,2026-05-10 14:02:51,Sucesso,304,320,0
BLD-C02-P03-009678,C02-P03,2026-05-30 10:33:49,Sucesso,321,715,0
BLD-C02-P03-009679,C02-P03,2026-05-20 21:43:30,Sucesso,418,320,0
BLD-C02-P03-009680,C02-P03,2026-05-15 08:48:16,Sucesso,545,440,0
BLD-C02-P03-009681,C02-P03,2026-05-07 17:18:08,Sucesso,172,10,0
BLD-C02-P03-009682,C02-P03,2026-05-21 17:35:24,Sucesso,413,543,0
BLD-C02-P03-009683,C02-P03,2026-05-27 20:22:49,Sucesso,37,10,0
BLD-C02-P03-009684,C02-P03,2026-05-17 09:42:26,Sucesso,332,180,0
BLD-C02-P03-009685,C02-P03,2026-05-06 10:46:27,Sucesso,375,258,0
BLD-C02-P03-009686,C02-P03,2026-05-10 18:31:47,Falha,222,324,3
BLD-C02-P03-009687,C02-P03,2026-05-06 17:37:33,Sucesso,299,251,0
BLD-C02-P03-009688,C02-P03,2026-05-23 19:05:13,Sucesso,232,10,0
BLD-C02-P03-009689,C02-P03,2026-05-16 21:32:55,Sucesso,448,246,0
BLD-C02-P03-009690,C02-P03,2026-05-28 13:43:13,Sucesso,246,303,0
BLD-C02-P03-009691,C02-P03,2026-05-26 20:20:55,Sucesso,246,706,0
BLD-C02-P03-009692,C02-P03,2026-05-08 12:06:36,Sucesso,573,704,0
BLD-C02-P03-009693,C02-P03,2026-05-27 13:11:38,Sucesso,433,79,0
BLD-C02-P03-009694,C02-P03,2026-05-29 17:17:53,Falha,272,381,6
BLD-C02-P03-009695,C02-P03,2026-05-21 14:23:37,Sucesso,324,445,0
BLD-C02-P03-009696,C02-P03,2026-05-21 20:21:38,Sucesso,104,360,0
BLD-C02-P03-009697,C02-P03,2026-05-06 15:10:12,Sucesso,386,10,0
BLD-C02-P03-009698,C02-P03,2026-05-12 16:10:14,Sucesso,293,684,0
BLD-C02-P03-009699,C02-P03,2026-05-20 20:22:51,Sucesso,242,616,2
BLD-C02-P03-009700,C02-P03,2026-05-03 12:52:20,Sucesso,155,386,0
BLD-C02-P03-009701,C02-P03,2026-05-07 21:08:58,Sucesso,302,378,0
BLD-C02-P03-009702,C02-P03,2026-05-25 14:42:43,Sucesso,373,309,0
BLD-C02-P03-009703,C02-P03,2026-05-15 11:07:50,Sucesso,381,276,0
BLD-C02-P03-009704,C02-P03,2026-05-04 21:02:51,Sucesso,309,519,0
BLD-C02-P03-009705,C02-P03,2026-05-18 19:12:24,Sucesso,488,672,0
BLD-C02-P03-009706,C02-P03,2026-05-30 13:31:38,Sucesso,182,436,0
BLD-C02-P03-009707,C02-P03,2026-05-20 07:24:12,Sucesso,219,700,0
BLD-C02-P03-009708,C02-P03,2026-05-20 10:05:19,Sucesso,492,623,0
BLD-C02-P03-009709,C02-P03,2026-05-16 17:39:47,Sucesso,269,179,0
BLD-C02-P03-009710,C02-P03,2026-05-10 11:12:05,Sucesso,134,147,0
BLD-C02-P03-009711,C02-P03,2026-05-09 10:20:30,Sucesso,270,724,0
BLD-C02-P03-009712,C02-P03,2026-05-16 07:59:08,Sucesso,259,541,0
BLD-C02-P03-009713,C02-P03,2026-05-25 07:56:23,Falha,289,587,9
BLD-C02-P03-009714,C02-P03,2026-06-28 07:04:10,Sucesso,332,390,0
BLD-C02-P03-009715,C02-P03,2026-06-12 16:32:31,Sucesso,518,253,0
BLD-C02-P03-009716,C02-P03,2026-06-26 21:35:59,Falha,465,441,1
BLD-C02-P03-009717,C02-P03,2026-06-10 15:01:40,Sucesso,365,251,0
BLD-C02-P03-009718,C02-P03,2026-06-21 11:35:17,Sucesso,62,465,0
BLD-C02-P03-009719,C02-P03,2026-06-13 13:45:14,Falha,179,567,3
BLD-C02-P03-009720,C02-P03,2026-06-29 08:24:24,Sucesso,263,286,0
BLD-C02-P03-009721,C02-P03,2026-06-23 09:50:21,Sucesso,469,172,1
BLD-C02-P03-009722,C02-P03,2026-06-12 10:21:26,Sucesso,339,507,0
BLD-C02-P03-009723,C02-P03,2026-06-03 16:19:33,Sucesso,141,433,0
BLD-C02-P03-009724,C02-P03,2026-06-29 16:59:38,Sucesso,89,341,0
BLD-C02-P03-009725,C02-P03,2026-06-05 12:07:09,Sucesso,316,245,0
BLD-C02-P03-009726,C02-P03,2026-06-14 11:48:20,Sucesso,265,423,0
BLD-C02-P03-009727,C02-P03,2026-06-27 21:46:51,Falha,190,415,1
BLD-C02-P03-009728,C02-P03,2026-06-05 09:14:37,Sucesso,226,307,0
BLD-C02-P03-009729,C02-P03,2026-06-13 20:33:01,Sucesso,334,149,0
BLD-C02-P03-009730,C02-P03,2026-06-27 09:25:23,Sucesso,567,168,0
BLD-C02-P03-009731,C02-P03,2026-06-19 11:15:26,Sucesso,119,241,0
BLD-C02-P03-009732,C02-P03,2026-06-17 17:16:23,Sucesso,413,176,0
BLD-C02-P03-009733,C02-P03,2026-06-28 13:04:06,Falha,367,710,2
BLD-C02-P03-009734,C02-P03,2026-06-26 11:24:12,Falha,233,273,27
BLD-C02-P03-009735,C02-P03,2026-06-23 14:53:27,Sucesso,234,389,0
BLD-C02-P03-009736,C02-P03,2026-06-05 19:18:37,Sucesso,182,346,0
BLD-C02-P03-009737,C02-P03,2026-06-05 15:13:01,Sucesso,172,552,0
BLD-C02-P03-009738,C02-P03,2026-06-19 18:06:41,Sucesso,71,219,0
BLD-C02-P03-009739,C02-P03,2026-06-11 09:15:11,Sucesso,273,196,0
BLD-C02-P03-009740,C02-P03,2026-06-30 08:36:01,Sucesso,333,341,0
BLD-C02-P03-009741,C02-P03,2026-06-04 19:24:09,Sucesso,355,147,0
BLD-C02-P03-009742,C02-P03,2026-06-24 12:59:34,Sucesso,455,207,0
BLD-C02-P03-009743,C02-P03,2026-06-04 07:20:06,Falha,379,146,8
BLD-C02-P03-009744,C02-P03,2026-06-17 10:09:27,Sucesso,410,564,0
BLD-C02-P03-009745,C02-P03,2026-06-04 20:38:36,Sucesso,104,325,0
BLD-C02-P03-009746,C02-P03,2026-06-08 07:34:51,Sucesso,351,709,0
BLD-C02-P03-009747,C02-P03,2026-06-05 07:08:29,Sucesso,170,487,0
BLD-C02-P03-009748,C02-P03,2026-06-21 14:36:27,Sucesso,182,507,0
BLD-C02-P03-009749,C02-P03,2026-06-16 09:11:20,Sucesso,307,346,0
BLD-C02-P03-009750,C02-P03,2026-06-06 10:38:39,Sucesso,388,478,0
BLD-C02-P03-009751,C02-P03,2026-06-27 14:57:13,Sucesso,469,473,0
BLD-C02-P03-009752,C02-P03,2026-06-27 10:35:50,Sucesso,413,115,0
BLD-C02-P03-009753,C02-P03,2026-06-07 16:55:46,Sucesso,336,336,0
BLD-C02-P03-009754,C02-P03,2026-06-22 07:27:13,Sucesso,570,293,0
BLD-C02-P03-009755,C02-P03,2026-06-19 08:34:17,Sucesso,333,382,0
BLD-C02-P03-009756,C02-P03,2026-06-14 09:26:37,Sucesso,181,672,0
BLD-C02-P03-009757,C02-P03,2026-06-23 11:02:52,Sucesso,621,648,0
BLD-C02-P03-009758,C02-P03,2026-06-26 17:06:45,Sucesso,304,564,0
BLD-C02-P03-009759,C02-P03,2026-06-11 07:27:25,Sucesso,353,547,0
BLD-C02-P03-009760,C02-P03,2026-06-03 18:27:47,Sucesso,381,232,0
BLD-C02-P03-009761,C02-P03,2026-06-03 18:56:48,Sucesso,389,536,0
BLD-C02-P03-009762,C02-P03,2026-06-25 08:32:32,Sucesso,398,473,2
BLD-C02-P03-009763,C02-P03,2026-06-07 14:41:12,Sucesso,525,353,0
BLD-C02-P03-009764,C02-P03,2026-06-26 07:39:24,Falha,370,274,4
BLD-C02-P03-009765,C02-P03,2026-06-28 10:57:32,Sucesso,153,658,0
BLD-C02-P03-009766,C02-P03,2026-06-30 09:22:03,Sucesso,410,385,0
BLD-C02-P03-009767,C02-P03,2026-06-18 20:47:51,Sucesso,245,10,0
BLD-C02-P03-009768,C02-P03,2026-06-28 15:42:04,Falha,146,10,6
BLD-C02-P03-009769,C02-P03,2026-06-13 12:44:54,Sucesso,415,36,0
BLD-C02-P03-009770,C02-P03,2026-06-10 08:02:07,Sucesso,85,280,4
BLD-C02-P03-009771,C02-P03,2026-06-07 19:11:52,Sucesso,314,328,0
BLD-C02-P03-009772,C02-P03,2026-06-21 20:50:13,Sucesso,139,603,0
BLD-C02-P03-009773,C02-P03,2026-06-08 09:26:53,Falha,301,134,1
BLD-C02-P03-009774,C02-P03,2026-06-29 16:46:23,Sucesso,468,476,0
BLD-C02-P03-009775,C02-P03,2026-06-01 16:33:08,Sucesso,160,10,0
BLD-C02-P03-009776,C02-P03,2026-06-28 18:18:44,Sucesso,238,372,0
BLD-C02-P03-009777,C02-P03,2026-06-18 18:09:58,Sucesso,363,262,0
BLD-C02-P03-009778,C02-P03,2026-07-10 20:01:46,Sucesso,575,530,0
BLD-C02-P03-009779,C02-P03,2026-07-28 17:20:17,Sucesso,425,665,0
BLD-C02-P03-009780,C02-P03,2026-07-26 16:28:49,Sucesso,218,16,0
BLD-C02-P03-009781,C02-P03,2026-07-11 11:53:00,Sucesso,247,646,0
BLD-C02-P03-009782,C02-P03,2026-07-09 08:23:27,Sucesso,406,169,0
BLD-C02-P03-009783,C02-P03,2026-07-04 14:59:31,Sucesso,262,309,0
BLD-C02-P03-009784,C02-P03,2026-07-09 19:40:31,Sucesso,349,555,0
BLD-C02-P03-009785,C02-P03,2026-07-25 13:01:51,Sucesso,369,160,0
BLD-C02-P03-009786,C02-P03,2026-07-08 12:43:42,Sucesso,181,427,0
BLD-C02-P03-009787,C02-P03,2026-07-26 19:45:21,Sucesso,130,195,0
BLD-C02-P03-009788,C02-P03,2026-07-08 14:56:07,Sucesso,471,665,0
BLD-C02-P03-009789,C02-P03,2026-07-17 17:36:28,Sucesso,207,306,0
BLD-C02-P03-009790,C02-P03,2026-07-17 07:05:30,Sucesso,389,391,0
BLD-C02-P03-009791,C02-P03,2026-07-20 18:53:46,Sucesso,222,490,0
BLD-C02-P03-009792,C02-P03,2026-07-20 08:16:27,Sucesso,400,437,0
BLD-C02-P03-009793,C02-P03,2026-07-22 08:18:28,Falha,276,710,4
BLD-C02-P03-009794,C02-P03,2026-07-05 17:37:29,Sucesso,289,490,0
BLD-C02-P03-009795,C02-P03,2026-07-01 12:06:23,Sucesso,329,678,0
BLD-C02-P03-009796,C02-P03,2026-07-27 21:31:43,Sucesso,221,19,0
BLD-C02-P03-009797,C02-P03,2026-07-20 08:25:26,Sucesso,584,615,0
BLD-C02-P03-009798,C02-P03,2026-07-10 13:47:44,Sucesso,153,924,0
BLD-C02-P03-009799,C02-P03,2026-07-03 11:25:29,Sucesso,326,375,0
BLD-C02-P03-009800,C02-P03,2026-07-29 10:47:34,Sucesso,328,518,0
BLD-C02-P03-009801,C02-P03,2026-07-28 16:15:12,Sucesso,346,174,0
BLD-C02-P03-009802,C02-P03,2026-07-23 10:29:32,Sucesso,376,194,0
BLD-C02-P03-009803,C02-P03,2026-07-29 18:47:33,Sucesso,265,30,0
BLD-C02-P03-009804,C02-P03,2026-07-20 11:07:48,Sucesso,550,355,0
BLD-C02-P03-009805,C02-P03,2026-07-19 19:43:57,Sucesso,667,294,0
BLD-C02-P03-009806,C02-P03,2026-07-30 07:39:09,Sucesso,120,647,0
BLD-C02-P03-009807,C02-P03,2026-07-21 13:43:22,Sucesso,310,276,0
BLD-C02-P03-009808,C02-P03,2026-07-24 14:40:49,Sucesso,278,414,0
BLD-C02-P03-009809,C02-P03,2026-07-07 20:07:48,Sucesso,459,406,0
BLD-C02-P03-009810,C02-P03,2026-07-21 09:34:23,Falha,271,709,12
BLD-C02-P03-009811,C02-P03,2026-07-04 17:26:36,Sucesso,293,38,0
BLD-C02-P03-009812,C02-P03,2026-07-13 19:47:16,Sucesso,432,565,0
BLD-C02-P03-009813,C02-P03,2026-07-21 14:42:43,Sucesso,283,205,1
BLD-C02-P03-009814,C02-P03,2026-07-18 13:09:22,Sucesso,226,506,0
BLD-C02-P03-009815,C02-P03,2026-07-27 20:16:49,Sucesso,362,932,0
BLD-C02-P03-009816,C02-P03,2026-07-25 09:11:57,Sucesso,565,563,0
BLD-C02-P03-009817,C02-P03,2026-07-05 19:19:16,Falha,226,427,10
BLD-C02-P03-009818,C02-P03,2026-07-07 13:12:27,Sucesso,193,280,0
BLD-C02-P03-009819,C02-P03,2026-07-05 10:04:39,Sucesso,343,366,0
BLD-C02-P03-009820,C02-P03,2026-07-27 15:33:25,Sucesso,384,150,0
BLD-C02-P03-009821,C02-P03,2026-07-13 18:16:48,Sucesso,214,329,0
BLD-C02-P03-009822,C02-P03,2026-07-25 14:45:48,Sucesso,536,10,0
BLD-C02-P03-009823,C02-P03,2026-07-20 13:21:33,Sucesso,295,847,0
BLD-C02-P03-009824,C02-P03,2026-07-18 17:46:59,Falha,262,146,2
BLD-C02-P03-009825,C02-P03,2026-07-04 11:03:15,Sucesso,326,554,0
BLD-C02-P03-009826,C02-P03,2026-07-26 07:42:38,Sucesso,20,233,0
BLD-C02-P03-009827,C02-P03,2026-07-22 11:45:02,Sucesso,199,349,0
BLD-C02-P03-009828,C02-P03,2026-07-03 10:22:12,Sucesso,113,246,0
BLD-C02-P03-009829,C02-P03,2026-07-31 19:56:25,Falha,261,578,19
BLD-C02-P03-009830,C02-P03,2026-07-14 19:34:18,Sucesso,275,290,0
BLD-C02-P03-009831,C02-P03,2026-07-27 15:12:59,Falha,188,546,1
BLD-C02-P03-009832,C02-P03,2026-07-17 16:14:17,Sucesso,111,632,0
BLD-C02-P03-009833,C02-P03,2026-07-11 08:34:44,Sucesso,206,719,0
BLD-C02-P03-009834,C02-P03,2026-07-22 12:09:41,Sucesso,361,504,0
BLD-C02-P03-009835,C02-P03,2026-07-30 17:58:33,Sucesso,210,316,0
BLD-C02-P03-009836,C02-P03,2026-07-31 21:26:41,Sucesso,215,294,0
BLD-C02-P03-009837,C02-P03,2026-07-17 11:32:35,Sucesso,401,10,0
BLD-C02-P03-009838,C02-P03,2026-07-02 16:42:25,Sucesso,502,340,0
BLD-C02-P03-009839,C02-P03,2026-07-24 12:23:43,Sucesso,185,207,0
BLD-C02-P03-009840,C02-P03,2026-07-02 11:26:53,Sucesso,194,605,0
BLD-C02-P03-009841,C02-P03,2026-07-25 19:20:18,Sucesso,394,265,0
BLD-C02-P03-009842,C02-P03,2026-07-28 10:11:59,Sucesso,117,116,0
BLD-C02-P03-009843,C02-P03,2026-07-28 18:47:07,Sucesso,377,290,0
BLD-C02-P03-009844,C02-P03,2026-07-05 17:23:03,Sucesso,213,367,0
BLD-C02-P03-009845,C02-P03,2026-07-28 13:11:26,Sucesso,176,332,0
BLD-C02-P03-009846,C02-P03,2026-07-20 18:41:47,Sucesso,20,303,0
BLD-C02-P03-009847,C02-P03,2026-07-27 16:21:58,Sucesso,442,780,0
BLD-C02-P03-009848,C02-P03,2026-07-31 18:20:39,Sucesso,671,120,0
BLD-C02-P03-009849,C02-P03,2026-07-26 14:15:28,Sucesso,20,246,0
BLD-C02-P03-009850,C02-P03,2026-07-11 14:28:14,Falha,244,172,5
BLD-C02-P03-009851,C02-P03,2026-07-03 11:59:29,Sucesso,734,780,0
BLD-C02-P03-009852,C02-P03,2026-07-25 07:06:34,Sucesso,220,602,0
BLD-C02-P03-009853,C02-P03,2026-07-02 10:30:29,Falha,421,535,5
BLD-C02-P04-009854,C02-P04,2025-06-25 14:04:21,Sucesso,410,371,0
BLD-C02-P04-009855,C02-P04,2025-06-26 21:29:33,Falha,184,710,7
BLD-C02-P04-009856,C02-P04,2025-06-20 09:05:08,Sucesso,415,217,0
BLD-C02-P04-009857,C02-P04,2025-06-11 19:18:36,Sucesso,144,551,0
BLD-C02-P04-009858,C02-P04,2025-06-25 14:28:59,Sucesso,287,213,0
BLD-C02-P04-009859,C02-P04,2025-06-19 14:21:20,Sucesso,103,534,0
BLD-C02-P04-009860,C02-P04,2025-06-13 11:45:09,Sucesso,514,607,0
BLD-C02-P04-009861,C02-P04,2025-06-04 18:23:51,Falha,420,522,2
BLD-C02-P04-009862,C02-P04,2025-06-05 15:52:44,Sucesso,413,620,0
BLD-C02-P04-009863,C02-P04,2025-06-04 12:46:54,Sucesso,123,420,0
BLD-C02-P04-009864,C02-P04,2025-06-02 18:46:59,Falha,191,42,1
BLD-C02-P04-009865,C02-P04,2025-06-23 16:46:44,Sucesso,410,252,0
BLD-C02-P04-009866,C02-P04,2025-06-02 21:47:15,Sucesso,345,649,0
BLD-C02-P04-009867,C02-P04,2025-06-29 19:05:50,Sucesso,391,485,0
BLD-C02-P04-009868,C02-P04,2025-06-28 14:59:17,Sucesso,20,449,0
BLD-C02-P04-009869,C02-P04,2025-06-09 15:39:21,Sucesso,438,651,0
BLD-C02-P04-009870,C02-P04,2025-06-13 21:10:24,Sucesso,393,453,0
BLD-C02-P04-009871,C02-P04,2025-06-27 11:36:27,Sucesso,547,132,0
BLD-C02-P04-009872,C02-P04,2025-06-05 14:36:58,Sucesso,186,334,0
BLD-C02-P04-009873,C02-P04,2025-06-05 09:13:40,Falha,346,539,7
BLD-C02-P04-009874,C02-P04,2025-06-17 10:56:29,Sucesso,360,129,0
BLD-C02-P04-009875,C02-P04,2025-06-28 20:23:29,Sucesso,472,388,0
BLD-C02-P04-009876,C02-P04,2025-06-15 11:47:32,Sucesso,340,215,0
BLD-C02-P04-009877,C02-P04,2025-06-08 17:24:52,Sucesso,456,952,1
BLD-C02-P04-009878,C02-P04,2025-06-10 08:00:18,Falha,28,328,2
BLD-C02-P04-009879,C02-P04,2025-06-01 15:42:53,Sucesso,410,380,0
BLD-C02-P04-009880,C02-P04,2025-06-24 18:23:19,Sucesso,512,339,0
BLD-C02-P04-009881,C02-P04,2025-06-01 11:21:44,Sucesso,317,621,0
BLD-C02-P04-009882,C02-P04,2025-06-06 10:28:45,Sucesso,252,417,0
BLD-C02-P04-009883,C02-P04,2025-06-06 17:02:27,Sucesso,501,459,0
BLD-C02-P04-009884,C02-P04,2025-06-22 17:52:25,Sucesso,464,435,0
BLD-C02-P04-009885,C02-P04,2025-06-07 08:50:39,Sucesso,346,241,0
BLD-C02-P04-009886,C02-P04,2025-06-05 13:53:19,Sucesso,37,10,0
BLD-C02-P04-009887,C02-P04,2025-06-18 14:35:56,Sucesso,20,561,0
BLD-C02-P04-009888,C02-P04,2025-06-25 18:04:18,Sucesso,216,303,0
BLD-C02-P04-009889,C02-P04,2025-06-05 09:22:16,Sucesso,340,338,0
BLD-C02-P04-009890,C02-P04,2025-06-07 15:20:35,Sucesso,564,403,0
BLD-C02-P04-009891,C02-P04,2025-06-06 16:50:28,Sucesso,473,574,0
BLD-C02-P04-009892,C02-P04,2025-06-26 09:25:51,Falha,285,552,8
BLD-C02-P04-009893,C02-P04,2025-06-14 16:41:34,Sucesso,236,539,0
BLD-C02-P04-009894,C02-P04,2025-06-06 17:04:58,Sucesso,156,379,0
BLD-C02-P04-009895,C02-P04,2025-06-13 11:06:32,Sucesso,399,688,0
BLD-C02-P04-009896,C02-P04,2025-06-22 21:11:00,Sucesso,321,38,1
BLD-C02-P04-009897,C02-P04,2025-06-02 20:54:25,Sucesso,285,391,0
BLD-C02-P04-009898,C02-P04,2025-06-20 07:09:05,Sucesso,206,476,0
BLD-C02-P04-009899,C02-P04,2025-06-11 07:20:34,Sucesso,361,636,0
BLD-C02-P04-009900,C02-P04,2025-06-30 09:50:24,Falha,138,10,10
BLD-C02-P04-009901,C02-P04,2025-06-27 19:04:50,Sucesso,302,511,1
BLD-C02-P04-009902,C02-P04,2025-06-17 15:16:55,Sucesso,400,388,0
BLD-C02-P04-009903,C02-P04,2025-06-05 16:57:11,Sucesso,189,576,0
BLD-C02-P04-009904,C02-P04,2025-06-12 09:00:25,Falha,109,275,12
BLD-C02-P04-009905,C02-P04,2025-06-09 16:17:52,Sucesso,325,413,0
BLD-C02-P04-009906,C02-P04,2025-06-19 10:54:49,Falha,376,345,1
BLD-C02-P04-009907,C02-P04,2025-06-18 21:16:58,Sucesso,27,449,0
BLD-C02-P04-009908,C02-P04,2025-06-17 18:47:24,Sucesso,255,102,0
BLD-C02-P04-009909,C02-P04,2025-06-30 19:08:17,Sucesso,233,525,0
BLD-C02-P04-009910,C02-P04,2025-06-14 09:34:33,Sucesso,55,607,0
BLD-C02-P04-009911,C02-P04,2025-06-20 21:11:55,Falha,457,521,2
BLD-C02-P04-009912,C02-P04,2025-06-01 15:56:21,Sucesso,296,366,0
BLD-C02-P04-009913,C02-P04,2025-06-24 10:14:03,Sucesso,375,423,0
BLD-C02-P04-009914,C02-P04,2025-06-18 15:15:59,Sucesso,215,19,0
BLD-C02-P04-009915,C02-P04,2025-06-10 19:50:06,Sucesso,268,280,0
BLD-C02-P04-009916,C02-P04,2025-06-16 07:21:23,Sucesso,293,263,0
BLD-C02-P04-009917,C02-P04,2025-06-10 20:38:35,Falha,96,496,1
BLD-C02-P04-009918,C02-P04,2025-06-22 07:15:21,Sucesso,127,164,0
BLD-C02-P04-009919,C02-P04,2025-06-22 07:52:11,Sucesso,238,468,0
BLD-C02-P04-009920,C02-P04,2025-06-01 11:24:20,Sucesso,308,10,0
BLD-C02-P04-009921,C02-P04,2025-06-19 20:29:51,Sucesso,611,268,0
BLD-C02-P04-009922,C02-P04,2025-06-04 19:04:28,Sucesso,319,467,0
BLD-C02-P04-009923,C02-P04,2025-06-13 19:45:36,Sucesso,158,245,0
BLD-C02-P04-009924,C02-P04,2025-06-13 13:41:54,Falha,508,229,5
BLD-C02-P04-009925,C02-P04,2025-06-02 11:09:28,Sucesso,487,214,0
BLD-C02-P04-009926,C02-P04,2025-06-27 14:54:59,Sucesso,370,420,0
BLD-C02-P04-009927,C02-P04,2025-06-09 07:39:53,Sucesso,604,230,0
BLD-C02-P04-009928,C02-P04,2025-06-08 19:27:39,Sucesso,232,443,0
BLD-C02-P04-009929,C02-P04,2025-06-30 17:03:41,Sucesso,465,232,0
BLD-C02-P04-009930,C02-P04,2025-06-13 09:08:14,Sucesso,290,608,0
BLD-C02-P04-009931,C02-P04,2025-06-02 19:15:32,Sucesso,454,439,0
BLD-C02-P04-009932,C02-P04,2025-06-07 10:20:48,Sucesso,31,581,0
BLD-C02-P04-009933,C02-P04,2025-06-18 07:14:54,Sucesso,300,536,0
BLD-C02-P04-009934,C02-P04,2025-06-11 21:26:16,Sucesso,353,384,0
BLD-C02-P04-009935,C02-P04,2025-06-17 20:03:32,Sucesso,591,404,0
BLD-C02-P04-009936,C02-P04,2025-06-02 07:27:09,Sucesso,285,283,0
BLD-C02-P04-009937,C02-P04,2025-06-01 14:04:09,Sucesso,634,691,0
BLD-C02-P04-009938,C02-P04,2025-06-22 14:05:01,Sucesso,575,351,0
BLD-C02-P04-009939,C02-P04,2025-06-25 16:13:42,Sucesso,189,497,0
BLD-C02-P04-009940,C02-P04,2025-06-03 17:38:49,Sucesso,144,277,0
BLD-C02-P04-009941,C02-P04,2025-06-20 20:57:00,Falha,278,398,3
BLD-C02-P04-009942,C02-P04,2025-06-16 13:37:16,Sucesso,270,10,0
BLD-C02-P04-009943,C02-P04,2025-06-26 07:29:23,Sucesso,82,580,0
BLD-C02-P04-009944,C02-P04,2025-06-22 20:33:52,Sucesso,364,652,0
BLD-C02-P04-009945,C02-P04,2025-06-02 08:17:45,Sucesso,376,241,0
BLD-C02-P04-009946,C02-P04,2025-06-19 19:45:38,Falha,117,460,15
BLD-C02-P04-009947,C02-P04,2025-06-27 16:53:05,Sucesso,366,432,0
BLD-C02-P04-009948,C02-P04,2025-06-21 14:15:19,Sucesso,205,592,0
BLD-C02-P04-009949,C02-P04,2025-06-25 18:10:38,Falha,208,726,3
BLD-C02-P04-009950,C02-P04,2025-06-25 15:11:40,Sucesso,130,345,0
BLD-C02-P04-009951,C02-P04,2025-06-30 12:18:52,Sucesso,613,395,0
BLD-C02-P04-009952,C02-P04,2025-06-01 21:26:01,Sucesso,331,341,0
BLD-C02-P04-009953,C02-P04,2025-06-22 18:57:23,Sucesso,174,636,0
BLD-C02-P04-009954,C02-P04,2025-06-30 08:54:03,Sucesso,499,404,0
BLD-C02-P04-009955,C02-P04,2025-06-17 17:19:06,Sucesso,341,329,0
BLD-C02-P04-009956,C02-P04,2025-06-20 20:13:37,Sucesso,465,871,0
BLD-C02-P04-009957,C02-P04,2025-06-13 07:46:02,Sucesso,381,509,0
BLD-C02-P04-009958,C02-P04,2025-06-30 09:08:25,Falha,116,725,4
BLD-C02-P04-009959,C02-P04,2025-06-01 15:03:06,Falha,441,183,1
BLD-C02-P04-009960,C02-P04,2025-06-11 13:46:46,Falha,356,416,3
BLD-C02-P04-009961,C02-P04,2025-06-26 07:31:12,Sucesso,522,742,0
BLD-C02-P04-009962,C02-P04,2025-06-22 10:59:17,Sucesso,89,206,0
BLD-C02-P04-009963,C02-P04,2025-06-03 09:52:52,Sucesso,459,794,0
BLD-C02-P04-009964,C02-P04,2025-06-10 14:23:23,Sucesso,328,349,0
BLD-C02-P04-009965,C02-P04,2025-06-21 09:59:13,Sucesso,20,179,0
BLD-C02-P04-009966,C02-P04,2025-06-20 14:17:54,Falha,245,372,4
BLD-C02-P04-009967,C02-P04,2025-06-30 09:04:28,Sucesso,404,505,0
BLD-C02-P04-009968,C02-P04,2025-07-28 08:02:07,Sucesso,228,586,0
BLD-C02-P04-009969,C02-P04,2025-07-02 07:32:12,Sucesso,397,698,0
BLD-C02-P04-009970,C02-P04,2025-07-20 21:37:47,Falha,268,488,8
BLD-C02-P04-009971,C02-P04,2025-07-18 17:37:22,Falha,353,298,3
BLD-C02-P04-009972,C02-P04,2025-07-13 17:23:35,Sucesso,84,713,0
BLD-C02-P04-009973,C02-P04,2025-07-15 19:45:31,Sucesso,269,199,0
BLD-C02-P04-009974,C02-P04,2025-07-08 16:39:52,Sucesso,183,125,0
BLD-C02-P04-009975,C02-P04,2025-07-04 17:25:34,Sucesso,462,625,0
BLD-C02-P04-009976,C02-P04,2025-07-13 18:54:07,Sucesso,170,205,0
BLD-C02-P04-009977,C02-P04,2025-07-21 11:21:34,Sucesso,379,631,0
BLD-C02-P04-009978,C02-P04,2025-07-12 19:55:41,Sucesso,93,305,0
BLD-C02-P04-009979,C02-P04,2025-07-03 19:35:54,Sucesso,576,312,0
BLD-C02-P04-009980,C02-P04,2025-07-22 20:36:52,Sucesso,102,145,0
BLD-C02-P04-009981,C02-P04,2025-07-27 20:24:51,Sucesso,486,141,0
BLD-C02-P04-009982,C02-P04,2025-07-18 18:01:05,Sucesso,403,501,0
BLD-C02-P04-009983,C02-P04,2025-07-18 10:17:12,Sucesso,162,381,0
BLD-C02-P04-009984,C02-P04,2025-07-09 19:47:14,Sucesso,288,776,0
BLD-C02-P04-009985,C02-P04,2025-07-20 11:52:26,Sucesso,162,17,0
BLD-C02-P04-009986,C02-P04,2025-07-24 18:31:44,Sucesso,202,422,0
BLD-C02-P04-009987,C02-P04,2025-07-06 13:07:45,Sucesso,68,459,0
BLD-C02-P04-009988,C02-P04,2025-07-04 07:57:04,Sucesso,166,245,0
BLD-C02-P04-009989,C02-P04,2025-07-30 11:23:48,Sucesso,291,143,0
BLD-C02-P04-009990,C02-P04,2025-07-09 10:32:46,Sucesso,313,10,0
BLD-C02-P04-009991,C02-P04,2025-07-21 17:36:34,Sucesso,412,476,0
BLD-C02-P04-009992,C02-P04,2025-07-27 12:30:03,Sucesso,266,487,0
BLD-C02-P04-009993,C02-P04,2025-07-21 20:54:31,Sucesso,272,472,1
BLD-C02-P04-009994,C02-P04,2025-07-21 11:03:59,Sucesso,443,462,0
BLD-C02-P04-009995,C02-P04,2025-07-09 20:27:11,Sucesso,306,271,0
BLD-C02-P04-009996,C02-P04,2025-07-12 20:07:41,Sucesso,20,336,0
BLD-C02-P04-009997,C02-P04,2025-07-23 12:31:39,Sucesso,20,422,0
BLD-C02-P04-009998,C02-P04,2025-07-02 20:21:10,Falha,439,679,3
BLD-C02-P04-009999,C02-P04,2025-07-11 10:48:01,Sucesso,425,452,0
BLD-C02-P04-010000,C02-P04,2025-07-17 16:08:31,Sucesso,466,368,0
BLD-C02-P04-010001,C02-P04,2025-07-25 07:37:23,Sucesso,360,339,0
BLD-C02-P04-010002,C02-P04,2025-07-09 08:06:29,Sucesso,401,612,0
BLD-C02-P04-010003,C02-P04,2025-07-31 11:08:19,Sucesso,64,412,0
BLD-C02-P04-010004,C02-P04,2025-07-29 07:42:19,Sucesso,292,195,0
BLD-C02-P04-010005,C02-P04,2025-07-18 20:26:06,Sucesso,20,431,0
BLD-C02-P04-010006,C02-P04,2025-07-14 12:04:21,Sucesso,219,283,0
BLD-C02-P04-010007,C02-P04,2025-07-12 16:39:02,Sucesso,270,298,0
BLD-C02-P04-010008,C02-P04,2025-07-20 10:37:49,Sucesso,158,422,0
BLD-C02-P04-010009,C02-P04,2025-07-23 13:30:03,Sucesso,275,101,0
BLD-C02-P04-010010,C02-P04,2025-07-22 07:37:12,Sucesso,427,177,0
BLD-C02-P04-010011,C02-P04,2025-07-17 13:21:43,Sucesso,388,513,0
BLD-C02-P04-010012,C02-P04,2025-07-07 12:29:25,Falha,264,349,11
BLD-C02-P04-010013,C02-P04,2025-07-24 14:04:50,Sucesso,209,862,0
BLD-C02-P04-010014,C02-P04,2025-07-04 16:47:36,Sucesso,449,403,0
BLD-C02-P04-010015,C02-P04,2025-07-09 10:35:03,Sucesso,223,347,0
BLD-C02-P04-010016,C02-P04,2025-07-28 13:15:43,Falha,467,406,7
BLD-C02-P04-010017,C02-P04,2025-07-22 18:16:22,Sucesso,325,428,0
BLD-C02-P04-010018,C02-P04,2025-07-20 16:03:07,Falha,46,230,7
BLD-C02-P04-010019,C02-P04,2025-07-26 16:35:19,Falha,283,630,10
BLD-C02-P04-010020,C02-P04,2025-07-15 10:50:03,Sucesso,313,402,0
BLD-C02-P04-010021,C02-P04,2025-07-04 20:11:52,Sucesso,284,179,0
BLD-C02-P04-010022,C02-P04,2025-07-04 20:17:29,Falha,397,374,1
BLD-C02-P04-010023,C02-P04,2025-07-29 09:12:29,Sucesso,325,573,0
BLD-C02-P04-010024,C02-P04,2025-07-19 17:13:39,Sucesso,247,140,0
BLD-C02-P04-010025,C02-P04,2025-07-31 18:16:12,Sucesso,327,384,0
BLD-C02-P04-010026,C02-P04,2025-07-28 14:18:20,Sucesso,414,397,0
BLD-C02-P04-010027,C02-P04,2025-07-15 15:03:18,Sucesso,395,469,0
BLD-C02-P04-010028,C02-P04,2025-07-16 07:41:17,Falha,408,734,2
BLD-C02-P04-010029,C02-P04,2025-07-20 11:05:41,Sucesso,20,195,0
BLD-C02-P04-010030,C02-P04,2025-07-12 12:56:53,Sucesso,278,575,0
BLD-C02-P04-010031,C02-P04,2025-07-14 15:59:32,Sucesso,246,10,0
BLD-C02-P04-010032,C02-P04,2025-07-12 09:36:05,Sucesso,449,702,0
BLD-C02-P04-010033,C02-P04,2025-07-30 19:10:41,Falha,236,212,8
BLD-C02-P04-010034,C02-P04,2025-07-23 15:32:54,Sucesso,293,460,0
BLD-C02-P04-010035,C02-P04,2025-07-02 18:01:28,Sucesso,20,260,0
BLD-C02-P04-010036,C02-P04,2025-07-19 20:44:44,Sucesso,340,805,0
BLD-C02-P04-010037,C02-P04,2025-07-30 21:27:08,Sucesso,220,451,0
BLD-C02-P04-010038,C02-P04,2025-07-09 19:32:53,Sucesso,396,601,0
BLD-C02-P04-010039,C02-P04,2025-07-26 21:44:16,Sucesso,181,15,0
BLD-C02-P04-010040,C02-P04,2025-07-22 18:49:07,Sucesso,231,871,0
BLD-C02-P04-010041,C02-P04,2025-07-16 21:19:31,Sucesso,568,341,0
BLD-C02-P04-010042,C02-P04,2025-07-10 16:06:42,Sucesso,708,221,1
BLD-C02-P04-010043,C02-P04,2025-07-09 17:29:26,Sucesso,468,406,0
BLD-C02-P04-010044,C02-P04,2025-07-12 19:32:10,Falha,208,197,6
BLD-C02-P04-010045,C02-P04,2025-07-11 13:34:54,Falha,119,228,6
BLD-C02-P04-010046,C02-P04,2025-07-25 10:55:18,Sucesso,291,581,0
BLD-C02-P04-010047,C02-P04,2025-07-08 07:50:58,Falha,346,751,3
BLD-C02-P04-010048,C02-P04,2025-07-31 15:01:14,Sucesso,601,92,0
BLD-C02-P04-010049,C02-P04,2025-07-21 19:48:58,Sucesso,161,683,0
BLD-C02-P04-010050,C02-P04,2025-07-20 07:26:31,Sucesso,117,436,0
BLD-C02-P04-010051,C02-P04,2025-07-17 21:09:36,Falha,430,310,13
BLD-C02-P04-010052,C02-P04,2025-07-16 20:55:48,Sucesso,275,201,0
BLD-C02-P04-010053,C02-P04,2025-07-17 19:16:49,Falha,20,481,7
BLD-C02-P04-010054,C02-P04,2025-07-29 07:12:02,Sucesso,262,376,0
BLD-C02-P04-010055,C02-P04,2025-07-24 20:39:33,Sucesso,435,656,0
BLD-C02-P04-010056,C02-P04,2025-07-11 14:06:59,Sucesso,143,543,0
BLD-C02-P04-010057,C02-P04,2025-07-14 08:07:03,Sucesso,394,173,0
BLD-C02-P04-010058,C02-P04,2025-07-29 16:33:29,Sucesso,127,335,0
BLD-C02-P04-010059,C02-P04,2025-07-06 13:40:56,Falha,190,359,9
BLD-C02-P04-010060,C02-P04,2025-07-17 18:14:55,Sucesso,222,426,0
BLD-C02-P04-010061,C02-P04,2025-07-14 20:47:15,Sucesso,199,81,0
BLD-C02-P04-010062,C02-P04,2025-07-15 09:49:23,Sucesso,36,210,0
BLD-C02-P04-010063,C02-P04,2025-07-04 09:05:21,Sucesso,407,693,0
BLD-C02-P04-010064,C02-P04,2025-07-05 20:37:02,Falha,342,187,22
BLD-C02-P04-010065,C02-P04,2025-07-17 13:25:54,Sucesso,179,376,0
BLD-C02-P04-010066,C02-P04,2025-07-26 07:46:44,Sucesso,183,79,0
BLD-C02-P04-010067,C02-P04,2025-07-12 20:04:12,Sucesso,354,345,0
BLD-C02-P04-010068,C02-P04,2025-07-19 09:56:02,Sucesso,457,464,0
BLD-C02-P04-010069,C02-P04,2025-07-26 16:35:44,Falha,236,356,4
BLD-C02-P04-010070,C02-P04,2025-07-01 17:32:28,Sucesso,321,768,1
BLD-C02-P04-010071,C02-P04,2025-07-15 12:24:57,Sucesso,128,350,0
BLD-C02-P04-010072,C02-P04,2025-07-05 12:08:41,Sucesso,334,359,0
BLD-C02-P04-010073,C02-P04,2025-07-02 21:35:25,Sucesso,238,602,0
BLD-C02-P04-010074,C02-P04,2025-07-27 12:57:46,Falha,330,594,5
BLD-C02-P04-010075,C02-P04,2025-07-23 20:31:11,Falha,327,77,1
BLD-C02-P04-010076,C02-P04,2025-08-20 21:40:19,Falha,354,385,9
BLD-C02-P04-010077,C02-P04,2025-08-10 19:17:05,Sucesso,160,917,0
BLD-C02-P04-010078,C02-P04,2025-08-21 16:44:00,Sucesso,531,48,0
BLD-C02-P04-010079,C02-P04,2025-08-01 08:53:21,Sucesso,356,128,0
BLD-C02-P04-010080,C02-P04,2025-08-19 12:42:49,Sucesso,386,476,0
BLD-C02-P04-010081,C02-P04,2025-08-08 08:16:56,Sucesso,279,321,0
BLD-C02-P04-010082,C02-P04,2025-08-26 15:01:01,Sucesso,340,563,0
BLD-C02-P04-010083,C02-P04,2025-08-23 19:48:42,Sucesso,244,551,5
BLD-C02-P04-010084,C02-P04,2025-08-14 16:05:17,Sucesso,546,404,0
BLD-C02-P04-010085,C02-P04,2025-08-29 18:35:38,Sucesso,231,202,0
BLD-C02-P04-010086,C02-P04,2025-08-14 14:11:18,Sucesso,554,178,0
BLD-C02-P04-010087,C02-P04,2025-08-12 18:54:55,Sucesso,231,168,0
BLD-C02-P04-010088,C02-P04,2025-08-03 10:47:04,Falha,323,237,9
BLD-C02-P04-010089,C02-P04,2025-08-29 10:30:15,Sucesso,621,162,0
BLD-C02-P04-010090,C02-P04,2025-08-19 13:35:52,Falha,74,318,23
BLD-C02-P04-010091,C02-P04,2025-08-29 17:06:26,Falha,368,257,14
BLD-C02-P04-010092,C02-P04,2025-08-06 12:53:07,Sucesso,231,10,0
BLD-C02-P04-010093,C02-P04,2025-08-20 17:06:22,Sucesso,20,460,0
BLD-C02-P04-010094,C02-P04,2025-08-12 17:10:29,Sucesso,344,428,0
BLD-C02-P04-010095,C02-P04,2025-08-13 07:22:24,Sucesso,416,248,0
BLD-C02-P04-010096,C02-P04,2025-08-14 16:11:58,Falha,316,706,3
BLD-C02-P04-010097,C02-P04,2025-08-26 21:18:01,Falha,301,301,3
BLD-C02-P04-010098,C02-P04,2025-08-17 17:00:12,Falha,283,307,1
BLD-C02-P04-010099,C02-P04,2025-08-09 11:04:48,Falha,438,70,1
BLD-C02-P04-010100,C02-P04,2025-08-15 15:19:19,Sucesso,193,404,0
BLD-C02-P04-010101,C02-P04,2025-08-08 13:23:02,Sucesso,320,626,0
BLD-C02-P04-010102,C02-P04,2025-08-28 19:09:10,Sucesso,430,665,0
BLD-C02-P04-010103,C02-P04,2025-08-07 14:38:37,Sucesso,302,696,0
BLD-C02-P04-010104,C02-P04,2025-08-09 19:52:08,Sucesso,515,391,0
BLD-C02-P04-010105,C02-P04,2025-08-29 18:12:03,Sucesso,336,316,0
BLD-C02-P04-010106,C02-P04,2025-08-26 09:00:43,Sucesso,340,427,0
BLD-C02-P04-010107,C02-P04,2025-08-19 10:48:12,Falha,266,175,10
BLD-C02-P04-010108,C02-P04,2025-08-17 19:25:40,Sucesso,264,534,0
BLD-C02-P04-010109,C02-P04,2025-08-27 16:11:50,Sucesso,204,536,0
BLD-C02-P04-010110,C02-P04,2025-08-02 12:32:19,Sucesso,446,263,0
BLD-C02-P04-010111,C02-P04,2025-08-09 07:52:51,Sucesso,241,666,2
BLD-C02-P04-010112,C02-P04,2025-08-20 08:22:52,Sucesso,568,657,3
BLD-C02-P04-010113,C02-P04,2025-08-21 17:06:34,Falha,515,317,1
BLD-C02-P04-010114,C02-P04,2025-08-09 12:16:56,Sucesso,151,385,0
BLD-C02-P04-010115,C02-P04,2025-08-08 09:33:17,Falha,238,450,12
BLD-C02-P04-010116,C02-P04,2025-08-25 07:50:27,Falha,420,471,7
BLD-C02-P04-010117,C02-P04,2025-08-21 07:12:23,Sucesso,478,168,0
BLD-C02-P04-010118,C02-P04,2025-08-18 08:22:43,Falha,355,308,3
BLD-C02-P04-010119,C02-P04,2025-08-29 13:42:30,Sucesso,476,625,0
BLD-C02-P04-010120,C02-P04,2025-08-16 14:24:59,Sucesso,274,404,0
BLD-C02-P04-010121,C02-P04,2025-08-02 21:19:46,Falha,520,625,8
BLD-C02-P04-010122,C02-P04,2025-08-24 13:25:49,Sucesso,44,185,0
BLD-C02-P04-010123,C02-P04,2025-08-27 18:12:56,Falha,374,266,5
BLD-C02-P04-010124,C02-P04,2025-08-19 18:45:19,Sucesso,442,351,0
BLD-C02-P04-010125,C02-P04,2025-08-07 10:39:28,Sucesso,167,568,0
BLD-C02-P04-010126,C02-P04,2025-08-21 14:34:36,Sucesso,129,268,0
BLD-C02-P04-010127,C02-P04,2025-08-27 09:57:49,Falha,362,573,1
BLD-C02-P04-010128,C02-P04,2025-08-21 08:42:03,Sucesso,642,736,0
BLD-C02-P04-010129,C02-P04,2025-08-19 13:11:02,Sucesso,434,347,0
BLD-C02-P04-010130,C02-P04,2025-08-30 10:13:51,Sucesso,244,389,0
BLD-C02-P04-010131,C02-P04,2025-08-24 21:53:50,Sucesso,287,243,0
BLD-C02-P04-010132,C02-P04,2025-08-31 07:57:44,Sucesso,266,372,0
BLD-C02-P04-010133,C02-P04,2025-08-09 20:05:50,Sucesso,373,519,0
BLD-C02-P04-010134,C02-P04,2025-08-13 09:31:31,Sucesso,113,332,0
BLD-C02-P04-010135,C02-P04,2025-08-09 08:51:17,Sucesso,123,148,0
BLD-C02-P04-010136,C02-P04,2025-08-15 08:58:54,Sucesso,461,481,0
BLD-C02-P04-010137,C02-P04,2025-08-06 15:48:02,Sucesso,380,266,0
BLD-C02-P04-010138,C02-P04,2025-08-16 19:57:48,Sucesso,419,332,0
BLD-C02-P04-010139,C02-P04,2025-08-03 21:31:27,Sucesso,595,68,0
BLD-C02-P04-010140,C02-P04,2025-08-22 11:47:51,Sucesso,338,394,0
BLD-C02-P04-010141,C02-P04,2025-08-08 14:15:05,Sucesso,282,377,0
BLD-C02-P04-010142,C02-P04,2025-08-11 07:15:56,Sucesso,451,891,0
BLD-C02-P04-010143,C02-P04,2025-08-15 18:47:24,Sucesso,457,449,0
BLD-C02-P04-010144,C02-P04,2025-08-02 09:04:52,Sucesso,454,140,0
BLD-C02-P04-010145,C02-P04,2025-08-02 19:04:22,Sucesso,110,267,0
BLD-C02-P04-010146,C02-P04,2025-08-19 15:21:17,Falha,20,562,2
BLD-C02-P04-010147,C02-P04,2025-08-17 08:40:56,Falha,437,201,7
BLD-C02-P04-010148,C02-P04,2025-08-03 10:12:54,Sucesso,388,238,0
BLD-C02-P04-010149,C02-P04,2025-08-27 21:48:32,Sucesso,440,281,0
BLD-C02-P04-010150,C02-P04,2025-08-24 15:49:17,Sucesso,673,471,0
BLD-C02-P04-010151,C02-P04,2025-08-18 11:18:23,Sucesso,439,689,0
BLD-C02-P04-010152,C02-P04,2025-08-18 09:17:32,Sucesso,341,255,0
BLD-C02-P04-010153,C02-P04,2025-08-13 18:48:39,Sucesso,248,637,0
BLD-C02-P04-010154,C02-P04,2025-08-30 13:22:35,Sucesso,286,271,0
BLD-C02-P04-010155,C02-P04,2025-08-01 13:05:59,Sucesso,652,76,0
BLD-C02-P04-010156,C02-P04,2025-08-25 08:07:27,Sucesso,186,455,0
BLD-C02-P04-010157,C02-P04,2025-08-12 11:17:50,Sucesso,424,140,0
BLD-C02-P04-010158,C02-P04,2025-08-29 10:48:59,Falha,273,210,6
BLD-C02-P04-010159,C02-P04,2025-08-20 17:41:37,Sucesso,406,250,0
BLD-C02-P04-010160,C02-P04,2025-08-20 19:03:07,Falha,461,264,5
BLD-C02-P04-010161,C02-P04,2025-08-06 19:10:23,Sucesso,208,598,0
BLD-C02-P04-010162,C02-P04,2025-08-03 09:48:44,Falha,484,288,11
BLD-C02-P04-010163,C02-P04,2025-08-06 17:53:59,Sucesso,550,552,3
BLD-C02-P04-010164,C02-P04,2025-08-16 13:18:48,Sucesso,460,91,0
BLD-C02-P04-010165,C02-P04,2025-08-06 10:24:18,Sucesso,278,342,0
BLD-C02-P04-010166,C02-P04,2025-08-10 07:00:33,Falha,401,409,6
BLD-C02-P04-010167,C02-P04,2025-08-14 16:53:55,Sucesso,413,359,0
BLD-C02-P04-010168,C02-P04,2025-08-13 16:04:38,Sucesso,308,524,0
BLD-C02-P04-010169,C02-P04,2025-08-24 08:00:06,Sucesso,520,387,0
BLD-C02-P04-010170,C02-P04,2025-08-07 10:02:38,Sucesso,371,329,0
BLD-C02-P04-010171,C02-P04,2025-08-21 19:16:14,Sucesso,289,550,0
BLD-C02-P04-010172,C02-P04,2025-08-07 07:55:06,Sucesso,460,153,0
BLD-C02-P04-010173,C02-P04,2025-08-12 07:08:56,Sucesso,227,312,0
BLD-C02-P04-010174,C02-P04,2025-08-15 13:00:53,Sucesso,575,772,0
BLD-C02-P04-010175,C02-P04,2025-08-19 14:31:50,Sucesso,566,459,1
BLD-C02-P04-010176,C02-P04,2025-09-01 13:24:21,Sucesso,301,43,0
BLD-C02-P04-010177,C02-P04,2025-09-27 15:49:50,Sucesso,157,434,0
BLD-C02-P04-010178,C02-P04,2025-09-16 09:31:23,Sucesso,392,622,1
BLD-C02-P04-010179,C02-P04,2025-09-17 13:05:38,Sucesso,373,432,0
BLD-C02-P04-010180,C02-P04,2025-09-06 19:11:36,Sucesso,20,358,0
BLD-C02-P04-010181,C02-P04,2025-09-07 21:43:58,Sucesso,268,675,0
BLD-C02-P04-010182,C02-P04,2025-09-10 18:59:20,Falha,468,583,10
BLD-C02-P04-010183,C02-P04,2025-09-05 16:36:27,Falha,493,210,4
BLD-C02-P04-010184,C02-P04,2025-09-14 13:13:11,Falha,336,278,1
BLD-C02-P04-010185,C02-P04,2025-09-13 21:36:31,Sucesso,533,528,0
BLD-C02-P04-010186,C02-P04,2025-09-04 07:24:12,Sucesso,135,267,0
BLD-C02-P04-010187,C02-P04,2025-09-26 16:01:19,Sucesso,263,267,0
BLD-C02-P04-010188,C02-P04,2025-09-16 15:38:19,Sucesso,40,398,1
BLD-C02-P04-010189,C02-P04,2025-09-21 16:13:05,Sucesso,475,56,0
BLD-C02-P04-010190,C02-P04,2025-09-27 09:13:23,Sucesso,579,478,0
BLD-C02-P04-010191,C02-P04,2025-09-24 21:18:24,Sucesso,527,606,0
BLD-C02-P04-010192,C02-P04,2025-09-07 07:46:13,Sucesso,656,286,0
BLD-C02-P04-010193,C02-P04,2025-09-22 18:05:22,Sucesso,379,616,0
BLD-C02-P04-010194,C02-P04,2025-09-18 14:15:46,Sucesso,96,659,0
BLD-C02-P04-010195,C02-P04,2025-09-25 15:32:48,Sucesso,240,487,0
BLD-C02-P04-010196,C02-P04,2025-09-17 07:43:19,Sucesso,295,307,0
BLD-C02-P04-010197,C02-P04,2025-09-23 16:38:47,Sucesso,619,391,0
BLD-C02-P04-010198,C02-P04,2025-09-29 15:00:03,Sucesso,162,359,0
BLD-C02-P04-010199,C02-P04,2025-09-26 14:22:58,Sucesso,77,645,0
BLD-C02-P04-010200,C02-P04,2025-09-15 20:44:44,Sucesso,254,436,0
BLD-C02-P04-010201,C02-P04,2025-09-01 17:33:55,Sucesso,459,192,0
BLD-C02-P04-010202,C02-P04,2025-09-06 08:14:05,Sucesso,562,688,0
BLD-C02-P04-010203,C02-P04,2025-09-03 11:28:15,Sucesso,284,481,0
BLD-C02-P04-010204,C02-P04,2025-09-01 13:31:11,Sucesso,644,722,0
BLD-C02-P04-010205,C02-P04,2025-09-04 14:02:20,Falha,382,599,3
BLD-C02-P04-010206,C02-P04,2025-09-04 10:10:26,Sucesso,344,737,1
BLD-C02-P04-010207,C02-P04,2025-09-22 10:29:29,Sucesso,20,398,0
BLD-C02-P04-010208,C02-P04,2025-09-17 11:23:04,Sucesso,349,242,0
BLD-C02-P04-010209,C02-P04,2025-09-05 18:43:29,Sucesso,579,715,0
BLD-C02-P04-010210,C02-P04,2025-09-18 21:48:46,Sucesso,216,312,0
BLD-C02-P04-010211,C02-P04,2025-09-10 17:25:40,Sucesso,521,345,0
BLD-C02-P04-010212,C02-P04,2025-09-04 18:29:15,Sucesso,252,440,0
BLD-C02-P04-010213,C02-P04,2025-09-10 07:04:35,Sucesso,422,344,0
BLD-C02-P04-010214,C02-P04,2025-09-30 14:39:18,Sucesso,186,675,0
BLD-C02-P04-010215,C02-P04,2025-09-28 14:58:16,Sucesso,601,565,0
BLD-C02-P04-010216,C02-P04,2025-09-02 21:42:13,Sucesso,493,297,0
BLD-C02-P04-010217,C02-P04,2025-09-08 10:08:02,Falha,445,497,1
BLD-C02-P04-010218,C02-P04,2025-09-25 10:29:45,Sucesso,155,368,0
BLD-C02-P04-010219,C02-P04,2025-09-02 08:57:40,Sucesso,494,492,0
BLD-C02-P04-010220,C02-P04,2025-09-19 11:47:36,Falha,359,86,1
BLD-C02-P04-010221,C02-P04,2025-09-29 12:17:03,Sucesso,189,576,0
BLD-C02-P04-010222,C02-P04,2025-09-30 17:40:58,Sucesso,517,254,0
BLD-C02-P04-010223,C02-P04,2025-09-17 10:05:01,Sucesso,47,347,0
BLD-C02-P04-010224,C02-P04,2025-09-01 19:03:00,Sucesso,148,472,1
BLD-C02-P04-010225,C02-P04,2025-09-09 12:06:00,Sucesso,299,329,0
BLD-C02-P04-010226,C02-P04,2025-09-08 15:12:59,Sucesso,493,591,0
BLD-C02-P04-010227,C02-P04,2025-09-15 16:05:47,Falha,348,535,3
BLD-C02-P04-010228,C02-P04,2025-09-24 15:00:50,Sucesso,354,75,0
BLD-C02-P04-010229,C02-P04,2025-09-02 09:39:28,Sucesso,425,124,0
BLD-C02-P04-010230,C02-P04,2025-09-11 13:07:35,Sucesso,232,357,0
BLD-C02-P04-010231,C02-P04,2025-09-24 10:33:28,Sucesso,235,319,0
BLD-C02-P04-010232,C02-P04,2025-09-10 20:02:22,Sucesso,123,417,0
BLD-C02-P04-010233,C02-P04,2025-09-20 13:31:18,Sucesso,274,33,1
BLD-C02-P04-010234,C02-P04,2025-09-23 07:22:35,Sucesso,416,418,0
BLD-C02-P04-010235,C02-P04,2025-09-27 20:26:17,Sucesso,382,575,1
BLD-C02-P04-010236,C02-P04,2025-09-30 19:51:22,Sucesso,135,405,0
BLD-C02-P04-010237,C02-P04,2025-09-20 09:13:32,Sucesso,134,459,0
BLD-C02-P04-010238,C02-P04,2025-09-27 12:30:46,Sucesso,119,558,0
BLD-C02-P04-010239,C02-P04,2025-09-10 16:31:14,Sucesso,396,324,0
BLD-C02-P04-010240,C02-P04,2025-09-16 14:01:07,Sucesso,234,571,0
BLD-C02-P04-010241,C02-P04,2025-09-20 20:52:00,Sucesso,189,689,0
BLD-C02-P04-010242,C02-P04,2025-09-19 08:54:04,Sucesso,211,319,0
BLD-C02-P04-010243,C02-P04,2025-09-14 18:10:50,Falha,334,289,2
BLD-C02-P04-010244,C02-P04,2025-09-03 08:18:29,Sucesso,216,596,1
BLD-C02-P04-010245,C02-P04,2025-09-04 20:48:46,Sucesso,427,332,0
BLD-C02-P04-010246,C02-P04,2025-09-13 08:33:49,Sucesso,38,420,0
BLD-C02-P04-010247,C02-P04,2025-09-16 08:18:34,Sucesso,309,178,0
BLD-C02-P04-010248,C02-P04,2025-09-17 13:47:41,Sucesso,304,506,0
BLD-C02-P04-010249,C02-P04,2025-09-27 09:47:22,Sucesso,171,217,0
BLD-C02-P04-010250,C02-P04,2025-09-03 21:52:11,Sucesso,397,664,0
BLD-C02-P04-010251,C02-P04,2025-09-02 13:19:27,Sucesso,340,259,0
BLD-C02-P04-010252,C02-P04,2025-09-27 10:29:45,Sucesso,243,373,0
BLD-C02-P04-010253,C02-P04,2025-09-29 12:22:59,Sucesso,258,582,0
BLD-C02-P04-010254,C02-P04,2025-09-02 07:36:27,Sucesso,202,321,0
BLD-C02-P04-010255,C02-P04,2025-09-15 08:06:24,Sucesso,139,227,0
BLD-C02-P04-010256,C02-P04,2025-09-02 20:36:15,Sucesso,655,213,0
BLD-C02-P04-010257,C02-P04,2025-09-21 08:33:04,Sucesso,265,316,0
BLD-C02-P04-010258,C02-P04,2025-09-26 17:34:06,Sucesso,346,398,0
BLD-C02-P04-010259,C02-P04,2025-09-05 20:59:07,Sucesso,423,342,0
BLD-C02-P04-010260,C02-P04,2025-09-07 15:39:53,Sucesso,649,458,0
BLD-C02-P04-010261,C02-P04,2025-09-03 21:02:54,Sucesso,207,516,0
BLD-C02-P04-010262,C02-P04,2025-09-23 11:24:53,Sucesso,505,851,0
BLD-C02-P04-010263,C02-P04,2025-09-15 14:54:42,Sucesso,50,616,0
BLD-C02-P04-010264,C02-P04,2025-09-12 15:09:06,Sucesso,137,142,0
BLD-C02-P04-010265,C02-P04,2025-10-13 17:45:21,Sucesso,377,302,0
BLD-C02-P04-010266,C02-P04,2025-10-18 17:52:09,Sucesso,203,340,0
BLD-C02-P04-010267,C02-P04,2025-10-26 13:22:21,Sucesso,339,373,0
BLD-C02-P04-010268,C02-P04,2025-10-10 20:50:56,Sucesso,513,148,0
BLD-C02-P04-010269,C02-P04,2025-10-08 13:29:19,Sucesso,65,594,0
BLD-C02-P04-010270,C02-P04,2025-10-21 19:21:47,Sucesso,394,341,0
BLD-C02-P04-010271,C02-P04,2025-10-27 21:23:19,Sucesso,284,145,0
BLD-C02-P04-010272,C02-P04,2025-10-27 19:38:28,Sucesso,424,380,0
BLD-C02-P04-010273,C02-P04,2025-10-08 09:52:31,Sucesso,283,270,0
BLD-C02-P04-010274,C02-P04,2025-10-03 19:08:22,Sucesso,264,336,0
BLD-C02-P04-010275,C02-P04,2025-10-13 13:06:23,Sucesso,68,235,0
BLD-C02-P04-010276,C02-P04,2025-10-28 09:11:58,Sucesso,380,140,0
BLD-C02-P04-010277,C02-P04,2025-10-09 12:29:13,Sucesso,188,269,0
BLD-C02-P04-010278,C02-P04,2025-10-23 14:26:38,Sucesso,286,339,0
BLD-C02-P04-010279,C02-P04,2025-10-15 07:35:07,Sucesso,234,341,0
BLD-C02-P04-010280,C02-P04,2025-10-18 20:54:46,Sucesso,178,592,0
BLD-C02-P04-010281,C02-P04,2025-10-26 10:25:00,Sucesso,367,575,0
BLD-C02-P04-010282,C02-P04,2025-10-05 07:43:31,Sucesso,315,181,0
BLD-C02-P04-010283,C02-P04,2025-10-31 08:48:18,Sucesso,434,636,0
BLD-C02-P04-010284,C02-P04,2025-10-10 17:53:01,Sucesso,424,300,0
BLD-C02-P04-010285,C02-P04,2025-10-14 10:55:28,Sucesso,230,318,0
BLD-C02-P04-010286,C02-P04,2025-10-26 11:08:14,Falha,315,700,5
BLD-C02-P04-010287,C02-P04,2025-10-23 20:41:29,Sucesso,373,215,0
BLD-C02-P04-010288,C02-P04,2025-10-24 08:44:29,Sucesso,160,327,0
BLD-C02-P04-010289,C02-P04,2025-10-29 21:39:24,Sucesso,216,442,0
BLD-C02-P04-010290,C02-P04,2025-10-02 12:10:42,Falha,186,796,5
BLD-C02-P04-010291,C02-P04,2025-10-14 11:39:51,Falha,279,135,5
BLD-C02-P04-010292,C02-P04,2025-10-10 12:52:17,Sucesso,467,430,0
BLD-C02-P04-010293,C02-P04,2025-10-07 14:15:28,Sucesso,197,202,0
BLD-C02-P04-010294,C02-P04,2025-10-27 18:01:05,Sucesso,137,222,0
BLD-C02-P04-010295,C02-P04,2025-10-04 21:59:10,Sucesso,207,737,0
BLD-C02-P04-010296,C02-P04,2025-10-16 14:10:33,Sucesso,460,417,0
BLD-C02-P04-010297,C02-P04,2025-10-22 07:24:04,Sucesso,594,165,0
BLD-C02-P04-010298,C02-P04,2025-10-11 09:35:55,Sucesso,406,532,0
BLD-C02-P04-010299,C02-P04,2025-10-19 11:41:29,Sucesso,469,362,0
BLD-C02-P04-010300,C02-P04,2025-10-23 20:15:20,Falha,405,797,4
BLD-C02-P04-010301,C02-P04,2025-10-09 21:46:03,Falha,380,270,6
BLD-C02-P04-010302,C02-P04,2025-10-28 17:34:36,Sucesso,156,484,1
BLD-C02-P04-010303,C02-P04,2025-10-21 12:28:17,Sucesso,94,165,0
BLD-C02-P04-010304,C02-P04,2025-10-30 08:18:14,Sucesso,626,418,0
BLD-C02-P04-010305,C02-P04,2025-10-27 08:38:40,Sucesso,252,649,0
BLD-C02-P04-010306,C02-P04,2025-10-19 11:10:01,Sucesso,537,453,0
BLD-C02-P04-010307,C02-P04,2025-10-17 12:06:31,Sucesso,219,517,1
BLD-C02-P04-010308,C02-P04,2025-10-12 09:31:34,Sucesso,294,553,1
BLD-C02-P04-010309,C02-P04,2025-10-14 07:03:41,Sucesso,369,168,0
BLD-C02-P04-010310,C02-P04,2025-10-11 08:03:30,Sucesso,165,493,0
BLD-C02-P04-010311,C02-P04,2025-10-24 17:48:56,Sucesso,351,242,0
BLD-C02-P04-010312,C02-P04,2025-10-04 09:56:51,Sucesso,387,595,0
BLD-C02-P04-010313,C02-P04,2025-10-20 12:58:30,Sucesso,354,524,0
BLD-C02-P04-010314,C02-P04,2025-10-04 16:19:35,Sucesso,148,518,0
BLD-C02-P04-010315,C02-P04,2025-10-11 07:56:15,Sucesso,378,411,0
BLD-C02-P04-010316,C02-P04,2025-10-11 20:00:11,Falha,392,241,8
BLD-C02-P04-010317,C02-P04,2025-10-03 15:42:20,Falha,34,376,10
BLD-C02-P04-010318,C02-P04,2025-10-03 20:24:44,Sucesso,349,206,0
BLD-C02-P04-010319,C02-P04,2025-10-02 12:42:05,Sucesso,492,257,0
BLD-C02-P04-010320,C02-P04,2025-10-09 14:58:40,Sucesso,27,473,0
BLD-C02-P04-010321,C02-P04,2025-10-06 17:04:02,Falha,397,533,2
BLD-C02-P04-010322,C02-P04,2025-10-05 21:13:17,Sucesso,504,658,0
BLD-C02-P04-010323,C02-P04,2025-10-26 11:46:00,Sucesso,36,344,0
BLD-C02-P04-010324,C02-P04,2025-10-04 11:26:27,Sucesso,200,265,0
BLD-C02-P04-010325,C02-P04,2025-10-19 09:26:39,Sucesso,552,264,0
BLD-C02-P04-010326,C02-P04,2025-10-23 14:21:07,Sucesso,358,100,0
BLD-C02-P04-010327,C02-P04,2025-10-02 11:58:37,Sucesso,96,225,0
BLD-C02-P04-010328,C02-P04,2025-10-28 12:48:15,Sucesso,300,436,0
BLD-C02-P04-010329,C02-P04,2025-10-01 14:52:50,Sucesso,43,376,0
BLD-C02-P04-010330,C02-P04,2025-10-25 07:40:29,Sucesso,556,26,0
BLD-C02-P04-010331,C02-P04,2025-10-12 07:48:44,Sucesso,386,191,0
BLD-C02-P04-010332,C02-P04,2025-10-11 18:02:08,Sucesso,447,889,0
BLD-C02-P04-010333,C02-P04,2025-10-26 16:55:19,Falha,376,79,11
BLD-C02-P04-010334,C02-P04,2025-10-04 20:42:31,Sucesso,491,533,0
BLD-C02-P04-010335,C02-P04,2025-10-16 17:26:54,Sucesso,363,159,0
BLD-C02-P04-010336,C02-P04,2025-10-29 08:30:36,Sucesso,180,426,0
BLD-C02-P04-010337,C02-P04,2025-10-23 09:26:33,Sucesso,361,617,0
BLD-C02-P04-010338,C02-P04,2025-10-22 18:20:34,Sucesso,203,341,0
BLD-C02-P04-010339,C02-P04,2025-10-17 17:20:05,Falha,292,441,5
BLD-C02-P04-010340,C02-P04,2025-11-23 08:11:11,Sucesso,154,479,0
BLD-C02-P04-010341,C02-P04,2025-11-11 11:51:42,Sucesso,502,588,0
BLD-C02-P04-010342,C02-P04,2025-11-10 16:04:49,Sucesso,326,347,0
BLD-C02-P04-010343,C02-P04,2025-11-12 11:23:31,Sucesso,681,922,0
BLD-C02-P04-010344,C02-P04,2025-11-20 11:42:59,Sucesso,204,548,0
BLD-C02-P04-010345,C02-P04,2025-11-03 12:08:40,Falha,110,265,5
BLD-C02-P04-010346,C02-P04,2025-11-10 18:05:17,Sucesso,299,211,0
BLD-C02-P04-010347,C02-P04,2025-11-30 08:46:48,Sucesso,808,429,0
BLD-C02-P04-010348,C02-P04,2025-11-23 14:36:17,Sucesso,581,257,0
BLD-C02-P04-010349,C02-P04,2025-11-17 09:46:14,Sucesso,217,436,0
BLD-C02-P04-010350,C02-P04,2025-11-14 21:26:45,Sucesso,280,946,0
BLD-C02-P04-010351,C02-P04,2025-11-14 16:09:23,Sucesso,22,263,0
BLD-C02-P04-010352,C02-P04,2025-11-07 19:49:21,Sucesso,33,423,0
BLD-C02-P04-010353,C02-P04,2025-11-24 12:28:01,Sucesso,554,281,0
BLD-C02-P04-010354,C02-P04,2025-11-23 20:19:05,Sucesso,577,291,0
BLD-C02-P04-010355,C02-P04,2025-11-13 16:48:37,Sucesso,487,224,0
BLD-C02-P04-010356,C02-P04,2025-11-20 18:11:44,Sucesso,294,690,0
BLD-C02-P04-010357,C02-P04,2025-11-16 14:36:24,Sucesso,315,700,0
BLD-C02-P04-010358,C02-P04,2025-11-14 14:01:20,Sucesso,40,279,0
BLD-C02-P04-010359,C02-P04,2025-11-21 18:05:58,Sucesso,222,630,0
BLD-C02-P04-010360,C02-P04,2025-11-24 12:36:25,Falha,414,560,16
BLD-C02-P04-010361,C02-P04,2025-11-01 10:27:23,Sucesso,394,579,0
BLD-C02-P04-010362,C02-P04,2025-11-23 20:48:24,Sucesso,474,506,0
BLD-C02-P04-010363,C02-P04,2025-11-05 18:34:19,Sucesso,669,666,0
BLD-C02-P04-010364,C02-P04,2025-11-11 21:28:30,Falha,327,490,18
BLD-C02-P04-010365,C02-P04,2025-11-11 09:13:54,Sucesso,208,677,0
BLD-C02-P04-010366,C02-P04,2025-11-22 15:28:14,Sucesso,378,370,0
BLD-C02-P04-010367,C02-P04,2025-11-27 19:11:46,Sucesso,411,505,0
BLD-C02-P04-010368,C02-P04,2025-11-18 21:38:55,Sucesso,274,323,0
BLD-C02-P04-010369,C02-P04,2025-11-12 19:59:35,Sucesso,435,363,0
BLD-C02-P04-010370,C02-P04,2025-11-22 15:13:01,Sucesso,50,513,0
BLD-C02-P04-010371,C02-P04,2025-11-22 12:46:17,Sucesso,422,406,0
BLD-C02-P04-010372,C02-P04,2025-11-20 21:35:02,Sucesso,348,595,0
BLD-C02-P04-010373,C02-P04,2025-11-28 07:16:01,Sucesso,31,478,0
BLD-C02-P04-010374,C02-P04,2025-11-29 21:51:44,Sucesso,342,325,0
BLD-C02-P04-010375,C02-P04,2025-11-05 08:28:21,Sucesso,492,845,0
BLD-C02-P04-010376,C02-P04,2025-11-28 17:33:23,Sucesso,365,280,0
BLD-C02-P04-010377,C02-P04,2025-11-30 20:59:16,Sucesso,452,285,0
BLD-C02-P04-010378,C02-P04,2025-11-24 08:55:18,Sucesso,621,343,0
BLD-C02-P04-010379,C02-P04,2025-11-23 08:38:19,Sucesso,373,288,0
BLD-C02-P04-010380,C02-P04,2025-11-29 08:32:28,Sucesso,371,260,0
BLD-C02-P04-010381,C02-P04,2025-11-27 17:26:28,Sucesso,198,187,0
BLD-C02-P04-010382,C02-P04,2025-11-23 09:03:47,Sucesso,579,774,0
BLD-C02-P04-010383,C02-P04,2025-11-26 10:40:37,Sucesso,337,382,0
BLD-C02-P04-010384,C02-P04,2025-11-01 20:06:33,Sucesso,226,695,0
BLD-C02-P04-010385,C02-P04,2025-11-17 15:25:45,Falha,183,10,1
BLD-C02-P04-010386,C02-P04,2025-11-29 19:39:56,Sucesso,412,229,0
BLD-C02-P04-010387,C02-P04,2025-11-27 15:57:58,Sucesso,27,143,0
BLD-C02-P04-010388,C02-P04,2025-11-15 18:21:19,Sucesso,198,132,0
BLD-C02-P04-010389,C02-P04,2025-11-04 18:21:54,Sucesso,369,346,0
BLD-C02-P04-010390,C02-P04,2025-12-17 18:33:42,Sucesso,708,41,0
BLD-C02-P04-010391,C02-P04,2025-12-31 21:23:38,Sucesso,271,495,0
BLD-C02-P04-010392,C02-P04,2025-12-09 15:04:05,Sucesso,390,795,0
BLD-C02-P04-010393,C02-P04,2025-12-04 11:21:31,Sucesso,185,10,0
BLD-C02-P04-010394,C02-P04,2025-12-24 16:57:23,Sucesso,158,631,0
BLD-C02-P04-010395,C02-P04,2025-12-11 13:50:36,Sucesso,351,384,0
BLD-C02-P04-010396,C02-P04,2025-12-22 20:01:10,Sucesso,319,390,0
BLD-C02-P04-010397,C02-P04,2025-12-17 20:16:48,Sucesso,398,465,0
BLD-C02-P04-010398,C02-P04,2025-12-16 09:57:01,Sucesso,379,291,0
BLD-C02-P04-010399,C02-P04,2025-12-30 15:39:56,Sucesso,389,245,0
BLD-C02-P04-010400,C02-P04,2025-12-13 12:21:42,Sucesso,194,367,0
BLD-C02-P04-010401,C02-P04,2025-12-06 12:51:13,Sucesso,537,296,0
BLD-C02-P04-010402,C02-P04,2025-12-30 07:06:42,Sucesso,333,137,0
BLD-C02-P04-010403,C02-P04,2025-12-05 19:48:08,Sucesso,224,425,0
BLD-C02-P04-010404,C02-P04,2025-12-10 10:34:22,Sucesso,508,354,0
BLD-C02-P04-010405,C02-P04,2025-12-21 11:55:19,Sucesso,20,335,1
BLD-C02-P04-010406,C02-P04,2025-12-11 13:00:46,Sucesso,92,808,0
BLD-C02-P04-010407,C02-P04,2025-12-17 09:59:36,Sucesso,493,62,0
BLD-C02-P04-010408,C02-P04,2025-12-23 15:19:52,Sucesso,390,390,0
BLD-C02-P04-010409,C02-P04,2025-12-19 10:39:29,Sucesso,399,347,0
BLD-C02-P04-010410,C02-P04,2025-12-22 08:34:07,Sucesso,356,36,0
BLD-C02-P04-010411,C02-P04,2025-12-07 12:42:35,Sucesso,388,169,0
BLD-C02-P04-010412,C02-P04,2025-12-01 20:04:21,Sucesso,20,263,0
BLD-C02-P04-010413,C02-P04,2025-12-01 21:20:25,Sucesso,246,653,0
BLD-C02-P04-010414,C02-P04,2025-12-05 15:50:01,Sucesso,309,220,0
BLD-C02-P04-010415,C02-P04,2025-12-02 11:54:11,Sucesso,356,339,0
BLD-C02-P04-010416,C02-P04,2025-12-19 17:36:53,Sucesso,457,574,0
BLD-C02-P04-010417,C02-P04,2025-12-04 14:53:55,Falha,438,335,4
BLD-C02-P04-010418,C02-P04,2025-12-15 15:04:18,Sucesso,330,282,0
BLD-C02-P04-010419,C02-P04,2025-12-13 18:06:49,Falha,520,423,18
BLD-C02-P04-010420,C02-P04,2025-12-23 14:06:37,Sucesso,382,639,0
BLD-C02-P04-010421,C02-P04,2025-12-21 18:27:52,Falha,264,228,1
BLD-C02-P04-010422,C02-P04,2025-12-01 16:36:16,Sucesso,447,10,0
BLD-C02-P04-010423,C02-P04,2025-12-12 09:00:30,Sucesso,324,369,0
BLD-C02-P04-010424,C02-P04,2025-12-29 17:34:27,Sucesso,99,528,0
BLD-C02-P04-010425,C02-P04,2025-12-28 09:32:59,Sucesso,528,348,0
BLD-C02-P04-010426,C02-P04,2025-12-11 15:31:56,Sucesso,400,523,0
BLD-C02-P04-010427,C02-P04,2025-12-17 18:22:31,Sucesso,374,497,0
BLD-C02-P04-010428,C02-P04,2025-12-12 13:11:54,Sucesso,141,244,0
BLD-C02-P04-010429,C02-P04,2025-12-13 13:17:46,Falha,284,594,6
BLD-C02-P04-010430,C02-P04,2025-12-11 13:27:54,Sucesso,470,410,0
BLD-C02-P04-010431,C02-P04,2025-12-27 21:41:33,Sucesso,205,305,0
BLD-C02-P04-010432,C02-P04,2025-12-17 13:50:24,Sucesso,552,424,0
BLD-C02-P04-010433,C02-P04,2025-12-13 17:16:57,Sucesso,243,178,0
BLD-C02-P04-010434,C02-P04,2025-12-06 09:29:07,Falha,368,507,1
BLD-C02-P04-010435,C02-P04,2025-12-03 09:53:14,Sucesso,534,677,0
BLD-C02-P04-010436,C02-P04,2025-12-07 19:31:43,Falha,392,327,4
BLD-C02-P04-010437,C02-P04,2025-12-25 08:35:09,Sucesso,552,641,0
BLD-C02-P04-010438,C02-P04,2025-12-25 07:09:29,Sucesso,147,473,0
BLD-C02-P04-010439,C02-P04,2025-12-04 07:08:40,Sucesso,573,10,0
BLD-C02-P04-010440,C02-P04,2025-12-15 21:40:22,Sucesso,447,565,0
BLD-C02-P04-010441,C02-P04,2025-12-20 19:46:12,Sucesso,350,444,0
BLD-C02-P04-010442,C02-P04,2025-12-23 12:45:30,Sucesso,223,95,1
BLD-C02-P04-010443,C02-P04,2025-12-29 13:34:59,Sucesso,421,729,3
BLD-C02-P04-010444,C02-P04,2025-12-21 12:39:42,Sucesso,332,771,0
BLD-C02-P04-010445,C02-P04,2025-12-04 14:59:39,Sucesso,276,527,5
BLD-C02-P04-010446,C02-P04,2025-12-07 16:33:25,Sucesso,367,174,0
BLD-C02-P04-010447,C02-P04,2025-12-09 20:13:27,Sucesso,108,218,0
BLD-C02-P04-010448,C02-P04,2025-12-29 14:47:45,Falha,478,80,2
BLD-C02-P04-010449,C02-P04,2025-12-02 20:59:38,Sucesso,21,487,0
BLD-C02-P04-010450,C02-P04,2025-12-13 12:55:40,Sucesso,20,356,0
BLD-C02-P04-010451,C02-P04,2025-12-14 11:28:46,Sucesso,347,643,0
BLD-C02-P04-010452,C02-P04,2025-12-28 18:12:02,Sucesso,353,681,0
BLD-C02-P04-010453,C02-P04,2025-12-13 17:50:53,Sucesso,318,99,0
BLD-C02-P04-010454,C02-P04,2025-12-21 21:32:41,Sucesso,258,562,0
BLD-C02-P04-010455,C02-P04,2025-12-19 08:33:57,Sucesso,162,195,0
BLD-C02-P04-010456,C02-P04,2025-12-04 08:04:11,Sucesso,235,183,1
BLD-C02-P04-010457,C02-P04,2025-12-31 20:56:09,Sucesso,398,420,0
BLD-C02-P04-010458,C02-P04,2025-12-11 12:41:02,Sucesso,528,523,0
BLD-C02-P04-010459,C02-P04,2025-12-14 08:42:53,Sucesso,455,636,0
BLD-C02-P04-010460,C02-P04,2025-12-13 07:27:36,Sucesso,377,251,0
BLD-C02-P04-010461,C02-P04,2025-12-09 10:08:35,Sucesso,359,290,0
BLD-C02-P04-010462,C02-P04,2025-12-28 20:30:04,Sucesso,493,681,0
BLD-C02-P04-010463,C02-P04,2025-12-08 09:42:58,Sucesso,221,751,0
BLD-C02-P04-010464,C02-P04,2025-12-25 16:58:50,Sucesso,271,520,0
BLD-C02-P04-010465,C02-P04,2025-12-04 15:04:04,Sucesso,367,788,0
BLD-C02-P04-010466,C02-P04,2025-12-09 11:09:58,Sucesso,215,277,0
BLD-C02-P04-010467,C02-P04,2025-12-31 21:59:04,Sucesso,167,151,0
BLD-C02-P04-010468,C02-P04,2025-12-31 21:22:11,Sucesso,418,518,0
BLD-C02-P04-010469,C02-P04,2025-12-25 08:54:55,Sucesso,437,270,0
BLD-C02-P04-010470,C02-P04,2025-12-11 20:58:02,Sucesso,427,405,0
BLD-C02-P04-010471,C02-P04,2025-12-06 11:42:54,Falha,673,187,2
BLD-C02-P04-010472,C02-P04,2025-12-10 10:14:10,Sucesso,523,633,0
BLD-C02-P04-010473,C02-P04,2025-12-23 12:46:23,Sucesso,391,524,0
BLD-C02-P04-010474,C02-P04,2025-12-02 07:50:06,Sucesso,461,203,0
BLD-C02-P04-010475,C02-P04,2026-01-30 14:51:17,Sucesso,368,295,0
BLD-C02-P04-010476,C02-P04,2026-01-01 16:55:35,Sucesso,373,594,0
BLD-C02-P04-010477,C02-P04,2026-01-27 20:59:58,Falha,62,493,1
BLD-C02-P04-010478,C02-P04,2026-01-21 11:53:45,Sucesso,126,240,0
BLD-C02-P04-010479,C02-P04,2026-01-03 08:56:45,Sucesso,351,389,0
BLD-C02-P04-010480,C02-P04,2026-01-27 08:07:21,Sucesso,210,507,0
BLD-C02-P04-010481,C02-P04,2026-01-24 17:09:39,Sucesso,131,629,0
BLD-C02-P04-010482,C02-P04,2026-01-02 15:22:58,Sucesso,350,380,0
BLD-C02-P04-010483,C02-P04,2026-01-30 18:29:53,Sucesso,487,687,0
BLD-C02-P04-010484,C02-P04,2026-01-16 18:17:08,Sucesso,90,300,0
BLD-C02-P04-010485,C02-P04,2026-01-07 17:33:04,Sucesso,472,296,0
BLD-C02-P04-010486,C02-P04,2026-01-17 10:40:08,Sucesso,410,667,0
BLD-C02-P04-010487,C02-P04,2026-01-16 07:34:05,Sucesso,246,267,0
BLD-C02-P04-010488,C02-P04,2026-01-10 18:51:18,Falha,511,597,4
BLD-C02-P04-010489,C02-P04,2026-01-05 16:43:22,Sucesso,66,562,0
BLD-C02-P04-010490,C02-P04,2026-01-05 18:18:46,Falha,399,549,4
BLD-C02-P04-010491,C02-P04,2026-01-18 12:06:37,Sucesso,253,570,0
BLD-C02-P04-010492,C02-P04,2026-01-24 18:51:42,Sucesso,300,303,0
BLD-C02-P04-010493,C02-P04,2026-01-21 09:05:09,Sucesso,145,502,0
BLD-C02-P04-010494,C02-P04,2026-01-24 14:56:36,Sucesso,55,140,0
BLD-C02-P04-010495,C02-P04,2026-01-10 14:13:29,Sucesso,351,389,0
BLD-C02-P04-010496,C02-P04,2026-01-11 17:00:00,Sucesso,144,312,0
BLD-C02-P04-010497,C02-P04,2026-01-09 15:20:25,Sucesso,260,604,0
BLD-C02-P04-010498,C02-P04,2026-01-16 07:10:48,Sucesso,501,211,0
BLD-C02-P04-010499,C02-P04,2026-01-06 17:54:13,Sucesso,303,518,0
BLD-C02-P04-010500,C02-P04,2026-01-10 10:23:33,Sucesso,186,478,0
BLD-C02-P04-010501,C02-P04,2026-01-01 15:03:21,Falha,320,780,1
BLD-C02-P04-010502,C02-P04,2026-01-03 10:49:52,Sucesso,355,326,0
BLD-C02-P04-010503,C02-P04,2026-01-08 17:28:49,Sucesso,224,468,0
BLD-C02-P04-010504,C02-P04,2026-01-16 14:56:13,Falha,649,445,2
BLD-C02-P04-010505,C02-P04,2026-01-14 07:05:42,Sucesso,389,231,0
BLD-C02-P04-010506,C02-P04,2026-01-23 09:32:43,Sucesso,627,458,0
BLD-C02-P04-010507,C02-P04,2026-01-29 15:06:22,Sucesso,277,724,0
BLD-C02-P04-010508,C02-P04,2026-01-08 07:46:26,Sucesso,248,294,0
BLD-C02-P04-010509,C02-P04,2026-01-31 18:51:40,Falha,346,316,11
BLD-C02-P04-010510,C02-P04,2026-01-17 18:27:27,Sucesso,335,662,0
BLD-C02-P04-010511,C02-P04,2026-01-16 20:57:57,Sucesso,279,326,0
BLD-C02-P04-010512,C02-P04,2026-01-26 19:23:03,Sucesso,245,326,0
BLD-C02-P04-010513,C02-P04,2026-01-26 10:15:07,Sucesso,369,333,0
BLD-C02-P04-010514,C02-P04,2026-01-18 20:54:34,Sucesso,192,307,0
BLD-C02-P04-010515,C02-P04,2026-01-31 11:11:30,Sucesso,574,236,0
BLD-C02-P04-010516,C02-P04,2026-01-21 14:25:02,Sucesso,363,492,0
BLD-C02-P04-010517,C02-P04,2026-01-10 21:21:58,Sucesso,591,425,0
BLD-C02-P04-010518,C02-P04,2026-01-07 07:22:18,Sucesso,139,833,0
BLD-C02-P04-010519,C02-P04,2026-01-01 19:51:43,Falha,279,332,8
BLD-C02-P04-010520,C02-P04,2026-01-23 20:18:16,Sucesso,428,875,0
BLD-C02-P04-010521,C02-P04,2026-01-10 13:52:32,Falha,256,519,14
BLD-C02-P04-010522,C02-P04,2026-01-22 07:22:38,Sucesso,293,604,0
BLD-C02-P04-010523,C02-P04,2026-01-04 15:18:20,Sucesso,355,382,0
BLD-C02-P04-010524,C02-P04,2026-01-07 09:46:23,Sucesso,287,585,0
BLD-C02-P04-010525,C02-P04,2026-01-09 21:14:10,Sucesso,179,303,0
BLD-C02-P04-010526,C02-P04,2026-01-31 20:47:20,Sucesso,192,425,0
BLD-C02-P04-010527,C02-P04,2026-01-21 20:16:35,Falha,227,798,20
BLD-C02-P04-010528,C02-P04,2026-01-20 13:22:32,Sucesso,80,361,0
BLD-C02-P04-010529,C02-P04,2026-01-07 11:11:49,Sucesso,518,440,0
BLD-C02-P04-010530,C02-P04,2026-01-15 12:14:14,Sucesso,502,563,3
BLD-C02-P04-010531,C02-P04,2026-01-09 07:05:54,Sucesso,293,620,1
BLD-C02-P04-010532,C02-P04,2026-01-10 09:05:06,Sucesso,308,63,0
BLD-C02-P04-010533,C02-P04,2026-01-15 07:24:14,Sucesso,397,456,0
BLD-C02-P04-010534,C02-P04,2026-01-26 10:31:57,Sucesso,490,319,0
BLD-C02-P04-010535,C02-P04,2026-01-22 13:16:37,Sucesso,206,200,0
BLD-C02-P04-010536,C02-P04,2026-01-28 12:04:07,Sucesso,210,89,0
BLD-C02-P04-010537,C02-P04,2026-01-08 13:33:33,Sucesso,285,229,0
BLD-C02-P04-010538,C02-P04,2026-01-28 15:54:15,Falha,289,335,6
BLD-C02-P04-010539,C02-P04,2026-01-03 16:45:42,Sucesso,383,319,0
BLD-C02-P04-010540,C02-P04,2026-01-13 11:19:01,Sucesso,322,222,1
BLD-C02-P04-010541,C02-P04,2026-01-07 07:49:09,Sucesso,118,828,0
BLD-C02-P04-010542,C02-P04,2026-01-06 08:52:15,Sucesso,197,298,0
BLD-C02-P04-010543,C02-P04,2026-01-30 15:02:09,Falha,56,348,1
BLD-C02-P04-010544,C02-P04,2026-01-28 07:17:16,Sucesso,395,603,0
BLD-C02-P04-010545,C02-P04,2026-01-07 20:55:47,Sucesso,307,322,0
BLD-C02-P04-010546,C02-P04,2026-01-04 12:30:03,Sucesso,594,400,0
BLD-C02-P04-010547,C02-P04,2026-01-09 07:23:03,Sucesso,424,453,0
BLD-C02-P04-010548,C02-P04,2026-01-19 13:36:20,Sucesso,465,160,0
BLD-C02-P04-010549,C02-P04,2026-01-29 21:16:12,Sucesso,293,620,0
BLD-C02-P04-010550,C02-P04,2026-01-18 21:08:24,Sucesso,436,622,0
BLD-C02-P04-010551,C02-P04,2026-01-08 17:13:22,Sucesso,200,237,0
BLD-C02-P04-010552,C02-P04,2026-01-18 11:39:02,Sucesso,210,748,0
BLD-C02-P04-010553,C02-P04,2026-01-18 20:13:19,Falha,498,492,5
BLD-C02-P04-010554,C02-P04,2026-01-22 14:13:23,Falha,294,210,17
BLD-C02-P04-010555,C02-P04,2026-01-07 21:48:45,Sucesso,376,801,0
BLD-C02-P04-010556,C02-P04,2026-01-05 08:26:20,Falha,427,362,5
BLD-C02-P04-010557,C02-P04,2026-01-17 19:35:40,Sucesso,130,387,0
BLD-C02-P04-010558,C02-P04,2026-01-04 12:46:01,Sucesso,725,10,0
BLD-C02-P04-010559,C02-P04,2026-01-28 15:44:13,Sucesso,155,582,0
BLD-C02-P04-010560,C02-P04,2026-01-11 19:19:16,Sucesso,319,546,0
BLD-C02-P04-010561,C02-P04,2026-01-30 08:21:58,Falha,259,56,7
BLD-C02-P04-010562,C02-P04,2026-01-29 12:21:15,Sucesso,570,339,0
BLD-C02-P04-010563,C02-P04,2026-01-07 08:02:40,Sucesso,64,79,0
BLD-C02-P04-010564,C02-P04,2026-01-12 14:32:26,Sucesso,298,314,0
BLD-C02-P04-010565,C02-P04,2026-01-16 10:23:43,Sucesso,262,374,0
BLD-C02-P04-010566,C02-P04,2026-01-02 13:52:09,Sucesso,369,199,0
BLD-C02-P04-010567,C02-P04,2026-01-26 17:02:13,Sucesso,457,478,0
BLD-C02-P04-010568,C02-P04,2026-01-09 15:19:41,Sucesso,127,459,0
BLD-C02-P04-010569,C02-P04,2026-01-01 17:54:31,Sucesso,335,202,0
BLD-C02-P04-010570,C02-P04,2026-01-31 08:50:10,Falha,78,577,4
BLD-C02-P04-010571,C02-P04,2026-01-07 18:21:12,Sucesso,281,460,0
BLD-C02-P04-010572,C02-P04,2026-01-19 11:28:41,Sucesso,257,595,0
BLD-C02-P04-010573,C02-P04,2026-01-20 08:45:08,Sucesso,160,180,0
BLD-C02-P04-010574,C02-P04,2026-01-30 20:21:23,Sucesso,250,427,0
BLD-C02-P04-010575,C02-P04,2026-01-17 11:44:11,Sucesso,165,431,0
BLD-C02-P04-010576,C02-P04,2026-01-24 18:26:39,Falha,164,10,8
BLD-C02-P04-010577,C02-P04,2026-01-18 13:13:40,Sucesso,371,505,0
BLD-C02-P04-010578,C02-P04,2026-01-12 20:27:19,Sucesso,317,216,0
BLD-C02-P04-010579,C02-P04,2026-01-20 16:59:47,Sucesso,220,325,0
BLD-C02-P04-010580,C02-P04,2026-01-21 17:06:14,Sucesso,406,190,0
BLD-C02-P04-010581,C02-P04,2026-01-23 20:13:54,Falha,339,465,1
BLD-C02-P04-010582,C02-P04,2026-01-04 16:36:06,Sucesso,669,186,0
BLD-C02-P04-010583,C02-P04,2026-01-12 12:24:24,Sucesso,266,236,0
BLD-C02-P04-010584,C02-P04,2026-02-14 16:43:29,Sucesso,128,431,0
BLD-C02-P04-010585,C02-P04,2026-02-01 21:13:49,Falha,361,283,2
BLD-C02-P04-010586,C02-P04,2026-02-18 11:16:29,Sucesso,521,545,0
BLD-C02-P04-010587,C02-P04,2026-02-20 16:43:35,Sucesso,441,505,0
BLD-C02-P04-010588,C02-P04,2026-02-20 20:34:28,Sucesso,229,184,1
BLD-C02-P04-010589,C02-P04,2026-02-01 10:59:15,Sucesso,271,626,0
BLD-C02-P04-010590,C02-P04,2026-02-25 12:24:27,Sucesso,398,243,0
BLD-C02-P04-010591,C02-P04,2026-02-18 09:34:04,Sucesso,239,469,0
BLD-C02-P04-010592,C02-P04,2026-02-03 13:19:33,Sucesso,375,257,0
BLD-C02-P04-010593,C02-P04,2026-02-03 15:55:42,Sucesso,85,469,0
BLD-C02-P04-010594,C02-P04,2026-02-06 08:30:03,Sucesso,747,10,0
BLD-C02-P04-010595,C02-P04,2026-02-06 18:21:42,Sucesso,411,796,0
BLD-C02-P04-010596,C02-P04,2026-02-11 21:18:57,Sucesso,297,481,0
BLD-C02-P04-010597,C02-P04,2026-02-07 09:59:01,Falha,355,161,4
BLD-C02-P04-010598,C02-P04,2026-02-11 16:17:41,Sucesso,483,166,1
BLD-C02-P04-010599,C02-P04,2026-02-14 20:04:22,Sucesso,471,165,0
BLD-C02-P04-010600,C02-P04,2026-02-20 15:21:36,Sucesso,209,243,0
BLD-C02-P04-010601,C02-P04,2026-02-12 20:56:37,Sucesso,299,332,0
BLD-C02-P04-010602,C02-P04,2026-02-24 10:28:49,Sucesso,798,476,0
BLD-C02-P04-010603,C02-P04,2026-02-22 20:22:57,Sucesso,277,273,0
BLD-C02-P04-010604,C02-P04,2026-02-20 07:17:55,Falha,504,10,1
BLD-C02-P04-010605,C02-P04,2026-02-24 08:44:17,Sucesso,201,694,0
BLD-C02-P04-010606,C02-P04,2026-02-23 20:46:23,Sucesso,337,364,0
BLD-C02-P04-010607,C02-P04,2026-02-17 15:11:29,Falha,504,129,1
BLD-C02-P04-010608,C02-P04,2026-02-23 16:51:04,Falha,411,425,1
BLD-C02-P04-010609,C02-P04,2026-02-14 18:01:55,Sucesso,610,336,0
BLD-C02-P04-010610,C02-P04,2026-02-03 09:10:16,Sucesso,606,328,0
BLD-C02-P04-010611,C02-P04,2026-02-25 16:38:49,Sucesso,318,264,0
BLD-C02-P04-010612,C02-P04,2026-02-09 15:54:55,Sucesso,266,337,0
BLD-C02-P04-010613,C02-P04,2026-02-11 10:46:01,Sucesso,461,292,1
BLD-C02-P04-010614,C02-P04,2026-02-15 07:48:14,Sucesso,577,352,0
BLD-C02-P04-010615,C02-P04,2026-02-15 10:36:02,Sucesso,638,223,0
BLD-C02-P04-010616,C02-P04,2026-02-07 09:48:36,Falha,607,262,2
BLD-C02-P04-010617,C02-P04,2026-02-10 18:38:56,Sucesso,348,799,0
BLD-C02-P04-010618,C02-P04,2026-02-15 13:47:00,Falha,127,359,7
BLD-C02-P04-010619,C02-P04,2026-02-23 09:30:16,Sucesso,357,164,0
BLD-C02-P04-010620,C02-P04,2026-02-13 14:16:04,Sucesso,364,344,0
BLD-C02-P04-010621,C02-P04,2026-02-06 15:10:28,Sucesso,310,582,0
BLD-C02-P04-010622,C02-P04,2026-02-13 09:28:22,Sucesso,258,786,0
BLD-C02-P04-010623,C02-P04,2026-02-09 16:24:01,Sucesso,452,215,1
BLD-C02-P04-010624,C02-P04,2026-02-17 17:23:58,Sucesso,131,10,0
BLD-C02-P04-010625,C02-P04,2026-02-15 12:20:12,Sucesso,280,478,0
BLD-C02-P04-010626,C02-P04,2026-02-10 20:26:58,Sucesso,321,126,0
BLD-C02-P04-010627,C02-P04,2026-02-22 10:34:38,Sucesso,400,218,0
BLD-C02-P04-010628,C02-P04,2026-02-16 09:37:08,Sucesso,241,361,0
BLD-C02-P04-010629,C02-P04,2026-02-14 10:59:19,Sucesso,328,613,0
BLD-C02-P04-010630,C02-P04,2026-02-28 09:45:55,Sucesso,435,522,0
BLD-C02-P04-010631,C02-P04,2026-02-19 07:42:23,Sucesso,322,379,1
BLD-C02-P04-010632,C02-P04,2026-02-10 12:51:15,Sucesso,188,375,0
BLD-C02-P04-010633,C02-P04,2026-02-11 20:46:30,Falha,493,179,11
BLD-C02-P04-010634,C02-P04,2026-02-26 16:35:07,Falha,27,436,5
BLD-C02-P04-010635,C02-P04,2026-02-23 11:47:07,Sucesso,68,793,0
BLD-C02-P04-010636,C02-P04,2026-02-16 19:00:41,Sucesso,432,315,0
BLD-C02-P04-010637,C02-P04,2026-02-11 12:11:53,Sucesso,259,311,0
BLD-C02-P04-010638,C02-P04,2026-02-08 12:12:19,Falha,231,301,11
BLD-C02-P04-010639,C02-P04,2026-02-16 19:44:43,Sucesso,465,584,0
BLD-C02-P04-010640,C02-P04,2026-02-24 20:00:17,Sucesso,388,626,0
BLD-C02-P04-010641,C02-P04,2026-02-03 21:05:40,Sucesso,120,457,0
BLD-C02-P04-010642,C02-P04,2026-02-03 09:45:52,Sucesso,671,400,0
BLD-C02-P04-010643,C02-P04,2026-02-07 10:19:45,Sucesso,382,469,0
BLD-C02-P04-010644,C02-P04,2026-02-07 11:55:56,Sucesso,543,440,0
BLD-C02-P04-010645,C02-P04,2026-02-17 21:44:31,Sucesso,471,432,0
BLD-C02-P04-010646,C02-P04,2026-02-11 07:29:06,Sucesso,160,126,0
BLD-C02-P04-010647,C02-P04,2026-02-10 14:12:49,Sucesso,473,27,0
BLD-C02-P04-010648,C02-P04,2026-02-17 15:25:19,Sucesso,74,730,0
BLD-C02-P04-010649,C02-P04,2026-02-25 17:47:34,Sucesso,285,260,0
BLD-C02-P04-010650,C02-P04,2026-02-03 14:03:15,Sucesso,417,710,0
BLD-C02-P04-010651,C02-P04,2026-02-11 07:49:57,Sucesso,344,455,0
BLD-C02-P04-010652,C02-P04,2026-02-28 17:41:11,Sucesso,441,608,0
BLD-C02-P04-010653,C02-P04,2026-02-16 20:54:29,Sucesso,547,656,0
BLD-C02-P04-010654,C02-P04,2026-02-23 18:51:00,Sucesso,208,338,0
BLD-C02-P04-010655,C02-P04,2026-02-14 10:35:33,Sucesso,383,566,0
BLD-C02-P04-010656,C02-P04,2026-02-14 08:28:15,Sucesso,20,88,0
BLD-C02-P04-010657,C02-P04,2026-02-18 17:32:25,Sucesso,373,92,0
BLD-C02-P04-010658,C02-P04,2026-02-15 12:07:52,Sucesso,349,186,0
BLD-C02-P04-010659,C02-P04,2026-02-18 08:57:23,Sucesso,156,563,0
BLD-C02-P04-010660,C02-P04,2026-02-16 13:55:00,Sucesso,390,127,0
BLD-C02-P04-010661,C02-P04,2026-02-19 07:37:06,Sucesso,276,206,0
BLD-C02-P04-010662,C02-P04,2026-02-13 12:08:39,Sucesso,208,662,0
BLD-C02-P04-010663,C02-P04,2026-02-10 12:18:57,Sucesso,205,749,0
BLD-C02-P04-010664,C02-P04,2026-02-23 19:24:04,Sucesso,239,425,0
BLD-C02-P04-010665,C02-P04,2026-02-22 09:11:36,Sucesso,513,671,0
BLD-C02-P04-010666,C02-P04,2026-02-17 10:09:22,Sucesso,30,172,0
BLD-C02-P04-010667,C02-P04,2026-02-08 18:10:07,Falha,383,449,11
BLD-C02-P04-010668,C02-P04,2026-02-03 11:10:41,Sucesso,425,85,0
BLD-C02-P04-010669,C02-P04,2026-02-18 08:15:32,Sucesso,231,374,0
BLD-C02-P04-010670,C02-P04,2026-02-20 16:34:55,Sucesso,319,373,0
BLD-C02-P04-010671,C02-P04,2026-02-07 17:17:25,Sucesso,319,490,0
BLD-C02-P04-010672,C02-P04,2026-02-06 19:40:45,Sucesso,374,54,0
BLD-C02-P04-010673,C02-P04,2026-02-26 12:07:44,Sucesso,264,394,0
BLD-C02-P04-010674,C02-P04,2026-02-20 21:32:16,Sucesso,367,704,0
BLD-C02-P04-010675,C02-P04,2026-02-27 16:49:14,Sucesso,404,296,0
BLD-C02-P04-010676,C02-P04,2026-02-08 12:30:43,Sucesso,174,455,0
BLD-C02-P04-010677,C02-P04,2026-02-08 11:13:48,Falha,449,579,6
BLD-C02-P04-010678,C02-P04,2026-02-20 18:35:25,Sucesso,256,425,0
BLD-C02-P04-010679,C02-P04,2026-02-08 11:20:44,Falha,265,369,6
BLD-C02-P04-010680,C02-P04,2026-02-26 14:35:58,Sucesso,174,241,0
BLD-C02-P04-010681,C02-P04,2026-02-26 08:16:15,Sucesso,420,721,0
BLD-C02-P04-010682,C02-P04,2026-02-02 13:33:04,Sucesso,266,659,0
BLD-C02-P04-010683,C02-P04,2026-02-12 08:51:10,Sucesso,213,641,0
BLD-C02-P04-010684,C02-P04,2026-02-08 11:30:41,Sucesso,355,532,0
BLD-C02-P04-010685,C02-P04,2026-02-07 18:41:12,Sucesso,122,480,0
BLD-C02-P04-010686,C02-P04,2026-02-28 17:08:46,Sucesso,390,498,0
BLD-C02-P04-010687,C02-P04,2026-02-07 21:07:56,Sucesso,179,109,0
BLD-C02-P04-010688,C02-P04,2026-02-12 14:21:17,Falha,370,103,22
BLD-C02-P04-010689,C02-P04,2026-02-19 12:42:35,Sucesso,405,726,0
BLD-C02-P04-010690,C02-P04,2026-02-07 12:45:54,Sucesso,307,175,0
BLD-C02-P04-010691,C02-P04,2026-02-16 13:51:11,Sucesso,308,488,0
BLD-C02-P04-010692,C02-P04,2026-02-25 08:35:53,Sucesso,318,128,0
BLD-C02-P04-010693,C02-P04,2026-02-02 18:55:53,Sucesso,288,259,0
BLD-C02-P04-010694,C02-P04,2026-02-17 20:33:48,Sucesso,557,548,0
BLD-C02-P04-010695,C02-P04,2026-02-16 12:09:20,Sucesso,404,118,0
BLD-C02-P04-010696,C02-P04,2026-02-02 14:20:31,Falha,183,427,12
BLD-C02-P04-010697,C02-P04,2026-02-26 08:39:17,Sucesso,209,470,0
BLD-C02-P04-010698,C02-P04,2026-03-09 20:26:19,Falha,158,128,6
BLD-C02-P04-010699,C02-P04,2026-03-26 14:07:30,Sucesso,387,354,0
BLD-C02-P04-010700,C02-P04,2026-03-26 19:34:22,Sucesso,621,580,0
BLD-C02-P04-010701,C02-P04,2026-03-24 11:13:07,Sucesso,464,456,0
BLD-C02-P04-010702,C02-P04,2026-03-15 20:18:01,Falha,312,429,2
BLD-C02-P04-010703,C02-P04,2026-03-05 14:49:08,Sucesso,620,395,0
BLD-C02-P04-010704,C02-P04,2026-03-29 14:53:24,Sucesso,151,296,0
BLD-C02-P04-010705,C02-P04,2026-03-01 10:36:32,Sucesso,479,593,0
BLD-C02-P04-010706,C02-P04,2026-03-26 11:54:50,Sucesso,395,413,0
BLD-C02-P04-010707,C02-P04,2026-03-09 17:28:31,Sucesso,75,184,0
BLD-C02-P04-010708,C02-P04,2026-03-08 17:02:09,Sucesso,372,416,0
BLD-C02-P04-010709,C02-P04,2026-03-17 11:40:46,Falha,217,624,6
BLD-C02-P04-010710,C02-P04,2026-03-12 08:51:45,Sucesso,488,644,0
BLD-C02-P04-010711,C02-P04,2026-03-03 18:43:24,Sucesso,297,155,0
BLD-C02-P04-010712,C02-P04,2026-03-29 17:00:28,Sucesso,367,693,0
BLD-C02-P04-010713,C02-P04,2026-03-25 11:03:38,Sucesso,602,297,0
BLD-C02-P04-010714,C02-P04,2026-03-08 12:04:45,Sucesso,555,469,0
BLD-C02-P04-010715,C02-P04,2026-03-29 08:07:39,Sucesso,238,385,0
BLD-C02-P04-010716,C02-P04,2026-04-10 20:31:13,Sucesso,60,437,0
BLD-C02-P04-010717,C02-P04,2026-04-19 10:24:46,Sucesso,396,420,0
BLD-C02-P04-010718,C02-P04,2026-04-08 15:51:30,Sucesso,165,577,0
BLD-C02-P04-010719,C02-P04,2026-04-11 19:14:35,Sucesso,429,339,0
BLD-C02-P04-010720,C02-P04,2026-04-16 15:42:16,Sucesso,363,647,0
BLD-C02-P04-010721,C02-P04,2026-04-23 11:03:05,Sucesso,309,328,0
BLD-C02-P04-010722,C02-P04,2026-04-17 18:45:07,Sucesso,553,565,0
BLD-C02-P04-010723,C02-P04,2026-04-23 16:10:54,Sucesso,363,529,0
BLD-C02-P04-010724,C02-P04,2026-04-30 20:17:48,Sucesso,307,854,0
BLD-C02-P04-010725,C02-P04,2026-04-14 17:42:40,Sucesso,163,493,0
BLD-C02-P04-010726,C02-P04,2026-04-09 14:05:34,Sucesso,126,599,0
BLD-C02-P04-010727,C02-P04,2026-04-06 16:33:01,Sucesso,265,761,0
BLD-C02-P04-010728,C02-P04,2026-04-07 11:32:59,Sucesso,614,97,0
BLD-C02-P04-010729,C02-P04,2026-04-17 18:52:51,Sucesso,157,224,0
BLD-C02-P04-010730,C02-P04,2026-04-06 07:09:56,Sucesso,156,552,0
BLD-C02-P04-010731,C02-P04,2026-04-05 16:08:39,Sucesso,216,556,0
BLD-C02-P04-010732,C02-P04,2026-04-14 20:40:07,Falha,171,221,3
BLD-C02-P04-010733,C02-P04,2026-04-22 21:03:37,Falha,421,171,3
BLD-C02-P04-010734,C02-P04,2026-04-07 09:25:22,Sucesso,208,369,0
BLD-C02-P04-010735,C02-P04,2026-04-28 17:57:45,Sucesso,20,622,0
BLD-C02-P04-010736,C02-P04,2026-04-07 13:11:16,Falha,342,563,6
BLD-C02-P04-010737,C02-P04,2026-04-26 13:52:31,Sucesso,168,376,0
BLD-C02-P04-010738,C02-P04,2026-04-18 13:14:14,Sucesso,352,518,0
BLD-C02-P04-010739,C02-P04,2026-05-03 20:12:19,Sucesso,449,590,0
BLD-C02-P04-010740,C02-P04,2026-05-02 20:03:09,Sucesso,294,280,0
BLD-C02-P04-010741,C02-P04,2026-05-24 13:12:52,Sucesso,229,247,0
BLD-C02-P04-010742,C02-P04,2026-05-26 11:45:31,Sucesso,107,32,1
BLD-C02-P04-010743,C02-P04,2026-05-07 09:11:22,Falha,354,10,4
BLD-C02-P04-010744,C02-P04,2026-05-29 20:28:36,Sucesso,404,558,0
BLD-C02-P04-010745,C02-P04,2026-05-01 15:57:16,Sucesso,320,219,0
BLD-C02-P04-010746,C02-P04,2026-05-16 15:07:12,Sucesso,112,198,0
BLD-C02-P04-010747,C02-P04,2026-05-09 17:05:37,Sucesso,173,130,0
BLD-C02-P04-010748,C02-P04,2026-05-10 17:41:53,Falha,233,648,3
BLD-C02-P04-010749,C02-P04,2026-05-10 10:48:47,Sucesso,478,907,1
BLD-C02-P04-010750,C02-P04,2026-05-19 17:03:38,Sucesso,298,246,0
BLD-C02-P04-010751,C02-P04,2026-05-01 17:07:47,Sucesso,458,484,0
BLD-C02-P04-010752,C02-P04,2026-05-17 14:53:39,Sucesso,429,609,0
BLD-C02-P04-010753,C02-P04,2026-05-29 10:52:52,Sucesso,388,497,0
BLD-C02-P04-010754,C02-P04,2026-05-13 13:41:16,Sucesso,477,681,0
BLD-C02-P04-010755,C02-P04,2026-05-06 07:25:14,Sucesso,421,504,0
BLD-C02-P04-010756,C02-P04,2026-05-22 19:22:45,Sucesso,577,368,0
BLD-C02-P04-010757,C02-P04,2026-05-06 10:09:51,Sucesso,281,114,0
BLD-C02-P04-010758,C02-P04,2026-05-25 10:51:32,Sucesso,258,564,0
BLD-C02-P04-010759,C02-P04,2026-05-21 21:16:21,Sucesso,269,277,0
BLD-C02-P04-010760,C02-P04,2026-05-31 16:19:33,Sucesso,75,439,0
BLD-C02-P04-010761,C02-P04,2026-05-29 11:49:32,Sucesso,349,426,0
BLD-C02-P04-010762,C02-P04,2026-05-01 12:06:57,Sucesso,216,394,0
BLD-C02-P04-010763,C02-P04,2026-05-24 19:05:08,Sucesso,151,214,0
BLD-C02-P04-010764,C02-P04,2026-05-14 09:41:12,Sucesso,486,542,0
BLD-C02-P04-010765,C02-P04,2026-05-09 16:51:07,Sucesso,511,413,0
BLD-C02-P04-010766,C02-P04,2026-05-25 14:01:10,Sucesso,107,412,0
BLD-C02-P04-010767,C02-P04,2026-05-22 10:45:15,Sucesso,281,10,1
BLD-C02-P04-010768,C02-P04,2026-06-08 12:23:39,Sucesso,410,562,0
BLD-C02-P04-010769,C02-P04,2026-06-04 08:56:34,Sucesso,312,270,0
BLD-C02-P04-010770,C02-P04,2026-06-04 15:51:41,Sucesso,410,426,0
BLD-C02-P04-010771,C02-P04,2026-06-22 14:56:39,Falha,472,14,4
BLD-C02-P04-010772,C02-P04,2026-06-14 14:32:24,Sucesso,282,526,1
BLD-C02-P04-010773,C02-P04,2026-06-14 11:18:36,Sucesso,517,339,0
BLD-C02-P04-010774,C02-P04,2026-06-11 21:58:28,Sucesso,261,528,0
BLD-C02-P04-010775,C02-P04,2026-06-24 07:42:18,Sucesso,20,881,0
BLD-C02-P04-010776,C02-P04,2026-06-01 07:03:56,Sucesso,225,651,0
BLD-C02-P04-010777,C02-P04,2026-06-09 16:04:57,Sucesso,307,10,0
BLD-C02-P04-010778,C02-P04,2026-06-12 09:11:09,Sucesso,260,264,0
BLD-C02-P04-010779,C02-P04,2026-06-28 21:18:29,Falha,444,242,11
BLD-C02-P04-010780,C02-P04,2026-06-28 10:19:48,Sucesso,335,565,0
BLD-C02-P04-010781,C02-P04,2026-06-23 09:05:22,Sucesso,158,657,0
BLD-C02-P04-010782,C02-P04,2026-06-30 07:47:08,Sucesso,20,139,0
BLD-C02-P04-010783,C02-P04,2026-06-20 17:33:11,Sucesso,175,152,0
BLD-C02-P04-010784,C02-P04,2026-06-04 07:37:39,Sucesso,261,609,0
BLD-C02-P04-010785,C02-P04,2026-07-02 12:52:37,Sucesso,385,488,0
BLD-C02-P04-010786,C02-P04,2026-07-23 15:18:09,Sucesso,354,748,0
BLD-C02-P04-010787,C02-P04,2026-07-03 17:31:59,Sucesso,513,838,0
BLD-C02-P04-010788,C02-P04,2026-07-02 12:40:13,Sucesso,450,270,0
BLD-C02-P04-010789,C02-P04,2026-07-25 17:58:57,Sucesso,119,207,0
BLD-C02-P04-010790,C02-P04,2026-07-07 16:47:39,Sucesso,412,590,1
BLD-C02-P04-010791,C02-P04,2026-07-24 21:47:52,Sucesso,560,296,0
BLD-C02-P04-010792,C02-P04,2026-07-16 18:28:09,Sucesso,421,582,0
BLD-C02-P04-010793,C02-P04,2026-07-07 09:47:50,Sucesso,132,726,0
BLD-C02-P04-010794,C02-P04,2026-07-30 19:10:12,Sucesso,493,508,0
BLD-C02-P04-010795,C02-P04,2026-07-02 07:18:19,Sucesso,243,530,4
BLD-C02-P04-010796,C02-P04,2026-07-27 12:24:17,Falha,324,511,5
BLD-C02-P04-010797,C02-P04,2026-07-07 18:49:18,Falha,346,421,1
BLD-C02-P04-010798,C02-P04,2026-07-31 11:13:47,Sucesso,267,347,0
BLD-C02-P04-010799,C02-P04,2026-07-31 21:44:51,Sucesso,44,377,0
BLD-C02-P04-010800,C02-P04,2026-07-06 21:17:34,Sucesso,233,487,0
BLD-C02-P04-010801,C02-P04,2026-07-14 09:18:24,Falha,164,566,3
BLD-C02-P04-010802,C02-P04,2026-07-07 20:10:06,Sucesso,337,840,0
BLD-C02-P04-010803,C02-P04,2026-07-22 07:31:15,Sucesso,334,220,0
BLD-C02-P04-010804,C02-P04,2026-07-05 19:21:12,Sucesso,212,330,0
BLD-C02-P04-010805,C02-P04,2026-07-30 08:12:44,Sucesso,311,684,0
BLD-C02-P04-010806,C02-P04,2026-07-03 18:04:13,Falha,584,418,10
BLD-C02-P04-010807,C02-P04,2026-07-08 16:34:05,Sucesso,416,349,0
BLD-C02-P05-010808,C02-P05,2026-03-20 10:07:09,Sucesso,126,191,0
BLD-C02-P05-010809,C02-P05,2026-03-30 08:51:31,Sucesso,219,291,0
BLD-C02-P05-010810,C02-P05,2026-03-18 16:43:57,Sucesso,270,326,0
BLD-C02-P05-010811,C02-P05,2026-03-20 14:07:23,Sucesso,490,38,0
BLD-C02-P05-010812,C02-P05,2026-03-04 15:30:01,Sucesso,348,144,0
BLD-C02-P05-010813,C02-P05,2026-03-04 20:02:38,Sucesso,215,547,0
BLD-C02-P05-010814,C02-P05,2026-03-06 08:28:51,Sucesso,322,944,1
BLD-C02-P05-010815,C02-P05,2026-03-29 07:52:42,Sucesso,386,1066,0
BLD-C02-P05-010816,C02-P05,2026-03-17 20:39:49,Sucesso,217,519,0
BLD-C02-P05-010817,C02-P05,2026-03-20 20:33:06,Sucesso,304,483,0
BLD-C02-P05-010818,C02-P05,2026-03-27 14:05:43,Sucesso,360,191,0
BLD-C02-P05-010819,C02-P05,2026-03-28 12:06:54,Sucesso,199,356,0
BLD-C02-P05-010820,C02-P05,2026-03-24 09:25:43,Sucesso,327,268,0
BLD-C02-P05-010821,C02-P05,2026-03-16 17:11:36,Falha,188,614,8
BLD-C02-P05-010822,C02-P05,2026-03-15 14:19:03,Falha,264,298,4
BLD-C02-P05-010823,C02-P05,2026-03-26 18:34:39,Sucesso,417,506,0
BLD-C02-P05-010824,C02-P05,2026-03-25 13:05:22,Sucesso,294,369,0
BLD-C02-P05-010825,C02-P05,2026-03-07 18:49:10,Sucesso,275,401,0
BLD-C02-P05-010826,C02-P05,2026-03-04 21:58:19,Sucesso,294,232,0
BLD-C02-P05-010827,C02-P05,2026-03-03 12:32:59,Sucesso,451,430,0
BLD-C02-P05-010828,C02-P05,2026-03-01 21:22:31,Sucesso,333,234,0
BLD-C02-P05-010829,C02-P05,2026-03-22 07:41:51,Sucesso,167,577,0
BLD-C02-P05-010830,C02-P05,2026-03-27 10:11:47,Sucesso,695,261,0
BLD-C02-P05-010831,C02-P05,2026-03-20 08:03:43,Sucesso,151,334,0
BLD-C02-P05-010832,C02-P05,2026-03-28 09:34:23,Sucesso,121,223,0
BLD-C02-P05-010833,C02-P05,2026-03-30 21:08:30,Sucesso,164,359,0
BLD-C02-P05-010834,C02-P05,2026-03-04 08:17:47,Sucesso,405,361,0
BLD-C02-P05-010835,C02-P05,2026-03-28 18:02:15,Sucesso,367,360,0
BLD-C02-P05-010836,C02-P05,2026-03-11 19:27:40,Sucesso,261,289,0
BLD-C02-P05-010837,C02-P05,2026-03-21 19:51:05,Sucesso,186,638,0
BLD-C02-P05-010838,C02-P05,2026-03-19 14:48:09,Sucesso,446,363,0
BLD-C02-P05-010839,C02-P05,2026-03-06 11:58:47,Sucesso,265,214,0
BLD-C02-P05-010840,C02-P05,2026-03-12 18:30:16,Sucesso,270,451,0
BLD-C02-P05-010841,C02-P05,2026-03-30 07:24:58,Sucesso,116,309,0
BLD-C02-P05-010842,C02-P05,2026-03-27 15:18:45,Sucesso,232,155,0
BLD-C02-P05-010843,C02-P05,2026-03-01 16:51:47,Sucesso,241,234,0
BLD-C02-P05-010844,C02-P05,2026-03-21 20:16:28,Sucesso,326,342,0
BLD-C02-P05-010845,C02-P05,2026-03-11 08:37:06,Falha,355,266,4
BLD-C02-P05-010846,C02-P05,2026-03-03 10:27:35,Falha,622,447,3
BLD-C02-P05-010847,C02-P05,2026-03-12 11:58:11,Falha,269,252,6
BLD-C02-P05-010848,C02-P05,2026-03-31 20:54:18,Sucesso,276,272,0
BLD-C02-P05-010849,C02-P05,2026-03-19 10:35:18,Falha,236,718,2
BLD-C02-P05-010850,C02-P05,2026-03-07 14:14:31,Sucesso,240,130,0
BLD-C02-P05-010851,C02-P05,2026-03-18 15:08:43,Sucesso,365,380,0
BLD-C02-P05-010852,C02-P05,2026-03-10 18:08:06,Sucesso,312,668,0
BLD-C02-P05-010853,C02-P05,2026-03-05 21:11:50,Sucesso,513,304,0
BLD-C02-P05-010854,C02-P05,2026-03-08 14:19:41,Sucesso,283,818,0
BLD-C02-P05-010855,C02-P05,2026-03-28 14:02:57,Sucesso,143,10,0
BLD-C02-P05-010856,C02-P05,2026-03-16 11:06:44,Sucesso,134,526,0
BLD-C02-P05-010857,C02-P05,2026-03-15 12:45:01,Sucesso,551,721,0
BLD-C02-P05-010858,C02-P05,2026-03-18 09:33:42,Falha,441,625,1
BLD-C02-P05-010859,C02-P05,2026-03-05 08:03:38,Sucesso,481,386,0
BLD-C02-P05-010860,C02-P05,2026-03-09 15:02:15,Sucesso,403,462,0
BLD-C02-P05-010861,C02-P05,2026-03-01 20:57:54,Sucesso,483,60,1
BLD-C02-P05-010862,C02-P05,2026-05-23 18:19:34,Sucesso,51,192,0
BLD-C02-P05-010863,C02-P05,2026-05-02 21:11:03,Sucesso,188,10,2
BLD-C02-P05-010864,C02-P05,2026-05-14 17:19:12,Sucesso,296,410,0
BLD-C02-P05-010865,C02-P05,2026-05-11 18:02:03,Sucesso,180,521,0
BLD-C02-P05-010866,C02-P05,2026-05-16 07:08:57,Falha,449,295,1
BLD-C02-P05-010867,C02-P05,2026-05-20 08:48:40,Sucesso,328,200,0
BLD-C02-P05-010868,C02-P05,2026-05-02 16:48:46,Sucesso,321,26,0
BLD-C02-P05-010869,C02-P05,2026-05-03 12:03:44,Sucesso,567,183,0
BLD-C02-P05-010870,C02-P05,2026-05-23 12:30:10,Sucesso,254,296,0
BLD-C02-P05-010871,C02-P05,2026-05-23 07:23:32,Sucesso,138,541,0
BLD-C02-P05-010872,C02-P05,2026-05-15 09:54:24,Sucesso,264,324,0
BLD-C02-P05-010873,C02-P05,2026-05-22 11:57:05,Sucesso,295,490,0
BLD-C02-P05-010874,C02-P05,2026-05-28 10:22:37,Sucesso,146,330,0
BLD-C02-P05-010875,C02-P05,2026-05-09 11:18:57,Sucesso,448,691,0
BLD-C02-P05-010876,C02-P05,2026-05-29 18:45:59,Sucesso,132,576,0
BLD-C02-P05-010877,C02-P05,2026-05-25 07:54:13,Sucesso,423,746,0
BLD-C02-P05-010878,C02-P05,2026-05-22 11:46:22,Sucesso,222,501,0
BLD-C02-P05-010879,C02-P05,2026-05-16 20:37:13,Sucesso,383,250,0
BLD-C02-P05-010880,C02-P05,2026-05-19 20:14:05,Falha,99,567,19
BLD-C02-P05-010881,C02-P05,2026-05-09 13:17:24,Sucesso,355,58,0
BLD-C02-P05-010882,C02-P05,2026-05-03 18:49:51,Sucesso,175,803,0
BLD-C02-P05-010883,C02-P05,2026-05-13 07:51:38,Sucesso,325,423,0
BLD-C02-P05-010884,C02-P05,2026-05-09 13:53:56,Sucesso,462,142,0
BLD-C02-P05-010885,C02-P05,2026-05-19 12:29:08,Sucesso,203,352,0
BLD-C02-P05-010886,C02-P05,2026-05-12 20:19:23,Sucesso,333,472,1
BLD-C02-P05-010887,C02-P05,2026-05-17 14:49:05,Sucesso,628,351,0
BLD-C02-P05-010888,C02-P05,2026-05-02 17:16:54,Sucesso,703,441,0
BLD-C02-P05-010889,C02-P05,2026-05-25 18:11:20,Sucesso,483,472,0
BLD-C02-P05-010890,C02-P05,2026-05-07 14:18:59,Falha,480,10,1
BLD-C02-P05-010891,C02-P05,2026-05-27 13:33:37,Sucesso,460,10,0
BLD-C02-P05-010892,C02-P05,2026-05-21 09:44:10,Falha,189,701,2
BLD-C02-P05-010893,C02-P05,2026-05-13 21:59:20,Sucesso,245,232,0
BLD-C02-P05-010894,C02-P05,2026-05-26 11:40:01,Sucesso,499,536,0
BLD-C02-P05-010895,C02-P05,2026-05-16 15:04:26,Sucesso,347,479,0
BLD-C02-P05-010896,C02-P05,2026-05-18 17:45:25,Sucesso,589,463,0
BLD-C02-P05-010897,C02-P05,2026-05-21 11:16:38,Falha,211,144,8
BLD-C02-P05-010898,C02-P05,2026-05-05 17:33:59,Sucesso,188,326,0
BLD-C02-P05-010899,C02-P05,2026-05-02 12:53:21,Falha,542,542,3
BLD-C02-P05-010900,C02-P05,2026-05-11 11:11:56,Falha,275,546,4
BLD-C02-P05-010901,C02-P05,2026-05-11 18:11:05,Sucesso,364,514,0
BLD-C02-P05-010902,C02-P05,2026-05-23 20:03:07,Sucesso,314,557,0
BLD-C02-P05-010903,C02-P05,2026-05-28 16:23:20,Sucesso,313,203,0
BLD-C02-P05-010904,C02-P05,2026-05-06 20:29:07,Sucesso,453,67,0
BLD-C02-P05-010905,C02-P05,2026-05-12 10:36:19,Sucesso,248,159,0
BLD-C02-P05-010906,C02-P05,2026-05-03 07:23:28,Sucesso,288,370,0
BLD-C02-P05-010907,C02-P05,2026-05-29 12:44:11,Sucesso,522,917,0
BLD-C02-P05-010908,C02-P05,2026-05-14 12:10:10,Sucesso,414,502,0
BLD-C02-P05-010909,C02-P05,2026-05-25 18:41:47,Falha,350,442,12
BLD-C02-P05-010910,C02-P05,2026-05-15 09:53:01,Sucesso,407,350,0
BLD-C02-P05-010911,C02-P05,2026-05-25 15:56:06,Sucesso,472,839,0
BLD-C02-P05-010912,C02-P05,2026-05-28 16:47:43,Sucesso,711,568,0
BLD-C02-P05-010913,C02-P05,2026-05-29 10:21:00,Sucesso,300,302,0
BLD-C02-P05-010914,C02-P05,2026-05-06 07:23:32,Sucesso,371,277,0
BLD-C02-P05-010915,C02-P05,2026-05-30 16:25:11,Sucesso,510,471,0
BLD-C02-P05-010916,C02-P05,2026-05-13 12:49:26,Sucesso,241,365,0
BLD-C02-P05-010917,C02-P05,2026-05-09 20:48:01,Sucesso,117,103,0
BLD-C02-P05-010918,C02-P05,2026-05-18 09:14:56,Sucesso,347,307,2
BLD-C02-P05-010919,C02-P05,2026-05-09 19:43:06,Sucesso,286,549,0
BLD-C02-P05-010920,C02-P05,2026-05-08 08:34:59,Sucesso,220,184,0
BLD-C02-P05-010921,C02-P05,2026-05-14 12:59:43,Sucesso,260,476,0
BLD-C02-P05-010922,C02-P05,2026-05-18 15:34:32,Sucesso,415,288,0
BLD-C02-P05-010923,C02-P05,2026-05-20 15:42:50,Sucesso,320,527,0
BLD-C02-P05-010924,C02-P05,2026-05-24 10:55:45,Sucesso,217,286,0
BLD-C02-P05-010925,C02-P05,2026-05-29 13:39:36,Sucesso,153,592,0
BLD-C02-P05-010926,C02-P05,2026-05-09 12:00:41,Sucesso,376,428,0
BLD-C02-P05-010927,C02-P05,2026-05-15 13:19:09,Sucesso,462,10,0
BLD-C02-P05-010928,C02-P05,2026-05-28 18:33:06,Sucesso,170,173,0
BLD-C02-P05-010929,C02-P05,2026-05-17 17:36:51,Sucesso,256,117,0
BLD-C02-P05-010930,C02-P05,2026-05-08 20:28:36,Sucesso,360,140,0
BLD-C02-P05-010931,C02-P05,2026-05-16 10:21:36,Sucesso,126,740,0
BLD-C02-P05-010932,C02-P05,2026-05-18 16:00:27,Sucesso,178,502,2
BLD-C02-P05-010933,C02-P05,2026-05-19 19:08:57,Falha,720,285,5
BLD-C02-P05-010934,C02-P05,2026-05-23 19:16:46,Sucesso,313,310,0
BLD-C02-P05-010935,C02-P05,2026-05-12 13:25:33,Sucesso,236,521,0
BLD-C02-P05-010936,C02-P05,2026-05-02 11:44:38,Sucesso,242,493,0
BLD-C02-P05-010937,C02-P05,2026-05-28 21:30:12,Falha,328,529,1
BLD-C02-P05-010938,C02-P05,2026-05-19 14:42:50,Sucesso,186,462,0
BLD-C02-P05-010939,C02-P05,2026-05-28 11:59:15,Sucesso,236,594,0
BLD-C02-P05-010940,C02-P05,2026-05-11 13:25:23,Sucesso,183,220,0
BLD-C02-P05-010941,C02-P05,2026-05-03 17:50:45,Sucesso,228,291,0
BLD-C02-P05-010942,C02-P05,2026-05-30 17:11:06,Falha,148,506,5
BLD-C02-P05-010943,C02-P05,2026-05-13 13:44:33,Sucesso,421,125,0
BLD-C02-P05-010944,C02-P05,2026-05-13 19:30:31,Sucesso,428,797,0
BLD-C02-P05-010945,C02-P05,2026-05-23 18:22:32,Falha,490,193,2
BLD-C02-P05-010946,C02-P05,2026-05-17 08:07:50,Sucesso,389,344,0
BLD-C02-P05-010947,C02-P05,2026-05-25 18:58:57,Sucesso,155,537,0
BLD-C02-P05-010948,C02-P05,2026-05-12 16:24:43,Sucesso,284,668,0
BLD-C02-P05-010949,C02-P05,2026-05-02 18:07:57,Falha,609,208,2
BLD-C02-P05-010950,C02-P05,2026-05-14 09:22:59,Sucesso,286,146,0
BLD-C02-P05-010951,C02-P05,2026-05-31 10:37:23,Sucesso,531,373,0
BLD-C02-P05-010952,C02-P05,2026-05-31 19:24:35,Sucesso,367,228,0
BLD-C02-P05-010953,C02-P05,2026-05-27 18:45:05,Sucesso,384,171,0
BLD-C02-P05-010954,C02-P05,2026-05-05 18:57:47,Sucesso,405,242,0
BLD-C03-P01-010955,C03-P01,2025-07-22 10:25:20,Sucesso,357,597,0
BLD-C03-P01-010956,C03-P01,2025-07-21 10:56:44,Sucesso,69,247,0
BLD-C03-P01-010957,C03-P01,2025-07-05 07:11:49,Sucesso,460,306,0
BLD-C03-P01-010958,C03-P01,2025-07-13 10:42:49,Falha,339,57,1
BLD-C03-P01-010959,C03-P01,2025-07-07 19:34:00,Sucesso,117,199,1
BLD-C03-P01-010960,C03-P01,2025-07-17 16:38:37,Falha,301,369,1
BLD-C03-P01-010961,C03-P01,2025-07-14 15:49:02,Sucesso,421,581,1
BLD-C03-P01-010962,C03-P01,2025-07-02 07:51:14,Sucesso,280,647,0
BLD-C03-P01-010963,C03-P01,2025-07-14 18:38:13,Sucesso,386,614,0
BLD-C03-P01-010964,C03-P01,2025-07-13 16:54:00,Sucesso,179,557,0
BLD-C03-P01-010965,C03-P01,2025-07-29 21:29:24,Falha,543,177,1
BLD-C03-P01-010966,C03-P01,2025-07-13 17:16:22,Sucesso,291,212,0
BLD-C03-P01-010967,C03-P01,2025-07-18 21:37:07,Sucesso,232,112,0
BLD-C03-P01-010968,C03-P01,2025-07-05 09:11:23,Sucesso,411,487,0
BLD-C03-P01-010969,C03-P01,2025-07-15 09:38:38,Sucesso,232,126,0
BLD-C03-P01-010970,C03-P01,2025-07-27 07:14:18,Sucesso,256,619,0
BLD-C03-P01-010971,C03-P01,2025-07-29 17:29:56,Sucesso,343,459,0
BLD-C03-P01-010972,C03-P01,2025-07-18 11:27:20,Sucesso,359,306,0
BLD-C03-P01-010973,C03-P01,2025-07-04 20:24:43,Sucesso,415,940,0
BLD-C03-P01-010974,C03-P01,2025-07-04 14:27:39,Sucesso,83,575,0
BLD-C03-P01-010975,C03-P01,2025-07-17 12:26:48,Sucesso,71,349,0
BLD-C03-P01-010976,C03-P01,2025-12-22 10:06:27,Sucesso,20,402,0
BLD-C03-P01-010977,C03-P01,2025-12-21 17:48:59,Sucesso,249,343,0
BLD-C03-P01-010978,C03-P01,2025-12-23 10:07:25,Sucesso,389,294,0
BLD-C03-P01-010979,C03-P01,2025-12-11 19:37:49,Sucesso,454,831,0
BLD-C03-P01-010980,C03-P01,2025-12-01 14:18:34,Sucesso,135,431,0
BLD-C03-P01-010981,C03-P01,2025-12-28 15:51:55,Sucesso,628,342,0
BLD-C03-P01-010982,C03-P01,2025-12-18 18:13:27,Sucesso,264,444,0
BLD-C03-P01-010983,C03-P01,2025-12-12 16:20:50,Sucesso,457,340,0
BLD-C03-P01-010984,C03-P01,2025-12-11 18:32:26,Sucesso,473,592,0
BLD-C03-P01-010985,C03-P01,2025-12-27 19:40:38,Sucesso,114,242,0
BLD-C03-P01-010986,C03-P01,2025-12-04 14:08:10,Sucesso,323,430,0
BLD-C03-P01-010987,C03-P01,2025-12-10 07:24:44,Sucesso,381,124,0
BLD-C03-P01-010988,C03-P01,2025-12-23 10:22:54,Sucesso,324,157,0
BLD-C03-P01-010989,C03-P01,2025-12-01 21:53:59,Falha,164,613,4
BLD-C03-P01-010990,C03-P01,2025-12-01 14:42:14,Sucesso,427,430,0
BLD-C03-P01-010991,C03-P01,2025-12-13 08:09:05,Sucesso,324,359,0
BLD-C03-P01-010992,C03-P01,2025-12-13 10:13:03,Sucesso,20,25,0
BLD-C03-P01-010993,C03-P01,2025-12-04 16:48:51,Sucesso,275,442,0
BLD-C03-P01-010994,C03-P01,2025-12-13 09:58:58,Falha,69,476,8
BLD-C03-P01-010995,C03-P01,2025-12-06 10:01:01,Falha,239,212,6
BLD-C03-P01-010996,C03-P01,2025-12-27 15:55:22,Sucesso,459,169,0
BLD-C03-P01-010997,C03-P01,2025-12-26 19:05:11,Sucesso,142,409,0
BLD-C03-P01-010998,C03-P01,2025-12-31 20:59:25,Sucesso,468,420,0
BLD-C03-P01-010999,C03-P01,2025-12-26 15:55:12,Sucesso,473,352,0
BLD-C03-P01-011000,C03-P01,2025-12-29 12:43:59,Sucesso,356,692,0
BLD-C03-P01-011001,C03-P01,2025-12-06 10:31:07,Sucesso,503,316,0
BLD-C03-P01-011002,C03-P01,2026-06-09 14:32:29,Sucesso,563,432,0
BLD-C03-P01-011003,C03-P01,2026-06-07 07:53:35,Sucesso,699,800,0
BLD-C03-P01-011004,C03-P01,2026-06-30 16:15:43,Sucesso,383,359,0
BLD-C03-P01-011005,C03-P01,2026-06-04 18:00:27,Falha,277,340,6
BLD-C03-P01-011006,C03-P01,2026-06-26 14:02:27,Sucesso,199,293,0
BLD-C03-P01-011007,C03-P01,2026-06-13 20:48:17,Falha,374,62,7
BLD-C03-P01-011008,C03-P01,2026-06-15 17:30:38,Sucesso,305,545,0
BLD-C03-P01-011009,C03-P01,2026-06-05 10:15:18,Sucesso,415,150,0
BLD-C03-P01-011010,C03-P01,2026-06-10 16:38:14,Sucesso,434,460,0
BLD-C03-P01-011011,C03-P01,2026-06-01 21:22:01,Sucesso,263,326,0
BLD-C03-P01-011012,C03-P01,2026-06-13 08:10:23,Sucesso,331,494,0
BLD-C03-P01-011013,C03-P01,2026-06-24 20:02:06,Falha,165,491,1
BLD-C03-P02-011014,C03-P02,2026-04-08 19:38:10,Sucesso,354,415,0
BLD-C03-P02-011015,C03-P02,2026-04-11 08:36:56,Falha,251,98,12
BLD-C03-P02-011016,C03-P02,2026-04-16 15:22:43,Falha,302,384,1
BLD-C03-P02-011017,C03-P02,2026-04-01 07:40:19,Sucesso,225,299,0
BLD-C03-P02-011018,C03-P02,2026-04-28 17:59:03,Sucesso,225,337,0
BLD-C03-P02-011019,C03-P02,2026-04-23 16:07:45,Sucesso,482,540,0
BLD-C03-P02-011020,C03-P02,2026-04-10 08:05:54,Sucesso,208,243,0
BLD-C03-P02-011021,C03-P02,2026-04-10 08:35:20,Sucesso,292,467,0
BLD-C03-P02-011022,C03-P02,2026-04-24 14:23:57,Sucesso,64,347,0
BLD-C03-P02-011023,C03-P02,2026-04-22 14:20:31,Sucesso,524,10,0
BLD-C03-P02-011024,C03-P02,2026-04-07 09:06:13,Sucesso,212,421,0
BLD-C03-P02-011025,C03-P02,2026-04-13 16:00:37,Sucesso,331,502,0
BLD-C03-P02-011026,C03-P02,2026-04-02 18:05:15,Sucesso,216,695,0
BLD-C03-P02-011027,C03-P02,2026-04-13 14:39:44,Sucesso,295,174,0
BLD-C03-P02-011028,C03-P02,2026-04-16 10:06:16,Falha,402,213,13
BLD-C03-P02-011029,C03-P02,2026-04-15 21:31:29,Sucesso,243,457,0
BLD-C03-P02-011030,C03-P02,2026-04-12 11:01:01,Sucesso,248,650,0
BLD-C03-P02-011031,C03-P02,2026-04-28 16:09:38,Sucesso,176,695,0
BLD-C03-P02-011032,C03-P02,2026-04-16 15:27:02,Sucesso,339,811,0
BLD-C03-P02-011033,C03-P02,2026-04-10 14:42:13,Sucesso,243,742,0
BLD-C03-P02-011034,C03-P02,2026-04-22 17:31:02,Falha,452,62,2
BLD-C03-P02-011035,C03-P02,2026-04-28 07:44:15,Sucesso,299,657,0
BLD-C03-P02-011036,C03-P02,2026-04-06 09:36:54,Sucesso,216,211,0
BLD-C03-P02-011037,C03-P02,2026-04-29 08:09:11,Sucesso,216,553,0
BLD-C03-P02-011038,C03-P02,2026-04-17 17:20:06,Sucesso,302,170,0
BLD-C03-P02-011039,C03-P02,2026-04-07 07:07:59,Sucesso,133,318,0
BLD-C03-P02-011040,C03-P02,2026-04-09 21:48:54,Sucesso,309,198,0
BLD-C03-P02-011041,C03-P02,2026-04-29 14:10:01,Sucesso,297,192,0
BLD-C03-P02-011042,C03-P02,2026-04-07 18:40:34,Falha,187,452,2
BLD-C03-P02-011043,C03-P02,2026-04-13 18:20:00,Sucesso,248,699,0
BLD-C03-P02-011044,C03-P02,2026-05-26 17:40:40,Sucesso,435,597,0
BLD-C03-P02-011045,C03-P02,2026-05-07 08:28:39,Sucesso,307,413,0
BLD-C03-P02-011046,C03-P02,2026-05-16 18:21:06,Sucesso,505,447,0
BLD-C03-P02-011047,C03-P02,2026-05-16 21:30:55,Sucesso,225,527,1
BLD-C03-P02-011048,C03-P02,2026-05-03 10:55:46,Falha,201,350,6
BLD-C03-P02-011049,C03-P02,2026-05-07 17:43:28,Sucesso,199,60,0
BLD-C03-P02-011050,C03-P02,2026-05-28 16:56:04,Sucesso,394,888,0
BLD-C03-P02-011051,C03-P02,2026-05-05 21:51:42,Sucesso,92,289,0
BLD-C03-P02-011052,C03-P02,2026-05-22 08:13:02,Sucesso,618,603,0
BLD-C03-P02-011053,C03-P02,2026-05-16 10:14:27,Sucesso,206,312,0
BLD-C03-P02-011054,C03-P02,2026-05-27 13:39:26,Sucesso,191,638,0
BLD-C03-P02-011055,C03-P02,2026-05-21 19:40:21,Sucesso,458,635,0
BLD-C03-P02-011056,C03-P02,2026-05-09 20:00:40,Falha,248,367,1
BLD-C03-P02-011057,C03-P02,2026-05-06 14:32:59,Sucesso,393,556,0
BLD-C03-P02-011058,C03-P02,2026-05-30 13:14:23,Sucesso,397,403,0
BLD-C03-P02-011059,C03-P02,2026-05-03 09:18:45,Sucesso,655,10,0
BLD-C03-P02-011060,C03-P02,2026-05-10 12:22:11,Sucesso,346,133,0
BLD-C03-P02-011061,C03-P02,2026-05-05 20:15:34,Sucesso,163,509,0
BLD-C03-P02-011062,C03-P02,2026-05-24 19:23:01,Sucesso,163,365,0
BLD-C03-P02-011063,C03-P02,2026-05-25 17:54:50,Sucesso,141,254,0
BLD-C03-P02-011064,C03-P02,2026-06-08 16:03:22,Falha,317,10,2
BLD-C03-P02-011065,C03-P02,2026-06-23 12:48:04,Sucesso,288,784,0
BLD-C03-P02-011066,C03-P02,2026-06-10 07:45:59,Sucesso,519,140,0
BLD-C03-P02-011067,C03-P02,2026-06-13 09:25:27,Sucesso,21,625,1
BLD-C03-P02-011068,C03-P02,2026-06-30 10:41:40,Sucesso,470,66,2
BLD-C03-P02-011069,C03-P02,2026-06-25 17:34:17,Sucesso,394,441,0
BLD-C03-P02-011070,C03-P02,2026-06-11 18:35:46,Sucesso,99,332,0
BLD-C03-P02-011071,C03-P02,2026-06-06 12:04:34,Sucesso,308,282,0
BLD-C03-P02-011072,C03-P02,2026-06-21 07:22:54,Sucesso,209,667,2
BLD-C03-P02-011073,C03-P02,2026-06-22 08:14:15,Sucesso,265,282,0
BLD-C03-P02-011074,C03-P02,2026-06-30 20:27:23,Falha,69,678,6
BLD-C03-P02-011075,C03-P02,2026-06-28 11:15:34,Sucesso,266,108,0
BLD-C03-P02-011076,C03-P02,2026-06-18 08:33:25,Sucesso,581,187,0
BLD-C03-P02-011077,C03-P02,2026-06-15 10:40:29,Sucesso,236,379,0
BLD-C03-P02-011078,C03-P02,2026-06-06 16:12:15,Sucesso,209,246,0
BLD-C03-P02-011079,C03-P02,2026-06-04 08:13:26,Sucesso,263,89,0
BLD-C03-P02-011080,C03-P02,2026-06-24 19:20:05,Sucesso,408,547,1
BLD-C03-P02-011081,C03-P02,2026-06-13 14:47:13,Falha,340,256,17
BLD-C03-P02-011082,C03-P02,2026-06-22 08:45:40,Sucesso,366,480,0
BLD-C03-P02-011083,C03-P02,2026-06-04 14:28:41,Sucesso,274,376,0
BLD-C03-P02-011084,C03-P02,2026-06-20 13:28:44,Sucesso,264,252,0
BLD-C03-P02-011085,C03-P02,2026-06-18 07:23:19,Sucesso,395,295,0
BLD-C03-P02-011086,C03-P02,2026-06-30 15:27:47,Sucesso,182,311,0
BLD-C03-P02-011087,C03-P02,2026-06-29 08:51:08,Falha,309,481,5
BLD-C03-P02-011088,C03-P02,2026-06-25 09:53:50,Sucesso,354,253,0
BLD-C03-P02-011089,C03-P02,2026-06-28 08:22:58,Sucesso,376,642,0
BLD-C03-P02-011090,C03-P02,2026-06-25 08:29:28,Sucesso,306,255,0
BLD-C03-P02-011091,C03-P02,2026-06-11 17:23:39,Sucesso,417,383,0
BLD-C03-P02-011092,C03-P02,2026-07-09 14:49:30,Sucesso,192,630,0
BLD-C03-P02-011093,C03-P02,2026-07-02 21:46:23,Falha,20,415,4
BLD-C03-P02-011094,C03-P02,2026-07-30 09:35:59,Falha,285,438,10
BLD-C03-P02-011095,C03-P02,2026-07-20 13:00:34,Falha,227,77,2
BLD-C03-P02-011096,C03-P02,2026-07-20 17:01:35,Falha,283,495,3
BLD-C03-P02-011097,C03-P02,2026-07-08 11:57:59,Sucesso,358,278,0
BLD-C03-P02-011098,C03-P02,2026-07-22 10:04:25,Sucesso,95,168,0
BLD-C03-P02-011099,C03-P02,2026-07-08 11:25:28,Sucesso,267,387,0
BLD-C03-P02-011100,C03-P02,2026-07-11 08:45:36,Sucesso,344,116,0
BLD-C03-P02-011101,C03-P02,2026-07-28 21:25:27,Falha,328,180,3
BLD-C03-P02-011102,C03-P02,2026-07-10 07:20:41,Sucesso,107,289,0
BLD-C03-P02-011103,C03-P02,2026-07-22 12:23:17,Sucesso,192,94,0
BLD-C03-P02-011104,C03-P02,2026-07-30 20:00:12,Sucesso,285,468,0
BLD-C03-P02-011105,C03-P02,2026-07-25 09:36:55,Sucesso,142,463,0
BLD-C03-P02-011106,C03-P02,2026-07-25 20:58:29,Falha,325,240,8
BLD-C03-P02-011107,C03-P02,2026-07-28 16:50:57,Sucesso,157,589,0
BLD-C03-P02-011108,C03-P02,2026-07-16 07:02:56,Sucesso,349,279,0
BLD-C03-P02-011109,C03-P02,2026-07-06 15:17:53,Sucesso,568,308,0
BLD-C04-P01-011110,C04-P01,2026-02-24 08:29:17,Sucesso,143,10,0
BLD-C04-P01-011111,C04-P01,2026-02-05 14:52:47,Falha,218,444,1
BLD-C04-P01-011112,C04-P01,2026-02-19 17:55:42,Sucesso,20,326,0
BLD-C04-P01-011113,C04-P01,2026-02-26 17:16:50,Sucesso,419,145,0
BLD-C04-P01-011114,C04-P01,2026-02-25 09:10:17,Falha,267,287,2
BLD-C04-P01-011115,C04-P01,2026-02-08 18:55:45,Falha,149,505,1
BLD-C04-P01-011116,C04-P01,2026-02-12 12:26:23,Falha,385,602,13
BLD-C04-P01-011117,C04-P01,2026-02-06 19:41:18,Sucesso,448,295,0
BLD-C04-P01-011118,C04-P01,2026-02-13 21:51:32,Sucesso,419,454,0
BLD-C04-P01-011119,C04-P01,2026-02-25 09:44:43,Sucesso,479,268,0
BLD-C04-P01-011120,C04-P01,2026-02-20 16:40:03,Sucesso,259,615,0
BLD-C04-P01-011121,C04-P01,2026-02-18 13:28:30,Sucesso,20,308,0
BLD-C04-P01-011122,C04-P01,2026-02-21 13:44:39,Sucesso,362,571,0
BLD-C04-P01-011123,C04-P01,2026-02-19 08:00:29,Sucesso,175,495,0
BLD-C04-P01-011124,C04-P01,2026-02-13 14:23:07,Sucesso,304,278,0
BLD-C04-P01-011125,C04-P01,2026-02-11 19:48:29,Sucesso,298,480,1
BLD-C04-P01-011126,C04-P01,2026-02-03 17:01:50,Sucesso,224,432,0
BLD-C04-P01-011127,C04-P01,2026-02-03 17:47:13,Sucesso,351,313,0
BLD-C04-P01-011128,C04-P01,2026-02-01 14:22:29,Sucesso,279,305,0
BLD-C04-P01-011129,C04-P01,2026-02-10 11:22:52,Sucesso,137,282,0
BLD-C04-P01-011130,C04-P01,2026-02-12 20:11:28,Sucesso,453,416,0
BLD-C04-P01-011131,C04-P01,2026-02-18 20:35:10,Sucesso,242,194,0
BLD-C04-P01-011132,C04-P01,2026-02-28 17:00:23,Sucesso,240,588,0
BLD-C04-P01-011133,C04-P01,2026-02-05 16:20:51,Sucesso,260,460,0
BLD-C04-P01-011134,C04-P01,2026-02-16 21:17:47,Sucesso,253,202,0
BLD-C04-P01-011135,C04-P01,2026-02-19 16:30:45,Sucesso,306,581,0
BLD-C04-P01-011136,C04-P01,2026-02-03 10:05:58,Sucesso,20,245,0
BLD-C04-P01-011137,C04-P01,2026-02-06 14:10:41,Sucesso,44,376,0
BLD-C04-P01-011138,C04-P01,2026-02-06 18:21:50,Sucesso,382,447,0
BLD-C04-P01-011139,C04-P01,2026-02-20 12:26:22,Sucesso,282,302,0
BLD-C04-P01-011140,C04-P01,2026-02-04 17:00:53,Sucesso,141,496,0
BLD-C04-P01-011141,C04-P01,2026-02-10 21:40:19,Sucesso,204,349,2
BLD-C04-P01-011142,C04-P01,2026-02-24 13:29:47,Sucesso,323,747,0
BLD-C04-P01-011143,C04-P01,2026-02-22 13:33:38,Sucesso,408,653,0
BLD-C04-P01-011144,C04-P01,2026-02-20 20:36:21,Sucesso,755,470,0
BLD-C04-P01-011145,C04-P01,2026-02-22 16:06:54,Sucesso,171,424,0
BLD-C04-P01-011146,C04-P01,2026-02-11 20:57:22,Sucesso,219,139,0
BLD-C04-P01-011147,C04-P01,2026-02-28 12:17:41,Falha,310,175,7
BLD-C04-P01-011148,C04-P01,2026-02-18 09:46:57,Sucesso,64,105,0
BLD-C04-P01-011149,C04-P01,2026-02-02 19:19:15,Sucesso,496,593,0
BLD-C04-P01-011150,C04-P01,2026-02-20 20:57:58,Sucesso,429,676,0
BLD-C04-P01-011151,C04-P01,2026-02-15 21:07:08,Sucesso,348,366,0
BLD-C04-P01-011152,C04-P01,2026-02-05 16:00:07,Sucesso,201,586,0
BLD-C04-P01-011153,C04-P01,2026-02-27 16:12:51,Sucesso,215,37,0
BLD-C04-P01-011154,C04-P01,2026-02-15 08:39:54,Sucesso,432,428,0
BLD-C04-P01-011155,C04-P01,2026-02-08 10:23:21,Sucesso,501,106,0
BLD-C04-P01-011156,C04-P01,2026-02-05 11:44:10,Sucesso,626,416,0
BLD-C04-P01-011157,C04-P01,2026-02-03 08:45:30,Sucesso,418,385,0
BLD-C04-P01-011158,C04-P01,2026-02-22 18:24:56,Sucesso,479,478,0
BLD-C04-P01-011159,C04-P01,2026-02-10 11:50:42,Sucesso,562,290,0
BLD-C04-P01-011160,C04-P01,2026-02-19 09:09:16,Falha,279,388,5
BLD-C04-P01-011161,C04-P01,2026-02-28 20:23:47,Sucesso,344,270,0
BLD-C04-P01-011162,C04-P01,2026-02-09 08:14:56,Falha,273,156,1
BLD-C04-P01-011163,C04-P01,2026-02-01 14:07:50,Sucesso,343,308,1
BLD-C04-P01-011164,C04-P01,2026-02-27 09:13:34,Sucesso,325,413,0
BLD-C04-P01-011165,C04-P01,2026-02-20 12:05:11,Sucesso,494,342,0
BLD-C04-P01-011166,C04-P01,2026-03-28 21:00:57,Sucesso,353,269,0
BLD-C04-P01-011167,C04-P01,2026-03-18 20:34:38,Sucesso,525,596,0
BLD-C04-P01-011168,C04-P01,2026-03-14 18:56:41,Sucesso,494,114,0
BLD-C04-P01-011169,C04-P01,2026-03-22 18:15:53,Sucesso,23,674,0
BLD-C04-P01-011170,C04-P01,2026-03-05 20:19:33,Sucesso,155,609,0
BLD-C04-P01-011171,C04-P01,2026-03-15 07:06:53,Falha,182,220,1
BLD-C04-P01-011172,C04-P01,2026-03-09 19:35:26,Sucesso,275,586,0
BLD-C04-P01-011173,C04-P01,2026-03-20 11:52:40,Sucesso,482,477,0
BLD-C04-P01-011174,C04-P01,2026-03-05 07:40:36,Sucesso,565,301,0
BLD-C04-P01-011175,C04-P01,2026-03-18 09:15:49,Sucesso,205,261,0
BLD-C04-P01-011176,C04-P01,2026-03-09 07:46:46,Sucesso,483,785,1
BLD-C04-P01-011177,C04-P01,2026-03-16 10:24:56,Sucesso,446,479,0
BLD-C04-P01-011178,C04-P01,2026-03-17 14:13:29,Sucesso,280,372,0
BLD-C04-P01-011179,C04-P01,2026-03-08 11:14:37,Falha,400,525,3
BLD-C04-P01-011180,C04-P01,2026-03-31 11:09:35,Falha,275,467,3
BLD-C04-P01-011181,C04-P01,2026-03-11 19:18:52,Sucesso,324,344,0
BLD-C04-P01-011182,C04-P01,2026-03-26 13:35:18,Sucesso,304,365,0
BLD-C04-P01-011183,C04-P01,2026-03-31 21:26:46,Falha,48,506,3
BLD-C04-P01-011184,C04-P01,2026-03-25 21:32:47,Sucesso,209,259,0
BLD-C04-P01-011185,C04-P01,2026-03-21 15:10:56,Sucesso,490,86,0
BLD-C04-P01-011186,C04-P01,2026-03-25 21:43:58,Sucesso,612,10,0
BLD-C04-P01-011187,C04-P01,2026-03-14 09:23:03,Sucesso,287,176,0
BLD-C04-P01-011188,C04-P01,2026-03-11 08:41:05,Sucesso,303,238,0
BLD-C04-P01-011189,C04-P01,2026-03-15 14:01:56,Sucesso,404,601,0
BLD-C04-P01-011190,C04-P01,2026-03-29 11:12:04,Sucesso,501,427,0
BLD-C04-P01-011191,C04-P01,2026-03-14 20:04:17,Sucesso,255,165,0
BLD-C04-P01-011192,C04-P01,2026-03-21 16:26:17,Sucesso,417,272,0
BLD-C04-P01-011193,C04-P01,2026-03-28 16:57:06,Sucesso,96,312,1
BLD-C04-P01-011194,C04-P01,2026-03-01 13:00:14,Falha,323,82,5
BLD-C04-P01-011195,C04-P01,2026-03-03 13:40:36,Sucesso,195,385,0
BLD-C04-P01-011196,C04-P01,2026-03-27 10:35:34,Sucesso,119,643,0
BLD-C04-P01-011197,C04-P01,2026-03-12 14:43:01,Sucesso,321,376,0
BLD-C04-P01-011198,C04-P01,2026-03-25 19:04:41,Sucesso,545,10,1
BLD-C04-P01-011199,C04-P01,2026-03-18 15:07:23,Sucesso,344,713,0
BLD-C04-P01-011200,C04-P01,2026-03-17 15:47:02,Sucesso,614,531,0
BLD-C04-P01-011201,C04-P01,2026-03-26 09:58:08,Sucesso,553,431,0
BLD-C04-P01-011202,C04-P01,2026-03-14 21:04:49,Sucesso,108,158,0
BLD-C04-P01-011203,C04-P01,2026-03-14 14:05:12,Sucesso,349,437,0
BLD-C04-P01-011204,C04-P01,2026-03-13 17:22:06,Sucesso,400,342,0
BLD-C04-P01-011205,C04-P01,2026-03-24 10:31:00,Falha,152,234,6
BLD-C04-P01-011206,C04-P01,2026-03-19 13:29:07,Sucesso,571,714,0
BLD-C04-P01-011207,C04-P01,2026-03-01 11:02:32,Sucesso,447,603,0
BLD-C04-P01-011208,C04-P01,2026-03-12 14:43:27,Sucesso,189,438,1
BLD-C04-P01-011209,C04-P01,2026-03-23 12:25:58,Sucesso,238,760,0
BLD-C04-P01-011210,C04-P01,2026-03-14 13:51:44,Falha,400,352,8
BLD-C04-P01-011211,C04-P01,2026-03-22 18:22:09,Sucesso,384,335,0
BLD-C04-P01-011212,C04-P01,2026-03-08 17:08:40,Sucesso,499,597,0
BLD-C04-P01-011213,C04-P01,2026-03-06 10:53:17,Sucesso,352,492,0
BLD-C04-P01-011214,C04-P01,2026-03-24 14:27:38,Sucesso,378,275,0
BLD-C04-P01-011215,C04-P01,2026-03-25 14:02:19,Sucesso,141,419,0
BLD-C04-P01-011216,C04-P01,2026-03-24 19:49:46,Sucesso,391,306,0
BLD-C04-P01-011217,C04-P01,2026-03-01 20:00:17,Sucesso,492,204,0
BLD-C04-P01-011218,C04-P01,2026-03-19 15:49:46,Sucesso,105,172,0
BLD-C04-P01-011219,C04-P01,2026-03-13 16:15:49,Sucesso,201,404,0
BLD-C04-P01-011220,C04-P01,2026-03-23 19:59:55,Sucesso,352,479,0
BLD-C04-P01-011221,C04-P01,2026-03-18 18:04:06,Sucesso,391,572,0
BLD-C04-P01-011222,C04-P01,2026-03-19 11:49:14,Sucesso,395,547,0
BLD-C04-P01-011223,C04-P01,2026-03-08 12:31:45,Sucesso,564,936,0
BLD-C04-P01-011224,C04-P01,2026-03-14 09:27:07,Sucesso,366,509,0
BLD-C04-P01-011225,C04-P01,2026-03-17 12:57:07,Sucesso,401,379,0
BLD-C04-P01-011226,C04-P01,2026-03-28 18:47:22,Sucesso,297,655,0
BLD-C04-P01-011227,C04-P01,2026-03-11 16:06:01,Sucesso,240,397,0
BLD-C04-P01-011228,C04-P01,2026-03-12 13:34:03,Sucesso,230,492,4
BLD-C04-P01-011229,C04-P01,2026-03-21 08:54:25,Sucesso,296,329,0
BLD-C04-P01-011230,C04-P01,2026-03-02 18:38:01,Sucesso,267,540,0
BLD-C04-P01-011231,C04-P01,2026-03-27 16:49:29,Sucesso,403,504,0
BLD-C04-P01-011232,C04-P01,2026-03-17 08:09:53,Sucesso,577,346,0
BLD-C04-P01-011233,C04-P01,2026-04-25 13:21:58,Sucesso,129,422,0
BLD-C04-P01-011234,C04-P01,2026-04-30 14:44:54,Falha,604,583,1
BLD-C04-P01-011235,C04-P01,2026-04-10 07:53:14,Sucesso,214,167,0
BLD-C04-P01-011236,C04-P01,2026-04-28 11:59:12,Sucesso,82,587,0
BLD-C04-P01-011237,C04-P01,2026-04-25 12:53:28,Sucesso,370,27,0
BLD-C04-P01-011238,C04-P01,2026-04-30 19:55:01,Sucesso,140,50,0
BLD-C04-P01-011239,C04-P01,2026-04-25 17:11:50,Sucesso,554,346,0
BLD-C04-P01-011240,C04-P01,2026-04-30 17:36:47,Sucesso,421,285,0
BLD-C04-P01-011241,C04-P01,2026-04-21 10:25:30,Falha,72,435,3
BLD-C04-P01-011242,C04-P01,2026-04-23 14:27:12,Sucesso,498,420,0
BLD-C04-P01-011243,C04-P01,2026-04-19 18:19:57,Sucesso,61,10,0
BLD-C04-P01-011244,C04-P01,2026-04-07 21:34:42,Sucesso,517,384,0
BLD-C04-P01-011245,C04-P01,2026-04-06 09:17:58,Sucesso,93,311,0
BLD-C04-P01-011246,C04-P01,2026-04-30 13:07:32,Sucesso,472,476,0
BLD-C04-P01-011247,C04-P01,2026-04-26 18:37:28,Sucesso,600,610,0
BLD-C04-P01-011248,C04-P01,2026-04-24 11:42:19,Sucesso,267,715,0
BLD-C04-P01-011249,C04-P01,2026-04-08 10:12:59,Sucesso,474,539,0
BLD-C04-P01-011250,C04-P01,2026-04-11 13:22:12,Sucesso,459,175,0
BLD-C04-P01-011251,C04-P01,2026-04-15 08:14:41,Sucesso,448,446,0
BLD-C04-P01-011252,C04-P01,2026-04-14 18:37:27,Sucesso,319,631,0
BLD-C04-P01-011253,C04-P01,2026-04-13 15:26:41,Sucesso,38,399,0
BLD-C04-P01-011254,C04-P01,2026-04-07 11:27:36,Sucesso,81,66,0
BLD-C04-P01-011255,C04-P01,2026-04-16 11:12:37,Sucesso,371,552,0
BLD-C04-P01-011256,C04-P01,2026-04-14 07:37:47,Sucesso,156,416,0
BLD-C04-P01-011257,C04-P01,2026-04-21 10:43:50,Sucesso,105,10,0
BLD-C04-P01-011258,C04-P01,2026-04-09 11:03:30,Sucesso,555,355,0
BLD-C04-P01-011259,C04-P01,2026-04-13 09:29:26,Sucesso,269,275,0
BLD-C04-P01-011260,C04-P01,2026-04-24 11:47:08,Sucesso,302,617,0
BLD-C04-P01-011261,C04-P01,2026-04-20 08:18:19,Sucesso,218,391,0
BLD-C04-P01-011262,C04-P01,2026-05-12 13:55:25,Sucesso,301,554,0
BLD-C04-P01-011263,C04-P01,2026-05-23 15:39:12,Falha,401,143,6
BLD-C04-P01-011264,C04-P01,2026-05-04 09:35:28,Sucesso,478,341,0
BLD-C04-P01-011265,C04-P01,2026-05-11 18:36:30,Falha,554,373,12
BLD-C04-P01-011266,C04-P01,2026-05-07 14:10:17,Sucesso,364,371,0
BLD-C04-P01-011267,C04-P01,2026-05-03 10:17:08,Sucesso,436,222,0
BLD-C04-P01-011268,C04-P01,2026-05-22 18:46:31,Sucesso,385,687,0
BLD-C04-P01-011269,C04-P01,2026-05-21 21:01:22,Sucesso,479,133,0
BLD-C04-P01-011270,C04-P01,2026-05-15 14:31:47,Falha,287,525,2
BLD-C04-P01-011271,C04-P01,2026-05-29 20:39:59,Falha,127,731,2
BLD-C04-P01-011272,C04-P01,2026-05-15 20:46:55,Sucesso,530,245,0
BLD-C04-P01-011273,C04-P01,2026-05-14 10:02:43,Sucesso,530,632,0
BLD-C04-P01-011274,C04-P01,2026-05-07 20:38:38,Sucesso,461,18,0
BLD-C04-P01-011275,C04-P01,2026-05-16 21:47:55,Sucesso,41,309,0
BLD-C04-P01-011276,C04-P01,2026-05-16 13:38:49,Sucesso,143,191,0
BLD-C04-P01-011277,C04-P01,2026-05-06 21:38:14,Sucesso,44,541,0
BLD-C04-P01-011278,C04-P01,2026-05-06 18:15:52,Sucesso,308,300,0
BLD-C04-P01-011279,C04-P01,2026-05-30 15:44:59,Sucesso,501,83,0
BLD-C04-P01-011280,C04-P01,2026-05-16 14:41:22,Sucesso,20,377,0
BLD-C04-P01-011281,C04-P01,2026-05-23 14:42:28,Sucesso,153,365,3
BLD-C04-P01-011282,C04-P01,2026-05-29 10:39:04,Sucesso,210,384,0
BLD-C04-P01-011283,C04-P01,2026-05-31 19:11:32,Sucesso,387,157,0
BLD-C04-P01-011284,C04-P01,2026-05-23 15:19:48,Sucesso,535,432,0
BLD-C04-P01-011285,C04-P01,2026-05-11 21:53:13,Sucesso,20,540,0
BLD-C04-P01-011286,C04-P01,2026-05-02 13:47:14,Sucesso,642,443,0
BLD-C04-P01-011287,C04-P01,2026-05-29 18:48:55,Falha,327,509,6
BLD-C04-P01-011288,C04-P01,2026-05-28 14:45:15,Falha,454,402,2
BLD-C04-P01-011289,C04-P01,2026-05-15 17:19:38,Sucesso,128,244,0
BLD-C04-P01-011290,C04-P01,2026-05-20 10:07:35,Sucesso,220,427,0
BLD-C04-P01-011291,C04-P01,2026-05-20 12:52:00,Sucesso,192,537,1
BLD-C04-P01-011292,C04-P01,2026-05-08 08:02:51,Sucesso,543,535,0
BLD-C04-P01-011293,C04-P01,2026-05-16 15:29:38,Sucesso,405,868,0
BLD-C04-P01-011294,C04-P01,2026-05-10 07:12:20,Sucesso,458,426,0
BLD-C04-P01-011295,C04-P01,2026-05-12 13:54:54,Sucesso,240,138,0
BLD-C04-P01-011296,C04-P01,2026-05-05 18:08:12,Sucesso,628,200,0
BLD-C04-P01-011297,C04-P01,2026-05-26 12:54:28,Sucesso,384,379,0
BLD-C04-P01-011298,C04-P01,2026-05-11 17:17:52,Sucesso,269,390,0
BLD-C04-P01-011299,C04-P01,2026-05-22 21:19:29,Sucesso,182,312,0
BLD-C04-P01-011300,C04-P01,2026-05-04 07:50:51,Sucesso,216,342,0
BLD-C04-P01-011301,C04-P01,2026-05-29 14:28:54,Sucesso,268,159,0
BLD-C04-P01-011302,C04-P01,2026-05-25 15:53:08,Falha,427,713,13
BLD-C04-P01-011303,C04-P01,2026-05-25 17:36:37,Sucesso,361,572,0
BLD-C04-P01-011304,C04-P01,2026-05-04 13:37:57,Sucesso,442,256,0
BLD-C04-P01-011305,C04-P01,2026-05-01 07:50:18,Sucesso,218,359,0
BLD-C04-P01-011306,C04-P01,2026-05-26 13:36:16,Sucesso,144,477,0
BLD-C04-P01-011307,C04-P01,2026-05-24 09:55:40,Sucesso,392,534,0
BLD-C04-P01-011308,C04-P01,2026-06-01 20:58:06,Sucesso,324,61,0
BLD-C04-P01-011309,C04-P01,2026-06-22 20:00:43,Sucesso,385,758,0
BLD-C04-P01-011310,C04-P01,2026-06-01 19:54:32,Falha,290,10,2
BLD-C04-P01-011311,C04-P01,2026-06-17 16:16:40,Sucesso,251,170,0
BLD-C04-P01-011312,C04-P01,2026-06-11 17:07:35,Falha,285,282,1
BLD-C04-P01-011313,C04-P01,2026-06-25 18:13:13,Sucesso,241,182,4
BLD-C04-P01-011314,C04-P01,2026-06-08 20:45:50,Sucesso,482,699,0
BLD-C04-P01-011315,C04-P01,2026-06-11 16:20:45,Sucesso,298,601,1
BLD-C04-P01-011316,C04-P01,2026-06-05 13:35:47,Sucesso,477,647,0
BLD-C04-P01-011317,C04-P01,2026-06-24 18:02:43,Sucesso,331,308,0
BLD-C04-P01-011318,C04-P01,2026-06-22 10:40:00,Falha,201,239,4
BLD-C04-P01-011319,C04-P01,2026-06-26 17:25:19,Sucesso,406,381,0
BLD-C04-P01-011320,C04-P01,2026-06-13 14:24:19,Falha,249,151,4
BLD-C04-P01-011321,C04-P01,2026-06-15 08:18:17,Sucesso,434,525,0
BLD-C04-P01-011322,C04-P01,2026-06-29 07:06:47,Falha,331,860,2
BLD-C04-P01-011323,C04-P01,2026-06-12 20:32:40,Sucesso,770,245,1
BLD-C04-P01-011324,C04-P01,2026-06-03 13:47:40,Falha,461,70,5
BLD-C04-P01-011325,C04-P01,2026-06-17 09:08:58,Sucesso,382,200,0
BLD-C04-P01-011326,C04-P01,2026-06-07 13:24:58,Sucesso,253,324,0
BLD-C04-P01-011327,C04-P01,2026-06-25 15:33:34,Falha,572,614,9
BLD-C04-P01-011328,C04-P01,2026-06-16 19:05:12,Sucesso,386,589,0
BLD-C04-P01-011329,C04-P01,2026-06-27 10:09:37,Sucesso,279,468,1
BLD-C04-P01-011330,C04-P01,2026-06-12 20:09:35,Falha,667,407,13
BLD-C04-P01-011331,C04-P01,2026-06-25 16:20:56,Sucesso,439,170,0
BLD-C04-P01-011332,C04-P01,2026-06-23 14:01:53,Sucesso,205,478,0
BLD-C04-P01-011333,C04-P01,2026-06-30 08:43:58,Sucesso,242,569,0
BLD-C04-P01-011334,C04-P01,2026-06-15 12:35:01,Sucesso,337,611,0
BLD-C04-P01-011335,C04-P01,2026-06-21 07:30:56,Falha,151,75,8
BLD-C04-P01-011336,C04-P01,2026-06-20 17:04:16,Sucesso,482,78,0
BLD-C04-P01-011337,C04-P01,2026-06-20 20:34:16,Sucesso,155,191,0
BLD-C04-P01-011338,C04-P01,2026-06-04 11:58:13,Sucesso,124,84,0
BLD-C04-P01-011339,C04-P01,2026-06-14 16:12:18,Sucesso,228,190,0
BLD-C04-P01-011340,C04-P01,2026-06-20 09:14:28,Sucesso,54,438,0
BLD-C04-P01-011341,C04-P01,2026-06-18 07:05:42,Sucesso,144,502,0
BLD-C04-P01-011342,C04-P01,2026-06-25 15:26:49,Sucesso,327,442,0
BLD-C04-P01-011343,C04-P01,2026-06-26 13:57:16,Sucesso,445,226,0
BLD-C04-P01-011344,C04-P01,2026-06-29 16:35:43,Falha,94,547,11
BLD-C04-P01-011345,C04-P01,2026-06-02 09:46:59,Sucesso,579,563,0
BLD-C04-P01-011346,C04-P01,2026-06-18 16:07:42,Falha,336,67,1
BLD-C04-P01-011347,C04-P01,2026-06-12 17:02:44,Sucesso,376,277,0
BLD-C04-P01-011348,C04-P01,2026-06-16 14:51:04,Falha,396,612,6
BLD-C04-P01-011349,C04-P01,2026-06-16 14:29:20,Sucesso,470,538,0
BLD-C04-P01-011350,C04-P01,2026-06-19 11:28:57,Sucesso,304,612,0
BLD-C04-P01-011351,C04-P01,2026-06-24 20:55:12,Sucesso,64,260,0
BLD-C04-P01-011352,C04-P01,2026-06-27 10:28:00,Sucesso,583,323,0
BLD-C04-P01-011353,C04-P01,2026-06-25 16:31:33,Sucesso,287,31,0
BLD-C04-P01-011354,C04-P01,2026-06-02 10:21:16,Sucesso,343,411,0
BLD-C04-P01-011355,C04-P01,2026-06-12 09:37:20,Sucesso,332,324,0
BLD-C04-P01-011356,C04-P01,2026-06-30 07:37:47,Sucesso,593,245,0
BLD-C04-P01-011357,C04-P01,2026-06-26 12:52:01,Falha,272,274,1
BLD-C04-P01-011358,C04-P01,2026-06-05 20:51:35,Sucesso,94,62,0
BLD-C04-P01-011359,C04-P01,2026-06-02 07:26:06,Sucesso,393,438,0
BLD-C04-P01-011360,C04-P01,2026-06-07 10:44:47,Sucesso,274,320,0
BLD-C04-P01-011361,C04-P01,2026-06-07 10:21:48,Sucesso,434,234,0
BLD-C04-P01-011362,C04-P01,2026-06-15 17:46:08,Falha,312,618,1
BLD-C04-P01-011363,C04-P01,2026-06-02 18:51:17,Sucesso,218,922,0
BLD-C04-P01-011364,C04-P01,2026-06-26 07:29:49,Sucesso,213,331,0
BLD-C04-P01-011365,C04-P01,2026-06-30 19:10:31,Sucesso,351,505,0
BLD-C04-P01-011366,C04-P01,2026-06-01 21:14:07,Sucesso,251,688,0
BLD-C04-P01-011367,C04-P01,2026-06-12 09:57:41,Sucesso,272,295,0
BLD-C04-P01-011368,C04-P01,2026-06-18 15:07:18,Sucesso,473,724,0
BLD-C04-P01-011369,C04-P01,2026-06-21 14:58:40,Sucesso,389,173,0
BLD-C04-P01-011370,C04-P01,2026-07-28 13:25:05,Sucesso,148,240,0
BLD-C04-P01-011371,C04-P01,2026-07-01 15:20:53,Sucesso,490,383,0
BLD-C04-P01-011372,C04-P01,2026-07-20 10:26:18,Sucesso,407,447,0
BLD-C04-P01-011373,C04-P01,2026-07-04 07:15:53,Falha,472,241,7
BLD-C04-P01-011374,C04-P01,2026-07-21 10:22:23,Sucesso,465,540,0
BLD-C04-P01-011375,C04-P01,2026-07-18 09:37:07,Sucesso,329,496,1
BLD-C04-P01-011376,C04-P01,2026-07-06 12:03:56,Sucesso,173,166,0
BLD-C04-P01-011377,C04-P01,2026-07-24 18:09:27,Sucesso,449,860,0
BLD-C04-P01-011378,C04-P01,2026-07-10 12:14:19,Sucesso,638,262,0
BLD-C04-P01-011379,C04-P01,2026-07-26 17:12:07,Sucesso,273,406,0
BLD-C04-P01-011380,C04-P01,2026-07-15 21:30:13,Sucesso,295,10,0
BLD-C04-P01-011381,C04-P01,2026-07-28 19:42:18,Sucesso,328,158,1
BLD-C04-P01-011382,C04-P01,2026-07-29 16:56:41,Sucesso,319,421,0
BLD-C04-P01-011383,C04-P01,2026-07-03 07:18:01,Falha,179,253,2
BLD-C04-P01-011384,C04-P01,2026-07-09 10:22:12,Sucesso,262,353,0
BLD-C04-P01-011385,C04-P01,2026-07-17 19:08:27,Sucesso,658,516,1
BLD-C04-P01-011386,C04-P01,2026-07-30 10:24:45,Sucesso,295,178,0
BLD-C04-P01-011387,C04-P01,2026-07-04 16:14:29,Sucesso,215,603,0
BLD-C04-P01-011388,C04-P01,2026-07-01 09:58:26,Sucesso,223,416,0
BLD-C04-P01-011389,C04-P01,2026-07-01 20:06:28,Sucesso,563,620,0
BLD-C04-P01-011390,C04-P01,2026-07-23 09:07:15,Sucesso,452,588,0
BLD-C04-P01-011391,C04-P01,2026-07-25 18:27:14,Sucesso,232,396,0
BLD-C04-P01-011392,C04-P01,2026-07-12 14:48:25,Sucesso,531,376,0
BLD-C04-P01-011393,C04-P01,2026-07-01 11:09:28,Falha,457,119,22
BLD-C04-P01-011394,C04-P01,2026-07-23 11:08:47,Sucesso,249,460,0
BLD-C04-P01-011395,C04-P01,2026-07-13 12:43:09,Sucesso,109,609,0
BLD-C04-P01-011396,C04-P01,2026-07-09 12:57:52,Sucesso,488,224,0
BLD-C04-P01-011397,C04-P01,2026-07-20 12:45:18,Sucesso,343,10,0
BLD-C04-P01-011398,C04-P01,2026-07-08 20:24:31,Falha,162,294,7
BLD-C04-P01-011399,C04-P01,2026-07-28 19:07:46,Falha,547,186,1
BLD-C04-P01-011400,C04-P01,2026-07-05 14:14:55,Sucesso,479,386,0
BLD-C04-P01-011401,C04-P01,2026-07-20 15:20:24,Sucesso,219,519,0
BLD-C04-P01-011402,C04-P01,2026-07-19 19:08:22,Sucesso,20,361,0
BLD-C04-P01-011403,C04-P01,2026-07-27 12:10:28,Sucesso,480,259,0
BLD-C04-P01-011404,C04-P01,2026-07-10 07:53:16,Falha,350,529,3
BLD-C04-P01-011405,C04-P01,2026-07-17 10:45:56,Sucesso,521,380,0
BLD-C04-P01-011406,C04-P01,2026-07-13 16:54:58,Sucesso,321,335,0
BLD-C04-P01-011407,C04-P01,2026-07-23 14:37:21,Sucesso,384,231,0
BLD-C04-P01-011408,C04-P01,2026-07-24 15:31:25,Sucesso,520,258,0
BLD-C04-P01-011409,C04-P01,2026-07-22 16:28:18,Sucesso,192,317,0
BLD-C04-P01-011410,C04-P01,2026-07-08 10:59:56,Sucesso,270,328,0
BLD-C04-P01-011411,C04-P01,2026-07-07 08:04:36,Sucesso,360,220,0
BLD-C04-P01-011412,C04-P01,2026-07-20 15:50:45,Falha,254,587,1
BLD-C04-P01-011413,C04-P01,2026-07-25 18:23:06,Sucesso,539,435,0
BLD-C04-P01-011414,C04-P01,2026-07-28 12:08:17,Sucesso,507,232,0
BLD-C04-P01-011415,C04-P01,2026-07-12 08:14:53,Sucesso,279,521,0
BLD-C04-P01-011416,C04-P01,2026-07-28 20:04:45,Sucesso,400,542,0
BLD-C04-P01-011417,C04-P01,2026-07-20 11:11:19,Sucesso,415,237,0
BLD-C04-P01-011418,C04-P01,2026-07-06 14:01:10,Sucesso,131,282,0
BLD-C04-P01-011419,C04-P01,2026-07-28 18:06:36,Falha,20,597,1
BLD-C04-P01-011420,C04-P01,2026-07-08 08:02:35,Sucesso,448,763,0
BLD-C04-P01-011421,C04-P01,2026-07-08 09:10:46,Sucesso,517,556,0
BLD-C04-P01-011422,C04-P01,2026-07-10 18:52:28,Sucesso,265,178,0
BLD-C04-P01-011423,C04-P01,2026-07-09 17:40:51,Sucesso,481,346,0
BLD-C04-P01-011424,C04-P01,2026-07-04 11:05:00,Sucesso,365,507,0
BLD-C04-P01-011425,C04-P01,2026-07-03 11:21:27,Sucesso,20,576,0
BLD-C04-P01-011426,C04-P01,2026-07-01 14:17:43,Falha,140,254,3
BLD-C04-P01-011427,C04-P01,2026-07-18 12:07:32,Sucesso,20,198,0
BLD-C04-P01-011428,C04-P01,2026-07-23 17:55:01,Sucesso,462,434,0
BLD-C04-P01-011429,C04-P01,2026-07-12 12:39:15,Sucesso,226,528,0
BLD-C04-P01-011430,C04-P01,2026-07-22 09:42:14,Sucesso,162,416,0
BLD-C04-P01-011431,C04-P01,2026-07-16 17:22:43,Sucesso,604,358,0
BLD-C04-P01-011432,C04-P01,2026-07-28 17:48:58,Sucesso,564,303,0
BLD-C04-P01-011433,C04-P01,2026-07-26 12:07:55,Falha,468,174,3
BLD-C04-P01-011434,C04-P01,2026-07-27 11:31:42,Sucesso,169,10,0
BLD-C04-P01-011435,C04-P01,2026-07-04 18:11:53,Falha,588,154,30
BLD-C04-P01-011436,C04-P01,2026-07-15 17:07:57,Sucesso,71,418,0
BLD-C04-P01-011437,C04-P01,2026-07-27 17:48:08,Sucesso,305,308,0
BLD-C04-P01-011438,C04-P01,2026-07-22 12:47:53,Falha,252,792,1
BLD-C04-P01-011439,C04-P01,2026-07-22 13:50:46,Sucesso,360,479,0
BLD-C04-P01-011440,C04-P01,2026-07-02 16:05:59,Sucesso,341,543,0
BLD-C04-P01-011441,C04-P01,2026-07-18 10:21:31,Sucesso,386,162,0
BLD-C04-P01-011442,C04-P01,2026-07-04 16:23:37,Falha,293,510,10
BLD-C04-P01-011443,C04-P01,2026-07-22 19:29:51,Sucesso,212,643,0
BLD-C04-P01-011444,C04-P01,2026-07-01 11:42:55,Sucesso,148,109,0
BLD-C04-P01-011445,C04-P01,2026-07-06 17:56:10,Sucesso,109,384,0
BLD-C04-P01-011446,C04-P01,2026-07-08 16:18:09,Sucesso,143,386,0
BLD-C04-P01-011447,C04-P01,2026-07-22 16:15:53,Sucesso,172,226,0
BLD-C04-P01-011448,C04-P01,2026-07-27 07:14:35,Sucesso,430,201,0
BLD-C04-P01-011449,C04-P01,2026-07-06 11:34:13,Falha,183,431,8
BLD-C04-P01-011450,C04-P01,2026-07-21 20:30:20,Falha,233,404,1
BLD-C04-P01-011451,C04-P01,2026-07-20 20:38:23,Falha,401,531,13
BLD-C04-P01-011452,C04-P01,2026-07-28 15:08:57,Sucesso,355,671,0
BLD-C04-P01-011453,C04-P01,2026-07-23 13:52:18,Sucesso,292,490,0
BLD-C04-P01-011454,C04-P01,2026-07-06 14:56:42,Falha,304,424,2
BLD-C04-P01-011455,C04-P01,2026-07-23 16:18:19,Sucesso,141,531,0
BLD-C04-P01-011456,C04-P01,2026-07-13 08:07:04,Sucesso,119,234,0
BLD-C04-P01-011457,C04-P01,2026-07-22 16:46:08,Sucesso,738,154,0
BLD-C04-P01-011458,C04-P01,2026-07-31 12:01:27,Sucesso,383,341,0
BLD-C04-P01-011459,C04-P01,2026-07-31 11:29:35,Sucesso,500,694,0
BLD-C04-P01-011460,C04-P01,2026-07-20 17:12:57,Falha,156,464,16
BLD-C04-P01-011461,C04-P01,2026-07-07 20:03:11,Sucesso,393,573,0
BLD-C04-P01-011462,C04-P01,2026-07-08 19:08:59,Sucesso,367,256,0
BLD-C04-P01-011463,C04-P01,2026-07-24 20:21:08,Sucesso,594,521,0
BLD-C04-P01-011464,C04-P01,2026-07-18 14:15:43,Sucesso,305,50,0
BLD-C04-P01-011465,C04-P01,2026-07-08 09:47:39,Sucesso,115,238,0
BLD-C04-P01-011466,C04-P01,2026-07-10 13:34:46,Sucesso,453,501,0
BLD-C04-P01-011467,C04-P01,2026-07-13 10:05:08,Falha,169,598,10
BLD-C04-P01-011468,C04-P01,2026-07-26 19:14:38,Falha,47,226,1
BLD-C04-P01-011469,C04-P01,2026-07-18 21:09:25,Falha,347,343,4
BLD-C04-P01-011470,C04-P01,2026-07-04 18:08:50,Sucesso,443,620,0
BLD-C04-P01-011471,C04-P01,2026-07-02 20:17:32,Sucesso,295,255,0
BLD-C04-P01-011472,C04-P01,2026-07-06 16:22:23,Sucesso,410,275,0
BLD-C04-P01-011473,C04-P01,2026-07-18 14:53:55,Falha,536,386,1
BLD-C04-P01-011474,C04-P01,2026-07-03 17:53:43,Sucesso,404,662,0
BLD-C04-P01-011475,C04-P01,2026-07-27 20:28:26,Sucesso,249,563,0
BLD-C04-P01-011476,C04-P01,2026-07-28 15:43:47,Sucesso,417,677,0
BLD-C04-P01-011477,C04-P01,2026-07-23 09:20:19,Sucesso,55,385,0
BLD-C04-P01-011478,C04-P01,2026-07-14 10:35:24,Sucesso,308,338,0
BLD-C04-P01-011479,C04-P01,2026-07-19 16:35:32,Sucesso,477,286,0
BLD-C04-P01-011480,C04-P01,2026-07-24 09:03:03,Sucesso,319,237,0
BLD-C04-P02-011481,C04-P02,2026-05-27 12:05:28,Sucesso,436,446,0
BLD-C04-P02-011482,C04-P02,2026-05-29 11:49:47,Sucesso,322,222,0
BLD-C04-P02-011483,C04-P02,2026-05-02 09:06:08,Sucesso,291,280,0
BLD-C04-P02-011484,C04-P02,2026-05-27 18:40:25,Sucesso,222,303,1
BLD-C04-P02-011485,C04-P02,2026-05-04 16:17:02,Falha,651,443,1
BLD-C04-P02-011486,C04-P02,2026-05-13 16:45:42,Falha,42,249,12
BLD-C04-P02-011487,C04-P02,2026-05-09 13:52:35,Sucesso,364,836,0
BLD-C04-P02-011488,C04-P02,2026-05-03 08:40:32,Sucesso,273,192,0
BLD-C04-P02-011489,C04-P02,2026-05-02 21:21:41,Falha,276,315,3
BLD-C04-P02-011490,C04-P02,2026-05-25 11:22:27,Sucesso,419,354,0
BLD-C04-P02-011491,C04-P02,2026-05-03 21:56:29,Sucesso,388,670,1
BLD-C04-P02-011492,C04-P02,2026-05-01 17:49:59,Sucesso,330,559,0
BLD-C04-P02-011493,C04-P02,2026-05-21 14:22:35,Sucesso,478,365,1
BLD-C04-P02-011494,C04-P02,2026-05-24 13:21:23,Sucesso,422,273,0
BLD-C04-P02-011495,C04-P02,2026-05-31 19:44:16,Falha,422,328,8
BLD-C04-P02-011496,C04-P02,2026-05-18 20:36:18,Sucesso,210,262,0
BLD-C04-P02-011497,C04-P02,2026-05-24 20:05:28,Sucesso,137,686,0
BLD-C04-P02-011498,C04-P02,2026-05-24 07:10:40,Sucesso,671,485,0
BLD-C04-P02-011499,C04-P02,2026-05-16 14:32:53,Sucesso,327,469,0
BLD-C04-P02-011500,C04-P02,2026-05-22 12:42:07,Sucesso,607,650,0
BLD-C04-P02-011501,C04-P02,2026-05-17 15:53:59,Sucesso,688,368,0
BLD-C04-P02-011502,C04-P02,2026-05-21 11:02:42,Falha,360,205,6
BLD-C04-P02-011503,C04-P02,2026-05-27 19:22:43,Sucesso,419,312,0
BLD-C04-P02-011504,C04-P02,2026-05-02 08:05:11,Falha,637,377,11
BLD-C04-P02-011505,C04-P02,2026-05-11 15:47:34,Sucesso,226,10,0
BLD-C04-P02-011506,C04-P02,2026-05-06 08:37:58,Sucesso,332,463,0
BLD-C04-P02-011507,C04-P02,2026-05-23 17:33:52,Sucesso,38,358,0
BLD-C04-P02-011508,C04-P02,2026-05-31 13:07:22,Sucesso,488,367,0
BLD-C04-P02-011509,C04-P02,2026-05-14 07:17:39,Sucesso,481,251,0
BLD-C04-P02-011510,C04-P02,2026-05-08 07:20:51,Sucesso,105,435,0
BLD-C04-P02-011511,C04-P02,2026-05-17 07:26:32,Sucesso,170,377,0
BLD-C04-P02-011512,C04-P02,2026-05-06 08:12:04,Sucesso,228,174,0
BLD-C04-P02-011513,C04-P02,2026-05-01 16:28:02,Sucesso,174,298,0
BLD-C04-P02-011514,C04-P02,2026-05-19 09:38:07,Sucesso,292,109,0
BLD-C04-P02-011515,C04-P02,2026-06-04 08:40:44,Sucesso,467,707,0
BLD-C04-P02-011516,C04-P02,2026-06-30 21:11:38,Sucesso,331,437,0
BLD-C04-P02-011517,C04-P02,2026-06-26 12:45:24,Falha,569,187,4
BLD-C04-P02-011518,C04-P02,2026-06-19 21:20:45,Sucesso,509,129,0
BLD-C04-P02-011519,C04-P02,2026-06-03 19:44:02,Sucesso,413,305,0
BLD-C04-P02-011520,C04-P02,2026-06-22 08:17:33,Sucesso,256,426,0
BLD-C04-P02-011521,C04-P02,2026-06-26 07:59:25,Sucesso,162,184,0
BLD-C04-P02-011522,C04-P02,2026-06-12 09:21:42,Sucesso,110,570,0
BLD-C04-P02-011523,C04-P02,2026-06-06 07:18:42,Sucesso,173,597,0
BLD-C04-P02-011524,C04-P02,2026-06-13 09:17:46,Sucesso,413,383,0
BLD-C04-P02-011525,C04-P02,2026-06-02 15:08:16,Sucesso,306,660,0
BLD-C04-P02-011526,C04-P02,2026-06-17 09:49:34,Falha,199,649,9
BLD-C04-P02-011527,C04-P02,2026-06-27 14:29:36,Falha,481,602,5
BLD-C04-P02-011528,C04-P02,2026-06-28 15:23:41,Sucesso,320,247,0
BLD-C04-P02-011529,C04-P02,2026-06-17 15:47:04,Sucesso,268,305,0
BLD-C04-P02-011530,C04-P02,2026-06-21 13:32:12,Sucesso,365,574,0
BLD-C04-P02-011531,C04-P02,2026-06-22 19:38:00,Falha,272,393,1
BLD-C04-P02-011532,C04-P02,2026-06-12 13:29:35,Sucesso,20,282,0
BLD-C04-P02-011533,C04-P02,2026-06-06 21:02:53,Sucesso,227,762,0
BLD-C04-P02-011534,C04-P02,2026-06-07 14:20:43,Sucesso,134,690,0
BLD-C04-P02-011535,C04-P02,2026-06-13 19:42:42,Sucesso,463,498,0
BLD-C04-P02-011536,C04-P02,2026-06-17 08:49:06,Sucesso,151,326,0
BLD-C04-P02-011537,C04-P02,2026-06-26 09:24:13,Falha,369,559,6
BLD-C04-P02-011538,C04-P02,2026-06-29 11:58:54,Sucesso,278,328,0
BLD-C04-P02-011539,C04-P02,2026-06-09 21:21:25,Sucesso,78,321,0
BLD-C04-P02-011540,C04-P02,2026-06-10 14:09:35,Sucesso,578,455,0
BLD-C04-P02-011541,C04-P02,2026-06-29 08:11:04,Falha,290,73,8
BLD-C04-P02-011542,C04-P02,2026-06-17 15:56:15,Sucesso,56,242,0
BLD-C04-P02-011543,C04-P02,2026-06-10 10:00:45,Sucesso,203,282,0
BLD-C04-P02-011544,C04-P02,2026-06-13 15:24:25,Sucesso,559,326,0
BLD-C04-P02-011545,C04-P02,2026-06-30 15:35:27,Sucesso,128,407,0
BLD-C04-P02-011546,C04-P02,2026-06-15 17:20:38,Sucesso,20,350,0
BLD-C04-P02-011547,C04-P02,2026-06-18 21:35:17,Sucesso,173,589,0
BLD-C04-P02-011548,C04-P02,2026-06-24 09:05:24,Sucesso,329,358,0
BLD-C04-P02-011549,C04-P02,2026-06-28 21:57:46,Sucesso,153,561,0
BLD-C04-P02-011550,C04-P02,2026-06-25 12:31:21,Sucesso,82,284,0
BLD-C04-P02-011551,C04-P02,2026-06-29 20:07:00,Sucesso,286,584,0
BLD-C04-P02-011552,C04-P02,2026-06-28 16:43:47,Sucesso,128,568,0
BLD-C04-P02-011553,C04-P02,2026-06-02 17:11:27,Sucesso,371,268,0
BLD-C04-P02-011554,C04-P02,2026-06-27 10:19:54,Sucesso,194,399,0
BLD-C04-P02-011555,C04-P02,2026-06-04 19:38:16,Sucesso,99,551,0
BLD-C04-P02-011556,C04-P02,2026-06-19 10:53:34,Falha,494,450,1
BLD-C04-P02-011557,C04-P02,2026-06-04 17:57:26,Sucesso,222,85,0
BLD-C04-P02-011558,C04-P02,2026-06-10 12:54:01,Sucesso,794,499,0
BLD-C04-P02-011559,C04-P02,2026-06-08 07:33:16,Sucesso,386,556,0
BLD-C04-P02-011560,C04-P02,2026-06-13 16:24:36,Sucesso,463,421,0
BLD-C04-P02-011561,C04-P02,2026-06-21 15:52:22,Falha,143,656,9
BLD-C04-P02-011562,C04-P02,2026-06-04 18:44:45,Sucesso,332,256,0
BLD-C04-P02-011563,C04-P02,2026-06-08 14:56:27,Sucesso,346,141,0
BLD-C04-P02-011564,C04-P02,2026-06-10 21:56:21,Sucesso,283,254,0
BLD-C04-P02-011565,C04-P02,2026-06-03 21:26:12,Sucesso,419,442,0
BLD-C04-P02-011566,C04-P02,2026-06-01 16:58:54,Sucesso,286,268,0
BLD-C04-P02-011567,C04-P02,2026-06-29 07:55:54,Sucesso,537,551,0
BLD-C04-P02-011568,C04-P02,2026-06-09 21:21:07,Sucesso,357,19,0
BLD-C04-P02-011569,C04-P02,2026-06-16 13:36:55,Sucesso,299,412,0
BLD-C04-P02-011570,C04-P02,2026-06-01 14:19:56,Sucesso,484,10,0
BLD-C04-P02-011571,C04-P02,2026-06-27 16:51:20,Sucesso,226,502,0
BLD-C04-P02-011572,C04-P02,2026-06-18 15:50:42,Sucesso,496,910,0
BLD-C04-P02-011573,C04-P02,2026-06-19 15:07:44,Falha,55,10,2
BLD-C04-P02-011574,C04-P02,2026-06-02 18:51:01,Sucesso,462,349,0
BLD-C04-P02-011575,C04-P02,2026-06-01 18:30:41,Falha,258,12,4
BLD-C04-P02-011576,C04-P02,2026-06-22 17:57:26,Sucesso,264,363,0
BLD-C04-P02-011577,C04-P02,2026-06-01 09:57:56,Sucesso,581,250,0
BLD-C04-P02-011578,C04-P02,2026-06-14 13:29:48,Sucesso,172,99,0
BLD-C04-P02-011579,C04-P02,2026-06-04 15:13:35,Sucesso,215,267,0
BLD-C04-P02-011580,C04-P02,2026-06-14 09:07:55,Sucesso,671,149,0
BLD-C04-P02-011581,C04-P02,2026-06-27 20:18:29,Sucesso,397,238,0
BLD-C04-P02-011582,C04-P02,2026-07-28 16:02:43,Sucesso,382,496,0
BLD-C04-P02-011583,C04-P02,2026-07-09 11:12:14,Sucesso,439,285,5
BLD-C04-P02-011584,C04-P02,2026-07-02 18:30:45,Sucesso,407,376,0
BLD-C04-P02-011585,C04-P02,2026-07-25 11:42:21,Falha,55,117,8
BLD-C04-P02-011586,C04-P02,2026-07-02 15:19:09,Sucesso,226,699,0
BLD-C04-P02-011587,C04-P02,2026-07-30 11:30:47,Sucesso,426,100,5
BLD-C04-P02-011588,C04-P02,2026-07-18 09:36:06,Sucesso,517,337,0
BLD-C04-P02-011589,C04-P02,2026-07-04 11:51:27,Sucesso,30,274,0
BLD-C04-P02-011590,C04-P02,2026-07-03 15:30:47,Sucesso,326,512,0
BLD-C04-P02-011591,C04-P02,2026-07-29 19:00:57,Sucesso,530,418,0
BLD-C04-P02-011592,C04-P02,2026-07-10 10:26:34,Sucesso,423,589,0
BLD-C04-P02-011593,C04-P02,2026-07-07 20:27:47,Sucesso,398,647,0
BLD-C04-P02-011594,C04-P02,2026-07-06 10:46:50,Sucesso,243,623,0
BLD-C04-P02-011595,C04-P02,2026-07-11 08:30:53,Sucesso,364,10,0
BLD-C04-P02-011596,C04-P02,2026-07-03 13:46:06,Sucesso,384,222,0
BLD-C04-P02-011597,C04-P02,2026-07-14 19:25:08,Falha,186,594,7
BLD-C04-P02-011598,C04-P02,2026-07-06 14:25:52,Sucesso,342,323,0
BLD-C04-P02-011599,C04-P02,2026-07-31 16:01:45,Sucesso,311,45,0
BLD-C04-P02-011600,C04-P02,2026-07-29 21:34:57,Sucesso,346,297,0
BLD-C04-P02-011601,C04-P02,2026-07-13 07:35:24,Falha,150,743,7
BLD-C04-P02-011602,C04-P02,2026-07-25 13:25:24,Sucesso,496,573,0
BLD-C04-P02-011603,C04-P02,2026-07-06 20:58:46,Sucesso,266,650,0
BLD-C04-P02-011604,C04-P02,2026-07-25 21:49:20,Falha,345,377,7
BLD-C04-P02-011605,C04-P02,2026-07-26 20:24:35,Sucesso,709,604,0
BLD-C04-P02-011606,C04-P02,2026-07-13 15:50:03,Sucesso,350,605,0
BLD-C04-P02-011607,C04-P02,2026-07-11 20:05:41,Sucesso,371,190,0
BLD-C04-P02-011608,C04-P02,2026-07-15 18:59:50,Sucesso,403,463,0
BLD-C04-P02-011609,C04-P02,2026-07-07 10:05:12,Sucesso,146,477,0
BLD-C04-P02-011610,C04-P02,2026-07-08 07:12:30,Falha,399,465,2
BLD-C04-P02-011611,C04-P02,2026-07-08 11:04:08,Sucesso,589,657,0
BLD-C04-P02-011612,C04-P02,2026-07-05 18:25:55,Sucesso,421,378,0
BLD-C04-P02-011613,C04-P02,2026-07-16 18:38:30,Falha,90,256,3
BLD-C04-P02-011614,C04-P02,2026-07-18 13:19:11,Sucesso,159,465,0
BLD-C04-P02-011615,C04-P02,2026-07-13 07:15:09,Sucesso,323,410,0
BLD-C04-P02-011616,C04-P02,2026-07-23 13:09:39,Sucesso,310,586,1
BLD-C04-P02-011617,C04-P02,2026-07-10 13:02:10,Falha,20,275,5
BLD-C04-P02-011618,C04-P02,2026-07-02 21:40:19,Sucesso,178,10,0
BLD-C04-P02-011619,C04-P02,2026-07-07 18:09:20,Sucesso,175,444,0
BLD-C04-P02-011620,C04-P02,2026-07-14 12:38:15,Sucesso,728,494,0
BLD-C04-P02-011621,C04-P02,2026-07-03 08:33:51,Sucesso,416,601,0
BLD-C04-P02-011622,C04-P02,2026-07-17 08:31:09,Sucesso,97,290,3
BLD-C04-P02-011623,C04-P02,2026-07-27 17:34:12,Sucesso,85,731,0
BLD-C04-P02-011624,C04-P02,2026-07-18 20:49:01,Sucesso,287,225,0
BLD-C04-P02-011625,C04-P02,2026-07-02 11:50:36,Sucesso,590,452,0
BLD-C04-P02-011626,C04-P02,2026-07-02 20:30:13,Sucesso,112,707,0
BLD-C04-P02-011627,C04-P02,2026-07-01 13:22:18,Sucesso,203,352,0
BLD-C04-P02-011628,C04-P02,2026-07-22 21:52:11,Sucesso,264,497,0
BLD-C04-P02-011629,C04-P02,2026-07-08 08:04:31,Sucesso,201,226,1
BLD-C04-P02-011630,C04-P02,2026-07-05 10:44:24,Falha,318,309,25
BLD-C04-P02-011631,C04-P02,2026-07-23 21:33:34,Sucesso,600,563,0
BLD-C04-P02-011632,C04-P02,2026-07-04 17:15:53,Sucesso,191,567,0
BLD-C04-P02-011633,C04-P02,2026-07-31 12:01:21,Sucesso,490,384,0
BLD-C04-P02-011634,C04-P02,2026-07-25 07:28:54,Sucesso,486,272,0
BLD-C04-P02-011635,C04-P02,2026-07-23 17:01:13,Sucesso,285,743,0
BLD-C04-P02-011636,C04-P02,2026-07-15 19:48:51,Sucesso,394,528,0
BLD-C04-P02-011637,C04-P02,2026-07-28 16:19:05,Falha,129,366,9
BLD-C04-P02-011638,C04-P02,2026-07-22 19:04:42,Sucesso,538,347,0
BLD-C04-P02-011639,C04-P02,2026-07-17 09:48:54,Sucesso,356,500,0
BLD-C04-P02-011640,C04-P02,2026-07-24 18:11:58,Falha,241,577,5
BLD-C04-P02-011641,C04-P02,2026-07-24 16:50:18,Falha,243,544,3
BLD-C04-P02-011642,C04-P02,2026-07-09 14:19:11,Sucesso,294,348,0
BLD-C04-P02-011643,C04-P02,2026-07-16 13:15:25,Sucesso,480,349,0
BLD-C04-P02-011644,C04-P02,2026-07-10 17:08:01,Sucesso,312,325,0
BLD-C04-P02-011645,C04-P02,2026-07-19 08:18:11,Sucesso,285,300,0
BLD-C04-P02-011646,C04-P02,2026-07-03 16:20:36,Falha,89,464,1
BLD-C04-P02-011647,C04-P02,2026-07-12 13:16:09,Sucesso,106,755,0
BLD-C04-P02-011648,C04-P02,2026-07-20 16:29:06,Sucesso,217,10,0
BLD-C04-P02-011649,C04-P02,2026-07-29 07:06:12,Sucesso,437,282,0
BLD-C04-P02-011650,C04-P02,2026-07-09 10:09:41,Sucesso,276,491,0
BLD-C04-P02-011651,C04-P02,2026-07-27 20:29:46,Sucesso,388,459,0
BLD-C04-P02-011652,C04-P02,2026-07-15 12:43:57,Sucesso,296,311,0
BLD-C04-P02-011653,C04-P02,2026-07-23 18:34:03,Falha,109,87,8
BLD-C04-P02-011654,C04-P02,2026-07-20 14:49:51,Sucesso,20,555,0
BLD-C04-P02-011655,C04-P02,2026-07-13 12:21:45,Sucesso,494,10,0
BLD-C04-P02-011656,C04-P02,2026-07-26 21:44:04,Falha,233,323,2
BLD-C04-P02-011657,C04-P02,2026-07-04 21:48:40,Sucesso,52,322,0
BLD-C04-P02-011658,C04-P02,2026-07-13 13:41:58,Sucesso,573,259,0
BLD-C04-P02-011659,C04-P02,2026-07-27 11:41:49,Sucesso,181,658,0
BLD-C04-P02-011660,C04-P02,2026-07-14 17:42:34,Sucesso,20,620,0
BLD-C04-P02-011661,C04-P02,2026-07-20 21:30:39,Sucesso,347,68,0
BLD-C05-P01-011662,C05-P01,2025-06-12 10:52:50,Falha,403,160,14
BLD-C05-P01-011663,C05-P01,2025-06-19 19:28:30,Sucesso,559,382,0
BLD-C05-P01-011664,C05-P01,2025-06-13 11:16:32,Falha,422,208,10
BLD-C05-P01-011665,C05-P01,2025-06-24 09:31:23,Sucesso,461,784,0
BLD-C05-P01-011666,C05-P01,2025-06-19 19:02:51,Sucesso,20,510,0
BLD-C05-P01-011667,C05-P01,2025-06-03 12:23:39,Sucesso,290,270,0
BLD-C05-P01-011668,C05-P01,2025-06-27 21:29:25,Sucesso,165,561,0
BLD-C05-P01-011669,C05-P01,2025-06-28 08:51:06,Sucesso,458,283,0
BLD-C05-P01-011670,C05-P01,2025-06-18 21:11:06,Sucesso,567,23,0
BLD-C05-P01-011671,C05-P01,2025-06-10 15:52:58,Falha,300,10,2
BLD-C05-P01-011672,C05-P01,2025-07-06 11:47:40,Sucesso,250,370,1
BLD-C05-P01-011673,C05-P01,2025-07-22 11:56:52,Sucesso,454,191,0
BLD-C05-P01-011674,C05-P01,2025-07-19 14:17:37,Sucesso,521,336,0
BLD-C05-P01-011675,C05-P01,2025-07-16 15:13:37,Sucesso,97,446,0
BLD-C05-P01-011676,C05-P01,2025-07-24 13:22:59,Sucesso,449,190,0
BLD-C05-P01-011677,C05-P01,2025-07-28 20:01:09,Falha,487,580,1
BLD-C05-P01-011678,C05-P01,2025-07-19 10:40:57,Sucesso,453,150,0
BLD-C05-P01-011679,C05-P01,2025-07-30 13:15:54,Sucesso,363,322,0
BLD-C05-P01-011680,C05-P01,2025-07-28 14:48:37,Falha,326,379,4
BLD-C05-P01-011681,C05-P01,2025-07-07 15:21:30,Sucesso,133,347,0
BLD-C05-P01-011682,C05-P01,2025-07-05 12:33:05,Sucesso,55,484,0
BLD-C05-P01-011683,C05-P01,2025-07-15 11:18:42,Sucesso,307,665,0
BLD-C05-P01-011684,C05-P01,2025-07-05 21:48:30,Sucesso,79,345,0
BLD-C05-P01-011685,C05-P01,2025-07-27 14:12:13,Sucesso,321,812,0
BLD-C05-P01-011686,C05-P01,2025-07-28 07:04:59,Sucesso,438,199,0
BLD-C05-P01-011687,C05-P01,2025-07-22 17:03:23,Sucesso,225,100,2
BLD-C05-P01-011688,C05-P01,2025-07-17 21:26:31,Sucesso,23,264,0
BLD-C05-P01-011689,C05-P01,2025-07-16 10:15:49,Sucesso,466,571,0
BLD-C05-P01-011690,C05-P01,2025-07-10 17:38:18,Sucesso,279,521,0
BLD-C05-P01-011691,C05-P01,2025-07-22 21:08:15,Sucesso,275,630,0
BLD-C05-P01-011692,C05-P01,2025-07-03 15:36:47,Falha,381,359,7
BLD-C05-P01-011693,C05-P01,2025-07-28 09:30:26,Falha,616,462,3
BLD-C05-P01-011694,C05-P01,2025-07-05 17:39:58,Sucesso,391,673,0
BLD-C05-P01-011695,C05-P01,2025-07-28 09:04:35,Falha,414,634,7
BLD-C05-P01-011696,C05-P01,2025-07-16 13:08:38,Sucesso,161,357,0
BLD-C05-P01-011697,C05-P01,2025-07-28 18:29:14,Sucesso,546,461,0
BLD-C05-P01-011698,C05-P01,2025-07-07 16:02:39,Sucesso,367,355,0
BLD-C05-P01-011699,C05-P01,2025-07-17 07:16:16,Sucesso,232,354,0
BLD-C05-P01-011700,C05-P01,2025-07-11 11:26:44,Sucesso,411,192,0
BLD-C05-P01-011701,C05-P01,2025-08-11 12:27:53,Falha,246,603,4
BLD-C05-P01-011702,C05-P01,2025-08-11 21:05:05,Falha,20,500,5
BLD-C05-P01-011703,C05-P01,2025-08-05 19:45:25,Sucesso,272,325,0
BLD-C05-P01-011704,C05-P01,2025-08-31 17:07:42,Sucesso,369,590,0
BLD-C05-P01-011705,C05-P01,2025-08-06 13:46:43,Sucesso,205,488,0
BLD-C05-P01-011706,C05-P01,2025-08-10 17:11:08,Sucesso,463,354,0
BLD-C05-P01-011707,C05-P01,2025-08-22 11:03:19,Sucesso,126,500,0
BLD-C05-P01-011708,C05-P01,2025-09-28 10:12:36,Sucesso,371,241,0
BLD-C05-P01-011709,C05-P01,2025-09-03 08:49:58,Sucesso,575,378,0
BLD-C05-P01-011710,C05-P01,2025-09-03 12:26:21,Sucesso,240,445,0
BLD-C05-P01-011711,C05-P01,2025-09-25 12:26:03,Sucesso,526,564,0
BLD-C05-P01-011712,C05-P01,2025-09-18 20:23:09,Sucesso,614,260,0
BLD-C05-P01-011713,C05-P01,2025-09-22 18:58:27,Sucesso,481,74,0
BLD-C05-P01-011714,C05-P01,2025-09-05 17:26:59,Sucesso,480,122,1
BLD-C05-P01-011715,C05-P01,2025-09-15 07:05:42,Sucesso,318,223,0
BLD-C05-P01-011716,C05-P01,2025-09-06 16:43:12,Sucesso,215,459,0
BLD-C05-P01-011717,C05-P01,2025-09-25 07:05:25,Sucesso,319,631,0
BLD-C05-P01-011718,C05-P01,2025-09-17 19:00:31,Sucesso,253,480,0
BLD-C05-P01-011719,C05-P01,2025-09-09 20:51:08,Sucesso,190,633,1
BLD-C05-P01-011720,C05-P01,2025-09-01 20:35:46,Sucesso,233,287,3
BLD-C05-P01-011721,C05-P01,2025-09-03 13:14:11,Sucesso,47,388,0
BLD-C05-P01-011722,C05-P01,2025-09-14 08:11:38,Sucesso,407,567,0
BLD-C05-P01-011723,C05-P01,2025-09-19 11:39:09,Falha,108,294,7
BLD-C05-P01-011724,C05-P01,2025-09-21 18:12:42,Sucesso,270,364,0
BLD-C05-P01-011725,C05-P01,2025-09-02 16:13:39,Sucesso,407,543,0
BLD-C05-P01-011726,C05-P01,2025-09-28 21:03:03,Sucesso,279,10,0
BLD-C05-P01-011727,C05-P01,2025-09-10 16:58:07,Sucesso,212,389,0
BLD-C05-P01-011728,C05-P01,2025-09-07 15:24:55,Sucesso,418,374,0
BLD-C05-P01-011729,C05-P01,2025-09-18 21:40:06,Falha,375,394,10
BLD-C05-P01-011730,C05-P01,2025-09-28 19:39:57,Sucesso,199,354,0
BLD-C05-P01-011731,C05-P01,2025-09-12 16:27:24,Sucesso,368,92,0
BLD-C05-P01-011732,C05-P01,2025-09-04 20:15:51,Sucesso,48,523,1
BLD-C05-P01-011733,C05-P01,2025-09-06 14:57:58,Sucesso,81,264,0
BLD-C05-P01-011734,C05-P01,2025-09-25 19:45:42,Sucesso,326,432,1
BLD-C05-P01-011735,C05-P01,2025-09-29 17:20:03,Sucesso,332,463,0
BLD-C05-P01-011736,C05-P01,2025-09-02 16:19:29,Sucesso,166,693,0
BLD-C05-P01-011737,C05-P01,2025-09-10 15:16:11,Falha,159,245,2
BLD-C05-P01-011738,C05-P01,2025-10-07 12:57:22,Sucesso,556,481,0
BLD-C05-P01-011739,C05-P01,2025-10-16 18:53:55,Falha,338,231,3
BLD-C05-P01-011740,C05-P01,2025-10-17 20:48:32,Sucesso,294,497,0
BLD-C05-P01-011741,C05-P01,2025-10-16 14:10:18,Sucesso,239,152,0
BLD-C05-P01-011742,C05-P01,2025-10-09 12:42:06,Sucesso,405,571,1
BLD-C05-P01-011743,C05-P01,2025-10-05 16:42:55,Sucesso,207,64,0
BLD-C05-P01-011744,C05-P01,2025-10-04 10:41:00,Falha,357,690,1
BLD-C05-P01-011745,C05-P01,2025-10-04 15:49:52,Sucesso,136,249,0
BLD-C05-P01-011746,C05-P01,2025-10-05 08:21:58,Sucesso,413,609,0
BLD-C05-P01-011747,C05-P01,2025-10-09 11:24:57,Sucesso,78,582,0
BLD-C05-P01-011748,C05-P01,2025-10-14 19:49:52,Sucesso,538,477,0
BLD-C05-P01-011749,C05-P01,2025-10-03 16:38:42,Sucesso,202,495,0
BLD-C05-P01-011750,C05-P01,2025-10-04 16:49:54,Sucesso,99,456,0
BLD-C05-P01-011751,C05-P01,2025-10-03 19:27:48,Sucesso,532,366,0
BLD-C05-P01-011752,C05-P01,2025-10-17 16:42:51,Sucesso,263,542,1
BLD-C05-P01-011753,C05-P01,2025-10-28 13:53:40,Sucesso,357,313,0
BLD-C05-P01-011754,C05-P01,2025-10-16 12:16:45,Sucesso,125,528,0
BLD-C05-P01-011755,C05-P01,2025-11-15 13:57:03,Sucesso,312,253,0
BLD-C05-P01-011756,C05-P01,2025-11-02 18:45:20,Sucesso,371,395,0
BLD-C05-P01-011757,C05-P01,2025-11-07 10:40:56,Sucesso,337,211,0
BLD-C05-P01-011758,C05-P01,2025-11-29 08:03:26,Sucesso,659,326,0
BLD-C05-P01-011759,C05-P01,2025-11-02 17:06:54,Sucesso,393,168,0
BLD-C05-P01-011760,C05-P01,2025-11-30 08:16:32,Sucesso,391,413,0
BLD-C05-P01-011761,C05-P01,2025-11-04 17:16:18,Sucesso,435,871,0
BLD-C05-P01-011762,C05-P01,2025-11-16 16:50:26,Falha,356,435,6
BLD-C05-P01-011763,C05-P01,2025-11-27 08:49:30,Falha,151,407,6
BLD-C05-P01-011764,C05-P01,2025-11-14 19:22:24,Sucesso,374,555,0
BLD-C05-P01-011765,C05-P01,2025-11-07 13:51:32,Sucesso,655,266,0
BLD-C05-P01-011766,C05-P01,2025-11-15 17:58:10,Sucesso,146,233,1
BLD-C05-P01-011767,C05-P01,2025-12-29 11:25:05,Sucesso,152,750,0
BLD-C05-P01-011768,C05-P01,2025-12-03 20:08:56,Sucesso,511,678,0
BLD-C05-P01-011769,C05-P01,2025-12-22 21:59:15,Falha,462,565,8
BLD-C05-P01-011770,C05-P01,2025-12-14 21:56:51,Sucesso,288,795,0
BLD-C05-P01-011771,C05-P01,2025-12-12 09:07:54,Sucesso,359,477,0
BLD-C05-P01-011772,C05-P01,2025-12-06 19:15:36,Sucesso,197,236,0
BLD-C05-P01-011773,C05-P01,2025-12-05 10:00:07,Falha,444,448,20
BLD-C05-P01-011774,C05-P01,2025-12-20 08:21:14,Sucesso,250,256,0
BLD-C05-P01-011775,C05-P01,2025-12-01 20:47:39,Sucesso,528,395,0
BLD-C05-P01-011776,C05-P01,2025-12-28 17:20:02,Sucesso,79,154,0
BLD-C05-P01-011777,C05-P01,2025-12-05 14:32:30,Sucesso,301,455,0
BLD-C05-P01-011778,C05-P01,2025-12-23 11:58:33,Sucesso,353,142,0
BLD-C05-P01-011779,C05-P01,2025-12-25 15:04:11,Sucesso,372,414,0
BLD-C05-P01-011780,C05-P01,2025-12-11 15:52:12,Sucesso,392,378,0
BLD-C05-P01-011781,C05-P01,2025-12-03 16:28:56,Sucesso,374,759,0
BLD-C05-P01-011782,C05-P01,2025-12-06 16:37:40,Sucesso,92,468,0
BLD-C05-P01-011783,C05-P01,2025-12-24 19:42:48,Sucesso,287,311,0
BLD-C05-P01-011784,C05-P01,2025-12-04 10:13:12,Sucesso,248,10,1
BLD-C05-P01-011785,C05-P01,2025-12-22 21:44:23,Sucesso,62,696,0
BLD-C05-P01-011786,C05-P01,2025-12-25 16:12:00,Sucesso,465,486,0
BLD-C05-P01-011787,C05-P01,2025-12-09 12:03:01,Sucesso,298,253,0
BLD-C05-P01-011788,C05-P01,2025-12-29 09:13:25,Sucesso,92,440,0
BLD-C05-P01-011789,C05-P01,2025-12-18 19:26:31,Sucesso,334,325,0
BLD-C05-P01-011790,C05-P01,2025-12-21 09:35:46,Sucesso,392,598,0
BLD-C05-P01-011791,C05-P01,2026-01-24 17:41:21,Sucesso,96,248,0
BLD-C05-P01-011792,C05-P01,2026-01-11 14:28:36,Sucesso,318,586,0
BLD-C05-P01-011793,C05-P01,2026-01-16 20:27:53,Sucesso,146,259,0
BLD-C05-P01-011794,C05-P01,2026-01-30 17:55:29,Sucesso,408,514,0
BLD-C05-P01-011795,C05-P01,2026-01-18 12:49:39,Sucesso,478,329,0
BLD-C05-P01-011796,C05-P01,2026-01-14 07:19:10,Sucesso,145,441,0
BLD-C05-P01-011797,C05-P01,2026-01-30 12:35:01,Sucesso,355,399,1
BLD-C05-P01-011798,C05-P01,2026-01-22 12:19:11,Sucesso,353,497,0
BLD-C05-P01-011799,C05-P01,2026-01-01 17:59:24,Sucesso,458,271,0
BLD-C05-P01-011800,C05-P01,2026-01-09 19:30:22,Falha,175,192,9
BLD-C05-P01-011801,C05-P01,2026-01-02 11:58:42,Sucesso,138,537,0
BLD-C05-P01-011802,C05-P01,2026-01-14 07:33:55,Sucesso,223,194,0
BLD-C05-P01-011803,C05-P01,2026-01-16 20:40:20,Sucesso,473,500,0
BLD-C05-P01-011804,C05-P01,2026-01-22 17:58:41,Sucesso,184,159,0
BLD-C05-P01-011805,C05-P01,2026-01-09 19:29:21,Sucesso,377,305,0
BLD-C05-P01-011806,C05-P01,2026-02-06 14:32:23,Sucesso,294,426,0
BLD-C05-P01-011807,C05-P01,2026-02-25 16:00:56,Sucesso,586,402,0
BLD-C05-P01-011808,C05-P01,2026-02-01 21:12:54,Sucesso,419,175,0
BLD-C05-P01-011809,C05-P01,2026-02-01 20:20:43,Falha,480,750,14
BLD-C05-P01-011810,C05-P01,2026-02-07 09:05:05,Sucesso,422,292,0
BLD-C05-P01-011811,C05-P01,2026-02-06 19:56:22,Sucesso,272,79,0
BLD-C05-P01-011812,C05-P01,2026-02-14 11:44:21,Sucesso,226,204,1
BLD-C05-P01-011813,C05-P01,2026-02-23 21:03:27,Sucesso,356,387,0
BLD-C05-P01-011814,C05-P01,2026-02-06 14:55:57,Sucesso,429,10,0
BLD-C05-P01-011815,C05-P01,2026-02-20 17:35:51,Falha,102,547,1
BLD-C05-P01-011816,C05-P01,2026-02-27 11:55:17,Sucesso,401,435,0
BLD-C05-P01-011817,C05-P01,2026-02-07 12:21:09,Sucesso,533,519,0
BLD-C05-P01-011818,C05-P01,2026-02-24 07:14:12,Falha,196,210,7
BLD-C05-P01-011819,C05-P01,2026-02-27 17:43:27,Sucesso,517,840,0
BLD-C05-P01-011820,C05-P01,2026-02-08 19:34:35,Sucesso,252,343,0
BLD-C05-P01-011821,C05-P01,2026-02-28 07:00:45,Sucesso,390,440,0
BLD-C05-P01-011822,C05-P01,2026-02-12 09:58:30,Sucesso,460,396,0
BLD-C05-P01-011823,C05-P01,2026-02-05 16:15:52,Falha,20,238,3
BLD-C05-P01-011824,C05-P01,2026-02-15 12:00:01,Sucesso,211,181,0
BLD-C05-P01-011825,C05-P01,2026-02-15 19:43:09,Sucesso,603,797,0
BLD-C05-P01-011826,C05-P01,2026-02-02 18:40:41,Sucesso,481,247,0
BLD-C05-P01-011827,C05-P01,2026-02-20 14:08:38,Falha,117,514,2
BLD-C05-P01-011828,C05-P01,2026-02-28 20:28:36,Sucesso,165,530,0
BLD-C05-P01-011829,C05-P01,2026-02-01 19:43:37,Sucesso,762,10,0
BLD-C05-P01-011830,C05-P01,2026-02-21 08:45:21,Sucesso,289,458,0
BLD-C05-P01-011831,C05-P01,2026-03-31 14:56:37,Sucesso,52,235,0
BLD-C05-P01-011832,C05-P01,2026-03-10 19:40:52,Sucesso,310,158,0
BLD-C05-P01-011833,C05-P01,2026-03-28 07:04:32,Falha,466,292,7
BLD-C05-P01-011834,C05-P01,2026-03-23 17:07:55,Falha,467,247,15
BLD-C05-P01-011835,C05-P01,2026-03-10 14:21:53,Sucesso,236,756,0
BLD-C05-P01-011836,C05-P01,2026-03-24 07:25:09,Sucesso,309,267,2
BLD-C05-P01-011837,C05-P01,2026-03-26 07:36:01,Sucesso,180,448,0
BLD-C05-P01-011838,C05-P01,2026-03-04 08:14:33,Sucesso,275,656,0
BLD-C05-P01-011839,C05-P01,2026-03-14 18:22:35,Sucesso,682,140,0
BLD-C05-P01-011840,C05-P01,2026-03-01 13:23:51,Sucesso,118,520,0
BLD-C05-P01-011841,C05-P01,2026-03-15 11:43:24,Sucesso,75,360,0
BLD-C05-P01-011842,C05-P01,2026-03-10 10:48:42,Sucesso,457,613,0
BLD-C05-P01-011843,C05-P01,2026-04-23 20:08:14,Sucesso,110,96,0
BLD-C05-P01-011844,C05-P01,2026-04-16 21:30:03,Sucesso,194,232,0
BLD-C05-P01-011845,C05-P01,2026-04-23 13:50:22,Falha,466,646,8
BLD-C05-P01-011846,C05-P01,2026-04-18 12:21:00,Sucesso,387,305,0
BLD-C05-P01-011847,C05-P01,2026-04-22 10:03:28,Sucesso,142,522,0
BLD-C05-P01-011848,C05-P01,2026-04-22 19:58:40,Sucesso,425,307,0
BLD-C05-P01-011849,C05-P01,2026-04-18 09:24:40,Sucesso,291,435,0
BLD-C05-P01-011850,C05-P01,2026-04-13 16:50:16,Falha,20,209,1
BLD-C05-P01-011851,C05-P01,2026-04-03 07:51:19,Sucesso,413,179,0
BLD-C05-P01-011852,C05-P01,2026-05-18 21:34:49,Sucesso,151,315,0
BLD-C05-P01-011853,C05-P01,2026-05-04 08:03:02,Sucesso,227,402,0
BLD-C05-P01-011854,C05-P01,2026-05-01 11:19:34,Sucesso,360,423,4
BLD-C05-P01-011855,C05-P01,2026-05-30 11:23:54,Sucesso,315,415,0
BLD-C05-P01-011856,C05-P01,2026-05-27 10:15:24,Sucesso,71,424,0
BLD-C05-P01-011857,C05-P01,2026-05-24 16:32:29,Sucesso,454,906,0
BLD-C05-P01-011858,C05-P01,2026-05-24 16:34:07,Sucesso,304,497,0
BLD-C05-P01-011859,C05-P01,2026-05-15 15:47:07,Sucesso,20,621,0
BLD-C05-P01-011860,C05-P01,2026-05-10 07:26:00,Sucesso,215,301,0
BLD-C05-P01-011861,C05-P01,2026-05-02 18:01:51,Sucesso,233,419,0
BLD-C05-P01-011862,C05-P01,2026-05-13 11:51:58,Sucesso,383,10,0
BLD-C05-P01-011863,C05-P01,2026-05-14 19:24:29,Sucesso,20,476,0
BLD-C05-P01-011864,C05-P01,2026-05-22 13:42:54,Sucesso,207,21,0
BLD-C05-P01-011865,C05-P01,2026-05-21 11:10:51,Sucesso,212,312,0
BLD-C05-P01-011866,C05-P01,2026-05-18 12:10:01,Sucesso,366,403,0
BLD-C05-P01-011867,C05-P01,2026-05-09 17:10:14,Sucesso,454,10,0
BLD-C05-P01-011868,C05-P01,2026-05-06 11:19:20,Sucesso,346,449,0
BLD-C05-P01-011869,C05-P01,2026-05-15 18:15:16,Sucesso,386,328,0
BLD-C05-P01-011870,C05-P01,2026-05-10 09:03:38,Sucesso,396,464,0
BLD-C05-P01-011871,C05-P01,2026-05-09 15:51:39,Falha,544,240,5
BLD-C05-P01-011872,C05-P01,2026-05-05 08:24:12,Sucesso,427,529,0
BLD-C05-P01-011873,C05-P01,2026-05-20 17:15:29,Sucesso,130,481,0
BLD-C05-P01-011874,C05-P01,2026-05-08 13:51:34,Falha,412,272,1
BLD-C05-P01-011875,C05-P01,2026-05-20 08:45:31,Falha,208,609,5
BLD-C05-P01-011876,C05-P01,2026-05-07 13:26:08,Sucesso,160,262,0
BLD-C05-P01-011877,C05-P01,2026-05-16 09:55:08,Sucesso,232,210,0
BLD-C05-P01-011878,C05-P01,2026-05-08 17:30:41,Sucesso,197,427,0
BLD-C05-P01-011879,C05-P01,2026-05-14 20:37:14,Falha,112,652,7
BLD-C05-P01-011880,C05-P01,2026-05-20 18:27:38,Falha,172,392,3
BLD-C05-P01-011881,C05-P01,2026-06-07 10:37:04,Sucesso,214,275,0
BLD-C05-P01-011882,C05-P01,2026-06-23 12:59:44,Sucesso,228,828,0
BLD-C05-P01-011883,C05-P01,2026-06-14 16:58:13,Sucesso,209,308,0
BLD-C05-P01-011884,C05-P01,2026-06-03 10:05:59,Falha,452,269,1
BLD-C05-P01-011885,C05-P01,2026-06-09 11:37:49,Sucesso,115,610,0
BLD-C05-P01-011886,C05-P01,2026-06-26 16:23:28,Sucesso,254,467,1
BLD-C05-P01-011887,C05-P01,2026-06-09 12:11:30,Sucesso,20,338,0
BLD-C05-P01-011888,C05-P01,2026-06-04 17:58:54,Sucesso,172,490,0
BLD-C05-P01-011889,C05-P01,2026-06-19 09:56:07,Sucesso,355,376,0
BLD-C05-P01-011890,C05-P01,2026-06-02 14:52:13,Sucesso,242,129,0
BLD-C05-P01-011891,C05-P01,2026-06-14 13:13:32,Sucesso,389,307,3
BLD-C05-P01-011892,C05-P01,2026-06-29 13:58:15,Sucesso,281,258,0
BLD-C05-P01-011893,C05-P01,2026-06-01 20:02:39,Sucesso,139,368,0
BLD-C05-P01-011894,C05-P01,2026-06-30 21:52:28,Sucesso,345,531,0
BLD-C05-P01-011895,C05-P01,2026-07-22 16:34:30,Falha,353,336,1
BLD-C05-P01-011896,C05-P01,2026-07-27 21:25:47,Sucesso,219,10,0
BLD-C05-P01-011897,C05-P01,2026-07-30 12:55:01,Sucesso,484,233,0
BLD-C05-P01-011898,C05-P01,2026-07-05 11:38:41,Sucesso,435,626,0
BLD-C05-P01-011899,C05-P01,2026-07-11 16:20:00,Sucesso,464,775,0
BLD-C05-P01-011900,C05-P01,2026-07-13 11:11:28,Sucesso,191,192,0
BLD-C05-P01-011901,C05-P01,2026-07-10 11:47:54,Sucesso,20,525,1
BLD-C05-P01-011902,C05-P01,2026-07-03 09:02:12,Sucesso,343,528,0
BLD-C05-P01-011903,C05-P01,2026-07-01 13:24:58,Sucesso,334,308,0
BLD-C05-P01-011904,C05-P01,2026-07-18 16:14:20,Sucesso,166,275,0
BLD-C05-P01-011905,C05-P01,2026-07-24 08:58:16,Sucesso,20,402,0
BLD-C05-P01-011906,C05-P01,2026-07-24 07:25:19,Sucesso,269,499,0
BLD-C05-P01-011907,C05-P01,2026-07-01 07:59:45,Sucesso,462,331,0
BLD-C05-P01-011908,C05-P01,2026-07-26 13:10:39,Sucesso,429,530,0
BLD-C05-P01-011909,C05-P01,2026-07-11 19:20:30,Sucesso,481,374,0
BLD-C05-P01-011910,C05-P01,2026-07-21 12:04:34,Falha,586,246,15
BLD-C05-P01-011911,C05-P01,2026-07-27 09:22:27,Sucesso,399,385,0
BLD-C05-P02-011912,C05-P02,2026-04-17 11:51:09,Sucesso,640,344,0
BLD-C05-P02-011913,C05-P02,2026-04-11 19:29:01,Falha,267,626,9
BLD-C05-P02-011914,C05-P02,2026-04-13 10:31:51,Sucesso,214,529,0
BLD-C05-P02-011915,C05-P02,2026-04-15 13:39:01,Sucesso,370,610,0
BLD-C05-P02-011916,C05-P02,2026-04-22 20:20:04,Sucesso,274,292,0
BLD-C05-P02-011917,C05-P02,2026-04-10 07:07:22,Sucesso,249,253,0
BLD-C05-P02-011918,C05-P02,2026-04-11 14:49:10,Sucesso,364,556,0
BLD-C05-P02-011919,C05-P02,2026-04-23 11:04:14,Sucesso,422,362,0
BLD-C05-P02-011920,C05-P02,2026-04-03 15:31:41,Sucesso,20,15,1
BLD-C05-P02-011921,C05-P02,2026-04-09 09:06:47,Sucesso,458,474,0
BLD-C05-P02-011922,C05-P02,2026-04-20 10:18:16,Sucesso,701,626,0
BLD-C05-P02-011923,C05-P02,2026-04-17 19:06:47,Sucesso,308,516,0
BLD-C05-P02-011924,C05-P02,2026-04-05 11:43:29,Sucesso,94,729,0
BLD-C05-P02-011925,C05-P02,2026-04-12 16:09:58,Sucesso,67,689,0
BLD-C05-P02-011926,C05-P02,2026-04-12 10:14:20,Sucesso,666,550,0
BLD-C05-P02-011927,C05-P02,2026-04-01 19:00:04,Sucesso,184,536,0
BLD-C05-P02-011928,C05-P02,2026-04-21 21:25:00,Sucesso,186,606,0
BLD-C05-P02-011929,C05-P02,2026-04-03 20:56:51,Sucesso,90,564,0
BLD-C05-P02-011930,C05-P02,2026-04-27 09:18:04,Sucesso,486,443,0
BLD-C05-P02-011931,C05-P02,2026-04-21 17:20:37,Sucesso,82,716,1
BLD-C05-P02-011932,C05-P02,2026-04-02 08:35:07,Sucesso,406,306,0
BLD-C05-P02-011933,C05-P02,2026-04-11 07:53:44,Sucesso,401,10,0
BLD-C05-P02-011934,C05-P02,2026-04-14 19:40:47,Sucesso,517,691,0
BLD-C05-P02-011935,C05-P02,2026-04-02 18:43:29,Sucesso,238,794,0
BLD-C05-P02-011936,C05-P02,2026-04-13 10:05:12,Falha,346,10,3
BLD-C05-P02-011937,C05-P02,2026-04-06 07:31:43,Sucesso,137,322,0
BLD-C05-P02-011938,C05-P02,2026-06-29 18:56:26,Sucesso,304,231,0
BLD-C05-P02-011939,C05-P02,2026-06-18 16:51:35,Sucesso,713,344,0
BLD-C05-P02-011940,C05-P02,2026-06-26 10:05:48,Falha,292,422,1
BLD-C05-P02-011941,C05-P02,2026-06-04 18:27:30,Sucesso,179,274,1
BLD-C05-P02-011942,C05-P02,2026-06-10 18:29:18,Sucesso,283,285,0
BLD-C05-P02-011943,C05-P02,2026-06-19 13:49:57,Sucesso,214,215,0
BLD-C05-P02-011944,C05-P02,2026-06-14 15:18:28,Sucesso,248,698,0
BLD-C05-P02-011945,C05-P02,2026-06-28 10:16:00,Sucesso,200,533,0
BLD-C05-P02-011946,C05-P02,2026-06-11 19:03:54,Sucesso,290,633,0
BLD-C05-P02-011947,C05-P02,2026-06-15 19:28:31,Sucesso,147,621,0
BLD-C05-P02-011948,C05-P02,2026-06-23 12:07:53,Sucesso,159,206,0
BLD-C05-P02-011949,C05-P02,2026-06-30 13:05:14,Sucesso,515,249,0
BLD-C05-P02-011950,C05-P02,2026-06-30 10:20:31,Sucesso,298,266,0
BLD-C05-P02-011951,C05-P02,2026-06-10 20:01:16,Sucesso,495,814,0
BLD-C05-P02-011952,C05-P02,2026-06-19 18:50:24,Sucesso,231,275,0
BLD-C05-P02-011953,C05-P02,2026-06-07 18:58:40,Sucesso,483,679,0
BLD-C05-P02-011954,C05-P02,2026-06-11 17:01:06,Sucesso,381,401,1
BLD-C05-P02-011955,C05-P02,2026-06-20 21:10:19,Sucesso,255,124,0
BLD-C05-P02-011956,C05-P02,2026-06-12 21:56:54,Sucesso,590,730,0
BLD-C05-P02-011957,C05-P02,2026-06-16 19:20:42,Sucesso,319,568,0
BLD-C05-P02-011958,C05-P02,2026-06-29 13:52:49,Sucesso,86,609,0
BLD-C05-P02-011959,C05-P02,2026-06-16 14:03:20,Sucesso,310,209,0
BLD-C05-P02-011960,C05-P02,2026-06-25 08:03:25,Sucesso,495,205,0
BLD-C05-P02-011961,C05-P02,2026-06-09 07:47:01,Sucesso,290,551,0
BLD-C05-P02-011962,C05-P02,2026-06-11 14:17:05,Sucesso,267,412,0
BLD-C05-P02-011963,C05-P02,2026-06-02 07:20:12,Sucesso,166,80,0
BLD-C05-P02-011964,C05-P02,2026-06-24 07:34:26,Sucesso,20,223,0
BLD-C05-P02-011965,C05-P02,2026-06-09 07:54:34,Sucesso,330,621,0
BLD-C05-P02-011966,C05-P02,2026-06-07 20:17:21,Sucesso,366,172,0
BLD-C05-P02-011967,C05-P02,2026-06-06 21:52:39,Sucesso,110,573,0
BLD-C05-P02-011968,C05-P02,2026-06-29 14:59:16,Sucesso,363,569,0
BLD-C05-P02-011969,C05-P02,2026-06-28 08:05:56,Falha,263,169,3
BLD-C05-P02-011970,C05-P02,2026-06-21 19:36:25,Sucesso,282,654,0
BLD-C05-P02-011971,C05-P02,2026-06-04 15:57:02,Sucesso,330,456,0
BLD-C05-P02-011972,C05-P02,2026-06-15 14:23:53,Falha,197,646,8
BLD-C05-P02-011973,C05-P02,2026-06-13 07:08:57,Sucesso,271,557,0
BLD-C05-P02-011974,C05-P02,2026-06-14 08:53:30,Sucesso,20,250,0
BLD-C05-P02-011975,C05-P02,2026-06-27 19:04:42,Sucesso,132,624,0
BLD-C05-P02-011976,C05-P02,2026-07-21 20:10:39,Sucesso,482,245,0
BLD-C05-P02-011977,C05-P02,2026-07-26 15:00:59,Sucesso,289,593,0
BLD-C05-P02-011978,C05-P02,2026-07-09 15:42:04,Falha,627,510,5
BLD-C05-P02-011979,C05-P02,2026-07-14 19:36:41,Sucesso,457,516,0
BLD-C05-P02-011980,C05-P02,2026-07-14 07:16:03,Sucesso,358,541,0
BLD-C05-P02-011981,C05-P02,2026-07-09 21:39:53,Sucesso,265,301,0
BLD-C05-P02-011982,C05-P02,2026-07-12 07:01:41,Sucesso,250,505,0
BLD-C05-P02-011983,C05-P02,2026-07-27 21:47:12,Sucesso,211,352,0
BLD-C05-P02-011984,C05-P02,2026-07-30 11:09:05,Sucesso,444,672,0
BLD-C05-P02-011985,C05-P02,2026-07-16 19:31:06,Falha,208,294,11
BLD-C05-P02-011986,C05-P02,2026-07-16 15:26:22,Sucesso,409,541,0
BLD-C05-P02-011987,C05-P02,2026-07-27 17:55:40,Sucesso,525,294,0
BLD-C05-P02-011988,C05-P02,2026-07-09 19:35:21,Sucesso,273,608,0
BLD-C05-P02-011989,C05-P02,2026-07-12 13:27:16,Sucesso,99,418,0
BLD-C05-P02-011990,C05-P02,2026-07-03 18:11:15,Sucesso,392,439,0
BLD-C05-P02-011991,C05-P02,2026-07-07 08:19:05,Falha,303,344,7
BLD-C05-P02-011992,C05-P02,2026-07-10 19:10:15,Sucesso,61,383,0
BLD-C05-P02-011993,C05-P02,2026-07-08 10:29:35,Sucesso,415,756,0
BLD-C05-P02-011994,C05-P02,2026-07-16 21:02:17,Sucesso,220,545,0
BLD-C05-P02-011995,C05-P02,2026-07-12 12:33:47,Sucesso,425,361,0
BLD-C05-P02-011996,C05-P02,2026-07-14 12:48:07,Sucesso,467,502,0
BLD-C05-P02-011997,C05-P02,2026-07-26 11:34:28,Sucesso,264,620,0
BLD-C05-P02-011998,C05-P02,2026-07-27 16:53:06,Falha,534,286,3
BLD-C05-P02-011999,C05-P02,2026-07-20 11:20:30,Sucesso,49,405,0
BLD-C05-P03-012000,C05-P03,2025-06-22 17:55:03,Sucesso,406,662,0
BLD-C05-P03-012001,C05-P03,2025-06-15 10:11:42,Sucesso,432,275,0
BLD-C05-P03-012002,C05-P03,2025-06-28 18:28:44,Sucesso,305,235,0
BLD-C05-P03-012003,C05-P03,2025-06-11 07:57:06,Falha,288,597,11
BLD-C05-P03-012004,C05-P03,2025-06-25 09:48:19,Sucesso,39,267,0
BLD-C05-P03-012005,C05-P03,2025-06-01 12:07:51,Sucesso,95,199,0
BLD-C05-P03-012006,C05-P03,2025-06-21 12:49:34,Falha,316,494,2
BLD-C05-P03-012007,C05-P03,2025-06-14 16:26:06,Sucesso,409,380,0
BLD-C05-P03-012008,C05-P03,2025-06-20 17:17:40,Sucesso,333,509,0
BLD-C05-P03-012009,C05-P03,2025-06-01 14:39:11,Sucesso,431,579,0
BLD-C05-P03-012010,C05-P03,2025-06-24 13:24:42,Sucesso,84,489,0
BLD-C05-P03-012011,C05-P03,2025-06-27 16:07:02,Sucesso,320,239,0
BLD-C05-P03-012012,C05-P03,2025-06-05 19:14:41,Sucesso,372,461,0
BLD-C05-P03-012013,C05-P03,2025-06-29 17:09:38,Sucesso,392,10,0
BLD-C05-P03-012014,C05-P03,2025-06-01 13:14:59,Sucesso,628,656,0
BLD-C05-P03-012015,C05-P03,2025-06-14 11:44:46,Sucesso,305,670,0
BLD-C05-P03-012016,C05-P03,2025-07-30 13:26:46,Sucesso,332,380,0
BLD-C05-P03-012017,C05-P03,2025-07-24 09:28:45,Falha,407,530,1
BLD-C05-P03-012018,C05-P03,2025-07-17 20:16:45,Sucesso,430,374,0
BLD-C05-P03-012019,C05-P03,2025-07-19 19:21:25,Sucesso,496,354,0
BLD-C05-P03-012020,C05-P03,2025-07-02 18:37:17,Sucesso,230,421,0
BLD-C05-P03-012021,C05-P03,2025-07-21 11:17:30,Sucesso,79,218,0
BLD-C05-P03-012022,C05-P03,2025-07-10 13:58:40,Falha,428,377,4
BLD-C05-P03-012023,C05-P03,2025-07-27 17:54:29,Sucesso,267,530,0
BLD-C05-P03-012024,C05-P03,2025-07-01 09:18:46,Sucesso,333,381,0
BLD-C05-P03-012025,C05-P03,2025-07-23 09:57:37,Sucesso,486,393,0
BLD-C05-P03-012026,C05-P03,2025-07-11 07:51:14,Sucesso,248,523,0
BLD-C05-P03-012027,C05-P03,2025-07-23 14:08:32,Sucesso,177,10,0
BLD-C05-P03-012028,C05-P03,2025-07-22 14:16:20,Falha,20,429,3
BLD-C05-P03-012029,C05-P03,2025-08-17 14:23:23,Sucesso,134,265,0
BLD-C05-P03-012030,C05-P03,2025-08-28 10:41:40,Sucesso,184,795,0
BLD-C05-P03-012031,C05-P03,2025-08-03 11:42:51,Sucesso,312,477,0
BLD-C05-P03-012032,C05-P03,2025-08-25 09:36:33,Sucesso,477,304,0
BLD-C05-P03-012033,C05-P03,2025-08-04 10:38:07,Sucesso,319,197,2
BLD-C05-P03-012034,C05-P03,2025-08-06 16:31:37,Falha,188,520,15
BLD-C05-P03-012035,C05-P03,2025-08-03 10:06:32,Falha,512,140,3
BLD-C05-P03-012036,C05-P03,2025-08-07 11:29:55,Sucesso,180,358,0
BLD-C05-P03-012037,C05-P03,2025-08-20 19:10:45,Sucesso,418,779,0
BLD-C05-P03-012038,C05-P03,2025-08-06 08:01:09,Sucesso,164,347,0
BLD-C05-P03-012039,C05-P03,2025-08-14 11:56:52,Sucesso,155,367,0
BLD-C05-P03-012040,C05-P03,2025-08-21 10:00:18,Falha,288,405,2
BLD-C05-P03-012041,C05-P03,2025-08-18 16:56:42,Sucesso,228,309,0
BLD-C05-P03-012042,C05-P03,2025-08-02 18:30:00,Sucesso,331,525,0
BLD-C05-P03-012043,C05-P03,2025-08-22 14:44:16,Falha,477,148,1
BLD-C05-P03-012044,C05-P03,2025-08-02 10:23:14,Sucesso,445,232,0
BLD-C05-P03-012045,C05-P03,2025-08-21 18:05:03,Sucesso,20,351,0
BLD-C05-P03-012046,C05-P03,2025-08-17 15:33:05,Sucesso,266,365,0
BLD-C05-P03-012047,C05-P03,2025-08-12 12:20:57,Sucesso,371,577,0
BLD-C05-P03-012048,C05-P03,2025-08-23 09:08:02,Sucesso,516,10,0
BLD-C05-P03-012049,C05-P03,2025-08-26 19:17:08,Sucesso,201,272,0
BLD-C05-P03-012050,C05-P03,2025-08-16 14:18:54,Sucesso,374,10,0
BLD-C05-P03-012051,C05-P03,2025-09-19 20:36:59,Sucesso,143,453,0
BLD-C05-P03-012052,C05-P03,2025-09-09 09:36:47,Sucesso,167,585,0
BLD-C05-P03-012053,C05-P03,2025-09-23 16:47:01,Falha,384,308,5
BLD-C05-P03-012054,C05-P03,2025-09-08 07:59:53,Sucesso,191,391,0
BLD-C05-P03-012055,C05-P03,2025-09-05 07:36:58,Sucesso,314,513,0
BLD-C05-P03-012056,C05-P03,2025-09-12 16:51:24,Falha,360,470,1
BLD-C05-P03-012057,C05-P03,2025-09-07 19:50:27,Falha,136,284,10
BLD-C05-P03-012058,C05-P03,2025-09-27 17:22:48,Sucesso,221,480,0
BLD-C05-P03-012059,C05-P03,2025-09-26 21:39:15,Falha,498,372,1
BLD-C05-P03-012060,C05-P03,2025-10-11 11:57:25,Sucesso,427,41,0
BLD-C05-P03-012061,C05-P03,2025-10-31 20:56:54,Falha,470,247,9
BLD-C05-P03-012062,C05-P03,2025-10-26 08:15:18,Sucesso,252,35,0
BLD-C05-P03-012063,C05-P03,2025-10-11 08:56:34,Sucesso,311,310,0
BLD-C05-P03-012064,C05-P03,2025-10-09 17:08:28,Sucesso,285,307,0
BLD-C05-P03-012065,C05-P03,2025-10-03 12:45:43,Sucesso,315,180,0
BLD-C05-P03-012066,C05-P03,2025-10-19 17:33:26,Sucesso,525,373,0
BLD-C05-P03-012067,C05-P03,2025-10-28 17:11:14,Sucesso,330,262,0
BLD-C05-P03-012068,C05-P03,2025-10-24 14:43:23,Sucesso,50,71,0
BLD-C05-P03-012069,C05-P03,2025-10-28 14:48:29,Sucesso,444,446,0
BLD-C05-P03-012070,C05-P03,2025-10-11 20:11:50,Falha,288,224,6
BLD-C05-P03-012071,C05-P03,2025-10-16 07:51:50,Sucesso,75,528,0
BLD-C05-P03-012072,C05-P03,2025-10-09 11:34:35,Sucesso,166,546,0
BLD-C05-P03-012073,C05-P03,2025-10-03 19:08:51,Sucesso,234,308,0
BLD-C05-P03-012074,C05-P03,2025-10-31 14:08:51,Sucesso,148,730,0
BLD-C05-P03-012075,C05-P03,2025-10-06 15:56:49,Sucesso,493,528,0
BLD-C05-P03-012076,C05-P03,2025-10-14 08:45:24,Sucesso,289,128,0
BLD-C05-P03-012077,C05-P03,2025-10-03 13:22:50,Sucesso,313,480,0
BLD-C05-P03-012078,C05-P03,2025-10-17 16:36:33,Sucesso,355,481,0
BLD-C05-P03-012079,C05-P03,2025-10-14 21:48:18,Sucesso,78,318,0
BLD-C05-P03-012080,C05-P03,2025-10-30 11:25:00,Sucesso,167,364,0
BLD-C05-P03-012081,C05-P03,2025-10-31 16:17:13,Falha,410,264,4
BLD-C05-P03-012082,C05-P03,2025-10-09 11:44:56,Sucesso,409,19,0
BLD-C05-P03-012083,C05-P03,2025-10-07 14:08:22,Sucesso,294,469,0
BLD-C05-P03-012084,C05-P03,2025-10-09 20:48:15,Sucesso,249,531,0
BLD-C05-P03-012085,C05-P03,2025-10-29 21:22:05,Sucesso,458,336,0
BLD-C05-P03-012086,C05-P03,2025-10-01 15:38:58,Sucesso,103,500,0
BLD-C05-P03-012087,C05-P03,2025-10-20 18:59:23,Sucesso,486,412,0
BLD-C05-P03-012088,C05-P03,2025-10-14 18:28:56,Sucesso,315,376,0
BLD-C05-P03-012089,C05-P03,2025-10-07 10:46:59,Falha,491,238,11
BLD-C05-P03-012090,C05-P03,2025-11-26 18:22:26,Sucesso,216,371,0
BLD-C05-P03-012091,C05-P03,2025-11-25 15:02:31,Sucesso,352,308,0
BLD-C05-P03-012092,C05-P03,2025-11-20 17:39:20,Sucesso,271,806,0
BLD-C05-P03-012093,C05-P03,2025-11-19 19:41:54,Sucesso,322,472,0
BLD-C05-P03-012094,C05-P03,2025-11-04 13:56:12,Sucesso,128,576,0
BLD-C05-P03-012095,C05-P03,2025-11-23 21:45:05,Sucesso,358,45,1
BLD-C05-P03-012096,C05-P03,2025-11-17 09:09:36,Sucesso,368,211,0
BLD-C05-P03-012097,C05-P03,2025-11-05 09:58:35,Falha,161,791,8
BLD-C05-P03-012098,C05-P03,2025-11-16 07:44:01,Sucesso,253,109,0
BLD-C05-P03-012099,C05-P03,2025-11-19 19:16:33,Falha,72,422,3
BLD-C05-P03-012100,C05-P03,2025-11-18 16:48:57,Sucesso,261,422,0
BLD-C05-P03-012101,C05-P03,2025-11-10 16:07:56,Sucesso,173,208,0
BLD-C05-P03-012102,C05-P03,2025-11-17 12:28:43,Falha,75,612,1
BLD-C05-P03-012103,C05-P03,2025-11-25 07:44:39,Falha,651,421,20
BLD-C05-P03-012104,C05-P03,2025-12-15 13:39:51,Falha,199,521,8
BLD-C05-P03-012105,C05-P03,2025-12-21 07:56:27,Sucesso,450,395,0
BLD-C05-P03-012106,C05-P03,2025-12-23 08:08:04,Sucesso,533,83,0
BLD-C05-P03-012107,C05-P03,2025-12-23 07:18:25,Sucesso,97,582,0
BLD-C05-P03-012108,C05-P03,2025-12-08 21:05:27,Sucesso,82,511,0
BLD-C05-P03-012109,C05-P03,2025-12-15 16:18:23,Sucesso,648,373,0
BLD-C05-P03-012110,C05-P03,2025-12-26 15:58:34,Sucesso,232,596,0
BLD-C05-P03-012111,C05-P03,2025-12-05 16:09:40,Sucesso,194,356,0
BLD-C05-P03-012112,C05-P03,2025-12-19 18:42:23,Sucesso,350,396,0
BLD-C05-P03-012113,C05-P03,2025-12-11 11:59:07,Sucesso,176,609,0
BLD-C05-P03-012114,C05-P03,2025-12-20 10:02:29,Sucesso,396,420,0
BLD-C05-P03-012115,C05-P03,2025-12-29 16:49:35,Sucesso,322,187,0
BLD-C05-P03-012116,C05-P03,2025-12-03 13:20:06,Sucesso,421,265,0
BLD-C05-P03-012117,C05-P03,2025-12-23 11:58:57,Sucesso,376,136,0
BLD-C05-P03-012118,C05-P03,2025-12-27 21:30:54,Sucesso,455,282,0
BLD-C05-P03-012119,C05-P03,2025-12-27 11:25:23,Sucesso,511,353,0
BLD-C05-P03-012120,C05-P03,2025-12-03 13:21:34,Sucesso,235,429,0
BLD-C05-P03-012121,C05-P03,2025-12-27 07:48:16,Sucesso,478,233,0
BLD-C05-P03-012122,C05-P03,2025-12-23 12:17:34,Sucesso,529,774,0
BLD-C05-P03-012123,C05-P03,2025-12-12 12:30:32,Sucesso,211,235,0
BLD-C05-P03-012124,C05-P03,2025-12-18 17:51:39,Falha,341,441,2
BLD-C05-P03-012125,C05-P03,2025-12-19 10:37:04,Sucesso,203,449,0
BLD-C05-P03-012126,C05-P03,2026-01-04 19:48:23,Sucesso,580,109,1
BLD-C05-P03-012127,C05-P03,2026-01-03 15:29:25,Sucesso,106,708,0
BLD-C05-P03-012128,C05-P03,2026-01-07 08:45:31,Sucesso,599,832,0
BLD-C05-P03-012129,C05-P03,2026-01-01 11:20:20,Sucesso,259,813,0
BLD-C05-P03-012130,C05-P03,2026-01-18 20:31:59,Falha,150,524,18
BLD-C05-P03-012131,C05-P03,2026-01-29 12:55:19,Falha,486,445,1
BLD-C05-P03-012132,C05-P03,2026-01-20 08:31:12,Falha,66,553,5
BLD-C05-P03-012133,C05-P03,2026-01-09 12:22:13,Sucesso,232,232,0
BLD-C05-P03-012134,C05-P03,2026-01-16 20:43:22,Sucesso,210,133,0
BLD-C05-P03-012135,C05-P03,2026-01-24 07:53:54,Falha,399,441,5
BLD-C05-P03-012136,C05-P03,2026-01-08 15:09:08,Sucesso,359,484,0
BLD-C05-P03-012137,C05-P03,2026-01-03 10:14:34,Sucesso,221,26,0
BLD-C05-P03-012138,C05-P03,2026-01-17 17:08:05,Sucesso,163,645,0
BLD-C05-P03-012139,C05-P03,2026-01-26 18:56:32,Sucesso,396,168,0
BLD-C05-P03-012140,C05-P03,2026-01-20 11:23:33,Sucesso,452,635,0
BLD-C05-P03-012141,C05-P03,2026-01-11 08:26:31,Sucesso,199,142,0
BLD-C05-P03-012142,C05-P03,2026-01-15 07:57:16,Sucesso,525,422,0
BLD-C05-P03-012143,C05-P03,2026-01-16 10:31:52,Sucesso,310,187,0
BLD-C05-P03-012144,C05-P03,2026-01-02 15:35:13,Falha,163,516,6
BLD-C05-P03-012145,C05-P03,2026-01-06 14:27:16,Sucesso,312,651,1
BLD-C05-P03-012146,C05-P03,2026-01-21 16:37:46,Sucesso,216,615,0
BLD-C05-P03-012147,C05-P03,2026-01-13 11:56:27,Sucesso,402,757,0
BLD-C05-P03-012148,C05-P03,2026-01-21 14:17:45,Sucesso,87,411,0
BLD-C05-P03-012149,C05-P03,2026-01-30 21:33:32,Sucesso,297,203,0
BLD-C05-P03-012150,C05-P03,2026-01-12 15:04:21,Sucesso,424,248,0
BLD-C05-P03-012151,C05-P03,2026-01-30 09:29:29,Sucesso,406,713,0
BLD-C05-P03-012152,C05-P03,2026-01-14 08:29:09,Sucesso,445,205,0
BLD-C05-P03-012153,C05-P03,2026-01-09 18:15:41,Sucesso,596,523,0
BLD-C05-P03-012154,C05-P03,2026-02-23 14:26:23,Sucesso,318,398,0
BLD-C05-P03-012155,C05-P03,2026-02-03 09:15:19,Sucesso,674,10,0
BLD-C05-P03-012156,C05-P03,2026-02-15 12:36:27,Sucesso,435,660,0
BLD-C05-P03-012157,C05-P03,2026-02-06 11:39:55,Sucesso,445,571,0
BLD-C05-P03-012158,C05-P03,2026-02-13 20:50:41,Sucesso,486,10,0
BLD-C05-P03-012159,C05-P03,2026-02-21 19:46:01,Sucesso,414,420,0
BLD-C05-P03-012160,C05-P03,2026-02-20 13:57:58,Sucesso,125,532,0
BLD-C05-P03-012161,C05-P03,2026-02-01 19:31:41,Sucesso,91,231,0
BLD-C05-P03-012162,C05-P03,2026-02-15 20:57:12,Sucesso,409,377,0
BLD-C05-P03-012163,C05-P03,2026-02-12 08:13:31,Sucesso,400,720,0
BLD-C05-P03-012164,C05-P03,2026-02-14 11:40:39,Sucesso,388,379,0
BLD-C05-P03-012165,C05-P03,2026-02-04 20:09:13,Sucesso,461,499,0
BLD-C05-P03-012166,C05-P03,2026-02-09 07:42:58,Sucesso,371,444,0
BLD-C05-P03-012167,C05-P03,2026-02-19 16:59:33,Sucesso,254,110,0
BLD-C05-P03-012168,C05-P03,2026-02-12 21:03:19,Sucesso,242,322,0
BLD-C05-P03-012169,C05-P03,2026-02-10 18:40:05,Sucesso,255,455,0
BLD-C05-P03-012170,C05-P03,2026-02-25 11:12:05,Sucesso,433,146,0
BLD-C05-P03-012171,C05-P03,2026-02-06 17:16:03,Falha,622,10,1
BLD-C05-P03-012172,C05-P03,2026-02-25 14:24:24,Sucesso,159,418,0
BLD-C05-P03-012173,C05-P03,2026-02-25 14:45:05,Sucesso,20,385,0
BLD-C05-P03-012174,C05-P03,2026-02-13 18:05:24,Sucesso,281,572,0
BLD-C05-P03-012175,C05-P03,2026-02-28 16:26:10,Sucesso,474,79,0
BLD-C05-P03-012176,C05-P03,2026-02-23 18:35:12,Falha,78,230,1
BLD-C05-P03-012177,C05-P03,2026-02-26 20:53:45,Sucesso,216,312,0
BLD-C05-P03-012178,C05-P03,2026-02-22 11:27:39,Sucesso,182,661,1
BLD-C05-P03-012179,C05-P03,2026-03-23 08:15:06,Sucesso,395,381,0
BLD-C05-P03-012180,C05-P03,2026-03-08 11:10:40,Sucesso,443,493,0
BLD-C05-P03-012181,C05-P03,2026-03-06 21:11:11,Falha,485,344,37
BLD-C05-P03-012182,C05-P03,2026-03-02 07:18:18,Sucesso,20,332,0
BLD-C05-P03-012183,C05-P03,2026-03-23 15:58:25,Sucesso,576,121,0
BLD-C05-P03-012184,C05-P03,2026-03-31 18:44:16,Sucesso,118,525,0
BLD-C05-P03-012185,C05-P03,2026-03-03 11:06:50,Sucesso,486,227,0
BLD-C05-P03-012186,C05-P03,2026-04-05 10:03:40,Falha,325,442,1
BLD-C05-P03-012187,C05-P03,2026-04-02 20:01:02,Sucesso,295,798,0
BLD-C05-P03-012188,C05-P03,2026-04-25 08:40:39,Sucesso,442,214,1
BLD-C05-P03-012189,C05-P03,2026-04-04 12:45:03,Sucesso,273,385,0
BLD-C05-P03-012190,C05-P03,2026-04-22 12:27:50,Sucesso,50,413,0
BLD-C05-P03-012191,C05-P03,2026-04-24 13:31:58,Sucesso,445,477,0
BLD-C05-P03-012192,C05-P03,2026-04-14 08:35:36,Sucesso,122,592,0
BLD-C05-P03-012193,C05-P03,2026-04-19 15:18:14,Sucesso,451,406,0
BLD-C05-P03-012194,C05-P03,2026-04-24 16:13:47,Falha,95,247,8
BLD-C05-P03-012195,C05-P03,2026-04-15 17:46:23,Sucesso,20,639,0
BLD-C05-P03-012196,C05-P03,2026-04-04 11:28:08,Falha,104,269,6
BLD-C05-P03-012197,C05-P03,2026-04-28 10:23:20,Sucesso,361,481,0
BLD-C05-P03-012198,C05-P03,2026-04-29 07:33:34,Sucesso,455,559,0
BLD-C05-P03-012199,C05-P03,2026-04-01 18:45:24,Falha,438,375,4
BLD-C05-P03-012200,C05-P03,2026-04-30 17:18:30,Sucesso,225,710,0
BLD-C05-P03-012201,C05-P03,2026-04-18 19:18:00,Sucesso,233,68,0
BLD-C05-P03-012202,C05-P03,2026-04-01 12:21:59,Sucesso,409,453,0
BLD-C05-P03-012203,C05-P03,2026-04-22 09:28:43,Sucesso,422,10,0
BLD-C05-P03-012204,C05-P03,2026-04-09 11:36:07,Sucesso,350,394,0
BLD-C05-P03-012205,C05-P03,2026-05-19 17:46:34,Sucesso,320,481,0
BLD-C05-P03-012206,C05-P03,2026-05-27 09:08:56,Sucesso,232,420,0
BLD-C05-P03-012207,C05-P03,2026-05-13 11:43:16,Sucesso,130,549,0
BLD-C05-P03-012208,C05-P03,2026-05-29 14:03:33,Sucesso,162,651,0
BLD-C05-P03-012209,C05-P03,2026-05-28 19:23:21,Sucesso,506,202,1
BLD-C05-P03-012210,C05-P03,2026-05-28 10:10:36,Sucesso,389,299,0
BLD-C05-P03-012211,C05-P03,2026-05-31 17:16:01,Falha,242,236,3
BLD-C05-P03-012212,C05-P03,2026-05-08 21:46:42,Sucesso,425,10,0
BLD-C05-P03-012213,C05-P03,2026-05-19 21:09:36,Sucesso,190,252,0
BLD-C05-P03-012214,C05-P03,2026-05-08 07:22:59,Sucesso,346,484,0
BLD-C05-P03-012215,C05-P03,2026-05-10 07:29:40,Sucesso,319,341,0
BLD-C05-P03-012216,C05-P03,2026-05-17 09:06:20,Falha,286,150,2
BLD-C05-P03-012217,C05-P03,2026-05-03 08:32:02,Sucesso,277,409,0
BLD-C05-P03-012218,C05-P03,2026-05-14 08:50:34,Sucesso,317,451,0
BLD-C05-P03-012219,C05-P03,2026-05-17 07:54:15,Sucesso,414,315,0
BLD-C05-P03-012220,C05-P03,2026-05-01 14:38:28,Sucesso,404,524,0
BLD-C05-P03-012221,C05-P03,2026-05-04 09:40:05,Sucesso,165,679,0
BLD-C05-P03-012222,C05-P03,2026-05-17 19:22:55,Sucesso,151,284,0
BLD-C05-P03-012223,C05-P03,2026-05-15 17:00:30,Falha,186,10,9
BLD-C05-P03-012224,C05-P03,2026-05-17 13:20:15,Sucesso,251,452,0
BLD-C05-P03-012225,C05-P03,2026-05-02 11:44:51,Sucesso,250,663,0
BLD-C05-P03-012226,C05-P03,2026-05-05 10:36:39,Sucesso,404,195,0
BLD-C05-P03-012227,C05-P03,2026-05-31 21:53:55,Sucesso,411,580,0
BLD-C05-P03-012228,C05-P03,2026-05-05 20:49:49,Sucesso,319,10,0
BLD-C05-P03-012229,C05-P03,2026-05-11 14:02:03,Sucesso,497,673,0
BLD-C05-P03-012230,C05-P03,2026-05-02 18:58:45,Sucesso,343,655,0
BLD-C05-P03-012231,C05-P03,2026-05-29 07:48:27,Falha,563,307,5
BLD-C05-P03-012232,C05-P03,2026-05-17 16:48:30,Sucesso,721,256,0
BLD-C05-P03-012233,C05-P03,2026-05-07 19:31:54,Sucesso,215,246,0
BLD-C05-P03-012234,C05-P03,2026-05-10 13:18:46,Sucesso,340,333,0
BLD-C05-P03-012235,C05-P03,2026-05-19 08:23:32,Sucesso,242,566,0
BLD-C05-P03-012236,C05-P03,2026-05-02 08:12:24,Sucesso,236,528,0
BLD-C05-P03-012237,C05-P03,2026-05-01 08:47:15,Sucesso,415,206,0
BLD-C05-P03-012238,C05-P03,2026-05-21 17:53:19,Falha,359,416,7
BLD-C05-P03-012239,C05-P03,2026-06-30 07:35:04,Falha,278,674,10
BLD-C05-P03-012240,C05-P03,2026-06-02 21:47:40,Sucesso,129,376,0
BLD-C05-P03-012241,C05-P03,2026-06-11 13:47:21,Sucesso,159,649,0
BLD-C05-P03-012242,C05-P03,2026-06-24 07:09:14,Falha,20,598,1
BLD-C05-P03-012243,C05-P03,2026-06-06 18:40:35,Sucesso,183,408,0
BLD-C05-P03-012244,C05-P03,2026-06-05 10:04:58,Sucesso,254,387,0
BLD-C05-P03-012245,C05-P03,2026-06-17 15:34:19,Sucesso,273,825,0
BLD-C05-P03-012246,C05-P03,2026-06-08 07:05:50,Sucesso,185,510,0
BLD-C05-P03-012247,C05-P03,2026-06-19 19:13:31,Sucesso,365,10,0
BLD-C05-P03-012248,C05-P03,2026-06-29 09:12:16,Sucesso,20,443,0
BLD-C05-P03-012249,C05-P03,2026-06-06 17:30:52,Sucesso,169,261,0
BLD-C05-P03-012250,C05-P03,2026-06-26 09:46:55,Falha,467,309,3
BLD-C05-P03-012251,C05-P03,2026-06-15 11:09:11,Sucesso,322,459,0
BLD-C05-P03-012252,C05-P03,2026-06-06 11:07:34,Sucesso,144,382,0
BLD-C05-P03-012253,C05-P03,2026-06-26 10:21:18,Sucesso,301,327,0
BLD-C05-P03-012254,C05-P03,2026-07-05 16:45:34,Sucesso,331,322,0
BLD-C05-P03-012255,C05-P03,2026-07-03 15:00:26,Sucesso,279,278,0
BLD-C05-P03-012256,C05-P03,2026-07-27 11:12:13,Sucesso,274,563,0
BLD-C05-P03-012257,C05-P03,2026-07-01 09:20:49,Sucesso,581,298,0
BLD-C05-P03-012258,C05-P03,2026-07-31 11:37:31,Sucesso,178,123,0
BLD-C05-P03-012259,C05-P03,2026-07-04 21:17:00,Sucesso,577,668,0
BLD-C05-P03-012260,C05-P03,2026-07-15 20:32:39,Sucesso,694,223,0
BLD-C05-P03-012261,C05-P03,2026-07-06 19:21:36,Sucesso,241,593,0
BLD-C05-P03-012262,C05-P03,2026-07-05 20:40:00,Sucesso,488,86,0
BLD-C05-P03-012263,C05-P03,2026-07-15 16:12:30,Sucesso,320,417,0
BLD-C05-P03-012264,C05-P03,2026-07-29 19:24:49,Sucesso,400,279,0
BLD-C05-P03-012265,C05-P03,2026-07-22 20:34:20,Sucesso,299,431,0
BLD-C05-P03-012266,C05-P03,2026-07-05 13:40:23,Sucesso,452,579,0
BLD-C05-P03-012267,C05-P03,2026-07-24 10:05:41,Sucesso,559,452,0
BLD-C05-P03-012268,C05-P03,2026-07-09 17:44:52,Sucesso,240,343,0
BLD-C05-P03-012269,C05-P03,2026-07-17 09:54:53,Sucesso,130,479,0
BLD-C05-P03-012270,C05-P03,2026-07-11 16:57:10,Falha,273,375,4
BLD-C05-P03-012271,C05-P03,2026-07-29 18:51:08,Sucesso,607,393,0
BLD-C05-P03-012272,C05-P03,2026-07-22 14:04:13,Falha,134,650,1
BLD-C05-P04-012273,C05-P04,2025-12-09 20:15:44,Sucesso,511,102,0
BLD-C05-P04-012274,C05-P04,2025-12-27 07:45:12,Sucesso,374,345,0
BLD-C05-P04-012275,C05-P04,2025-12-31 21:11:54,Sucesso,331,570,0
BLD-C05-P04-012276,C05-P04,2025-12-27 09:18:55,Sucesso,304,174,0
BLD-C05-P04-012277,C05-P04,2025-12-11 16:07:45,Falha,335,168,7
BLD-C05-P04-012278,C05-P04,2025-12-02 07:20:32,Sucesso,353,240,0
BLD-C05-P04-012279,C05-P04,2025-12-10 21:21:23,Sucesso,183,416,0
BLD-C05-P04-012280,C05-P04,2025-12-19 07:03:32,Falha,381,370,9
BLD-C05-P04-012281,C05-P04,2025-12-22 15:50:05,Sucesso,259,480,0
BLD-C05-P04-012282,C05-P04,2025-12-16 15:25:20,Sucesso,297,573,0
BLD-C05-P04-012283,C05-P04,2025-12-27 08:53:34,Sucesso,393,467,0
BLD-C05-P04-012284,C05-P04,2025-12-26 19:48:48,Sucesso,593,226,1
BLD-C05-P04-012285,C05-P04,2025-12-04 17:03:50,Sucesso,432,239,0
BLD-C05-P04-012286,C05-P04,2025-12-02 09:53:13,Sucesso,419,360,0
BLD-C05-P04-012287,C05-P04,2025-12-04 10:19:17,Falha,360,31,5
BLD-C05-P04-012288,C05-P04,2025-12-09 19:10:38,Sucesso,410,544,0
BLD-C05-P04-012289,C05-P04,2025-12-07 16:16:21,Sucesso,175,564,0
BLD-C05-P04-012290,C05-P04,2025-12-13 18:39:34,Falha,585,424,12
BLD-C05-P04-012291,C05-P04,2025-12-07 16:57:09,Sucesso,253,134,2
BLD-C05-P04-012292,C05-P04,2025-12-13 10:31:31,Sucesso,346,528,0
BLD-C05-P04-012293,C05-P04,2026-01-12 21:57:22,Sucesso,198,369,0
BLD-C05-P04-012294,C05-P04,2026-01-01 09:43:02,Sucesso,240,125,0
BLD-C05-P04-012295,C05-P04,2026-01-12 18:50:20,Falha,655,334,3
BLD-C05-P04-012296,C05-P04,2026-01-27 09:09:07,Sucesso,423,523,1
BLD-C05-P04-012297,C05-P04,2026-01-02 18:44:03,Falha,273,179,9
BLD-C05-P04-012298,C05-P04,2026-01-19 10:53:10,Sucesso,115,370,0
BLD-C05-P04-012299,C05-P04,2026-01-28 14:23:11,Sucesso,192,441,0
BLD-C05-P04-012300,C05-P04,2026-01-15 17:51:25,Sucesso,135,422,0
BLD-C05-P04-012301,C05-P04,2026-01-19 17:35:50,Sucesso,219,276,0
BLD-C05-P04-012302,C05-P04,2026-01-16 15:28:58,Sucesso,454,481,0
BLD-C05-P04-012303,C05-P04,2026-01-25 21:00:48,Sucesso,361,437,0
BLD-C05-P04-012304,C05-P04,2026-01-11 11:56:56,Sucesso,154,239,0
BLD-C05-P04-012305,C05-P04,2026-01-13 12:04:38,Sucesso,332,506,0
BLD-C05-P04-012306,C05-P04,2026-01-07 13:38:17,Sucesso,294,233,0
BLD-C05-P04-012307,C05-P04,2026-01-17 16:55:33,Falha,351,411,16
BLD-C05-P04-012308,C05-P04,2026-01-20 14:32:49,Sucesso,137,186,1
BLD-C05-P04-012309,C05-P04,2026-01-03 15:03:24,Sucesso,36,532,0
BLD-C05-P04-012310,C05-P04,2026-01-08 13:16:04,Sucesso,323,596,0
BLD-C05-P04-012311,C05-P04,2026-01-08 09:13:09,Sucesso,344,345,0
BLD-C05-P04-012312,C05-P04,2026-02-04 07:07:43,Falha,114,565,2
BLD-C05-P04-012313,C05-P04,2026-02-03 20:55:50,Sucesso,240,216,0
BLD-C05-P04-012314,C05-P04,2026-02-19 07:36:30,Sucesso,177,489,0
BLD-C05-P04-012315,C05-P04,2026-02-04 11:39:28,Sucesso,280,670,0
BLD-C05-P04-012316,C05-P04,2026-02-02 15:53:59,Sucesso,576,531,0
BLD-C05-P04-012317,C05-P04,2026-02-17 17:20:20,Sucesso,732,257,0
BLD-C05-P04-012318,C05-P04,2026-02-22 20:41:06,Sucesso,270,207,0
BLD-C05-P04-012319,C05-P04,2026-02-14 09:34:09,Sucesso,396,215,0
BLD-C05-P04-012320,C05-P04,2026-02-26 12:57:56,Falha,257,685,6
BLD-C05-P04-012321,C05-P04,2026-02-20 20:16:32,Sucesso,278,389,0
BLD-C05-P04-012322,C05-P04,2026-02-27 17:52:17,Sucesso,459,325,0
BLD-C05-P04-012323,C05-P04,2026-02-07 20:22:43,Sucesso,241,654,0
BLD-C05-P04-012324,C05-P04,2026-02-08 14:59:39,Sucesso,183,412,0
BLD-C05-P04-012325,C05-P04,2026-02-26 14:51:16,Sucesso,377,313,0
BLD-C05-P04-012326,C05-P04,2026-02-23 19:01:04,Sucesso,343,414,0
BLD-C05-P04-012327,C05-P04,2026-03-01 13:44:10,Falha,328,254,2
BLD-C05-P04-012328,C05-P04,2026-03-05 07:16:18,Sucesso,203,43,0
BLD-C05-P04-012329,C05-P04,2026-03-25 19:20:52,Sucesso,402,403,0
BLD-C05-P04-012330,C05-P04,2026-03-09 10:37:14,Sucesso,188,314,0
BLD-C05-P04-012331,C05-P04,2026-03-08 15:39:21,Falha,160,431,8
BLD-C05-P04-012332,C05-P04,2026-03-19 11:11:17,Sucesso,279,145,0
BLD-C05-P04-012333,C05-P04,2026-03-27 10:21:35,Sucesso,697,261,0
BLD-C05-P04-012334,C05-P04,2026-03-10 21:28:22,Sucesso,110,654,0
BLD-C05-P04-012335,C05-P04,2026-03-02 08:19:27,Sucesso,294,150,0
BLD-C05-P04-012336,C05-P04,2026-03-11 21:53:49,Sucesso,397,320,0
BLD-C05-P04-012337,C05-P04,2026-03-23 20:20:06,Sucesso,141,139,0
BLD-C05-P04-012338,C05-P04,2026-03-11 14:27:34,Falha,20,163,1
BLD-C05-P04-012339,C05-P04,2026-03-31 14:51:15,Sucesso,276,372,0
BLD-C05-P04-012340,C05-P04,2026-03-03 19:47:34,Falha,241,237,7
BLD-C05-P04-012341,C05-P04,2026-03-14 21:17:45,Falha,303,376,4
BLD-C05-P04-012342,C05-P04,2026-03-11 07:52:01,Sucesso,102,10,1
BLD-C05-P04-012343,C05-P04,2026-03-01 10:15:44,Sucesso,252,289,0
BLD-C05-P04-012344,C05-P04,2026-04-08 21:56:03,Sucesso,342,292,0
BLD-C05-P04-012345,C05-P04,2026-04-29 20:54:49,Falha,323,574,3
BLD-C05-P04-012346,C05-P04,2026-04-16 10:59:48,Sucesso,471,319,0
BLD-C05-P04-012347,C05-P04,2026-04-30 18:49:30,Sucesso,258,318,0
BLD-C05-P04-012348,C05-P04,2026-04-07 15:31:55,Sucesso,150,372,0
BLD-C05-P04-012349,C05-P04,2026-04-03 16:39:37,Sucesso,343,328,0
BLD-C05-P04-012350,C05-P04,2026-04-02 16:09:20,Sucesso,82,226,0
BLD-C05-P04-012351,C05-P04,2026-04-14 09:01:57,Sucesso,179,273,1
BLD-C05-P04-012352,C05-P04,2026-04-17 08:18:31,Sucesso,376,233,0
BLD-C05-P04-012353,C05-P04,2026-04-22 19:47:50,Falha,260,456,9
BLD-C05-P04-012354,C05-P04,2026-04-27 16:36:05,Sucesso,212,522,0
BLD-C05-P04-012355,C05-P04,2026-04-05 12:07:41,Sucesso,450,480,0
BLD-C05-P04-012356,C05-P04,2026-04-29 18:43:24,Sucesso,20,216,0
BLD-C05-P04-012357,C05-P04,2026-04-22 15:43:57,Falha,327,436,6
BLD-C05-P04-012358,C05-P04,2026-04-21 17:39:38,Sucesso,558,186,0
BLD-C05-P04-012359,C05-P04,2026-04-14 14:17:15,Sucesso,196,144,0
BLD-C05-P04-012360,C05-P04,2026-05-02 10:16:22,Falha,340,396,16
BLD-C05-P04-012361,C05-P04,2026-05-22 19:26:40,Sucesso,399,10,0
BLD-C05-P04-012362,C05-P04,2026-05-26 11:12:25,Sucesso,377,684,0
BLD-C05-P04-012363,C05-P04,2026-05-12 12:52:26,Sucesso,539,375,0
BLD-C05-P04-012364,C05-P04,2026-05-19 21:39:33,Sucesso,475,228,0
BLD-C05-P04-012365,C05-P04,2026-05-29 18:51:26,Sucesso,499,662,0
BLD-C05-P04-012366,C05-P04,2026-05-22 13:32:40,Sucesso,380,298,0
BLD-C05-P04-012367,C05-P04,2026-05-15 17:10:56,Sucesso,61,440,0
BLD-C05-P04-012368,C05-P04,2026-05-06 21:24:34,Sucesso,327,143,0
BLD-C05-P04-012369,C05-P04,2026-05-19 15:12:54,Sucesso,262,175,0
BLD-C05-P04-012370,C05-P04,2026-05-12 18:24:06,Sucesso,408,461,0
BLD-C05-P04-012371,C05-P04,2026-05-08 08:25:25,Sucesso,463,322,0
BLD-C05-P04-012372,C05-P04,2026-05-25 10:18:55,Sucesso,276,206,0
BLD-C05-P04-012373,C05-P04,2026-05-24 07:51:10,Falha,231,86,6
BLD-C05-P04-012374,C05-P04,2026-05-16 07:57:21,Sucesso,381,10,0
BLD-C05-P04-012375,C05-P04,2026-05-23 15:24:33,Sucesso,476,404,0
BLD-C05-P04-012376,C05-P04,2026-05-04 10:34:52,Sucesso,92,632,0
BLD-C05-P04-012377,C05-P04,2026-05-20 08:37:19,Sucesso,384,192,0
BLD-C05-P04-012378,C05-P04,2026-05-27 07:38:33,Sucesso,251,455,0
BLD-C05-P04-012379,C05-P04,2026-05-05 21:15:47,Falha,305,295,5
BLD-C05-P04-012380,C05-P04,2026-05-03 21:33:45,Sucesso,328,356,0
BLD-C05-P04-012381,C05-P04,2026-05-13 10:40:07,Sucesso,305,776,0
BLD-C05-P04-012382,C05-P04,2026-05-16 12:13:13,Sucesso,450,377,0
BLD-C05-P04-012383,C05-P04,2026-05-09 20:25:17,Falha,243,375,1
BLD-C05-P04-012384,C05-P04,2026-05-13 10:06:29,Sucesso,303,613,0
BLD-C05-P04-012385,C05-P04,2026-06-22 08:12:46,Falha,406,311,4
BLD-C05-P04-012386,C05-P04,2026-06-13 19:36:18,Sucesso,300,23,0
BLD-C05-P04-012387,C05-P04,2026-06-04 14:17:57,Sucesso,323,10,0
BLD-C05-P04-012388,C05-P04,2026-06-12 11:45:23,Sucesso,315,322,0
BLD-C05-P04-012389,C05-P04,2026-06-12 14:28:39,Sucesso,236,748,0
BLD-C05-P04-012390,C05-P04,2026-06-19 20:26:55,Sucesso,302,302,0
BLD-C05-P04-012391,C05-P04,2026-06-12 13:25:10,Falha,481,805,9
BLD-C05-P04-012392,C05-P04,2026-06-29 15:39:57,Sucesso,389,296,0
BLD-C05-P04-012393,C05-P04,2026-06-16 11:20:41,Sucesso,450,420,0
BLD-C05-P04-012394,C05-P04,2026-06-12 14:37:52,Sucesso,503,308,0
BLD-C05-P04-012395,C05-P04,2026-06-22 09:51:17,Sucesso,20,31,0
BLD-C05-P04-012396,C05-P04,2026-06-09 16:52:09,Sucesso,225,239,0
BLD-C05-P04-012397,C05-P04,2026-06-24 11:03:56,Sucesso,569,245,0
BLD-C05-P04-012398,C05-P04,2026-06-13 17:14:10,Sucesso,502,373,0
BLD-C05-P04-012399,C05-P04,2026-06-29 15:57:50,Sucesso,402,479,0
BLD-C05-P04-012400,C05-P04,2026-06-07 21:46:56,Falha,112,214,8
BLD-C05-P04-012401,C05-P04,2026-06-11 08:03:50,Sucesso,494,558,0
BLD-C05-P04-012402,C05-P04,2026-06-15 09:06:17,Sucesso,397,752,0
BLD-C05-P04-012403,C05-P04,2026-07-22 07:39:02,Sucesso,379,488,0
BLD-C05-P04-012404,C05-P04,2026-07-16 21:02:58,Falha,174,811,2
BLD-C05-P04-012405,C05-P04,2026-07-05 13:12:40,Sucesso,394,12,0
BLD-C05-P04-012406,C05-P04,2026-07-20 09:04:07,Sucesso,295,416,0
BLD-C05-P04-012407,C05-P04,2026-07-07 10:04:31,Sucesso,136,378,0
BLD-C05-P04-012408,C05-P04,2026-07-25 21:43:58,Sucesso,590,506,0
BLD-C05-P04-012409,C05-P04,2026-07-31 20:37:17,Sucesso,155,505,0
BLD-C05-P04-012410,C05-P04,2026-07-20 07:07:58,Sucesso,321,491,0
BLD-C05-P04-012411,C05-P04,2026-07-20 12:41:52,Sucesso,263,724,0
BLD-C05-P04-012412,C05-P04,2026-07-05 10:40:43,Sucesso,395,461,0
BLD-C05-P04-012413,C05-P04,2026-07-30 09:19:40,Sucesso,194,576,0
BLD-C05-P04-012414,C05-P04,2026-07-26 12:08:34,Sucesso,247,135,0
