deployment_id,project_id,timestamp,environment,status
DEP-C01-P01-000001,C01-P01,2025-06-27 12:34:30,Staging,Revertido
DEP-C01-P01-000002,C01-P01,2025-06-08 07:04:04,Dev,Falha
DEP-C01-P01-000003,C01-P01,2025-06-23 20:30:28,Producao,Sucesso
DEP-C01-P01-000004,C01-P01,2025-06-28 08:06:44,Dev,Sucesso
DEP-C01-P01-000005,C01-P01,2025-06-24 13:55:55,Dev,Revertido
DEP-C01-P01-000006,C01-P01,2025-06-15 15:01:22,Dev,Sucesso
DEP-C01-P01-000007,C01-P01,2025-06-08 17:14:23,Dev,Sucesso
DEP-C01-P01-000008,C01-P01,2025-06-21 18:46:36,Dev,Sucesso
DEP-C01-P01-000009,C01-P01,2025-06-11 07:26:52,Staging,Revertido
DEP-C01-P01-000010,C01-P01,2025-06-09 14:21:28,Dev,Sucesso
DEP-C01-P01-000011,C01-P01,2025-06-15 21:32:47,Dev,Sucesso
DEP-C01-P01-000012,C01-P01,2025-06-13 17:14:41,Dev,Sucesso
DEP-C01-P01-000013,C01-P01,2025-06-06 09:51:53,Producao,Sucesso
DEP-C01-P01-000014,C01-P01,2025-06-05 18:21:42,Dev,Sucesso
DEP-C01-P01-000015,C01-P01,2025-06-19 09:52:35,Producao,Falha
DEP-C01-P01-000016,C01-P01,2025-06-29 09:18:16,Dev,Sucesso
DEP-C01-P01-000017,C01-P01,2025-06-06 12:09:03,Staging,Sucesso
DEP-C01-P01-000018,C01-P01,2025-06-17 20:02:53,Staging,Sucesso
DEP-C01-P01-000019,C01-P01,2025-06-30 21:32:25,Dev,Sucesso
DEP-C01-P01-000020,C01-P01,2025-06-07 10:54:17,Dev,Sucesso
DEP-C01-P01-000021,C01-P01,2025-07-20 17:58:45,Dev,Sucesso
DEP-C01-P01-000022,C01-P01,2025-07-28 18:56:17,Producao,Sucesso
DEP-C01-P01-000023,C01-P01,2025-07-20 07:39:40,Dev,Sucesso
DEP-C01-P01-000024,C01-P01,2025-07-14 17:49:09,Staging,Sucesso
DEP-C01-P01-000025,C01-P01,2025-07-31 17:30:04,Producao,Sucesso
DEP-C01-P01-000026,C01-P01,2025-07-03 07:43:21,Dev,Sucesso
DEP-C01-P01-000027,C01-P01,2025-07-17 08:59:42,Dev,Sucesso
DEP-C01-P01-000028,C01-P01,2025-07-04 21:05:30,Staging,Sucesso
DEP-C01-P01-000029,C01-P01,2025-07-12 21:59:02,Dev,Sucesso
DEP-C01-P01-000030,C01-P01,2025-07-26 17:51:24,Producao,Sucesso
DEP-C01-P01-000031,C01-P01,2025-07-03 07:18:59,Dev,Sucesso
DEP-C01-P01-000032,C01-P01,2025-07-02 18:35:29,Dev,Sucesso
DEP-C01-P01-000033,C01-P01,2025-07-30 09:35:36,Dev,Falha
DEP-C01-P01-000034,C01-P01,2025-07-16 08:58:49,Dev,Sucesso
DEP-C01-P01-000035,C01-P01,2025-07-15 08:12:08,Dev,Sucesso
DEP-C01-P01-000036,C01-P01,2025-07-17 17:29:32,Staging,Sucesso
DEP-C01-P01-000037,C01-P01,2025-07-28 14:02:10,Dev,Sucesso
DEP-C01-P01-000038,C01-P01,2025-07-05 12:44:10,Staging,Sucesso
DEP-C01-P01-000039,C01-P01,2025-07-31 16:53:03,Staging,Revertido
DEP-C01-P01-000040,C01-P01,2025-08-28 09:46:25,Dev,Sucesso
DEP-C01-P01-000041,C01-P01,2025-08-19 14:14:20,Dev,Sucesso
DEP-C01-P01-000042,C01-P01,2025-08-05 10:08:48,Dev,Sucesso
DEP-C01-P01-000043,C01-P01,2025-08-18 13:52:34,Dev,Falha
DEP-C01-P01-000044,C01-P01,2025-08-28 21:29:55,Staging,Sucesso
DEP-C01-P01-000045,C01-P01,2025-08-20 17:35:05,Producao,Sucesso
DEP-C01-P01-000046,C01-P01,2025-08-10 13:32:01,Dev,Sucesso
DEP-C01-P01-000047,C01-P01,2025-08-21 10:01:42,Dev,Sucesso
DEP-C01-P01-000048,C01-P01,2025-08-16 14:04:59,Producao,Sucesso
DEP-C01-P01-000049,C01-P01,2025-08-07 07:34:01,Producao,Sucesso
DEP-C01-P01-000050,C01-P01,2025-08-14 17:25:34,Staging,Sucesso
DEP-C01-P01-000051,C01-P01,2025-08-12 21:50:25,Producao,Sucesso
DEP-C01-P01-000052,C01-P01,2025-08-11 10:22:58,Dev,Falha
DEP-C01-P01-000053,C01-P01,2025-08-09 16:51:25,Dev,Sucesso
DEP-C01-P01-000054,C01-P01,2025-08-03 21:55:42,Producao,Sucesso
DEP-C01-P01-000055,C01-P01,2025-08-14 17:59:14,Producao,Sucesso
DEP-C01-P01-000056,C01-P01,2025-09-04 09:50:33,Dev,Revertido
DEP-C01-P01-000057,C01-P01,2025-09-08 16:40:01,Staging,Sucesso
DEP-C01-P01-000058,C01-P01,2025-09-21 11:17:48,Producao,Sucesso
DEP-C01-P01-000059,C01-P01,2025-09-18 09:26:50,Staging,Sucesso
DEP-C01-P01-000060,C01-P01,2025-09-09 17:29:50,Staging,Sucesso
DEP-C01-P01-000061,C01-P01,2025-09-29 21:15:29,Dev,Sucesso
DEP-C01-P01-000062,C01-P01,2025-09-24 09:01:19,Staging,Sucesso
DEP-C01-P01-000063,C01-P01,2025-09-06 11:21:55,Dev,Sucesso
DEP-C01-P01-000064,C01-P01,2025-09-30 18:13:57,Dev,Sucesso
DEP-C01-P01-000065,C01-P01,2025-09-29 07:05:44,Staging,Sucesso
DEP-C01-P01-000066,C01-P01,2025-09-19 09:30:59,Dev,Sucesso
DEP-C01-P01-000067,C01-P01,2025-09-22 11:53:05,Staging,Sucesso
DEP-C01-P01-000068,C01-P01,2025-09-18 09:31:57,Dev,Sucesso
DEP-C01-P01-000069,C01-P01,2025-09-29 16:55:41,Staging,Sucesso
DEP-C01-P01-000070,C01-P01,2025-09-21 19:02:57,Dev,Sucesso
DEP-C01-P01-000071,C01-P01,2025-10-11 09:51:11,Staging,Sucesso
DEP-C01-P01-000072,C01-P01,2025-10-21 07:07:04,Staging,Sucesso
DEP-C01-P01-000073,C01-P01,2025-10-09 15:14:11,Dev,Sucesso
DEP-C01-P01-000074,C01-P01,2025-10-11 13:56:37,Dev,Sucesso
DEP-C01-P01-000075,C01-P01,2025-10-20 16:44:11,Staging,Sucesso
DEP-C01-P01-000076,C01-P01,2025-10-06 16:14:28,Dev,Sucesso
DEP-C01-P01-000077,C01-P01,2025-10-20 11:34:50,Dev,Sucesso
DEP-C01-P01-000078,C01-P01,2025-10-07 09:25:49,Producao,Falha
DEP-C01-P01-000079,C01-P01,2025-10-06 20:29:36,Dev,Sucesso
DEP-C01-P01-000080,C01-P01,2025-10-05 21:35:30,Producao,Sucesso
DEP-C01-P01-000081,C01-P01,2025-10-28 10:01:16,Producao,Sucesso
DEP-C01-P01-000082,C01-P01,2025-10-20 09:25:23,Producao,Sucesso
DEP-C01-P01-000083,C01-P01,2025-10-28 18:54:16,Producao,Sucesso
DEP-C01-P01-000084,C01-P01,2025-10-13 14:23:47,Dev,Sucesso
DEP-C01-P01-000085,C01-P01,2025-10-07 21:37:02,Producao,Sucesso
DEP-C01-P01-000086,C01-P01,2025-10-04 15:36:23,Dev,Sucesso
DEP-C01-P01-000087,C01-P01,2025-10-30 09:54:54,Dev,Sucesso
DEP-C01-P01-000088,C01-P01,2025-10-14 16:46:00,Dev,Sucesso
DEP-C01-P01-000089,C01-P01,2025-10-08 14:03:55,Dev,Sucesso
DEP-C01-P01-000090,C01-P01,2025-10-22 15:26:06,Staging,Sucesso
DEP-C01-P01-000091,C01-P01,2025-10-06 11:46:06,Producao,Sucesso
DEP-C01-P01-000092,C01-P01,2025-10-02 10:56:23,Producao,Falha
DEP-C01-P01-000093,C01-P01,2025-10-04 10:38:30,Producao,Sucesso
DEP-C01-P01-000094,C01-P01,2025-11-20 16:40:35,Dev,Sucesso
DEP-C01-P01-000095,C01-P01,2025-11-28 17:10:00,Staging,Sucesso
DEP-C01-P01-000096,C01-P01,2025-11-29 11:32:43,Dev,Falha
DEP-C01-P01-000097,C01-P01,2025-11-18 12:16:51,Dev,Sucesso
DEP-C01-P01-000098,C01-P01,2025-11-02 13:20:37,Dev,Sucesso
DEP-C01-P01-000099,C01-P01,2025-11-23 21:36:42,Producao,Sucesso
DEP-C01-P01-000100,C01-P01,2025-11-22 08:04:47,Dev,Sucesso
DEP-C01-P01-000101,C01-P01,2025-11-21 10:38:31,Dev,Sucesso
DEP-C01-P01-000102,C01-P01,2025-11-28 13:44:42,Dev,Sucesso
DEP-C01-P01-000103,C01-P01,2025-11-14 19:24:28,Staging,Sucesso
DEP-C01-P01-000104,C01-P01,2025-11-11 08:32:01,Staging,Sucesso
DEP-C01-P01-000105,C01-P01,2025-11-23 16:30:22,Dev,Sucesso
DEP-C01-P01-000106,C01-P01,2025-11-05 09:05:35,Producao,Sucesso
DEP-C01-P01-000107,C01-P01,2025-11-06 10:59:55,Dev,Sucesso
DEP-C01-P01-000108,C01-P01,2025-11-16 10:53:00,Staging,Sucesso
DEP-C01-P01-000109,C01-P01,2025-11-11 07:55:51,Dev,Sucesso
DEP-C01-P01-000110,C01-P01,2025-11-03 13:31:35,Dev,Sucesso
DEP-C01-P01-000111,C01-P01,2025-11-13 21:35:05,Dev,Falha
DEP-C01-P01-000112,C01-P01,2025-11-21 12:31:52,Dev,Sucesso
DEP-C01-P01-000113,C01-P01,2025-11-03 11:39:17,Dev,Sucesso
DEP-C01-P01-000114,C01-P01,2025-11-04 11:38:25,Dev,Falha
DEP-C01-P01-000115,C01-P01,2025-11-09 10:25:25,Dev,Sucesso
DEP-C01-P01-000116,C01-P01,2025-12-09 14:01:45,Producao,Falha
DEP-C01-P01-000117,C01-P01,2025-12-29 09:28:36,Staging,Sucesso
DEP-C01-P01-000118,C01-P01,2025-12-10 07:36:36,Staging,Sucesso
DEP-C01-P01-000119,C01-P01,2025-12-19 18:10:16,Dev,Falha
DEP-C01-P01-000120,C01-P01,2025-12-07 08:23:12,Dev,Sucesso
DEP-C01-P01-000121,C01-P01,2025-12-25 21:50:38,Dev,Sucesso
DEP-C01-P01-000122,C01-P01,2025-12-21 08:47:31,Dev,Sucesso
DEP-C01-P01-000123,C01-P01,2025-12-16 18:48:06,Dev,Sucesso
DEP-C01-P01-000124,C01-P01,2025-12-16 07:42:05,Dev,Falha
DEP-C01-P01-000125,C01-P01,2025-12-06 18:02:36,Staging,Sucesso
DEP-C01-P01-000126,C01-P01,2025-12-24 14:51:56,Dev,Falha
DEP-C01-P01-000127,C01-P01,2025-12-31 18:17:39,Staging,Sucesso
DEP-C01-P01-000128,C01-P01,2025-12-07 20:01:51,Dev,Sucesso
DEP-C01-P01-000129,C01-P01,2025-12-07 20:09:31,Dev,Sucesso
DEP-C01-P01-000130,C01-P01,2026-01-19 13:55:50,Dev,Sucesso
DEP-C01-P01-000131,C01-P01,2026-01-12 21:27:42,Dev,Sucesso
DEP-C01-P01-000132,C01-P01,2026-01-10 19:54:25,Staging,Sucesso
DEP-C01-P01-000133,C01-P01,2026-01-12 13:33:50,Producao,Sucesso
DEP-C01-P01-000134,C01-P01,2026-01-07 12:59:24,Staging,Sucesso
DEP-C01-P01-000135,C01-P01,2026-01-20 20:51:05,Staging,Revertido
DEP-C01-P01-000136,C01-P01,2026-01-15 21:28:40,Producao,Sucesso
DEP-C01-P01-000137,C01-P01,2026-01-17 19:04:38,Dev,Sucesso
DEP-C01-P01-000138,C01-P01,2026-01-02 11:01:11,Staging,Falha
DEP-C01-P01-000139,C01-P01,2026-01-10 13:40:34,Producao,Sucesso
DEP-C01-P01-000140,C01-P01,2026-01-21 13:59:33,Staging,Sucesso
DEP-C01-P01-000141,C01-P01,2026-01-22 14:31:58,Staging,Falha
DEP-C01-P01-000142,C01-P01,2026-01-15 21:23:20,Dev,Sucesso
DEP-C01-P01-000143,C01-P01,2026-01-20 14:09:55,Dev,Sucesso
DEP-C01-P01-000144,C01-P01,2026-01-06 15:44:28,Staging,Sucesso
DEP-C01-P01-000145,C01-P01,2026-01-31 08:36:18,Producao,Sucesso
DEP-C01-P01-000146,C01-P01,2026-01-28 20:43:52,Dev,Sucesso
DEP-C01-P01-000147,C01-P01,2026-01-01 13:37:58,Producao,Sucesso
DEP-C01-P01-000148,C01-P01,2026-01-18 12:23:58,Staging,Sucesso
DEP-C01-P01-000149,C01-P01,2026-01-30 18:27:15,Dev,Sucesso
DEP-C01-P01-000150,C01-P01,2026-01-31 13:49:05,Producao,Sucesso
DEP-C01-P01-000151,C01-P01,2026-01-07 08:09:22,Dev,Falha
DEP-C01-P01-000152,C01-P01,2026-02-11 12:15:02,Dev,Sucesso
DEP-C01-P01-000153,C01-P01,2026-02-10 16:22:09,Producao,Sucesso
DEP-C01-P01-000154,C01-P01,2026-02-02 18:54:55,Dev,Sucesso
DEP-C01-P01-000155,C01-P01,2026-02-07 21:31:47,Staging,Sucesso
DEP-C01-P01-000156,C01-P01,2026-02-11 19:16:51,Dev,Sucesso
DEP-C01-P01-000157,C01-P01,2026-02-16 13:38:21,Producao,Sucesso
DEP-C01-P01-000158,C01-P01,2026-02-26 15:37:15,Staging,Sucesso
DEP-C01-P01-000159,C01-P01,2026-02-02 18:33:59,Staging,Sucesso
DEP-C01-P01-000160,C01-P01,2026-02-06 16:41:04,Dev,Falha
DEP-C01-P01-000161,C01-P01,2026-02-16 21:50:23,Dev,Sucesso
DEP-C01-P01-000162,C01-P01,2026-02-02 12:44:46,Dev,Sucesso
DEP-C01-P01-000163,C01-P01,2026-02-15 19:26:13,Dev,Sucesso
DEP-C01-P01-000164,C01-P01,2026-02-08 11:01:45,Dev,Sucesso
DEP-C01-P01-000165,C01-P01,2026-02-24 09:42:12,Staging,Sucesso
DEP-C01-P01-000166,C01-P01,2026-02-22 21:32:10,Dev,Sucesso
DEP-C01-P01-000167,C01-P01,2026-02-18 10:32:19,Producao,Sucesso
DEP-C01-P01-000168,C01-P01,2026-02-01 09:16:53,Dev,Sucesso
DEP-C01-P01-000169,C01-P01,2026-02-07 11:35:34,Staging,Sucesso
DEP-C01-P01-000170,C01-P01,2026-02-16 13:58:35,Dev,Revertido
DEP-C01-P01-000171,C01-P01,2026-02-19 11:33:10,Producao,Sucesso
DEP-C01-P01-000172,C01-P01,2026-02-22 09:40:38,Staging,Sucesso
DEP-C01-P01-000173,C01-P01,2026-02-09 20:23:37,Dev,Sucesso
DEP-C01-P01-000174,C01-P01,2026-02-04 18:29:01,Dev,Sucesso
DEP-C01-P01-000175,C01-P01,2026-02-18 15:13:10,Producao,Sucesso
DEP-C01-P01-000176,C01-P01,2026-02-09 21:46:34,Dev,Sucesso
DEP-C01-P01-000177,C01-P01,2026-02-23 20:32:16,Staging,Sucesso
DEP-C01-P01-000178,C01-P01,2026-02-08 15:33:07,Staging,Sucesso
DEP-C01-P01-000179,C01-P01,2026-03-10 07:23:16,Staging,Revertido
DEP-C01-P01-000180,C01-P01,2026-03-25 19:35:57,Dev,Sucesso
DEP-C01-P01-000181,C01-P01,2026-03-04 15:19:14,Producao,Sucesso
DEP-C01-P01-000182,C01-P01,2026-03-16 14:34:58,Staging,Sucesso
DEP-C01-P01-000183,C01-P01,2026-03-12 14:45:42,Dev,Revertido
DEP-C01-P01-000184,C01-P01,2026-03-10 10:45:47,Staging,Sucesso
DEP-C01-P01-000185,C01-P01,2026-03-21 15:47:23,Dev,Falha
DEP-C01-P01-000186,C01-P01,2026-03-17 12:04:07,Producao,Revertido
DEP-C01-P01-000187,C01-P01,2026-03-31 16:47:09,Dev,Sucesso
DEP-C01-P01-000188,C01-P01,2026-03-23 13:51:43,Dev,Sucesso
DEP-C01-P01-000189,C01-P01,2026-03-01 14:03:52,Dev,Sucesso
DEP-C01-P01-000190,C01-P01,2026-03-19 17:45:05,Dev,Sucesso
DEP-C01-P01-000191,C01-P01,2026-03-30 07:33:36,Producao,Sucesso
DEP-C01-P01-000192,C01-P01,2026-03-26 10:18:54,Producao,Sucesso
DEP-C01-P01-000193,C01-P01,2026-03-29 12:19:54,Staging,Sucesso
DEP-C01-P01-000194,C01-P01,2026-03-05 12:07:16,Dev,Sucesso
DEP-C01-P01-000195,C01-P01,2026-03-18 13:08:38,Staging,Falha
DEP-C01-P01-000196,C01-P01,2026-03-30 13:12:17,Staging,Revertido
DEP-C01-P01-000197,C01-P01,2026-03-16 12:50:22,Producao,Sucesso
DEP-C01-P01-000198,C01-P01,2026-03-02 19:08:47,Producao,Sucesso
DEP-C01-P01-000199,C01-P01,2026-04-15 09:54:03,Producao,Sucesso
DEP-C01-P01-000200,C01-P01,2026-04-05 18:36:41,Dev,Sucesso
DEP-C01-P01-000201,C01-P01,2026-04-17 12:33:22,Staging,Sucesso
DEP-C01-P01-000202,C01-P01,2026-04-06 11:01:44,Dev,Sucesso
DEP-C01-P01-000203,C01-P01,2026-04-21 09:51:09,Dev,Sucesso
DEP-C01-P01-000204,C01-P01,2026-04-06 18:53:09,Producao,Sucesso
DEP-C01-P01-000205,C01-P01,2026-04-05 18:48:56,Staging,Sucesso
DEP-C01-P01-000206,C01-P01,2026-04-03 09:35:28,Staging,Sucesso
DEP-C01-P01-000207,C01-P01,2026-04-16 09:48:15,Staging,Sucesso
DEP-C01-P01-000208,C01-P01,2026-04-17 12:39:02,Producao,Sucesso
DEP-C01-P01-000209,C01-P01,2026-04-11 11:49:38,Dev,Sucesso
DEP-C01-P01-000210,C01-P01,2026-04-12 15:43:14,Staging,Sucesso
DEP-C01-P01-000211,C01-P01,2026-04-15 13:34:44,Staging,Sucesso
DEP-C01-P01-000212,C01-P01,2026-04-23 12:28:04,Dev,Falha
DEP-C01-P01-000213,C01-P01,2026-04-24 07:48:10,Dev,Sucesso
DEP-C01-P01-000214,C01-P01,2026-04-08 08:52:22,Dev,Falha
DEP-C01-P01-000215,C01-P01,2026-04-11 10:14:14,Dev,Sucesso
DEP-C01-P01-000216,C01-P01,2026-04-23 10:39:59,Producao,Sucesso
DEP-C01-P01-000217,C01-P01,2026-04-17 18:16:41,Staging,Sucesso
DEP-C01-P01-000218,C01-P01,2026-04-22 20:00:49,Dev,Sucesso
DEP-C01-P01-000219,C01-P01,2026-04-04 20:11:35,Staging,Sucesso
DEP-C01-P01-000220,C01-P01,2026-04-02 07:32:06,Producao,Sucesso
DEP-C01-P01-000221,C01-P01,2026-04-08 19:57:14,Dev,Sucesso
DEP-C01-P01-000222,C01-P01,2026-04-13 12:57:33,Dev,Revertido
DEP-C01-P01-000223,C01-P01,2026-05-10 09:18:21,Dev,Sucesso
DEP-C01-P01-000224,C01-P01,2026-05-09 07:45:22,Dev,Falha
DEP-C01-P01-000225,C01-P01,2026-05-16 07:53:13,Dev,Sucesso
DEP-C01-P01-000226,C01-P01,2026-05-29 19:40:03,Dev,Sucesso
DEP-C01-P01-000227,C01-P01,2026-05-05 08:49:08,Staging,Sucesso
DEP-C01-P01-000228,C01-P01,2026-05-22 10:22:14,Staging,Sucesso
DEP-C01-P01-000229,C01-P01,2026-05-19 18:05:31,Producao,Sucesso
DEP-C01-P01-000230,C01-P01,2026-05-19 12:11:44,Staging,Sucesso
DEP-C01-P01-000231,C01-P01,2026-05-21 19:42:33,Dev,Sucesso
DEP-C01-P01-000232,C01-P01,2026-05-17 09:40:32,Dev,Sucesso
DEP-C01-P01-000233,C01-P01,2026-05-04 12:31:33,Dev,Sucesso
DEP-C01-P01-000234,C01-P01,2026-05-30 18:45:30,Producao,Sucesso
DEP-C01-P01-000235,C01-P01,2026-05-29 14:37:59,Dev,Sucesso
DEP-C01-P01-000236,C01-P01,2026-05-31 15:41:38,Dev,Sucesso
DEP-C01-P01-000237,C01-P01,2026-05-24 08:58:51,Dev,Falha
DEP-C01-P01-000238,C01-P01,2026-05-09 10:15:29,Staging,Revertido
DEP-C01-P01-000239,C01-P01,2026-05-13 10:09:40,Staging,Revertido
DEP-C01-P01-000240,C01-P01,2026-05-04 16:19:16,Staging,Sucesso
DEP-C01-P01-000241,C01-P01,2026-06-23 15:08:49,Staging,Sucesso
DEP-C01-P01-000242,C01-P01,2026-06-29 14:16:29,Producao,Sucesso
DEP-C01-P01-000243,C01-P01,2026-06-01 12:49:43,Staging,Sucesso
DEP-C01-P01-000244,C01-P01,2026-06-10 16:35:08,Dev,Sucesso
DEP-C01-P01-000245,C01-P01,2026-06-28 18:20:23,Dev,Sucesso
DEP-C01-P01-000246,C01-P01,2026-06-14 16:20:06,Dev,Sucesso
DEP-C01-P01-000247,C01-P01,2026-06-14 12:42:21,Staging,Revertido
DEP-C01-P01-000248,C01-P01,2026-06-28 11:45:21,Staging,Sucesso
DEP-C01-P01-000249,C01-P01,2026-06-03 15:06:30,Staging,Sucesso
DEP-C01-P01-000250,C01-P01,2026-06-27 07:17:00,Dev,Sucesso
DEP-C01-P01-000251,C01-P01,2026-06-19 08:16:03,Producao,Sucesso
DEP-C01-P01-000252,C01-P01,2026-06-13 17:25:53,Staging,Falha
DEP-C01-P01-000253,C01-P01,2026-06-23 21:10:14,Staging,Falha
DEP-C01-P01-000254,C01-P01,2026-06-07 13:20:06,Staging,Sucesso
DEP-C01-P01-000255,C01-P01,2026-06-19 14:12:29,Dev,Sucesso
DEP-C01-P01-000256,C01-P01,2026-06-12 11:44:08,Dev,Sucesso
DEP-C01-P01-000257,C01-P01,2026-06-18 20:12:49,Dev,Sucesso
DEP-C01-P01-000258,C01-P01,2026-06-08 16:03:48,Dev,Sucesso
DEP-C01-P01-000259,C01-P01,2026-06-28 19:50:29,Dev,Sucesso
DEP-C01-P01-000260,C01-P01,2026-06-26 14:55:51,Staging,Sucesso
DEP-C01-P01-000261,C01-P01,2026-06-01 17:28:53,Producao,Sucesso
DEP-C01-P01-000262,C01-P01,2026-06-10 09:12:27,Staging,Sucesso
DEP-C01-P01-000263,C01-P01,2026-06-23 20:32:35,Dev,Sucesso
DEP-C01-P01-000264,C01-P01,2026-06-23 08:09:13,Producao,Sucesso
DEP-C01-P01-000265,C01-P01,2026-07-04 14:22:30,Staging,Sucesso
DEP-C01-P01-000266,C01-P01,2026-07-30 09:43:18,Producao,Sucesso
DEP-C01-P01-000267,C01-P01,2026-07-21 14:09:49,Staging,Sucesso
DEP-C01-P01-000268,C01-P01,2026-07-17 19:27:05,Staging,Sucesso
DEP-C01-P01-000269,C01-P01,2026-07-13 12:57:19,Dev,Sucesso
DEP-C01-P01-000270,C01-P01,2026-07-30 14:19:32,Dev,Sucesso
DEP-C01-P01-000271,C01-P01,2026-07-18 19:47:02,Dev,Sucesso
DEP-C01-P01-000272,C01-P01,2026-07-12 19:22:24,Staging,Sucesso
DEP-C01-P01-000273,C01-P01,2026-07-16 11:35:21,Dev,Sucesso
DEP-C01-P01-000274,C01-P01,2026-07-16 07:06:24,Producao,Sucesso
DEP-C01-P01-000275,C01-P01,2026-07-25 09:33:58,Dev,Sucesso
DEP-C01-P01-000276,C01-P01,2026-07-11 09:44:04,Producao,Sucesso
DEP-C01-P01-000277,C01-P01,2026-07-26 20:10:10,Producao,Sucesso
DEP-C01-P01-000278,C01-P01,2026-07-08 12:20:26,Producao,Sucesso
DEP-C01-P01-000279,C01-P01,2026-07-30 16:22:08,Dev,Sucesso
DEP-C01-P01-000280,C01-P01,2026-07-11 18:30:31,Dev,Falha
DEP-C01-P02-000281,C01-P02,2025-06-30 12:10:25,Producao,Sucesso
DEP-C01-P02-000282,C01-P02,2025-06-18 09:33:25,Dev,Sucesso
DEP-C01-P02-000283,C01-P02,2025-06-19 10:09:13,Dev,Sucesso
DEP-C01-P02-000284,C01-P02,2025-06-24 12:20:44,Staging,Sucesso
DEP-C01-P02-000285,C01-P02,2025-06-25 21:51:08,Producao,Revertido
DEP-C01-P02-000286,C01-P02,2025-06-03 11:32:41,Dev,Sucesso
DEP-C01-P02-000287,C01-P02,2025-06-27 09:20:19,Staging,Sucesso
DEP-C01-P02-000288,C01-P02,2025-06-12 08:28:30,Staging,Sucesso
DEP-C01-P02-000289,C01-P02,2025-06-12 09:46:45,Dev,Sucesso
DEP-C01-P02-000290,C01-P02,2025-06-22 09:28:45,Staging,Sucesso
DEP-C01-P02-000291,C01-P02,2025-06-30 07:00:01,Dev,Sucesso
DEP-C01-P02-000292,C01-P02,2025-06-03 21:17:17,Dev,Sucesso
DEP-C01-P02-000293,C01-P02,2025-06-25 08:55:48,Producao,Sucesso
DEP-C01-P02-000294,C01-P02,2025-06-25 21:30:27,Producao,Sucesso
DEP-C01-P02-000295,C01-P02,2025-06-12 18:16:26,Dev,Sucesso
DEP-C01-P02-000296,C01-P02,2025-06-07 11:28:43,Staging,Sucesso
DEP-C01-P02-000297,C01-P02,2025-06-30 20:49:24,Staging,Sucesso
DEP-C01-P02-000298,C01-P02,2025-07-08 13:30:14,Dev,Sucesso
DEP-C01-P02-000299,C01-P02,2025-07-20 11:37:35,Staging,Sucesso
DEP-C01-P02-000300,C01-P02,2025-07-04 14:08:01,Producao,Sucesso
DEP-C01-P02-000301,C01-P02,2025-07-20 15:16:29,Staging,Sucesso
DEP-C01-P02-000302,C01-P02,2025-07-18 09:26:44,Dev,Sucesso
DEP-C01-P02-000303,C01-P02,2025-07-30 11:01:16,Producao,Sucesso
DEP-C01-P02-000304,C01-P02,2025-07-04 18:30:50,Dev,Sucesso
DEP-C01-P02-000305,C01-P02,2025-07-16 11:23:59,Staging,Sucesso
DEP-C01-P02-000306,C01-P02,2025-07-17 16:02:00,Staging,Sucesso
DEP-C01-P02-000307,C01-P02,2025-07-20 21:12:13,Dev,Sucesso
DEP-C01-P02-000308,C01-P02,2025-07-24 20:11:49,Dev,Sucesso
DEP-C01-P02-000309,C01-P02,2025-07-06 11:05:43,Producao,Sucesso
DEP-C01-P02-000310,C01-P02,2025-07-04 15:56:28,Dev,Sucesso
DEP-C01-P02-000311,C01-P02,2025-07-13 15:43:26,Dev,Sucesso
DEP-C01-P02-000312,C01-P02,2025-07-29 18:38:17,Staging,Sucesso
DEP-C01-P02-000313,C01-P02,2025-07-02 18:06:12,Dev,Sucesso
DEP-C01-P02-000314,C01-P02,2025-07-10 18:13:24,Staging,Revertido
DEP-C01-P02-000315,C01-P02,2025-07-27 07:44:05,Staging,Revertido
DEP-C01-P02-000316,C01-P02,2025-07-12 13:59:02,Staging,Sucesso
DEP-C01-P02-000317,C01-P02,2025-07-13 09:57:50,Producao,Sucesso
DEP-C01-P02-000318,C01-P02,2025-08-19 08:14:55,Staging,Sucesso
DEP-C01-P02-000319,C01-P02,2025-08-11 16:18:57,Producao,Sucesso
DEP-C01-P02-000320,C01-P02,2025-08-10 08:05:08,Dev,Sucesso
DEP-C01-P02-000321,C01-P02,2025-08-08 14:41:52,Staging,Sucesso
DEP-C01-P02-000322,C01-P02,2025-08-09 19:54:54,Dev,Sucesso
DEP-C01-P02-000323,C01-P02,2025-08-11 19:23:51,Dev,Revertido
DEP-C01-P02-000324,C01-P02,2025-08-19 12:06:16,Staging,Sucesso
DEP-C01-P02-000325,C01-P02,2025-08-19 10:45:42,Producao,Sucesso
DEP-C01-P02-000326,C01-P02,2025-08-11 18:35:43,Dev,Sucesso
DEP-C01-P02-000327,C01-P02,2025-08-16 21:30:27,Staging,Sucesso
DEP-C01-P02-000328,C01-P02,2025-08-20 20:13:33,Staging,Sucesso
DEP-C01-P02-000329,C01-P02,2025-08-24 07:03:15,Staging,Sucesso
DEP-C01-P02-000330,C01-P02,2025-08-27 17:03:26,Staging,Sucesso
DEP-C01-P02-000331,C01-P02,2025-08-20 15:53:55,Producao,Revertido
DEP-C01-P02-000332,C01-P02,2025-08-25 10:34:31,Producao,Sucesso
DEP-C01-P02-000333,C01-P02,2025-08-08 20:15:28,Staging,Sucesso
DEP-C01-P02-000334,C01-P02,2025-08-25 11:43:53,Dev,Revertido
DEP-C01-P02-000335,C01-P02,2025-08-22 16:16:36,Producao,Sucesso
DEP-C01-P02-000336,C01-P02,2025-08-28 11:54:27,Dev,Sucesso
DEP-C01-P02-000337,C01-P02,2025-08-01 13:16:21,Dev,Sucesso
DEP-C01-P02-000338,C01-P02,2025-08-08 12:30:50,Producao,Sucesso
DEP-C01-P02-000339,C01-P02,2025-08-08 19:30:55,Dev,Sucesso
DEP-C01-P02-000340,C01-P02,2025-08-16 17:59:24,Producao,Sucesso
DEP-C01-P02-000341,C01-P02,2025-08-10 15:52:46,Dev,Sucesso
DEP-C01-P02-000342,C01-P02,2025-08-08 21:31:23,Dev,Sucesso
DEP-C01-P02-000343,C01-P02,2025-08-23 17:16:57,Staging,Sucesso
DEP-C01-P02-000344,C01-P02,2025-08-19 09:14:15,Dev,Sucesso
DEP-C01-P02-000345,C01-P02,2025-08-30 21:13:26,Staging,Sucesso
DEP-C01-P02-000346,C01-P02,2025-08-07 15:51:21,Dev,Sucesso
DEP-C01-P02-000347,C01-P02,2025-08-19 13:10:49,Dev,Sucesso
DEP-C01-P02-000348,C01-P02,2025-09-23 09:11:59,Dev,Sucesso
DEP-C01-P02-000349,C01-P02,2025-09-10 12:22:52,Dev,Sucesso
DEP-C01-P02-000350,C01-P02,2025-09-18 11:53:01,Dev,Sucesso
DEP-C01-P02-000351,C01-P02,2025-09-10 11:54:41,Staging,Sucesso
DEP-C01-P02-000352,C01-P02,2025-09-03 11:09:15,Staging,Sucesso
DEP-C01-P02-000353,C01-P02,2025-09-22 20:30:31,Producao,Sucesso
DEP-C01-P02-000354,C01-P02,2025-09-22 10:49:21,Dev,Sucesso
DEP-C01-P02-000355,C01-P02,2025-09-25 07:39:31,Dev,Sucesso
DEP-C01-P02-000356,C01-P02,2025-09-10 20:16:51,Dev,Sucesso
DEP-C01-P02-000357,C01-P02,2025-09-27 19:33:27,Dev,Sucesso
DEP-C01-P02-000358,C01-P02,2025-09-01 19:59:51,Staging,Sucesso
DEP-C01-P02-000359,C01-P02,2025-09-19 16:11:55,Staging,Sucesso
DEP-C01-P02-000360,C01-P02,2025-09-07 12:17:40,Staging,Sucesso
DEP-C01-P02-000361,C01-P02,2025-09-06 20:47:59,Producao,Sucesso
DEP-C01-P02-000362,C01-P02,2025-10-14 10:14:25,Dev,Sucesso
DEP-C01-P02-000363,C01-P02,2025-10-07 13:01:41,Staging,Sucesso
DEP-C01-P02-000364,C01-P02,2025-10-16 09:40:44,Dev,Sucesso
DEP-C01-P02-000365,C01-P02,2025-10-07 15:03:41,Staging,Sucesso
DEP-C01-P02-000366,C01-P02,2025-10-27 13:57:03,Staging,Revertido
DEP-C01-P02-000367,C01-P02,2025-10-10 09:44:06,Staging,Revertido
DEP-C01-P02-000368,C01-P02,2025-10-04 20:35:35,Dev,Sucesso
DEP-C01-P02-000369,C01-P02,2025-10-21 09:00:52,Staging,Sucesso
DEP-C01-P02-000370,C01-P02,2025-10-12 09:11:53,Producao,Sucesso
DEP-C01-P02-000371,C01-P02,2025-10-28 10:42:42,Dev,Sucesso
DEP-C01-P02-000372,C01-P02,2025-10-24 16:03:12,Dev,Falha
DEP-C01-P02-000373,C01-P02,2025-10-24 18:03:48,Dev,Sucesso
DEP-C01-P02-000374,C01-P02,2025-10-12 21:19:32,Dev,Sucesso
DEP-C01-P02-000375,C01-P02,2025-10-24 20:41:17,Dev,Sucesso
DEP-C01-P02-000376,C01-P02,2025-10-13 14:00:17,Producao,Sucesso
DEP-C01-P02-000377,C01-P02,2025-10-20 20:11:02,Dev,Sucesso
DEP-C01-P02-000378,C01-P02,2025-10-21 21:00:21,Staging,Sucesso
DEP-C01-P02-000379,C01-P02,2025-10-16 17:10:33,Dev,Sucesso
DEP-C01-P02-000380,C01-P02,2025-10-15 11:24:08,Dev,Sucesso
DEP-C01-P02-000381,C01-P02,2025-10-16 12:25:23,Dev,Sucesso
DEP-C01-P02-000382,C01-P02,2025-10-17 20:26:57,Dev,Sucesso
DEP-C01-P02-000383,C01-P02,2025-10-27 09:42:53,Dev,Sucesso
DEP-C01-P02-000384,C01-P02,2025-11-03 15:42:56,Staging,Sucesso
DEP-C01-P02-000385,C01-P02,2025-11-04 09:44:58,Dev,Sucesso
DEP-C01-P02-000386,C01-P02,2025-11-19 13:23:21,Staging,Sucesso
DEP-C01-P02-000387,C01-P02,2025-11-17 11:32:59,Dev,Sucesso
DEP-C01-P02-000388,C01-P02,2025-11-27 12:53:55,Dev,Sucesso
DEP-C01-P02-000389,C01-P02,2025-11-11 14:43:05,Producao,Sucesso
DEP-C01-P02-000390,C01-P02,2025-11-20 07:05:48,Producao,Sucesso
DEP-C01-P02-000391,C01-P02,2025-11-13 13:14:58,Producao,Sucesso
DEP-C01-P02-000392,C01-P02,2025-11-05 20:26:04,Dev,Sucesso
DEP-C01-P02-000393,C01-P02,2025-11-18 14:07:10,Dev,Sucesso
DEP-C01-P02-000394,C01-P02,2025-11-29 11:19:50,Dev,Falha
DEP-C01-P02-000395,C01-P02,2025-11-14 17:36:06,Dev,Sucesso
DEP-C01-P02-000396,C01-P02,2025-11-14 16:56:51,Dev,Sucesso
DEP-C01-P02-000397,C01-P02,2025-11-14 15:59:50,Dev,Sucesso
DEP-C01-P02-000398,C01-P02,2025-11-01 14:19:53,Dev,Sucesso
DEP-C01-P02-000399,C01-P02,2025-11-29 10:41:05,Dev,Sucesso
DEP-C01-P02-000400,C01-P02,2025-11-05 08:41:27,Dev,Sucesso
DEP-C01-P02-000401,C01-P02,2025-12-23 16:07:10,Dev,Sucesso
DEP-C01-P02-000402,C01-P02,2025-12-28 20:51:46,Dev,Sucesso
DEP-C01-P02-000403,C01-P02,2025-12-02 14:17:28,Producao,Revertido
DEP-C01-P02-000404,C01-P02,2025-12-03 12:19:44,Dev,Sucesso
DEP-C01-P02-000405,C01-P02,2025-12-23 11:51:36,Producao,Sucesso
DEP-C01-P02-000406,C01-P02,2025-12-15 17:55:56,Dev,Sucesso
DEP-C01-P02-000407,C01-P02,2025-12-07 21:33:50,Staging,Sucesso
DEP-C01-P02-000408,C01-P02,2025-12-09 13:10:40,Dev,Sucesso
DEP-C01-P02-000409,C01-P02,2025-12-15 11:03:27,Dev,Sucesso
DEP-C01-P02-000410,C01-P02,2025-12-08 09:24:06,Dev,Sucesso
DEP-C01-P02-000411,C01-P02,2025-12-03 11:52:26,Staging,Sucesso
DEP-C01-P02-000412,C01-P02,2025-12-12 18:44:29,Staging,Sucesso
DEP-C01-P02-000413,C01-P02,2025-12-08 07:44:49,Dev,Sucesso
DEP-C01-P02-000414,C01-P02,2026-01-20 16:42:57,Producao,Sucesso
DEP-C01-P02-000415,C01-P02,2026-01-14 10:39:47,Dev,Sucesso
DEP-C01-P02-000416,C01-P02,2026-01-25 15:07:43,Dev,Sucesso
DEP-C01-P02-000417,C01-P02,2026-01-24 14:32:09,Dev,Sucesso
DEP-C01-P02-000418,C01-P02,2026-01-17 10:46:38,Dev,Sucesso
DEP-C01-P02-000419,C01-P02,2026-01-30 21:35:56,Staging,Sucesso
DEP-C01-P02-000420,C01-P02,2026-01-26 08:47:44,Dev,Sucesso
DEP-C01-P02-000421,C01-P02,2026-01-14 15:48:41,Producao,Revertido
DEP-C01-P02-000422,C01-P02,2026-01-24 07:21:34,Dev,Sucesso
DEP-C01-P02-000423,C01-P02,2026-01-14 15:50:44,Staging,Sucesso
DEP-C01-P02-000424,C01-P02,2026-01-30 15:14:49,Staging,Sucesso
DEP-C01-P02-000425,C01-P02,2026-01-13 16:17:36,Dev,Sucesso
DEP-C01-P02-000426,C01-P02,2026-01-24 17:26:37,Dev,Sucesso
DEP-C01-P02-000427,C01-P02,2026-01-27 10:21:02,Producao,Sucesso
DEP-C01-P02-000428,C01-P02,2026-01-04 16:52:20,Staging,Sucesso
DEP-C01-P02-000429,C01-P02,2026-01-26 11:08:16,Dev,Sucesso
DEP-C01-P02-000430,C01-P02,2026-01-17 08:18:38,Dev,Sucesso
DEP-C01-P02-000431,C01-P02,2026-01-10 12:10:03,Staging,Falha
DEP-C01-P02-000432,C01-P02,2026-01-17 14:13:03,Dev,Revertido
DEP-C01-P02-000433,C01-P02,2026-01-29 12:17:08,Staging,Sucesso
DEP-C01-P02-000434,C01-P02,2026-01-20 10:23:54,Staging,Sucesso
DEP-C01-P02-000435,C01-P02,2026-01-08 10:24:05,Staging,Sucesso
DEP-C01-P02-000436,C01-P02,2026-01-20 09:37:31,Dev,Sucesso
DEP-C01-P02-000437,C01-P02,2026-01-30 18:50:55,Staging,Sucesso
DEP-C01-P02-000438,C01-P02,2026-01-30 11:33:11,Dev,Sucesso
DEP-C01-P02-000439,C01-P02,2026-02-02 18:28:00,Staging,Sucesso
DEP-C01-P02-000440,C01-P02,2026-02-15 13:35:38,Staging,Sucesso
DEP-C01-P02-000441,C01-P02,2026-02-06 10:50:53,Dev,Sucesso
DEP-C01-P02-000442,C01-P02,2026-02-01 11:35:28,Producao,Sucesso
DEP-C01-P02-000443,C01-P02,2026-02-08 19:31:26,Staging,Sucesso
DEP-C01-P02-000444,C01-P02,2026-02-03 16:58:47,Staging,Sucesso
DEP-C01-P02-000445,C01-P02,2026-02-07 13:07:47,Dev,Revertido
DEP-C01-P02-000446,C01-P02,2026-02-11 15:00:58,Producao,Sucesso
DEP-C01-P02-000447,C01-P02,2026-02-03 21:59:05,Dev,Sucesso
DEP-C01-P02-000448,C01-P02,2026-02-13 19:33:36,Dev,Sucesso
DEP-C01-P02-000449,C01-P02,2026-02-23 14:58:50,Dev,Sucesso
DEP-C01-P02-000450,C01-P02,2026-02-03 21:43:29,Producao,Sucesso
DEP-C01-P02-000451,C01-P02,2026-02-24 20:44:19,Staging,Sucesso
DEP-C01-P02-000452,C01-P02,2026-02-12 08:13:53,Producao,Sucesso
DEP-C01-P02-000453,C01-P02,2026-02-06 07:46:20,Staging,Sucesso
DEP-C01-P02-000454,C01-P02,2026-02-08 13:25:50,Dev,Sucesso
DEP-C01-P02-000455,C01-P02,2026-02-02 07:10:27,Producao,Sucesso
DEP-C01-P02-000456,C01-P02,2026-02-04 19:17:01,Producao,Sucesso
DEP-C01-P02-000457,C01-P02,2026-02-05 08:23:06,Dev,Sucesso
DEP-C01-P02-000458,C01-P02,2026-02-25 12:32:15,Dev,Sucesso
DEP-C01-P02-000459,C01-P02,2026-02-17 07:27:03,Staging,Sucesso
DEP-C01-P02-000460,C01-P02,2026-02-01 15:02:38,Dev,Sucesso
DEP-C01-P02-000461,C01-P02,2026-02-15 16:10:06,Dev,Sucesso
DEP-C01-P02-000462,C01-P02,2026-02-04 12:00:58,Staging,Revertido
DEP-C01-P02-000463,C01-P02,2026-03-16 14:19:53,Staging,Sucesso
DEP-C01-P02-000464,C01-P02,2026-03-17 20:08:17,Dev,Falha
DEP-C01-P02-000465,C01-P02,2026-03-29 09:10:39,Staging,Sucesso
DEP-C01-P02-000466,C01-P02,2026-03-31 13:43:48,Dev,Sucesso
DEP-C01-P02-000467,C01-P02,2026-03-28 20:48:50,Staging,Sucesso
DEP-C01-P02-000468,C01-P02,2026-03-28 10:26:38,Dev,Sucesso
DEP-C01-P02-000469,C01-P02,2026-03-20 09:11:55,Staging,Sucesso
DEP-C01-P02-000470,C01-P02,2026-03-24 19:31:09,Dev,Sucesso
DEP-C01-P02-000471,C01-P02,2026-03-19 12:01:55,Staging,Sucesso
DEP-C01-P02-000472,C01-P02,2026-03-16 21:56:07,Staging,Sucesso
DEP-C01-P02-000473,C01-P02,2026-03-04 09:13:07,Dev,Falha
DEP-C01-P02-000474,C01-P02,2026-03-15 08:38:07,Producao,Sucesso
DEP-C01-P02-000475,C01-P02,2026-03-27 17:13:06,Producao,Revertido
DEP-C01-P02-000476,C01-P02,2026-03-16 08:09:32,Dev,Sucesso
DEP-C01-P02-000477,C01-P02,2026-03-30 11:29:51,Dev,Sucesso
DEP-C01-P02-000478,C01-P02,2026-03-13 12:09:13,Staging,Sucesso
DEP-C01-P02-000479,C01-P02,2026-03-27 13:54:30,Dev,Sucesso
DEP-C01-P02-000480,C01-P02,2026-03-28 08:49:36,Dev,Sucesso
DEP-C01-P02-000481,C01-P02,2026-03-02 07:22:41,Staging,Sucesso
DEP-C01-P02-000482,C01-P02,2026-03-04 14:04:00,Staging,Sucesso
DEP-C01-P02-000483,C01-P02,2026-03-06 20:06:18,Dev,Sucesso
DEP-C01-P02-000484,C01-P02,2026-03-17 19:20:04,Dev,Sucesso
DEP-C01-P02-000485,C01-P02,2026-03-09 12:47:41,Staging,Falha
DEP-C01-P02-000486,C01-P02,2026-03-17 14:24:54,Producao,Sucesso
DEP-C01-P02-000487,C01-P02,2026-03-16 13:50:10,Dev,Sucesso
DEP-C01-P02-000488,C01-P02,2026-03-22 21:10:25,Staging,Sucesso
DEP-C01-P02-000489,C01-P02,2026-03-11 12:09:21,Staging,Sucesso
DEP-C01-P02-000490,C01-P02,2026-04-18 17:53:56,Dev,Sucesso
DEP-C01-P02-000491,C01-P02,2026-04-26 15:46:15,Producao,Sucesso
DEP-C01-P02-000492,C01-P02,2026-04-03 14:26:57,Staging,Sucesso
DEP-C01-P02-000493,C01-P02,2026-04-24 16:00:07,Dev,Sucesso
DEP-C01-P02-000494,C01-P02,2026-04-18 09:04:26,Dev,Sucesso
DEP-C01-P02-000495,C01-P02,2026-04-06 11:15:27,Dev,Sucesso
DEP-C01-P02-000496,C01-P02,2026-04-15 17:28:44,Staging,Sucesso
DEP-C01-P02-000497,C01-P02,2026-04-23 12:26:34,Dev,Falha
DEP-C01-P02-000498,C01-P02,2026-04-15 20:26:10,Dev,Sucesso
DEP-C01-P02-000499,C01-P02,2026-04-20 14:09:29,Dev,Sucesso
DEP-C01-P02-000500,C01-P02,2026-04-23 13:32:34,Dev,Sucesso
DEP-C01-P02-000501,C01-P02,2026-04-05 19:45:27,Producao,Sucesso
DEP-C01-P02-000502,C01-P02,2026-04-15 07:47:06,Dev,Sucesso
DEP-C01-P02-000503,C01-P02,2026-04-04 20:43:25,Producao,Sucesso
DEP-C01-P02-000504,C01-P02,2026-04-16 09:14:36,Dev,Sucesso
DEP-C01-P02-000505,C01-P02,2026-04-27 21:02:23,Dev,Sucesso
DEP-C01-P02-000506,C01-P02,2026-04-18 11:15:30,Staging,Sucesso
DEP-C01-P02-000507,C01-P02,2026-04-19 16:39:48,Dev,Sucesso
DEP-C01-P02-000508,C01-P02,2026-04-23 14:25:15,Producao,Sucesso
DEP-C01-P02-000509,C01-P02,2026-04-15 11:42:08,Dev,Revertido
DEP-C01-P02-000510,C01-P02,2026-04-05 13:17:05,Dev,Sucesso
DEP-C01-P02-000511,C01-P02,2026-04-28 18:43:41,Staging,Sucesso
DEP-C01-P02-000512,C01-P02,2026-04-19 08:17:10,Dev,Sucesso
DEP-C01-P02-000513,C01-P02,2026-04-02 10:56:45,Dev,Sucesso
DEP-C01-P02-000514,C01-P02,2026-04-17 10:09:03,Staging,Sucesso
DEP-C01-P02-000515,C01-P02,2026-04-25 21:14:42,Dev,Sucesso
DEP-C01-P02-000516,C01-P02,2026-04-28 12:59:32,Staging,Sucesso
DEP-C01-P02-000517,C01-P02,2026-05-07 18:56:44,Dev,Sucesso
DEP-C01-P02-000518,C01-P02,2026-05-14 19:04:14,Staging,Sucesso
DEP-C01-P02-000519,C01-P02,2026-05-09 07:21:27,Dev,Sucesso
DEP-C01-P02-000520,C01-P02,2026-05-29 10:21:02,Dev,Sucesso
DEP-C01-P02-000521,C01-P02,2026-05-11 19:33:01,Staging,Sucesso
DEP-C01-P02-000522,C01-P02,2026-05-20 07:00:50,Dev,Sucesso
DEP-C01-P02-000523,C01-P02,2026-05-10 13:32:23,Dev,Sucesso
DEP-C01-P02-000524,C01-P02,2026-05-28 14:15:23,Dev,Sucesso
DEP-C01-P02-000525,C01-P02,2026-05-02 14:12:01,Staging,Sucesso
DEP-C01-P02-000526,C01-P02,2026-05-14 19:45:58,Producao,Sucesso
DEP-C01-P02-000527,C01-P02,2026-05-03 07:11:09,Staging,Sucesso
DEP-C01-P02-000528,C01-P02,2026-05-12 15:34:17,Producao,Sucesso
DEP-C01-P02-000529,C01-P02,2026-05-03 14:48:29,Staging,Sucesso
DEP-C01-P02-000530,C01-P02,2026-05-03 13:26:55,Staging,Sucesso
DEP-C01-P02-000531,C01-P02,2026-05-09 09:29:31,Dev,Sucesso
DEP-C01-P02-000532,C01-P02,2026-05-13 16:35:55,Dev,Sucesso
DEP-C01-P02-000533,C01-P02,2026-05-17 08:11:48,Dev,Sucesso
DEP-C01-P02-000534,C01-P02,2026-05-01 09:23:26,Staging,Sucesso
DEP-C01-P02-000535,C01-P02,2026-05-02 17:30:17,Dev,Sucesso
DEP-C01-P02-000536,C01-P02,2026-06-15 18:35:08,Dev,Sucesso
DEP-C01-P02-000537,C01-P02,2026-06-18 08:42:59,Dev,Sucesso
DEP-C01-P02-000538,C01-P02,2026-06-19 08:02:01,Dev,Sucesso
DEP-C01-P02-000539,C01-P02,2026-06-10 12:14:46,Staging,Sucesso
DEP-C01-P02-000540,C01-P02,2026-06-07 10:09:59,Staging,Sucesso
DEP-C01-P02-000541,C01-P02,2026-06-04 13:18:27,Dev,Sucesso
DEP-C01-P02-000542,C01-P02,2026-06-14 11:32:38,Dev,Sucesso
DEP-C01-P02-000543,C01-P02,2026-06-21 12:47:32,Staging,Revertido
DEP-C01-P02-000544,C01-P02,2026-06-29 12:31:34,Staging,Sucesso
DEP-C01-P02-000545,C01-P02,2026-06-23 15:14:23,Dev,Sucesso
DEP-C01-P02-000546,C01-P02,2026-06-19 13:26:40,Dev,Sucesso
DEP-C01-P02-000547,C01-P02,2026-06-08 11:28:49,Dev,Sucesso
DEP-C01-P02-000548,C01-P02,2026-06-17 07:02:27,Staging,Revertido
DEP-C01-P02-000549,C01-P02,2026-06-02 13:57:39,Staging,Sucesso
DEP-C01-P02-000550,C01-P02,2026-06-19 13:17:54,Dev,Sucesso
DEP-C01-P02-000551,C01-P02,2026-06-25 08:29:11,Producao,Sucesso
DEP-C01-P02-000552,C01-P02,2026-06-13 08:07:50,Dev,Sucesso
DEP-C01-P02-000553,C01-P02,2026-06-24 15:12:29,Dev,Sucesso
DEP-C01-P02-000554,C01-P02,2026-06-24 15:33:45,Producao,Sucesso
DEP-C01-P02-000555,C01-P02,2026-06-30 21:44:39,Staging,Sucesso
DEP-C01-P02-000556,C01-P02,2026-06-12 17:47:22,Producao,Sucesso
DEP-C01-P02-000557,C01-P02,2026-06-14 21:01:58,Dev,Sucesso
DEP-C01-P02-000558,C01-P02,2026-06-28 10:47:02,Staging,Sucesso
DEP-C01-P02-000559,C01-P02,2026-06-15 12:30:05,Dev,Sucesso
DEP-C01-P02-000560,C01-P02,2026-06-23 10:16:46,Staging,Sucesso
DEP-C01-P02-000561,C01-P02,2026-06-19 14:25:09,Staging,Sucesso
DEP-C01-P02-000562,C01-P02,2026-07-20 08:28:50,Dev,Sucesso
DEP-C01-P02-000563,C01-P02,2026-07-03 13:37:44,Producao,Falha
DEP-C01-P02-000564,C01-P02,2026-07-06 16:50:29,Dev,Sucesso
DEP-C01-P02-000565,C01-P02,2026-07-08 13:15:10,Producao,Sucesso
DEP-C01-P02-000566,C01-P02,2026-07-20 08:47:07,Dev,Sucesso
DEP-C01-P02-000567,C01-P02,2026-07-24 13:10:57,Staging,Sucesso
DEP-C01-P02-000568,C01-P02,2026-07-03 15:42:24,Dev,Sucesso
DEP-C01-P02-000569,C01-P02,2026-07-05 18:42:55,Dev,Revertido
DEP-C01-P02-000570,C01-P02,2026-07-12 08:11:35,Producao,Sucesso
DEP-C01-P02-000571,C01-P02,2026-07-23 17:38:21,Dev,Sucesso
DEP-C01-P02-000572,C01-P02,2026-07-24 08:33:12,Dev,Sucesso
DEP-C01-P02-000573,C01-P02,2026-07-31 11:58:48,Dev,Sucesso
DEP-C01-P02-000574,C01-P02,2026-07-09 09:22:37,Staging,Sucesso
DEP-C01-P02-000575,C01-P02,2026-07-26 07:57:17,Dev,Sucesso
DEP-C01-P02-000576,C01-P02,2026-07-17 12:41:16,Staging,Sucesso
DEP-C01-P02-000577,C01-P02,2026-07-12 15:19:06,Dev,Falha
DEP-C01-P02-000578,C01-P02,2026-07-02 16:57:07,Staging,Sucesso
DEP-C01-P02-000579,C01-P02,2026-07-07 09:52:15,Dev,Sucesso
DEP-C01-P02-000580,C01-P02,2026-07-31 21:59:23,Staging,Sucesso
DEP-C01-P02-000581,C01-P02,2026-07-08 15:31:18,Producao,Sucesso
DEP-C01-P02-000582,C01-P02,2026-07-25 19:23:44,Dev,Sucesso
DEP-C01-P02-000583,C01-P02,2026-07-22 07:40:29,Staging,Sucesso
DEP-C01-P02-000584,C01-P02,2026-07-14 17:43:59,Dev,Sucesso
DEP-C01-P03-000585,C01-P03,2025-10-29 12:50:22,Dev,Sucesso
DEP-C01-P03-000586,C01-P03,2025-10-11 10:18:31,Dev,Revertido
DEP-C01-P03-000587,C01-P03,2025-10-08 13:40:47,Producao,Revertido
DEP-C01-P03-000588,C01-P03,2025-10-04 20:12:32,Staging,Sucesso
DEP-C01-P03-000589,C01-P03,2025-10-29 09:10:19,Dev,Sucesso
DEP-C01-P03-000590,C01-P03,2025-10-10 10:17:55,Staging,Falha
DEP-C01-P03-000591,C01-P03,2025-10-16 09:47:20,Producao,Revertido
DEP-C01-P03-000592,C01-P03,2025-10-11 07:25:54,Dev,Sucesso
DEP-C01-P03-000593,C01-P03,2025-10-11 19:44:50,Staging,Sucesso
DEP-C01-P03-000594,C01-P03,2025-10-10 11:39:28,Producao,Sucesso
DEP-C01-P03-000595,C01-P03,2025-10-02 17:39:19,Staging,Sucesso
DEP-C01-P03-000596,C01-P03,2025-10-27 07:27:37,Producao,Falha
DEP-C01-P03-000597,C01-P03,2025-10-12 10:12:21,Staging,Sucesso
DEP-C01-P03-000598,C01-P03,2025-10-30 21:15:52,Producao,Sucesso
DEP-C01-P03-000599,C01-P03,2025-10-31 11:25:03,Staging,Sucesso
DEP-C01-P03-000600,C01-P03,2025-10-15 08:10:29,Producao,Sucesso
DEP-C01-P03-000601,C01-P03,2025-10-27 08:42:51,Dev,Sucesso
DEP-C01-P03-000602,C01-P03,2025-10-04 15:03:27,Dev,Sucesso
DEP-C01-P03-000603,C01-P03,2025-10-29 09:47:44,Staging,Sucesso
DEP-C01-P03-000604,C01-P03,2025-10-20 16:50:35,Dev,Sucesso
DEP-C01-P03-000605,C01-P03,2025-10-29 12:16:10,Dev,Sucesso
DEP-C01-P03-000606,C01-P03,2025-11-08 18:55:33,Dev,Sucesso
DEP-C01-P03-000607,C01-P03,2025-11-16 19:44:48,Dev,Falha
DEP-C01-P03-000608,C01-P03,2025-11-01 18:30:06,Producao,Sucesso
DEP-C01-P03-000609,C01-P03,2025-11-05 17:16:58,Dev,Sucesso
DEP-C01-P03-000610,C01-P03,2025-11-02 14:15:54,Staging,Sucesso
DEP-C01-P03-000611,C01-P03,2025-11-29 14:44:55,Dev,Sucesso
DEP-C01-P03-000612,C01-P03,2025-11-25 21:01:00,Dev,Sucesso
DEP-C01-P03-000613,C01-P03,2025-11-26 11:37:45,Dev,Sucesso
DEP-C01-P03-000614,C01-P03,2025-11-11 13:53:09,Dev,Sucesso
DEP-C01-P03-000615,C01-P03,2025-11-02 16:33:16,Dev,Sucesso
DEP-C01-P03-000616,C01-P03,2025-11-07 12:12:05,Producao,Falha
DEP-C01-P03-000617,C01-P03,2025-11-03 14:19:42,Producao,Sucesso
DEP-C01-P03-000618,C01-P03,2025-11-19 13:37:33,Dev,Sucesso
DEP-C01-P03-000619,C01-P03,2025-11-30 17:39:09,Dev,Sucesso
DEP-C01-P03-000620,C01-P03,2025-11-24 18:33:43,Dev,Sucesso
DEP-C01-P03-000621,C01-P03,2025-11-30 10:26:28,Dev,Sucesso
DEP-C01-P03-000622,C01-P03,2025-11-10 20:22:10,Staging,Sucesso
DEP-C01-P03-000623,C01-P03,2025-11-13 13:31:19,Dev,Sucesso
DEP-C01-P03-000624,C01-P03,2025-11-09 08:23:21,Staging,Sucesso
DEP-C01-P03-000625,C01-P03,2025-11-08 08:03:17,Producao,Sucesso
DEP-C01-P03-000626,C01-P03,2025-11-17 18:45:14,Dev,Sucesso
DEP-C01-P03-000627,C01-P03,2025-11-21 10:17:27,Dev,Sucesso
DEP-C01-P03-000628,C01-P03,2025-11-11 09:05:20,Staging,Falha
DEP-C01-P03-000629,C01-P03,2025-11-22 19:57:35,Dev,Falha
DEP-C01-P03-000630,C01-P03,2025-11-14 15:28:33,Dev,Sucesso
DEP-C01-P03-000631,C01-P03,2025-12-09 17:26:38,Dev,Sucesso
DEP-C01-P03-000632,C01-P03,2025-12-04 17:15:33,Staging,Sucesso
DEP-C01-P03-000633,C01-P03,2025-12-13 18:04:41,Staging,Sucesso
DEP-C01-P03-000634,C01-P03,2025-12-24 18:47:39,Staging,Revertido
DEP-C01-P03-000635,C01-P03,2025-12-26 08:28:24,Staging,Sucesso
DEP-C01-P03-000636,C01-P03,2025-12-13 16:09:34,Staging,Sucesso
DEP-C01-P03-000637,C01-P03,2025-12-22 18:33:29,Staging,Sucesso
DEP-C01-P03-000638,C01-P03,2025-12-12 20:55:37,Staging,Falha
DEP-C01-P03-000639,C01-P03,2025-12-24 08:35:51,Staging,Sucesso
DEP-C01-P03-000640,C01-P03,2025-12-04 08:23:05,Producao,Sucesso
DEP-C01-P03-000641,C01-P03,2025-12-02 17:08:58,Producao,Sucesso
DEP-C01-P03-000642,C01-P03,2025-12-22 18:16:09,Dev,Sucesso
DEP-C01-P03-000643,C01-P03,2025-12-21 19:44:33,Dev,Sucesso
DEP-C01-P03-000644,C01-P03,2025-12-05 07:36:17,Dev,Sucesso
DEP-C01-P03-000645,C01-P03,2025-12-07 08:42:49,Dev,Sucesso
DEP-C01-P03-000646,C01-P03,2025-12-28 07:57:27,Dev,Revertido
DEP-C01-P03-000647,C01-P03,2025-12-22 19:04:02,Dev,Sucesso
DEP-C01-P03-000648,C01-P03,2025-12-24 07:03:46,Dev,Sucesso
DEP-C01-P03-000649,C01-P03,2025-12-17 19:42:43,Dev,Falha
DEP-C01-P03-000650,C01-P03,2025-12-13 10:48:52,Staging,Sucesso
DEP-C01-P03-000651,C01-P03,2025-12-06 07:47:02,Staging,Sucesso
DEP-C01-P03-000652,C01-P03,2025-12-10 18:05:20,Producao,Sucesso
DEP-C01-P03-000653,C01-P03,2025-12-06 19:31:34,Dev,Sucesso
DEP-C01-P03-000654,C01-P03,2025-12-22 13:09:42,Dev,Falha
DEP-C01-P03-000655,C01-P03,2026-01-13 20:59:54,Staging,Sucesso
DEP-C01-P03-000656,C01-P03,2026-01-08 16:59:12,Staging,Sucesso
DEP-C01-P03-000657,C01-P03,2026-01-23 21:24:44,Dev,Sucesso
DEP-C01-P03-000658,C01-P03,2026-01-03 13:46:59,Dev,Sucesso
DEP-C01-P03-000659,C01-P03,2026-01-09 20:14:54,Staging,Sucesso
DEP-C01-P03-000660,C01-P03,2026-01-22 18:48:08,Staging,Sucesso
DEP-C01-P03-000661,C01-P03,2026-01-19 15:31:48,Dev,Sucesso
DEP-C01-P03-000662,C01-P03,2026-01-19 20:31:41,Staging,Sucesso
DEP-C01-P03-000663,C01-P03,2026-01-08 11:32:03,Dev,Sucesso
DEP-C01-P03-000664,C01-P03,2026-01-15 10:02:49,Producao,Sucesso
DEP-C01-P03-000665,C01-P03,2026-01-27 10:22:14,Dev,Sucesso
DEP-C01-P03-000666,C01-P03,2026-01-13 12:32:28,Staging,Sucesso
DEP-C01-P03-000667,C01-P03,2026-01-16 10:50:54,Producao,Sucesso
DEP-C01-P03-000668,C01-P03,2026-01-23 20:21:00,Dev,Sucesso
DEP-C01-P03-000669,C01-P03,2026-01-03 08:10:19,Dev,Sucesso
DEP-C01-P03-000670,C01-P03,2026-01-24 21:24:14,Staging,Sucesso
DEP-C01-P03-000671,C01-P03,2026-02-12 18:17:31,Producao,Sucesso
DEP-C01-P03-000672,C01-P03,2026-02-20 11:42:22,Dev,Sucesso
DEP-C01-P03-000673,C01-P03,2026-02-13 10:46:05,Dev,Sucesso
DEP-C01-P03-000674,C01-P03,2026-02-04 07:33:38,Dev,Sucesso
DEP-C01-P03-000675,C01-P03,2026-02-05 16:13:59,Dev,Sucesso
DEP-C01-P03-000676,C01-P03,2026-02-21 07:25:53,Dev,Sucesso
DEP-C01-P03-000677,C01-P03,2026-02-26 13:19:52,Dev,Sucesso
DEP-C01-P03-000678,C01-P03,2026-02-10 14:16:22,Staging,Sucesso
DEP-C01-P03-000679,C01-P03,2026-02-27 17:25:05,Staging,Sucesso
DEP-C01-P03-000680,C01-P03,2026-02-10 07:57:27,Staging,Sucesso
DEP-C01-P03-000681,C01-P03,2026-02-26 19:36:48,Dev,Revertido
DEP-C01-P03-000682,C01-P03,2026-02-04 07:16:01,Producao,Sucesso
DEP-C01-P03-000683,C01-P03,2026-02-12 10:42:56,Staging,Sucesso
DEP-C01-P03-000684,C01-P03,2026-02-21 21:58:10,Dev,Sucesso
DEP-C01-P03-000685,C01-P03,2026-02-06 09:56:30,Staging,Sucesso
DEP-C01-P03-000686,C01-P03,2026-03-12 11:08:16,Dev,Sucesso
DEP-C01-P03-000687,C01-P03,2026-03-24 15:47:46,Dev,Sucesso
DEP-C01-P03-000688,C01-P03,2026-03-23 07:47:42,Dev,Sucesso
DEP-C01-P03-000689,C01-P03,2026-03-08 20:46:40,Staging,Sucesso
DEP-C01-P03-000690,C01-P03,2026-03-10 10:36:43,Staging,Sucesso
DEP-C01-P03-000691,C01-P03,2026-03-17 07:41:40,Staging,Sucesso
DEP-C01-P03-000692,C01-P03,2026-03-02 15:28:19,Dev,Sucesso
DEP-C01-P03-000693,C01-P03,2026-03-31 16:06:26,Producao,Sucesso
DEP-C01-P03-000694,C01-P03,2026-03-02 08:07:45,Dev,Sucesso
DEP-C01-P03-000695,C01-P03,2026-03-06 17:10:38,Staging,Sucesso
DEP-C01-P03-000696,C01-P03,2026-03-12 17:19:56,Staging,Sucesso
DEP-C01-P03-000697,C01-P03,2026-03-16 21:04:57,Dev,Sucesso
DEP-C01-P03-000698,C01-P03,2026-03-13 17:13:33,Dev,Sucesso
DEP-C01-P03-000699,C01-P03,2026-03-11 08:09:16,Staging,Sucesso
DEP-C01-P03-000700,C01-P03,2026-03-22 15:17:00,Dev,Sucesso
DEP-C01-P03-000701,C01-P03,2026-03-08 11:00:28,Dev,Sucesso
DEP-C01-P03-000702,C01-P03,2026-03-12 21:15:40,Dev,Sucesso
DEP-C01-P03-000703,C01-P03,2026-03-27 07:46:22,Staging,Sucesso
DEP-C01-P03-000704,C01-P03,2026-03-03 20:57:06,Dev,Sucesso
DEP-C01-P03-000705,C01-P03,2026-04-30 19:30:37,Dev,Sucesso
DEP-C01-P03-000706,C01-P03,2026-04-17 14:11:48,Staging,Falha
DEP-C01-P03-000707,C01-P03,2026-04-11 16:16:40,Producao,Sucesso
DEP-C01-P03-000708,C01-P03,2026-04-09 17:00:13,Dev,Sucesso
DEP-C01-P03-000709,C01-P03,2026-04-16 20:07:08,Dev,Sucesso
DEP-C01-P03-000710,C01-P03,2026-04-17 15:41:54,Producao,Sucesso
DEP-C01-P03-000711,C01-P03,2026-04-29 12:52:17,Staging,Falha
DEP-C01-P03-000712,C01-P03,2026-04-05 16:12:41,Dev,Sucesso
DEP-C01-P03-000713,C01-P03,2026-04-28 07:42:42,Producao,Sucesso
DEP-C01-P03-000714,C01-P03,2026-04-24 18:35:39,Producao,Sucesso
DEP-C01-P03-000715,C01-P03,2026-04-18 09:34:55,Dev,Falha
DEP-C01-P03-000716,C01-P03,2026-04-06 18:43:45,Dev,Sucesso
DEP-C01-P03-000717,C01-P03,2026-04-27 17:13:43,Dev,Sucesso
DEP-C01-P03-000718,C01-P03,2026-04-30 20:02:12,Staging,Sucesso
DEP-C01-P03-000719,C01-P03,2026-04-20 16:26:25,Producao,Falha
DEP-C01-P03-000720,C01-P03,2026-04-18 09:16:41,Dev,Sucesso
DEP-C01-P03-000721,C01-P03,2026-04-07 08:54:31,Staging,Sucesso
DEP-C01-P03-000722,C01-P03,2026-05-02 20:52:01,Dev,Sucesso
DEP-C01-P03-000723,C01-P03,2026-05-29 11:49:45,Staging,Sucesso
DEP-C01-P03-000724,C01-P03,2026-05-27 08:10:13,Dev,Sucesso
DEP-C01-P03-000725,C01-P03,2026-05-15 19:54:04,Dev,Revertido
DEP-C01-P03-000726,C01-P03,2026-05-28 12:10:52,Staging,Falha
DEP-C01-P03-000727,C01-P03,2026-05-16 18:33:50,Producao,Revertido
DEP-C01-P03-000728,C01-P03,2026-05-03 07:04:01,Dev,Sucesso
DEP-C01-P03-000729,C01-P03,2026-05-04 07:56:12,Staging,Sucesso
DEP-C01-P03-000730,C01-P03,2026-05-21 16:43:24,Dev,Sucesso
DEP-C01-P03-000731,C01-P03,2026-05-05 20:34:56,Dev,Sucesso
DEP-C01-P03-000732,C01-P03,2026-05-08 19:29:03,Dev,Sucesso
DEP-C01-P03-000733,C01-P03,2026-05-20 14:30:10,Dev,Sucesso
DEP-C01-P03-000734,C01-P03,2026-05-22 10:59:54,Dev,Sucesso
DEP-C01-P03-000735,C01-P03,2026-05-02 19:15:16,Dev,Sucesso
DEP-C01-P03-000736,C01-P03,2026-05-07 09:15:18,Staging,Sucesso
DEP-C01-P03-000737,C01-P03,2026-05-17 09:30:24,Dev,Falha
DEP-C01-P03-000738,C01-P03,2026-05-25 17:23:30,Staging,Sucesso
DEP-C01-P03-000739,C01-P03,2026-05-13 09:56:34,Dev,Sucesso
DEP-C01-P03-000740,C01-P03,2026-05-15 14:59:16,Producao,Sucesso
DEP-C01-P03-000741,C01-P03,2026-05-08 08:45:33,Dev,Sucesso
DEP-C01-P03-000742,C01-P03,2026-06-26 18:04:38,Dev,Sucesso
DEP-C01-P03-000743,C01-P03,2026-06-25 19:06:51,Dev,Sucesso
DEP-C01-P03-000744,C01-P03,2026-06-13 15:29:03,Dev,Sucesso
DEP-C01-P03-000745,C01-P03,2026-06-18 15:55:12,Dev,Sucesso
DEP-C01-P03-000746,C01-P03,2026-06-28 11:44:23,Dev,Revertido
DEP-C01-P03-000747,C01-P03,2026-06-29 09:23:27,Dev,Sucesso
DEP-C01-P03-000748,C01-P03,2026-06-04 08:13:22,Dev,Sucesso
DEP-C01-P03-000749,C01-P03,2026-06-10 07:44:36,Producao,Sucesso
DEP-C01-P03-000750,C01-P03,2026-06-14 18:10:57,Staging,Sucesso
DEP-C01-P03-000751,C01-P03,2026-06-29 07:46:34,Dev,Sucesso
DEP-C01-P03-000752,C01-P03,2026-06-25 12:20:24,Staging,Sucesso
DEP-C01-P03-000753,C01-P03,2026-06-03 08:24:41,Producao,Sucesso
DEP-C01-P03-000754,C01-P03,2026-06-24 12:31:25,Staging,Sucesso
DEP-C01-P03-000755,C01-P03,2026-06-07 21:05:11,Dev,Falha
DEP-C01-P03-000756,C01-P03,2026-06-06 15:37:53,Producao,Sucesso
DEP-C01-P03-000757,C01-P03,2026-06-01 13:17:42,Dev,Revertido
DEP-C01-P03-000758,C01-P03,2026-06-11 12:44:16,Dev,Falha
DEP-C01-P03-000759,C01-P03,2026-06-06 21:16:54,Dev,Sucesso
DEP-C01-P03-000760,C01-P03,2026-06-19 21:00:01,Staging,Sucesso
DEP-C01-P03-000761,C01-P03,2026-06-03 09:08:59,Producao,Sucesso
DEP-C01-P03-000762,C01-P03,2026-06-29 13:43:38,Dev,Sucesso
DEP-C01-P03-000763,C01-P03,2026-06-19 12:42:02,Dev,Sucesso
DEP-C01-P03-000764,C01-P03,2026-06-15 19:45:29,Staging,Sucesso
DEP-C01-P03-000765,C01-P03,2026-07-31 07:49:40,Dev,Sucesso
DEP-C01-P03-000766,C01-P03,2026-07-13 09:36:52,Staging,Sucesso
DEP-C01-P03-000767,C01-P03,2026-07-03 19:50:25,Dev,Sucesso
DEP-C01-P03-000768,C01-P03,2026-07-05 14:33:24,Staging,Sucesso
DEP-C01-P03-000769,C01-P03,2026-07-27 20:49:36,Dev,Sucesso
DEP-C01-P03-000770,C01-P03,2026-07-05 13:49:38,Dev,Falha
DEP-C01-P03-000771,C01-P03,2026-07-13 15:35:53,Staging,Falha
DEP-C01-P03-000772,C01-P03,2026-07-04 16:24:13,Dev,Sucesso
DEP-C01-P03-000773,C01-P03,2026-07-15 08:44:49,Producao,Sucesso
DEP-C01-P03-000774,C01-P03,2026-07-20 18:29:40,Staging,Sucesso
DEP-C01-P03-000775,C01-P03,2026-07-13 19:29:31,Staging,Sucesso
DEP-C01-P03-000776,C01-P03,2026-07-13 13:19:33,Staging,Sucesso
DEP-C01-P03-000777,C01-P03,2026-07-03 14:34:39,Producao,Sucesso
DEP-C01-P04-000778,C01-P04,2025-08-04 19:15:30,Staging,Sucesso
DEP-C01-P04-000779,C01-P04,2025-08-11 09:51:21,Staging,Sucesso
DEP-C01-P04-000780,C01-P04,2025-08-20 13:26:00,Dev,Falha
DEP-C01-P04-000781,C01-P04,2025-08-28 10:27:10,Producao,Sucesso
DEP-C01-P04-000782,C01-P04,2025-08-22 18:40:11,Dev,Sucesso
DEP-C01-P04-000783,C01-P04,2025-08-03 19:19:52,Dev,Falha
DEP-C01-P04-000784,C01-P04,2025-08-15 17:06:10,Dev,Falha
DEP-C01-P04-000785,C01-P04,2025-08-20 15:56:27,Dev,Sucesso
DEP-C01-P04-000786,C01-P04,2025-08-18 13:19:45,Dev,Sucesso
DEP-C01-P04-000787,C01-P04,2025-08-08 20:13:15,Producao,Sucesso
DEP-C01-P04-000788,C01-P04,2025-08-29 07:13:36,Producao,Sucesso
DEP-C01-P04-000789,C01-P04,2025-08-03 18:40:09,Dev,Sucesso
DEP-C01-P04-000790,C01-P04,2025-08-16 16:48:18,Dev,Sucesso
DEP-C01-P04-000791,C01-P04,2025-08-20 21:00:15,Producao,Sucesso
DEP-C01-P04-000792,C01-P04,2025-08-18 17:08:07,Staging,Sucesso
DEP-C01-P04-000793,C01-P04,2025-08-23 17:21:04,Dev,Sucesso
DEP-C01-P04-000794,C01-P04,2025-08-17 08:00:38,Dev,Sucesso
DEP-C01-P04-000795,C01-P04,2025-08-13 16:44:35,Dev,Sucesso
DEP-C01-P04-000796,C01-P04,2025-08-22 18:09:18,Dev,Sucesso
DEP-C01-P04-000797,C01-P04,2025-08-19 18:16:44,Dev,Falha
DEP-C01-P04-000798,C01-P04,2025-08-12 18:26:21,Dev,Sucesso
DEP-C01-P04-000799,C01-P04,2025-08-21 09:12:01,Dev,Falha
DEP-C01-P04-000800,C01-P04,2025-08-23 08:20:13,Dev,Sucesso
DEP-C01-P04-000801,C01-P04,2025-08-01 13:07:52,Dev,Sucesso
DEP-C01-P04-000802,C01-P04,2025-08-10 13:01:07,Producao,Sucesso
DEP-C01-P04-000803,C01-P04,2025-11-29 16:06:24,Staging,Sucesso
DEP-C01-P04-000804,C01-P04,2025-11-28 16:07:10,Dev,Sucesso
DEP-C01-P04-000805,C01-P04,2025-11-16 12:43:34,Staging,Sucesso
DEP-C01-P04-000806,C01-P04,2025-11-07 19:39:22,Dev,Sucesso
DEP-C01-P04-000807,C01-P04,2025-11-24 16:30:07,Producao,Sucesso
DEP-C01-P04-000808,C01-P04,2025-11-04 13:01:19,Staging,Sucesso
DEP-C01-P04-000809,C01-P04,2025-11-13 20:02:43,Staging,Sucesso
DEP-C01-P04-000810,C01-P04,2025-11-14 10:42:25,Dev,Sucesso
DEP-C01-P04-000811,C01-P04,2025-11-22 17:56:55,Dev,Revertido
DEP-C01-P04-000812,C01-P04,2025-11-20 14:54:47,Dev,Sucesso
DEP-C01-P04-000813,C01-P04,2025-11-19 07:18:21,Staging,Sucesso
DEP-C01-P04-000814,C01-P04,2025-11-29 19:22:41,Dev,Revertido
DEP-C01-P04-000815,C01-P04,2025-11-29 13:45:31,Dev,Sucesso
DEP-C01-P04-000816,C01-P04,2025-11-14 14:02:43,Dev,Sucesso
DEP-C01-P04-000817,C01-P04,2025-11-11 15:02:29,Dev,Revertido
DEP-C01-P04-000818,C01-P04,2025-11-28 21:11:13,Dev,Sucesso
DEP-C01-P04-000819,C01-P04,2025-11-01 18:02:57,Dev,Sucesso
DEP-C01-P04-000820,C01-P04,2025-11-30 15:13:21,Dev,Sucesso
DEP-C01-P04-000821,C01-P04,2025-11-16 07:39:35,Dev,Sucesso
DEP-C01-P04-000822,C01-P04,2025-11-15 21:07:42,Producao,Sucesso
DEP-C01-P04-000823,C01-P04,2025-11-24 15:29:44,Dev,Sucesso
DEP-C01-P04-000824,C01-P04,2025-11-19 09:01:58,Dev,Sucesso
DEP-C01-P04-000825,C01-P04,2025-11-15 16:39:38,Staging,Falha
DEP-C01-P04-000826,C01-P04,2025-11-21 10:41:23,Dev,Sucesso
DEP-C01-P04-000827,C01-P04,2025-12-03 07:33:10,Dev,Sucesso
DEP-C01-P04-000828,C01-P04,2025-12-18 15:15:24,Staging,Sucesso
DEP-C01-P04-000829,C01-P04,2025-12-28 07:15:48,Producao,Falha
DEP-C01-P04-000830,C01-P04,2025-12-27 16:59:53,Staging,Sucesso
DEP-C01-P04-000831,C01-P04,2025-12-01 19:00:49,Dev,Sucesso
DEP-C01-P04-000832,C01-P04,2025-12-06 19:12:06,Dev,Sucesso
DEP-C01-P04-000833,C01-P04,2025-12-06 15:34:23,Dev,Sucesso
DEP-C01-P04-000834,C01-P04,2025-12-14 11:04:09,Dev,Sucesso
DEP-C01-P04-000835,C01-P04,2025-12-12 14:23:02,Staging,Sucesso
DEP-C01-P04-000836,C01-P04,2025-12-08 17:38:36,Dev,Sucesso
DEP-C01-P04-000837,C01-P04,2025-12-18 15:57:05,Staging,Sucesso
DEP-C01-P04-000838,C01-P04,2025-12-27 10:20:10,Dev,Sucesso
DEP-C01-P04-000839,C01-P04,2025-12-06 14:42:34,Dev,Sucesso
DEP-C01-P04-000840,C01-P04,2025-12-24 15:26:42,Dev,Sucesso
DEP-C01-P04-000841,C01-P04,2025-12-24 12:58:25,Dev,Sucesso
DEP-C01-P04-000842,C01-P04,2025-12-18 20:03:26,Dev,Sucesso
DEP-C01-P04-000843,C01-P04,2026-01-24 10:28:50,Dev,Sucesso
DEP-C01-P04-000844,C01-P04,2026-01-06 13:40:57,Dev,Sucesso
DEP-C01-P04-000845,C01-P04,2026-01-12 12:19:02,Dev,Sucesso
DEP-C01-P04-000846,C01-P04,2026-01-20 21:04:50,Producao,Revertido
DEP-C01-P04-000847,C01-P04,2026-01-07 09:38:55,Producao,Sucesso
DEP-C01-P04-000848,C01-P04,2026-01-12 13:12:34,Staging,Sucesso
DEP-C01-P04-000849,C01-P04,2026-01-23 14:46:33,Dev,Sucesso
DEP-C01-P04-000850,C01-P04,2026-01-13 10:06:37,Dev,Sucesso
DEP-C01-P04-000851,C01-P04,2026-01-12 10:27:52,Producao,Sucesso
DEP-C01-P04-000852,C01-P04,2026-01-02 11:40:58,Dev,Sucesso
DEP-C01-P04-000853,C01-P04,2026-01-21 07:14:42,Staging,Sucesso
DEP-C01-P04-000854,C01-P04,2026-01-05 08:26:58,Dev,Sucesso
DEP-C01-P04-000855,C01-P04,2026-01-24 13:39:39,Dev,Falha
DEP-C01-P04-000856,C01-P04,2026-01-18 17:03:32,Dev,Sucesso
DEP-C01-P04-000857,C01-P04,2026-01-04 09:03:20,Staging,Sucesso
DEP-C01-P04-000858,C01-P04,2026-01-12 16:01:07,Dev,Sucesso
DEP-C01-P04-000859,C01-P04,2026-01-14 16:27:04,Dev,Sucesso
DEP-C01-P04-000860,C01-P04,2026-01-12 20:21:20,Dev,Sucesso
DEP-C01-P04-000861,C01-P04,2026-05-19 12:01:14,Producao,Sucesso
DEP-C01-P04-000862,C01-P04,2026-05-02 12:33:37,Producao,Sucesso
DEP-C01-P04-000863,C01-P04,2026-05-03 07:08:59,Dev,Sucesso
DEP-C01-P04-000864,C01-P04,2026-05-19 11:05:06,Dev,Revertido
DEP-C01-P04-000865,C01-P04,2026-05-26 14:22:26,Staging,Sucesso
DEP-C01-P04-000866,C01-P04,2026-05-25 08:22:25,Staging,Sucesso
DEP-C01-P04-000867,C01-P04,2026-05-28 09:44:17,Dev,Sucesso
DEP-C01-P04-000868,C01-P04,2026-05-22 20:11:00,Dev,Sucesso
DEP-C01-P04-000869,C01-P04,2026-05-01 15:00:03,Staging,Sucesso
DEP-C01-P04-000870,C01-P04,2026-05-15 07:52:28,Dev,Sucesso
DEP-C01-P04-000871,C01-P04,2026-05-22 17:21:17,Dev,Sucesso
DEP-C01-P04-000872,C01-P04,2026-05-01 11:14:13,Staging,Sucesso
DEP-C01-P04-000873,C01-P04,2026-05-06 19:16:10,Dev,Sucesso
DEP-C01-P04-000874,C01-P04,2026-05-03 17:59:00,Staging,Sucesso
DEP-C01-P04-000875,C01-P04,2026-05-18 20:42:32,Dev,Revertido
DEP-C01-P04-000876,C01-P04,2026-05-11 13:48:00,Staging,Sucesso
DEP-C01-P04-000877,C01-P04,2026-05-15 11:07:49,Dev,Sucesso
DEP-C01-P04-000878,C01-P04,2026-05-10 18:59:34,Staging,Sucesso
DEP-C01-P04-000879,C01-P04,2026-05-06 08:24:54,Dev,Sucesso
DEP-C01-P04-000880,C01-P04,2026-05-18 07:32:55,Dev,Sucesso
DEP-C01-P04-000881,C01-P04,2026-05-23 10:14:03,Dev,Revertido
DEP-C01-P04-000882,C01-P04,2026-05-03 07:52:00,Staging,Sucesso
DEP-C01-P04-000883,C01-P04,2026-05-25 13:39:53,Producao,Sucesso
DEP-C01-P04-000884,C01-P04,2026-05-23 15:28:07,Dev,Sucesso
DEP-C01-P04-000885,C01-P04,2026-05-26 20:35:13,Producao,Sucesso
DEP-C01-P04-000886,C01-P04,2026-05-12 08:33:14,Staging,Sucesso
DEP-C01-P04-000887,C01-P04,2026-05-27 09:15:51,Producao,Sucesso
DEP-C01-P04-000888,C01-P04,2026-05-21 08:49:29,Staging,Sucesso
DEP-C01-P04-000889,C01-P04,2026-05-10 07:20:55,Dev,Sucesso
DEP-C01-P04-000890,C01-P04,2026-05-09 18:01:45,Staging,Sucesso
DEP-C01-P04-000891,C01-P04,2026-05-01 21:41:14,Dev,Sucesso
DEP-C01-P04-000892,C01-P04,2026-05-11 11:04:19,Producao,Sucesso
DEP-C01-P04-000893,C01-P04,2026-07-31 07:03:21,Staging,Sucesso
DEP-C01-P04-000894,C01-P04,2026-07-26 21:40:06,Dev,Sucesso
DEP-C01-P04-000895,C01-P04,2026-07-23 11:23:43,Producao,Sucesso
DEP-C01-P04-000896,C01-P04,2026-07-19 19:49:34,Producao,Sucesso
DEP-C01-P04-000897,C01-P04,2026-07-14 13:13:44,Dev,Sucesso
DEP-C01-P04-000898,C01-P04,2026-07-26 13:43:37,Dev,Sucesso
DEP-C01-P04-000899,C01-P04,2026-07-14 16:43:14,Dev,Sucesso
DEP-C01-P04-000900,C01-P04,2026-07-18 08:25:22,Staging,Sucesso
DEP-C01-P04-000901,C01-P04,2026-07-19 16:53:24,Producao,Sucesso
DEP-C01-P04-000902,C01-P04,2026-07-11 10:55:51,Staging,Sucesso
DEP-C01-P04-000903,C01-P04,2026-07-28 20:17:36,Producao,Sucesso
DEP-C01-P04-000904,C01-P04,2026-07-12 08:30:52,Dev,Sucesso
DEP-C01-P04-000905,C01-P04,2026-07-05 14:17:56,Dev,Falha
DEP-C01-P04-000906,C01-P04,2026-07-23 07:59:32,Producao,Sucesso
DEP-C01-P04-000907,C01-P04,2026-07-06 07:02:10,Dev,Sucesso
DEP-C01-P04-000908,C01-P04,2026-07-26 14:03:13,Dev,Sucesso
DEP-C01-P04-000909,C01-P04,2026-07-24 20:57:11,Producao,Sucesso
DEP-C01-P04-000910,C01-P04,2026-07-19 12:46:51,Dev,Sucesso
DEP-C01-P04-000911,C01-P04,2026-07-15 18:58:34,Staging,Sucesso
DEP-C01-P04-000912,C01-P04,2026-07-24 14:38:38,Dev,Sucesso
DEP-C01-P04-000913,C01-P04,2026-07-14 21:40:37,Producao,Sucesso
DEP-C01-P04-000914,C01-P04,2026-07-21 09:50:28,Dev,Sucesso
DEP-C01-P04-000915,C01-P04,2026-07-23 18:28:22,Staging,Sucesso
DEP-C01-P04-000916,C01-P04,2026-07-15 09:14:46,Producao,Sucesso
DEP-C01-P05-000917,C01-P05,2025-06-25 21:52:49,Dev,Sucesso
DEP-C01-P05-000918,C01-P05,2025-06-05 14:02:44,Producao,Falha
DEP-C01-P05-000919,C01-P05,2025-06-06 17:33:25,Dev,Sucesso
DEP-C01-P05-000920,C01-P05,2025-06-16 20:37:24,Staging,Sucesso
DEP-C01-P05-000921,C01-P05,2025-06-15 17:21:48,Staging,Sucesso
DEP-C01-P05-000922,C01-P05,2025-06-06 20:41:23,Dev,Sucesso
DEP-C01-P05-000923,C01-P05,2025-06-08 12:01:01,Dev,Sucesso
DEP-C01-P05-000924,C01-P05,2025-06-05 20:43:45,Staging,Sucesso
DEP-C01-P05-000925,C01-P05,2025-06-20 11:46:53,Staging,Sucesso
DEP-C01-P05-000926,C01-P05,2025-06-02 21:03:45,Producao,Sucesso
DEP-C01-P05-000927,C01-P05,2025-06-15 07:06:50,Dev,Sucesso
DEP-C01-P05-000928,C01-P05,2025-06-11 07:17:28,Dev,Sucesso
DEP-C01-P05-000929,C01-P05,2025-06-22 21:22:56,Producao,Sucesso
DEP-C01-P05-000930,C01-P05,2025-06-21 08:20:39,Staging,Sucesso
DEP-C01-P05-000931,C01-P05,2025-06-21 07:50:02,Producao,Falha
DEP-C01-P05-000932,C01-P05,2025-06-05 08:36:34,Producao,Falha
DEP-C01-P05-000933,C01-P05,2025-06-16 11:03:28,Producao,Sucesso
DEP-C01-P05-000934,C01-P05,2025-06-20 08:12:55,Staging,Sucesso
DEP-C01-P05-000935,C01-P05,2025-06-19 16:29:16,Producao,Sucesso
DEP-C01-P05-000936,C01-P05,2025-06-30 14:15:50,Producao,Sucesso
DEP-C01-P05-000937,C01-P05,2025-06-01 18:02:24,Dev,Sucesso
DEP-C01-P05-000938,C01-P05,2025-06-09 20:08:52,Staging,Sucesso
DEP-C01-P05-000939,C01-P05,2025-07-15 08:34:02,Dev,Sucesso
DEP-C01-P05-000940,C01-P05,2025-07-25 21:48:14,Dev,Falha
DEP-C01-P05-000941,C01-P05,2025-07-01 17:51:45,Dev,Sucesso
DEP-C01-P05-000942,C01-P05,2025-07-19 16:51:28,Producao,Sucesso
DEP-C01-P05-000943,C01-P05,2025-07-23 19:32:26,Dev,Sucesso
DEP-C01-P05-000944,C01-P05,2025-07-23 21:10:36,Producao,Sucesso
DEP-C01-P05-000945,C01-P05,2025-07-15 19:11:18,Staging,Sucesso
DEP-C01-P05-000946,C01-P05,2025-07-17 16:38:29,Dev,Sucesso
DEP-C01-P05-000947,C01-P05,2025-07-04 14:56:56,Staging,Sucesso
DEP-C01-P05-000948,C01-P05,2025-07-14 14:09:12,Dev,Sucesso
DEP-C01-P05-000949,C01-P05,2025-07-22 11:00:02,Producao,Sucesso
DEP-C01-P05-000950,C01-P05,2025-07-16 18:56:22,Dev,Sucesso
DEP-C01-P05-000951,C01-P05,2025-07-03 19:15:18,Staging,Sucesso
DEP-C01-P05-000952,C01-P05,2025-07-14 10:15:17,Producao,Sucesso
DEP-C01-P05-000953,C01-P05,2025-07-28 19:43:58,Dev,Sucesso
DEP-C01-P05-000954,C01-P05,2025-07-05 09:21:54,Dev,Sucesso
DEP-C01-P05-000955,C01-P05,2025-07-16 09:31:31,Staging,Sucesso
DEP-C01-P05-000956,C01-P05,2025-07-06 15:02:20,Dev,Revertido
DEP-C01-P05-000957,C01-P05,2025-07-03 18:48:20,Staging,Sucesso
DEP-C01-P05-000958,C01-P05,2025-08-27 18:55:03,Dev,Sucesso
DEP-C01-P05-000959,C01-P05,2025-08-11 08:29:25,Producao,Sucesso
DEP-C01-P05-000960,C01-P05,2025-08-05 14:26:22,Staging,Sucesso
DEP-C01-P05-000961,C01-P05,2025-08-16 17:46:21,Dev,Sucesso
DEP-C01-P05-000962,C01-P05,2025-08-02 21:18:02,Producao,Sucesso
DEP-C01-P05-000963,C01-P05,2025-08-07 12:06:37,Dev,Sucesso
DEP-C01-P05-000964,C01-P05,2025-08-28 11:38:31,Dev,Falha
DEP-C01-P05-000965,C01-P05,2025-08-22 17:39:44,Dev,Sucesso
DEP-C01-P05-000966,C01-P05,2025-08-01 08:14:58,Staging,Sucesso
DEP-C01-P05-000967,C01-P05,2025-08-23 19:17:46,Staging,Sucesso
DEP-C01-P05-000968,C01-P05,2025-08-17 08:55:55,Staging,Sucesso
DEP-C01-P05-000969,C01-P05,2025-08-14 16:53:36,Dev,Sucesso
DEP-C01-P05-000970,C01-P05,2025-08-05 18:51:52,Staging,Sucesso
DEP-C01-P05-000971,C01-P05,2025-08-26 14:04:34,Dev,Sucesso
DEP-C01-P05-000972,C01-P05,2025-08-22 15:14:27,Producao,Sucesso
DEP-C01-P05-000973,C01-P05,2025-09-11 17:18:44,Dev,Sucesso
DEP-C01-P05-000974,C01-P05,2025-09-04 10:39:30,Dev,Sucesso
DEP-C01-P05-000975,C01-P05,2025-09-16 19:49:11,Dev,Sucesso
DEP-C01-P05-000976,C01-P05,2025-09-14 13:58:47,Dev,Sucesso
DEP-C01-P05-000977,C01-P05,2025-09-08 08:45:52,Dev,Sucesso
DEP-C01-P05-000978,C01-P05,2025-09-30 12:09:22,Dev,Sucesso
DEP-C01-P05-000979,C01-P05,2025-09-13 16:38:41,Dev,Sucesso
DEP-C01-P05-000980,C01-P05,2025-09-23 20:17:48,Staging,Sucesso
DEP-C01-P05-000981,C01-P05,2025-09-25 18:22:45,Staging,Sucesso
DEP-C01-P05-000982,C01-P05,2025-09-12 14:59:06,Dev,Sucesso
DEP-C01-P05-000983,C01-P05,2025-09-29 21:45:27,Dev,Sucesso
DEP-C01-P05-000984,C01-P05,2025-09-05 09:28:08,Dev,Sucesso
DEP-C01-P05-000985,C01-P05,2025-09-06 17:51:01,Dev,Sucesso
DEP-C01-P05-000986,C01-P05,2025-09-07 13:59:24,Dev,Sucesso
DEP-C01-P05-000987,C01-P05,2025-10-24 16:08:48,Dev,Sucesso
DEP-C01-P05-000988,C01-P05,2025-10-11 16:13:05,Staging,Falha
DEP-C01-P05-000989,C01-P05,2025-10-23 08:53:31,Producao,Sucesso
DEP-C01-P05-000990,C01-P05,2025-10-06 08:41:32,Producao,Sucesso
DEP-C01-P05-000991,C01-P05,2025-10-15 14:30:39,Staging,Falha
DEP-C01-P05-000992,C01-P05,2025-10-19 17:27:08,Staging,Sucesso
DEP-C01-P05-000993,C01-P05,2025-10-25 20:52:44,Dev,Revertido
DEP-C01-P05-000994,C01-P05,2025-10-05 15:33:55,Dev,Sucesso
DEP-C01-P05-000995,C01-P05,2025-10-09 17:20:59,Staging,Sucesso
DEP-C01-P05-000996,C01-P05,2025-10-23 21:10:39,Dev,Sucesso
DEP-C01-P05-000997,C01-P05,2025-10-11 07:27:16,Dev,Sucesso
DEP-C01-P05-000998,C01-P05,2025-10-27 08:09:01,Dev,Sucesso
DEP-C01-P05-000999,C01-P05,2025-10-19 21:20:42,Staging,Sucesso
DEP-C01-P05-001000,C01-P05,2025-10-30 07:14:36,Staging,Sucesso
DEP-C01-P05-001001,C01-P05,2025-11-03 07:46:16,Dev,Revertido
DEP-C01-P05-001002,C01-P05,2025-11-20 13:53:15,Staging,Sucesso
DEP-C01-P05-001003,C01-P05,2025-11-12 16:10:13,Staging,Sucesso
DEP-C01-P05-001004,C01-P05,2025-11-02 13:14:09,Dev,Sucesso
DEP-C01-P05-001005,C01-P05,2025-11-15 15:03:29,Dev,Sucesso
DEP-C01-P05-001006,C01-P05,2025-11-06 13:51:44,Producao,Sucesso
DEP-C01-P05-001007,C01-P05,2025-11-03 17:00:48,Staging,Falha
DEP-C01-P05-001008,C01-P05,2025-11-28 12:33:19,Dev,Sucesso
DEP-C01-P05-001009,C01-P05,2025-11-17 20:47:17,Dev,Sucesso
DEP-C01-P05-001010,C01-P05,2025-11-30 14:43:46,Producao,Sucesso
DEP-C01-P05-001011,C01-P05,2025-11-05 14:04:21,Dev,Sucesso
DEP-C01-P05-001012,C01-P05,2025-11-10 16:49:43,Staging,Revertido
DEP-C01-P05-001013,C01-P05,2025-11-11 16:34:01,Producao,Sucesso
DEP-C01-P05-001014,C01-P05,2025-11-25 18:58:11,Dev,Sucesso
DEP-C01-P05-001015,C01-P05,2025-11-08 11:20:36,Producao,Sucesso
DEP-C01-P05-001016,C01-P05,2025-11-30 14:55:22,Staging,Sucesso
DEP-C01-P05-001017,C01-P05,2025-11-01 11:16:02,Producao,Sucesso
DEP-C01-P05-001018,C01-P05,2025-11-07 20:46:55,Producao,Sucesso
DEP-C01-P05-001019,C01-P05,2025-12-19 18:34:26,Producao,Sucesso
DEP-C01-P05-001020,C01-P05,2025-12-09 07:54:08,Staging,Sucesso
DEP-C01-P05-001021,C01-P05,2025-12-10 15:56:59,Dev,Sucesso
DEP-C01-P05-001022,C01-P05,2025-12-09 15:09:33,Staging,Sucesso
DEP-C01-P05-001023,C01-P05,2025-12-27 17:49:11,Dev,Sucesso
DEP-C01-P05-001024,C01-P05,2025-12-27 09:03:25,Dev,Sucesso
DEP-C01-P05-001025,C01-P05,2025-12-16 18:23:15,Staging,Sucesso
DEP-C01-P05-001026,C01-P05,2025-12-23 17:26:35,Producao,Sucesso
DEP-C01-P05-001027,C01-P05,2025-12-01 15:59:01,Dev,Sucesso
DEP-C01-P05-001028,C01-P05,2025-12-03 08:38:26,Producao,Sucesso
DEP-C01-P05-001029,C01-P05,2025-12-31 18:25:42,Dev,Sucesso
DEP-C01-P05-001030,C01-P05,2026-01-23 09:12:46,Staging,Falha
DEP-C01-P05-001031,C01-P05,2026-01-19 20:30:16,Dev,Sucesso
DEP-C01-P05-001032,C01-P05,2026-01-24 12:09:51,Staging,Sucesso
DEP-C01-P05-001033,C01-P05,2026-01-23 11:32:58,Dev,Sucesso
DEP-C01-P05-001034,C01-P05,2026-01-06 20:34:33,Dev,Sucesso
DEP-C01-P05-001035,C01-P05,2026-01-10 11:27:17,Dev,Sucesso
DEP-C01-P05-001036,C01-P05,2026-01-25 08:33:00,Staging,Sucesso
DEP-C01-P05-001037,C01-P05,2026-01-18 10:34:36,Dev,Sucesso
DEP-C01-P05-001038,C01-P05,2026-01-20 11:49:22,Dev,Sucesso
DEP-C01-P05-001039,C01-P05,2026-01-11 10:14:18,Dev,Sucesso
DEP-C01-P05-001040,C01-P05,2026-01-04 08:10:19,Producao,Sucesso
DEP-C01-P05-001041,C01-P05,2026-01-14 17:47:55,Dev,Sucesso
DEP-C01-P05-001042,C01-P05,2026-01-10 08:54:49,Dev,Sucesso
DEP-C01-P05-001043,C01-P05,2026-01-07 14:23:29,Dev,Sucesso
DEP-C01-P05-001044,C01-P05,2026-01-12 13:36:16,Staging,Sucesso
DEP-C01-P05-001045,C01-P05,2026-01-15 13:42:08,Staging,Sucesso
DEP-C01-P05-001046,C01-P05,2026-01-22 21:23:13,Dev,Sucesso
DEP-C01-P05-001047,C01-P05,2026-01-18 16:14:29,Producao,Sucesso
DEP-C01-P05-001048,C01-P05,2026-01-10 19:38:18,Dev,Sucesso
DEP-C01-P05-001049,C01-P05,2026-01-08 10:19:37,Dev,Sucesso
DEP-C01-P05-001050,C01-P05,2026-01-23 08:09:53,Dev,Sucesso
DEP-C01-P05-001051,C01-P05,2026-01-26 12:09:05,Dev,Sucesso
DEP-C01-P05-001052,C01-P05,2026-02-11 08:00:57,Dev,Sucesso
DEP-C01-P05-001053,C01-P05,2026-02-05 10:16:21,Dev,Sucesso
DEP-C01-P05-001054,C01-P05,2026-02-26 08:32:25,Producao,Sucesso
DEP-C01-P05-001055,C01-P05,2026-02-25 07:37:55,Staging,Sucesso
DEP-C01-P05-001056,C01-P05,2026-02-21 21:10:48,Dev,Sucesso
DEP-C01-P05-001057,C01-P05,2026-02-25 18:21:11,Dev,Falha
DEP-C01-P05-001058,C01-P05,2026-02-17 18:32:59,Dev,Sucesso
DEP-C01-P05-001059,C01-P05,2026-02-01 12:30:15,Staging,Sucesso
DEP-C01-P05-001060,C01-P05,2026-02-12 17:30:29,Staging,Sucesso
DEP-C01-P05-001061,C01-P05,2026-02-24 09:11:06,Staging,Sucesso
DEP-C01-P05-001062,C01-P05,2026-02-15 20:04:32,Dev,Falha
DEP-C01-P05-001063,C01-P05,2026-02-01 16:02:06,Dev,Sucesso
DEP-C01-P05-001064,C01-P05,2026-02-10 09:07:10,Staging,Sucesso
DEP-C01-P05-001065,C01-P05,2026-02-01 19:25:06,Producao,Sucesso
DEP-C01-P05-001066,C01-P05,2026-02-22 09:22:29,Staging,Sucesso
DEP-C01-P05-001067,C01-P05,2026-02-06 21:05:39,Producao,Sucesso
DEP-C01-P05-001068,C01-P05,2026-02-18 16:43:23,Dev,Sucesso
DEP-C01-P05-001069,C01-P05,2026-03-11 07:40:32,Dev,Sucesso
DEP-C01-P05-001070,C01-P05,2026-03-25 11:53:24,Producao,Sucesso
DEP-C01-P05-001071,C01-P05,2026-03-22 13:57:13,Dev,Sucesso
DEP-C01-P05-001072,C01-P05,2026-03-21 08:17:15,Staging,Sucesso
DEP-C01-P05-001073,C01-P05,2026-03-07 20:53:28,Dev,Sucesso
DEP-C01-P05-001074,C01-P05,2026-03-28 11:19:09,Dev,Sucesso
DEP-C01-P05-001075,C01-P05,2026-03-30 10:29:53,Producao,Sucesso
DEP-C01-P05-001076,C01-P05,2026-03-15 21:25:16,Dev,Sucesso
DEP-C01-P05-001077,C01-P05,2026-03-14 15:00:29,Dev,Sucesso
DEP-C01-P05-001078,C01-P05,2026-03-07 20:55:34,Dev,Sucesso
DEP-C01-P05-001079,C01-P05,2026-03-31 21:22:24,Dev,Sucesso
DEP-C01-P05-001080,C01-P05,2026-03-02 16:21:47,Staging,Sucesso
DEP-C01-P05-001081,C01-P05,2026-03-27 19:51:02,Dev,Sucesso
DEP-C01-P05-001082,C01-P05,2026-03-28 19:57:49,Staging,Sucesso
DEP-C01-P05-001083,C01-P05,2026-03-21 10:50:32,Staging,Sucesso
DEP-C01-P05-001084,C01-P05,2026-03-25 16:39:26,Staging,Sucesso
DEP-C01-P05-001085,C01-P05,2026-03-13 21:31:51,Dev,Sucesso
DEP-C01-P05-001086,C01-P05,2026-03-04 07:21:33,Dev,Sucesso
DEP-C01-P05-001087,C01-P05,2026-04-23 21:04:44,Dev,Sucesso
DEP-C01-P05-001088,C01-P05,2026-04-05 17:02:23,Dev,Sucesso
DEP-C01-P05-001089,C01-P05,2026-04-13 18:12:37,Staging,Sucesso
DEP-C01-P05-001090,C01-P05,2026-04-05 09:12:12,Staging,Sucesso
DEP-C01-P05-001091,C01-P05,2026-04-22 09:24:19,Producao,Sucesso
DEP-C01-P05-001092,C01-P05,2026-04-23 10:02:36,Staging,Sucesso
DEP-C01-P05-001093,C01-P05,2026-04-01 07:01:05,Dev,Sucesso
DEP-C01-P05-001094,C01-P05,2026-04-21 21:05:52,Producao,Sucesso
DEP-C01-P05-001095,C01-P05,2026-04-27 08:55:12,Dev,Sucesso
DEP-C01-P05-001096,C01-P05,2026-04-28 12:07:48,Dev,Sucesso
DEP-C01-P05-001097,C01-P05,2026-04-08 19:42:25,Dev,Sucesso
DEP-C01-P05-001098,C01-P05,2026-04-05 19:58:58,Staging,Revertido
DEP-C01-P05-001099,C01-P05,2026-04-28 19:54:40,Producao,Sucesso
DEP-C01-P05-001100,C01-P05,2026-04-20 11:38:57,Dev,Sucesso
DEP-C01-P05-001101,C01-P05,2026-04-13 18:46:24,Dev,Sucesso
DEP-C01-P05-001102,C01-P05,2026-04-06 21:29:22,Staging,Falha
DEP-C01-P05-001103,C01-P05,2026-04-03 18:01:50,Dev,Sucesso
DEP-C01-P05-001104,C01-P05,2026-04-19 10:53:59,Staging,Sucesso
DEP-C01-P05-001105,C01-P05,2026-04-16 12:41:15,Staging,Revertido
DEP-C01-P05-001106,C01-P05,2026-04-02 21:00:30,Staging,Sucesso
DEP-C01-P05-001107,C01-P05,2026-04-03 21:51:59,Dev,Sucesso
DEP-C01-P05-001108,C01-P05,2026-04-13 10:45:16,Dev,Sucesso
DEP-C01-P05-001109,C01-P05,2026-04-07 11:08:56,Producao,Sucesso
DEP-C01-P05-001110,C01-P05,2026-04-19 20:32:39,Dev,Sucesso
DEP-C01-P05-001111,C01-P05,2026-05-30 18:22:21,Staging,Sucesso
DEP-C01-P05-001112,C01-P05,2026-05-03 20:34:17,Producao,Sucesso
DEP-C01-P05-001113,C01-P05,2026-05-20 14:22:16,Dev,Sucesso
DEP-C01-P05-001114,C01-P05,2026-05-07 20:36:56,Dev,Sucesso
DEP-C01-P05-001115,C01-P05,2026-05-18 15:34:02,Dev,Sucesso
DEP-C01-P05-001116,C01-P05,2026-05-05 18:07:45,Staging,Sucesso
DEP-C01-P05-001117,C01-P05,2026-05-10 08:39:02,Staging,Sucesso
DEP-C01-P05-001118,C01-P05,2026-05-11 09:57:42,Producao,Sucesso
DEP-C01-P05-001119,C01-P05,2026-05-30 18:45:03,Dev,Revertido
DEP-C01-P05-001120,C01-P05,2026-06-29 11:29:58,Producao,Sucesso
DEP-C01-P05-001121,C01-P05,2026-06-11 07:45:39,Dev,Sucesso
DEP-C01-P05-001122,C01-P05,2026-06-29 17:50:48,Staging,Sucesso
DEP-C01-P05-001123,C01-P05,2026-06-24 13:23:52,Dev,Sucesso
DEP-C01-P05-001124,C01-P05,2026-06-22 08:18:20,Dev,Sucesso
DEP-C01-P05-001125,C01-P05,2026-06-19 14:59:26,Staging,Falha
DEP-C01-P05-001126,C01-P05,2026-06-17 10:35:16,Dev,Sucesso
DEP-C01-P05-001127,C01-P05,2026-06-07 12:23:31,Staging,Sucesso
DEP-C01-P05-001128,C01-P05,2026-07-27 07:34:33,Staging,Sucesso
DEP-C01-P05-001129,C01-P05,2026-07-29 16:46:21,Staging,Sucesso
DEP-C01-P05-001130,C01-P05,2026-07-30 13:06:06,Producao,Sucesso
DEP-C01-P05-001131,C01-P05,2026-07-01 13:34:30,Dev,Sucesso
DEP-C01-P05-001132,C01-P05,2026-07-08 21:45:21,Dev,Sucesso
DEP-C01-P05-001133,C01-P05,2026-07-02 11:10:26,Dev,Sucesso
DEP-C02-P01-001134,C02-P01,2025-08-10 15:04:15,Dev,Sucesso
DEP-C02-P01-001135,C02-P01,2025-08-29 17:12:13,Producao,Sucesso
DEP-C02-P01-001136,C02-P01,2025-09-18 09:23:39,Producao,Sucesso
DEP-C02-P01-001137,C02-P01,2025-09-25 09:58:16,Staging,Sucesso
DEP-C02-P01-001138,C02-P01,2025-09-29 07:30:39,Dev,Sucesso
DEP-C02-P01-001139,C02-P01,2025-09-23 08:38:11,Producao,Sucesso
DEP-C02-P01-001140,C02-P01,2025-09-16 12:17:31,Staging,Sucesso
DEP-C02-P01-001141,C02-P01,2025-09-12 18:45:38,Staging,Sucesso
DEP-C02-P01-001142,C02-P01,2025-09-09 09:48:24,Staging,Sucesso
DEP-C02-P01-001143,C02-P01,2025-09-26 13:53:29,Staging,Sucesso
DEP-C02-P01-001144,C02-P01,2025-09-18 19:45:34,Producao,Sucesso
DEP-C02-P01-001145,C02-P01,2025-09-28 09:54:34,Staging,Sucesso
DEP-C02-P01-001146,C02-P01,2025-09-22 17:43:41,Dev,Sucesso
DEP-C02-P01-001147,C02-P01,2025-09-25 12:47:03,Dev,Sucesso
DEP-C02-P01-001148,C02-P01,2025-09-21 18:49:38,Staging,Sucesso
DEP-C02-P01-001149,C02-P01,2025-09-16 14:55:06,Dev,Falha
DEP-C02-P01-001150,C02-P01,2025-09-17 08:37:00,Staging,Sucesso
DEP-C02-P01-001151,C02-P01,2025-09-12 12:45:04,Staging,Sucesso
DEP-C02-P01-001152,C02-P01,2025-09-28 16:59:12,Staging,Falha
DEP-C02-P01-001153,C02-P01,2025-09-13 15:27:55,Producao,Falha
DEP-C02-P01-001154,C02-P01,2025-09-11 16:05:47,Dev,Sucesso
DEP-C02-P01-001155,C02-P01,2025-10-04 12:02:44,Dev,Sucesso
DEP-C02-P01-001156,C02-P01,2025-10-14 16:07:28,Staging,Sucesso
DEP-C02-P01-001157,C02-P01,2025-10-27 10:36:50,Dev,Sucesso
DEP-C02-P01-001158,C02-P01,2025-10-01 08:50:21,Staging,Sucesso
DEP-C02-P01-001159,C02-P01,2025-10-01 14:05:41,Dev,Sucesso
DEP-C02-P01-001160,C02-P01,2025-10-13 10:25:47,Staging,Sucesso
DEP-C02-P01-001161,C02-P01,2025-10-02 15:02:27,Dev,Sucesso
DEP-C02-P01-001162,C02-P01,2025-10-12 17:36:29,Staging,Sucesso
DEP-C02-P01-001163,C02-P01,2025-10-12 14:38:09,Dev,Sucesso
DEP-C02-P01-001164,C02-P01,2025-10-23 15:05:36,Producao,Sucesso
DEP-C02-P01-001165,C02-P01,2025-10-05 07:23:16,Dev,Sucesso
DEP-C02-P01-001166,C02-P01,2025-10-08 09:48:27,Dev,Sucesso
DEP-C02-P01-001167,C02-P01,2025-10-05 16:35:18,Producao,Sucesso
DEP-C02-P01-001168,C02-P01,2025-10-21 21:36:43,Producao,Sucesso
DEP-C02-P01-001169,C02-P01,2025-10-27 11:21:07,Producao,Sucesso
DEP-C02-P01-001170,C02-P01,2025-10-03 10:46:35,Staging,Sucesso
DEP-C02-P01-001171,C02-P01,2025-10-01 16:39:31,Staging,Sucesso
DEP-C02-P01-001172,C02-P01,2025-10-07 13:03:31,Producao,Sucesso
DEP-C02-P01-001173,C02-P01,2025-10-26 13:50:40,Dev,Sucesso
DEP-C02-P01-001174,C02-P01,2026-07-26 18:17:17,Dev,Sucesso
DEP-C02-P01-001175,C02-P01,2026-07-28 19:40:21,Dev,Sucesso
DEP-C02-P01-001176,C02-P01,2026-07-21 20:11:39,Producao,Sucesso
DEP-C02-P01-001177,C02-P01,2026-07-01 07:52:23,Producao,Sucesso
DEP-C02-P01-001178,C02-P01,2026-07-02 20:44:48,Staging,Sucesso
DEP-C02-P01-001179,C02-P01,2026-07-26 08:58:39,Dev,Sucesso
DEP-C02-P01-001180,C02-P01,2026-07-15 16:41:01,Dev,Falha
DEP-C02-P01-001181,C02-P01,2026-07-29 08:19:49,Dev,Sucesso
DEP-C02-P01-001182,C02-P01,2026-07-07 12:19:05,Dev,Sucesso
DEP-C02-P01-001183,C02-P01,2026-07-26 07:58:40,Producao,Sucesso
DEP-C02-P01-001184,C02-P01,2026-07-01 17:21:40,Dev,Sucesso
DEP-C02-P01-001185,C02-P01,2026-07-20 21:17:25,Dev,Falha
DEP-C02-P01-001186,C02-P01,2026-07-14 20:37:05,Staging,Sucesso
DEP-C02-P01-001187,C02-P01,2026-07-14 16:04:06,Dev,Sucesso
DEP-C02-P02-001188,C02-P02,2025-06-12 16:53:52,Producao,Sucesso
DEP-C02-P02-001189,C02-P02,2025-06-18 20:38:14,Staging,Sucesso
DEP-C02-P02-001190,C02-P02,2025-06-14 16:02:30,Staging,Sucesso
DEP-C02-P02-001191,C02-P02,2025-06-16 08:53:09,Staging,Sucesso
DEP-C02-P02-001192,C02-P02,2025-06-01 08:50:29,Staging,Revertido
DEP-C02-P02-001193,C02-P02,2025-06-14 15:35:16,Dev,Sucesso
DEP-C02-P02-001194,C02-P02,2025-06-29 19:28:56,Dev,Sucesso
DEP-C02-P02-001195,C02-P02,2025-07-11 09:56:00,Dev,Sucesso
DEP-C02-P02-001196,C02-P02,2025-07-10 10:48:33,Staging,Sucesso
DEP-C02-P02-001197,C02-P02,2025-07-31 08:06:53,Dev,Sucesso
DEP-C02-P02-001198,C02-P02,2025-07-03 20:13:03,Producao,Sucesso
DEP-C02-P02-001199,C02-P02,2025-07-06 09:59:34,Dev,Sucesso
DEP-C02-P02-001200,C02-P02,2025-07-14 07:36:32,Dev,Sucesso
DEP-C02-P02-001201,C02-P02,2025-07-13 08:47:00,Dev,Sucesso
DEP-C02-P02-001202,C02-P02,2025-07-17 20:13:28,Producao,Falha
DEP-C02-P02-001203,C02-P02,2025-08-09 18:38:20,Dev,Sucesso
DEP-C02-P02-001204,C02-P02,2025-08-16 09:36:44,Dev,Sucesso
DEP-C02-P02-001205,C02-P02,2025-08-12 17:10:40,Staging,Sucesso
DEP-C02-P02-001206,C02-P02,2025-08-09 13:27:17,Dev,Sucesso
DEP-C02-P02-001207,C02-P02,2025-08-23 14:51:52,Dev,Sucesso
DEP-C02-P02-001208,C02-P02,2025-08-04 12:10:51,Dev,Sucesso
DEP-C02-P02-001209,C02-P02,2025-08-16 16:13:09,Dev,Sucesso
DEP-C02-P02-001210,C02-P02,2025-09-29 17:26:15,Staging,Falha
DEP-C02-P02-001211,C02-P02,2025-09-03 09:06:52,Staging,Sucesso
DEP-C02-P02-001212,C02-P02,2025-09-12 12:43:33,Dev,Sucesso
DEP-C02-P02-001213,C02-P02,2025-09-27 14:14:24,Staging,Sucesso
DEP-C02-P02-001214,C02-P02,2025-09-12 21:04:03,Dev,Sucesso
DEP-C02-P02-001215,C02-P02,2025-09-06 15:31:21,Staging,Sucesso
DEP-C02-P02-001216,C02-P02,2025-09-11 18:18:46,Staging,Sucesso
DEP-C02-P02-001217,C02-P02,2025-09-30 08:21:22,Staging,Sucesso
DEP-C02-P02-001218,C02-P02,2025-09-03 21:12:45,Producao,Sucesso
DEP-C02-P02-001219,C02-P02,2025-09-29 14:42:02,Dev,Sucesso
DEP-C02-P02-001220,C02-P02,2025-10-05 15:36:39,Producao,Sucesso
DEP-C02-P02-001221,C02-P02,2025-10-05 11:51:42,Dev,Sucesso
DEP-C02-P02-001222,C02-P02,2025-10-02 09:18:27,Staging,Sucesso
DEP-C02-P02-001223,C02-P02,2025-10-06 17:32:40,Dev,Sucesso
DEP-C02-P02-001224,C02-P02,2025-11-25 19:19:26,Dev,Sucesso
DEP-C02-P02-001225,C02-P02,2025-11-09 21:48:14,Dev,Sucesso
DEP-C02-P02-001226,C02-P02,2025-11-27 08:19:48,Dev,Sucesso
DEP-C02-P02-001227,C02-P02,2025-11-09 20:57:43,Staging,Sucesso
DEP-C02-P02-001228,C02-P02,2025-12-13 10:53:35,Dev,Sucesso
DEP-C02-P02-001229,C02-P02,2025-12-08 13:40:15,Dev,Falha
DEP-C02-P02-001230,C02-P02,2025-12-16 08:23:21,Dev,Sucesso
DEP-C02-P02-001231,C02-P02,2025-12-25 10:13:39,Dev,Sucesso
DEP-C02-P02-001232,C02-P02,2026-01-17 16:10:41,Producao,Sucesso
DEP-C02-P02-001233,C02-P02,2026-01-07 16:35:23,Dev,Sucesso
DEP-C02-P02-001234,C02-P02,2026-01-07 21:56:06,Dev,Sucesso
DEP-C02-P02-001235,C02-P02,2026-01-31 08:41:25,Staging,Sucesso
DEP-C02-P02-001236,C02-P02,2026-02-15 18:46:21,Staging,Sucesso
DEP-C02-P02-001237,C02-P02,2026-02-07 07:31:53,Producao,Sucesso
DEP-C02-P02-001238,C02-P02,2026-03-08 19:43:21,Staging,Sucesso
DEP-C02-P02-001239,C02-P02,2026-03-13 09:28:13,Staging,Sucesso
DEP-C02-P02-001240,C02-P02,2026-03-10 11:43:38,Staging,Revertido
DEP-C02-P02-001241,C02-P02,2026-03-28 14:08:29,Dev,Sucesso
DEP-C02-P02-001242,C02-P02,2026-04-16 12:32:03,Producao,Falha
DEP-C02-P02-001243,C02-P02,2026-05-06 14:11:07,Producao,Sucesso
DEP-C02-P02-001244,C02-P02,2026-05-22 18:29:40,Staging,Sucesso
DEP-C02-P02-001245,C02-P02,2026-05-23 16:14:11,Dev,Sucesso
DEP-C02-P02-001246,C02-P02,2026-05-28 07:19:15,Staging,Sucesso
DEP-C02-P02-001247,C02-P02,2026-05-19 20:37:27,Staging,Sucesso
DEP-C02-P02-001248,C02-P02,2026-06-13 11:37:53,Dev,Sucesso
DEP-C02-P02-001249,C02-P02,2026-07-06 09:10:42,Producao,Sucesso
DEP-C02-P02-001250,C02-P02,2026-07-27 21:47:36,Staging,Sucesso
DEP-C02-P02-001251,C02-P02,2026-07-11 19:21:35,Dev,Sucesso
DEP-C02-P02-001252,C02-P02,2026-07-18 16:14:37,Staging,Sucesso
DEP-C02-P02-001253,C02-P02,2026-07-25 17:32:28,Dev,Sucesso
DEP-C02-P03-001254,C02-P03,2026-01-01 13:09:03,Staging,Sucesso
DEP-C02-P03-001255,C02-P03,2026-01-17 08:04:27,Dev,Sucesso
DEP-C02-P03-001256,C02-P03,2026-01-09 10:05:46,Dev,Sucesso
DEP-C02-P03-001257,C02-P03,2026-01-24 10:48:04,Dev,Sucesso
DEP-C02-P03-001258,C02-P03,2026-01-21 20:59:37,Dev,Falha
DEP-C02-P03-001259,C02-P03,2026-01-02 16:39:52,Dev,Sucesso
DEP-C02-P03-001260,C02-P03,2026-01-15 16:33:30,Staging,Falha
DEP-C02-P03-001261,C02-P03,2026-01-23 09:41:46,Dev,Sucesso
DEP-C02-P03-001262,C02-P03,2026-01-06 15:50:52,Staging,Sucesso
DEP-C02-P03-001263,C02-P03,2026-01-04 08:57:43,Dev,Sucesso
DEP-C02-P03-001264,C02-P03,2026-01-26 10:32:52,Dev,Sucesso
DEP-C02-P03-001265,C02-P03,2026-01-14 11:12:13,Dev,Sucesso
DEP-C02-P03-001266,C02-P03,2026-01-07 11:47:52,Dev,Sucesso
DEP-C02-P03-001267,C02-P03,2026-01-02 20:03:27,Dev,Sucesso
DEP-C02-P03-001268,C02-P03,2026-01-18 16:44:46,Staging,Sucesso
DEP-C02-P03-001269,C02-P03,2026-01-11 17:05:45,Dev,Sucesso
DEP-C02-P03-001270,C02-P03,2026-01-17 07:21:32,Dev,Sucesso
DEP-C02-P03-001271,C02-P03,2026-01-19 07:53:58,Dev,Sucesso
DEP-C02-P03-001272,C02-P03,2026-01-22 12:30:09,Dev,Sucesso
DEP-C02-P03-001273,C02-P03,2026-02-17 14:57:20,Staging,Sucesso
DEP-C02-P03-001274,C02-P03,2026-02-22 18:23:07,Dev,Sucesso
DEP-C02-P03-001275,C02-P03,2026-02-05 09:38:57,Producao,Sucesso
DEP-C02-P03-001276,C02-P03,2026-02-24 18:23:07,Staging,Sucesso
DEP-C02-P03-001277,C02-P03,2026-02-26 10:30:50,Producao,Sucesso
DEP-C02-P03-001278,C02-P03,2026-02-07 15:09:44,Dev,Sucesso
DEP-C02-P03-001279,C02-P03,2026-02-18 12:23:51,Dev,Sucesso
DEP-C02-P03-001280,C02-P03,2026-02-23 16:17:41,Dev,Falha
DEP-C02-P03-001281,C02-P03,2026-02-04 08:23:39,Dev,Sucesso
DEP-C02-P03-001282,C02-P03,2026-02-24 18:19:07,Staging,Sucesso
DEP-C02-P03-001283,C02-P03,2026-02-01 18:40:02,Staging,Falha
DEP-C02-P03-001284,C02-P03,2026-02-22 07:37:55,Producao,Sucesso
DEP-C02-P03-001285,C02-P03,2026-03-01 14:02:28,Producao,Sucesso
DEP-C02-P03-001286,C02-P03,2026-03-26 12:51:08,Dev,Sucesso
DEP-C02-P03-001287,C02-P03,2026-03-02 14:02:28,Producao,Sucesso
DEP-C02-P03-001288,C02-P03,2026-03-06 10:52:30,Staging,Sucesso
DEP-C02-P03-001289,C02-P03,2026-03-12 11:04:22,Producao,Revertido
DEP-C02-P03-001290,C02-P03,2026-03-26 12:56:13,Dev,Sucesso
DEP-C02-P03-001291,C02-P03,2026-03-01 10:15:02,Dev,Sucesso
DEP-C02-P03-001292,C02-P03,2026-03-04 07:38:32,Dev,Sucesso
DEP-C02-P03-001293,C02-P03,2026-03-21 14:15:13,Staging,Sucesso
DEP-C02-P03-001294,C02-P03,2026-03-24 18:42:37,Dev,Sucesso
DEP-C02-P03-001295,C02-P03,2026-03-15 16:08:02,Producao,Sucesso
DEP-C02-P03-001296,C02-P03,2026-03-19 16:28:43,Dev,Sucesso
DEP-C02-P03-001297,C02-P03,2026-03-01 10:27:56,Dev,Sucesso
DEP-C02-P03-001298,C02-P03,2026-03-15 08:45:18,Dev,Sucesso
DEP-C02-P03-001299,C02-P03,2026-03-01 21:41:14,Staging,Sucesso
DEP-C02-P03-001300,C02-P03,2026-03-20 17:38:13,Producao,Sucesso
DEP-C02-P03-001301,C02-P03,2026-03-24 14:06:45,Staging,Sucesso
DEP-C02-P03-001302,C02-P03,2026-03-19 20:09:33,Staging,Sucesso
DEP-C02-P03-001303,C02-P03,2026-03-13 14:28:39,Dev,Sucesso
DEP-C02-P03-001304,C02-P03,2026-04-03 07:05:53,Producao,Sucesso
DEP-C02-P03-001305,C02-P03,2026-04-08 08:41:08,Dev,Sucesso
DEP-C02-P03-001306,C02-P03,2026-04-09 19:36:28,Dev,Sucesso
DEP-C02-P03-001307,C02-P03,2026-04-28 17:20:39,Dev,Sucesso
DEP-C02-P03-001308,C02-P03,2026-04-25 10:50:27,Producao,Sucesso
DEP-C02-P03-001309,C02-P03,2026-04-10 19:34:38,Staging,Sucesso
DEP-C02-P03-001310,C02-P03,2026-04-16 13:29:01,Dev,Sucesso
DEP-C02-P03-001311,C02-P03,2026-04-05 18:05:44,Dev,Sucesso
DEP-C02-P03-001312,C02-P03,2026-04-17 11:51:11,Staging,Falha
DEP-C02-P03-001313,C02-P03,2026-04-09 10:12:45,Staging,Sucesso
DEP-C02-P03-001314,C02-P03,2026-04-17 20:28:18,Staging,Sucesso
DEP-C02-P03-001315,C02-P03,2026-04-17 13:31:38,Staging,Sucesso
DEP-C02-P03-001316,C02-P03,2026-04-12 10:24:53,Dev,Sucesso
DEP-C02-P03-001317,C02-P03,2026-04-21 20:30:58,Staging,Sucesso
DEP-C02-P03-001318,C02-P03,2026-04-08 14:53:26,Producao,Sucesso
DEP-C02-P03-001319,C02-P03,2026-04-17 14:43:36,Dev,Sucesso
DEP-C02-P03-001320,C02-P03,2026-04-27 20:43:35,Dev,Revertido
DEP-C02-P03-001321,C02-P03,2026-04-26 16:35:45,Dev,Sucesso
DEP-C02-P03-001322,C02-P03,2026-04-22 16:48:32,Producao,Sucesso
DEP-C02-P03-001323,C02-P03,2026-04-30 20:02:04,Dev,Sucesso
DEP-C02-P03-001324,C02-P03,2026-04-29 12:17:05,Dev,Sucesso
DEP-C02-P03-001325,C02-P03,2026-04-09 11:46:46,Producao,Revertido
DEP-C02-P03-001326,C02-P03,2026-04-02 21:24:22,Producao,Sucesso
DEP-C02-P03-001327,C02-P03,2026-04-28 15:46:07,Staging,Sucesso
DEP-C02-P03-001328,C02-P03,2026-04-18 09:34:47,Staging,Falha
DEP-C02-P03-001329,C02-P03,2026-04-22 17:26:05,Dev,Sucesso
DEP-C02-P03-001330,C02-P03,2026-04-09 09:53:27,Staging,Sucesso
DEP-C02-P03-001331,C02-P03,2026-05-09 13:27:45,Dev,Sucesso
DEP-C02-P03-001332,C02-P03,2026-05-11 12:32:26,Dev,Falha
DEP-C02-P03-001333,C02-P03,2026-05-17 12:14:40,Dev,Sucesso
DEP-C02-P03-001334,C02-P03,2026-05-12 10:44:18,Producao,Sucesso
DEP-C02-P03-001335,C02-P03,2026-05-20 12:51:30,Dev,Sucesso
DEP-C02-P03-001336,C02-P03,2026-05-03 14:13:52,Dev,Sucesso
DEP-C02-P03-001337,C02-P03,2026-05-15 09:27:04,Dev,Sucesso
DEP-C02-P03-001338,C02-P03,2026-05-06 10:53:32,Dev,Sucesso
DEP-C02-P03-001339,C02-P03,2026-05-03 10:14:20,Dev,Sucesso
DEP-C02-P03-001340,C02-P03,2026-05-11 07:35:26,Dev,Sucesso
DEP-C02-P03-001341,C02-P03,2026-05-06 12:44:37,Dev,Sucesso
DEP-C02-P03-001342,C02-P03,2026-05-24 16:34:15,Staging,Sucesso
DEP-C02-P03-001343,C02-P03,2026-05-19 10:13:33,Dev,Sucesso
DEP-C02-P03-001344,C02-P03,2026-05-15 14:21:45,Producao,Sucesso
DEP-C02-P03-001345,C02-P03,2026-05-15 11:32:32,Producao,Sucesso
DEP-C02-P03-001346,C02-P03,2026-05-25 16:50:22,Producao,Falha
DEP-C02-P03-001347,C02-P03,2026-05-10 16:36:43,Dev,Sucesso
DEP-C02-P03-001348,C02-P03,2026-06-16 08:36:43,Producao,Sucesso
DEP-C02-P03-001349,C02-P03,2026-06-12 14:25:21,Dev,Sucesso
DEP-C02-P03-001350,C02-P03,2026-06-24 16:26:30,Dev,Sucesso
DEP-C02-P03-001351,C02-P03,2026-06-27 20:16:46,Dev,Sucesso
DEP-C02-P03-001352,C02-P03,2026-06-11 16:21:54,Dev,Sucesso
DEP-C02-P03-001353,C02-P03,2026-06-13 10:55:09,Staging,Sucesso
DEP-C02-P03-001354,C02-P03,2026-06-07 10:15:47,Producao,Falha
DEP-C02-P03-001355,C02-P03,2026-06-22 17:16:14,Producao,Sucesso
DEP-C02-P03-001356,C02-P03,2026-06-03 16:51:17,Dev,Falha
DEP-C02-P03-001357,C02-P03,2026-07-24 18:03:53,Producao,Sucesso
DEP-C02-P03-001358,C02-P03,2026-07-04 16:03:39,Staging,Sucesso
DEP-C02-P03-001359,C02-P03,2026-07-08 16:52:49,Dev,Sucesso
DEP-C02-P03-001360,C02-P03,2026-07-05 16:45:50,Dev,Sucesso
DEP-C02-P03-001361,C02-P03,2026-07-09 18:35:23,Dev,Sucesso
DEP-C02-P03-001362,C02-P03,2026-07-15 15:49:59,Dev,Sucesso
DEP-C02-P03-001363,C02-P03,2026-07-03 11:08:19,Producao,Sucesso
DEP-C02-P03-001364,C02-P03,2026-07-10 10:25:58,Producao,Sucesso
DEP-C02-P03-001365,C02-P03,2026-07-01 17:43:29,Dev,Revertido
DEP-C02-P03-001366,C02-P03,2026-07-10 14:53:53,Dev,Sucesso
DEP-C02-P03-001367,C02-P03,2026-07-05 14:10:34,Staging,Sucesso
DEP-C02-P03-001368,C02-P03,2026-07-29 08:53:05,Dev,Sucesso
DEP-C02-P03-001369,C02-P03,2026-07-26 18:40:55,Dev,Sucesso
DEP-C02-P03-001370,C02-P03,2026-07-04 15:35:13,Dev,Sucesso
DEP-C02-P03-001371,C02-P03,2026-07-01 10:13:48,Producao,Sucesso
DEP-C02-P03-001372,C02-P03,2026-07-22 12:01:36,Staging,Sucesso
DEP-C02-P03-001373,C02-P03,2026-07-25 12:27:07,Dev,Sucesso
DEP-C02-P03-001374,C02-P03,2026-07-17 14:26:00,Producao,Sucesso
DEP-C02-P04-001375,C02-P04,2025-06-02 13:40:43,Dev,Sucesso
DEP-C02-P04-001376,C02-P04,2025-06-05 10:02:14,Producao,Sucesso
DEP-C02-P04-001377,C02-P04,2025-06-26 13:42:35,Dev,Sucesso
DEP-C02-P04-001378,C02-P04,2025-06-02 15:37:44,Producao,Sucesso
DEP-C02-P04-001379,C02-P04,2025-06-11 16:04:34,Dev,Sucesso
DEP-C02-P04-001380,C02-P04,2025-06-24 21:00:33,Dev,Sucesso
DEP-C02-P04-001381,C02-P04,2025-06-02 18:47:06,Producao,Sucesso
DEP-C02-P04-001382,C02-P04,2025-06-15 12:54:49,Producao,Sucesso
DEP-C02-P04-001383,C02-P04,2025-06-07 10:49:49,Staging,Sucesso
DEP-C02-P04-001384,C02-P04,2025-06-02 11:53:25,Dev,Sucesso
DEP-C02-P04-001385,C02-P04,2025-06-02 20:27:54,Dev,Sucesso
DEP-C02-P04-001386,C02-P04,2025-06-10 15:17:50,Staging,Sucesso
DEP-C02-P04-001387,C02-P04,2025-06-02 18:07:15,Dev,Sucesso
DEP-C02-P04-001388,C02-P04,2025-06-27 12:04:29,Producao,Sucesso
DEP-C02-P04-001389,C02-P04,2025-06-25 20:39:26,Dev,Sucesso
DEP-C02-P04-001390,C02-P04,2025-06-06 17:35:21,Dev,Sucesso
DEP-C02-P04-001391,C02-P04,2025-06-17 20:51:09,Dev,Falha
DEP-C02-P04-001392,C02-P04,2025-06-17 20:00:14,Staging,Sucesso
DEP-C02-P04-001393,C02-P04,2025-07-31 19:17:53,Producao,Sucesso
DEP-C02-P04-001394,C02-P04,2025-07-05 18:45:37,Staging,Sucesso
DEP-C02-P04-001395,C02-P04,2025-07-16 18:57:02,Dev,Sucesso
DEP-C02-P04-001396,C02-P04,2025-07-03 18:29:55,Staging,Sucesso
DEP-C02-P04-001397,C02-P04,2025-07-02 08:30:09,Dev,Sucesso
DEP-C02-P04-001398,C02-P04,2025-07-27 12:23:33,Producao,Sucesso
DEP-C02-P04-001399,C02-P04,2025-07-18 13:28:27,Staging,Sucesso
DEP-C02-P04-001400,C02-P04,2025-07-05 11:22:09,Dev,Sucesso
DEP-C02-P04-001401,C02-P04,2025-07-11 12:11:04,Dev,Sucesso
DEP-C02-P04-001402,C02-P04,2025-07-12 08:50:14,Staging,Sucesso
DEP-C02-P04-001403,C02-P04,2025-07-23 13:38:45,Dev,Sucesso
DEP-C02-P04-001404,C02-P04,2025-07-06 20:33:46,Staging,Falha
DEP-C02-P04-001405,C02-P04,2025-08-01 07:13:01,Dev,Sucesso
DEP-C02-P04-001406,C02-P04,2025-08-30 10:43:12,Dev,Sucesso
DEP-C02-P04-001407,C02-P04,2025-08-19 09:53:00,Staging,Sucesso
DEP-C02-P04-001408,C02-P04,2025-08-11 07:40:40,Dev,Sucesso
DEP-C02-P04-001409,C02-P04,2025-08-23 13:29:59,Dev,Revertido
DEP-C02-P04-001410,C02-P04,2025-08-15 15:17:02,Dev,Sucesso
DEP-C02-P04-001411,C02-P04,2025-08-08 20:22:03,Staging,Falha
DEP-C02-P04-001412,C02-P04,2025-08-15 19:22:50,Dev,Sucesso
DEP-C02-P04-001413,C02-P04,2025-08-05 07:54:42,Dev,Sucesso
DEP-C02-P04-001414,C02-P04,2025-08-23 10:26:20,Producao,Sucesso
DEP-C02-P04-001415,C02-P04,2025-08-20 12:43:24,Producao,Sucesso
DEP-C02-P04-001416,C02-P04,2025-08-21 18:53:18,Dev,Sucesso
DEP-C02-P04-001417,C02-P04,2025-08-09 08:35:34,Staging,Sucesso
DEP-C02-P04-001418,C02-P04,2025-08-01 20:40:56,Dev,Falha
DEP-C02-P04-001419,C02-P04,2025-08-26 17:44:30,Staging,Sucesso
DEP-C02-P04-001420,C02-P04,2025-08-06 15:04:32,Dev,Sucesso
DEP-C02-P04-001421,C02-P04,2025-08-04 11:26:15,Dev,Sucesso
DEP-C02-P04-001422,C02-P04,2025-08-01 15:51:22,Producao,Sucesso
DEP-C02-P04-001423,C02-P04,2025-08-02 14:51:18,Dev,Falha
DEP-C02-P04-001424,C02-P04,2025-09-22 17:38:23,Dev,Sucesso
DEP-C02-P04-001425,C02-P04,2025-09-08 08:39:44,Dev,Sucesso
DEP-C02-P04-001426,C02-P04,2025-09-20 08:34:16,Dev,Sucesso
DEP-C02-P04-001427,C02-P04,2025-09-28 18:17:36,Staging,Sucesso
DEP-C02-P04-001428,C02-P04,2025-09-19 16:54:43,Producao,Sucesso
DEP-C02-P04-001429,C02-P04,2025-09-13 18:49:37,Staging,Sucesso
DEP-C02-P04-001430,C02-P04,2025-09-14 15:52:40,Dev,Sucesso
DEP-C02-P04-001431,C02-P04,2025-09-26 21:03:09,Producao,Falha
DEP-C02-P04-001432,C02-P04,2025-09-05 16:29:47,Staging,Sucesso
DEP-C02-P04-001433,C02-P04,2025-09-23 07:19:20,Dev,Sucesso
DEP-C02-P04-001434,C02-P04,2025-09-21 16:46:27,Staging,Sucesso
DEP-C02-P04-001435,C02-P04,2025-09-27 16:16:23,Dev,Sucesso
DEP-C02-P04-001436,C02-P04,2025-09-29 14:54:08,Producao,Sucesso
DEP-C02-P04-001437,C02-P04,2025-09-01 09:32:35,Dev,Sucesso
DEP-C02-P04-001438,C02-P04,2025-09-08 13:59:52,Staging,Sucesso
DEP-C02-P04-001439,C02-P04,2025-09-06 14:47:56,Dev,Revertido
DEP-C02-P04-001440,C02-P04,2025-09-15 16:59:37,Staging,Sucesso
DEP-C02-P04-001441,C02-P04,2025-09-10 08:47:32,Producao,Sucesso
DEP-C02-P04-001442,C02-P04,2025-10-03 18:21:53,Dev,Sucesso
DEP-C02-P04-001443,C02-P04,2025-10-19 21:31:47,Producao,Sucesso
DEP-C02-P04-001444,C02-P04,2025-10-22 14:42:10,Producao,Sucesso
DEP-C02-P04-001445,C02-P04,2025-10-12 08:26:01,Staging,Sucesso
DEP-C02-P04-001446,C02-P04,2025-10-07 18:56:56,Producao,Sucesso
DEP-C02-P04-001447,C02-P04,2025-10-18 14:36:16,Staging,Sucesso
DEP-C02-P04-001448,C02-P04,2025-10-09 11:20:58,Staging,Sucesso
DEP-C02-P04-001449,C02-P04,2025-10-01 20:11:45,Dev,Sucesso
DEP-C02-P04-001450,C02-P04,2025-10-17 08:35:51,Producao,Sucesso
DEP-C02-P04-001451,C02-P04,2025-10-19 12:27:55,Dev,Sucesso
DEP-C02-P04-001452,C02-P04,2025-10-26 14:10:24,Staging,Sucesso
DEP-C02-P04-001453,C02-P04,2025-10-25 10:53:55,Producao,Sucesso
DEP-C02-P04-001454,C02-P04,2025-10-14 21:48:47,Dev,Sucesso
DEP-C02-P04-001455,C02-P04,2025-11-05 15:21:25,Dev,Sucesso
DEP-C02-P04-001456,C02-P04,2025-11-21 12:33:26,Dev,Sucesso
DEP-C02-P04-001457,C02-P04,2025-11-27 18:40:03,Producao,Sucesso
DEP-C02-P04-001458,C02-P04,2025-11-19 16:13:43,Staging,Sucesso
DEP-C02-P04-001459,C02-P04,2025-11-01 08:34:03,Staging,Sucesso
DEP-C02-P04-001460,C02-P04,2025-11-20 07:00:47,Dev,Sucesso
DEP-C02-P04-001461,C02-P04,2025-12-01 16:52:46,Dev,Sucesso
DEP-C02-P04-001462,C02-P04,2025-12-28 08:37:06,Dev,Sucesso
DEP-C02-P04-001463,C02-P04,2025-12-02 11:58:57,Staging,Sucesso
DEP-C02-P04-001464,C02-P04,2025-12-24 08:38:35,Dev,Sucesso
DEP-C02-P04-001465,C02-P04,2025-12-31 07:39:39,Dev,Sucesso
DEP-C02-P04-001466,C02-P04,2025-12-08 13:01:55,Staging,Sucesso
DEP-C02-P04-001467,C02-P04,2025-12-07 16:18:42,Staging,Sucesso
DEP-C02-P04-001468,C02-P04,2025-12-24 08:08:48,Staging,Sucesso
DEP-C02-P04-001469,C02-P04,2025-12-29 18:41:56,Dev,Sucesso
DEP-C02-P04-001470,C02-P04,2025-12-05 13:05:02,Producao,Sucesso
DEP-C02-P04-001471,C02-P04,2025-12-09 15:56:50,Dev,Sucesso
DEP-C02-P04-001472,C02-P04,2025-12-01 10:48:02,Producao,Sucesso
DEP-C02-P04-001473,C02-P04,2025-12-26 20:00:09,Dev,Sucesso
DEP-C02-P04-001474,C02-P04,2025-12-16 17:55:29,Dev,Sucesso
DEP-C02-P04-001475,C02-P04,2025-12-15 17:22:27,Dev,Sucesso
DEP-C02-P04-001476,C02-P04,2025-12-20 17:46:58,Staging,Falha
DEP-C02-P04-001477,C02-P04,2025-12-01 08:54:03,Dev,Sucesso
DEP-C02-P04-001478,C02-P04,2025-12-31 17:14:15,Dev,Revertido
DEP-C02-P04-001479,C02-P04,2026-01-28 07:43:31,Producao,Sucesso
DEP-C02-P04-001480,C02-P04,2026-01-20 10:35:26,Staging,Falha
DEP-C02-P04-001481,C02-P04,2026-01-05 21:27:35,Dev,Sucesso
DEP-C02-P04-001482,C02-P04,2026-01-18 14:34:40,Staging,Sucesso
DEP-C02-P04-001483,C02-P04,2026-01-03 15:08:32,Dev,Sucesso
DEP-C02-P04-001484,C02-P04,2026-01-03 20:27:05,Dev,Revertido
DEP-C02-P04-001485,C02-P04,2026-01-13 14:18:49,Producao,Sucesso
DEP-C02-P04-001486,C02-P04,2026-01-15 12:54:57,Dev,Sucesso
DEP-C02-P04-001487,C02-P04,2026-01-02 21:07:45,Producao,Sucesso
DEP-C02-P04-001488,C02-P04,2026-01-12 10:34:15,Staging,Sucesso
DEP-C02-P04-001489,C02-P04,2026-01-11 14:12:14,Staging,Sucesso
DEP-C02-P04-001490,C02-P04,2026-01-28 19:24:00,Staging,Sucesso
DEP-C02-P04-001491,C02-P04,2026-01-14 15:17:48,Dev,Sucesso
DEP-C02-P04-001492,C02-P04,2026-01-17 10:13:30,Dev,Sucesso
DEP-C02-P04-001493,C02-P04,2026-01-09 21:41:10,Producao,Sucesso
DEP-C02-P04-001494,C02-P04,2026-01-15 11:38:56,Dev,Sucesso
DEP-C02-P04-001495,C02-P04,2026-01-09 19:40:21,Dev,Sucesso
DEP-C02-P04-001496,C02-P04,2026-02-22 14:43:36,Dev,Revertido
DEP-C02-P04-001497,C02-P04,2026-02-25 11:14:32,Dev,Sucesso
DEP-C02-P04-001498,C02-P04,2026-02-23 18:33:54,Producao,Sucesso
DEP-C02-P04-001499,C02-P04,2026-02-25 11:45:40,Dev,Sucesso
DEP-C02-P04-001500,C02-P04,2026-02-13 07:03:44,Staging,Sucesso
DEP-C02-P04-001501,C02-P04,2026-02-26 07:41:26,Producao,Sucesso
DEP-C02-P04-001502,C02-P04,2026-02-13 12:45:59,Dev,Sucesso
DEP-C02-P04-001503,C02-P04,2026-02-21 07:25:45,Dev,Falha
DEP-C02-P04-001504,C02-P04,2026-02-13 20:29:13,Dev,Sucesso
DEP-C02-P04-001505,C02-P04,2026-02-12 13:09:15,Staging,Sucesso
DEP-C02-P04-001506,C02-P04,2026-02-15 13:40:55,Producao,Sucesso
DEP-C02-P04-001507,C02-P04,2026-02-18 09:44:33,Staging,Sucesso
DEP-C02-P04-001508,C02-P04,2026-02-25 14:44:23,Dev,Sucesso
DEP-C02-P04-001509,C02-P04,2026-02-04 09:51:48,Producao,Sucesso
DEP-C02-P04-001510,C02-P04,2026-02-25 12:09:04,Dev,Sucesso
DEP-C02-P04-001511,C02-P04,2026-03-18 14:35:57,Dev,Sucesso
DEP-C02-P04-001512,C02-P04,2026-03-01 15:50:54,Dev,Sucesso
DEP-C02-P04-001513,C02-P04,2026-03-01 08:16:10,Staging,Sucesso
DEP-C02-P04-001514,C02-P04,2026-03-23 20:49:29,Staging,Sucesso
DEP-C02-P04-001515,C02-P04,2026-03-21 16:50:58,Producao,Sucesso
DEP-C02-P04-001516,C02-P04,2026-03-13 16:43:07,Dev,Revertido
DEP-C02-P04-001517,C02-P04,2026-04-29 21:37:18,Producao,Sucesso
DEP-C02-P04-001518,C02-P04,2026-04-07 12:02:21,Staging,Sucesso
DEP-C02-P04-001519,C02-P04,2026-04-17 17:15:37,Producao,Sucesso
DEP-C02-P04-001520,C02-P04,2026-04-25 09:06:30,Dev,Sucesso
DEP-C02-P04-001521,C02-P04,2026-05-10 16:36:07,Dev,Sucesso
DEP-C02-P04-001522,C02-P04,2026-05-23 18:55:32,Staging,Sucesso
DEP-C02-P04-001523,C02-P04,2026-05-13 15:22:42,Staging,Sucesso
DEP-C02-P04-001524,C02-P04,2026-05-12 16:30:36,Producao,Falha
DEP-C02-P04-001525,C02-P04,2026-05-31 16:57:12,Dev,Falha
DEP-C02-P04-001526,C02-P04,2026-05-10 08:28:52,Producao,Sucesso
DEP-C02-P04-001527,C02-P04,2026-05-21 20:58:59,Dev,Sucesso
DEP-C02-P04-001528,C02-P04,2026-05-19 09:46:09,Staging,Sucesso
DEP-C02-P04-001529,C02-P04,2026-06-21 20:46:35,Staging,Sucesso
DEP-C02-P04-001530,C02-P04,2026-06-29 11:30:44,Dev,Sucesso
DEP-C02-P04-001531,C02-P04,2026-06-03 19:01:32,Staging,Sucesso
DEP-C02-P04-001532,C02-P04,2026-06-14 14:32:23,Staging,Sucesso
DEP-C02-P04-001533,C02-P04,2026-07-24 13:57:11,Dev,Sucesso
DEP-C02-P05-001534,C02-P05,2026-03-25 07:19:37,Dev,Sucesso
DEP-C02-P05-001535,C02-P05,2026-03-20 10:49:10,Dev,Falha
DEP-C02-P05-001536,C02-P05,2026-03-12 07:34:59,Dev,Sucesso
DEP-C02-P05-001537,C02-P05,2026-03-20 20:28:52,Staging,Falha
DEP-C02-P05-001538,C02-P05,2026-03-09 13:54:13,Producao,Sucesso
DEP-C02-P05-001539,C02-P05,2026-03-22 11:03:30,Staging,Sucesso
DEP-C02-P05-001540,C02-P05,2026-03-27 19:47:08,Dev,Sucesso
DEP-C02-P05-001541,C02-P05,2026-05-23 20:56:41,Staging,Sucesso
DEP-C02-P05-001542,C02-P05,2026-05-10 10:37:21,Producao,Sucesso
DEP-C02-P05-001543,C02-P05,2026-05-08 21:32:59,Staging,Sucesso
DEP-C02-P05-001544,C02-P05,2026-05-25 20:53:20,Dev,Sucesso
DEP-C02-P05-001545,C02-P05,2026-05-08 13:24:34,Staging,Sucesso
DEP-C02-P05-001546,C02-P05,2026-05-17 18:48:37,Dev,Sucesso
DEP-C02-P05-001547,C02-P05,2026-05-26 14:48:17,Dev,Sucesso
DEP-C02-P05-001548,C02-P05,2026-05-27 17:28:34,Staging,Sucesso
DEP-C02-P05-001549,C02-P05,2026-05-08 21:46:32,Dev,Sucesso
DEP-C02-P05-001550,C02-P05,2026-05-30 14:18:55,Dev,Sucesso
DEP-C02-P05-001551,C02-P05,2026-05-04 08:41:32,Staging,Sucesso
DEP-C02-P05-001552,C02-P05,2026-05-31 16:38:16,Producao,Sucesso
DEP-C02-P05-001553,C02-P05,2026-05-07 16:45:19,Dev,Sucesso
DEP-C03-P01-001554,C03-P01,2025-07-23 21:53:09,Staging,Sucesso
DEP-C03-P01-001555,C03-P01,2025-07-13 14:08:07,Staging,Revertido
DEP-C03-P01-001556,C03-P01,2025-07-31 15:24:18,Dev,Sucesso
DEP-C03-P01-001557,C03-P01,2025-07-08 07:12:34,Dev,Sucesso
DEP-C03-P01-001558,C03-P01,2025-07-09 09:06:27,Producao,Sucesso
DEP-C03-P01-001559,C03-P01,2025-07-21 14:03:04,Producao,Sucesso
DEP-C03-P01-001560,C03-P01,2025-12-04 08:27:35,Producao,Sucesso
DEP-C03-P01-001561,C03-P01,2025-12-29 20:06:02,Dev,Sucesso
DEP-C03-P01-001562,C03-P01,2025-12-28 19:40:13,Dev,Sucesso
DEP-C03-P01-001563,C03-P01,2025-12-17 20:25:09,Dev,Sucesso
DEP-C03-P01-001564,C03-P01,2025-12-29 11:13:20,Staging,Sucesso
DEP-C03-P01-001565,C03-P01,2026-06-18 11:16:40,Dev,Falha
DEP-C03-P01-001566,C03-P01,2026-06-16 12:30:24,Dev,Falha
DEP-C03-P01-001567,C03-P01,2026-06-27 09:02:09,Staging,Sucesso
DEP-C03-P01-001568,C03-P01,2026-06-20 12:14:02,Dev,Sucesso
DEP-C03-P02-001569,C03-P02,2026-04-14 08:29:26,Dev,Sucesso
DEP-C03-P02-001570,C03-P02,2026-04-27 08:48:06,Dev,Sucesso
DEP-C03-P02-001571,C03-P02,2026-04-03 16:27:13,Dev,Sucesso
DEP-C03-P02-001572,C03-P02,2026-04-11 08:46:24,Dev,Sucesso
DEP-C03-P02-001573,C03-P02,2026-04-04 15:32:47,Staging,Sucesso
DEP-C03-P02-001574,C03-P02,2026-05-05 09:00:58,Staging,Sucesso
DEP-C03-P02-001575,C03-P02,2026-05-12 17:04:03,Dev,Sucesso
DEP-C03-P02-001576,C03-P02,2026-05-17 09:02:24,Staging,Sucesso
DEP-C03-P02-001577,C03-P02,2026-06-28 15:24:40,Dev,Sucesso
DEP-C03-P02-001578,C03-P02,2026-06-30 17:06:32,Staging,Sucesso
DEP-C03-P02-001579,C03-P02,2026-06-19 17:29:11,Staging,Sucesso
DEP-C03-P02-001580,C03-P02,2026-07-19 12:53:56,Dev,Sucesso
DEP-C03-P02-001581,C03-P02,2026-07-15 16:24:57,Staging,Sucesso
DEP-C03-P02-001582,C03-P02,2026-07-23 16:40:40,Dev,Sucesso
DEP-C04-P01-001583,C04-P01,2026-02-12 14:24:35,Staging,Sucesso
DEP-C04-P01-001584,C04-P01,2026-02-24 11:17:47,Staging,Sucesso
DEP-C04-P01-001585,C04-P01,2026-02-14 08:20:16,Dev,Sucesso
DEP-C04-P01-001586,C04-P01,2026-02-23 13:49:05,Producao,Sucesso
DEP-C04-P01-001587,C04-P01,2026-02-05 20:34:34,Dev,Sucesso
DEP-C04-P01-001588,C04-P01,2026-03-27 08:44:27,Dev,Sucesso
DEP-C04-P01-001589,C04-P01,2026-03-16 19:17:21,Staging,Sucesso
DEP-C04-P01-001590,C04-P01,2026-03-12 17:45:49,Producao,Sucesso
DEP-C04-P01-001591,C04-P01,2026-03-09 11:54:42,Dev,Sucesso
DEP-C04-P01-001592,C04-P01,2026-03-29 11:06:17,Dev,Sucesso
DEP-C04-P01-001593,C04-P01,2026-03-29 18:26:36,Dev,Sucesso
DEP-C04-P01-001594,C04-P01,2026-03-03 08:35:23,Producao,Sucesso
DEP-C04-P01-001595,C04-P01,2026-03-06 20:49:59,Producao,Sucesso
DEP-C04-P01-001596,C04-P01,2026-03-30 13:15:20,Dev,Sucesso
DEP-C04-P01-001597,C04-P01,2026-03-08 15:08:00,Staging,Sucesso
DEP-C04-P01-001598,C04-P01,2026-04-20 18:32:34,Dev,Sucesso
DEP-C04-P01-001599,C04-P01,2026-04-08 18:10:25,Dev,Sucesso
DEP-C04-P01-001600,C04-P01,2026-04-22 11:46:20,Dev,Sucesso
DEP-C04-P01-001601,C04-P01,2026-05-12 11:58:44,Dev,Sucesso
DEP-C04-P01-001602,C04-P01,2026-05-02 21:15:32,Dev,Sucesso
DEP-C04-P01-001603,C04-P01,2026-05-17 16:45:46,Producao,Sucesso
DEP-C04-P01-001604,C04-P01,2026-05-10 07:24:04,Dev,Sucesso
DEP-C04-P01-001605,C04-P01,2026-05-26 14:19:36,Dev,Sucesso
DEP-C04-P01-001606,C04-P01,2026-05-29 17:12:18,Dev,Sucesso
DEP-C04-P01-001607,C04-P01,2026-05-20 19:35:32,Dev,Sucesso
DEP-C04-P01-001608,C04-P01,2026-05-31 10:33:04,Dev,Sucesso
DEP-C04-P01-001609,C04-P01,2026-05-06 09:19:29,Dev,Sucesso
DEP-C04-P01-001610,C04-P01,2026-05-31 11:20:52,Staging,Sucesso
DEP-C04-P01-001611,C04-P01,2026-05-18 17:19:54,Dev,Sucesso
DEP-C04-P01-001612,C04-P01,2026-05-30 12:33:23,Dev,Sucesso
DEP-C04-P01-001613,C04-P01,2026-05-19 11:50:55,Producao,Sucesso
DEP-C04-P01-001614,C04-P01,2026-05-15 20:51:40,Dev,Sucesso
DEP-C04-P01-001615,C04-P01,2026-06-05 09:49:38,Dev,Sucesso
DEP-C04-P01-001616,C04-P01,2026-06-30 20:04:08,Dev,Sucesso
DEP-C04-P01-001617,C04-P01,2026-06-04 08:14:58,Staging,Sucesso
DEP-C04-P01-001618,C04-P01,2026-06-20 13:04:46,Dev,Sucesso
DEP-C04-P01-001619,C04-P01,2026-06-16 09:57:17,Dev,Sucesso
DEP-C04-P01-001620,C04-P01,2026-06-18 07:16:38,Dev,Sucesso
DEP-C04-P01-001621,C04-P01,2026-06-30 13:52:45,Dev,Sucesso
DEP-C04-P01-001622,C04-P01,2026-06-05 17:23:18,Dev,Sucesso
DEP-C04-P01-001623,C04-P01,2026-06-02 17:30:46,Producao,Sucesso
DEP-C04-P01-001624,C04-P01,2026-06-27 14:38:15,Producao,Sucesso
DEP-C04-P01-001625,C04-P01,2026-06-15 15:24:10,Staging,Sucesso
DEP-C04-P01-001626,C04-P01,2026-07-28 13:09:26,Dev,Sucesso
DEP-C04-P01-001627,C04-P01,2026-07-18 12:48:19,Staging,Sucesso
DEP-C04-P01-001628,C04-P01,2026-07-21 11:01:19,Staging,Sucesso
DEP-C04-P01-001629,C04-P01,2026-07-13 07:01:11,Dev,Sucesso
DEP-C04-P01-001630,C04-P01,2026-07-01 20:39:47,Dev,Sucesso
DEP-C04-P01-001631,C04-P01,2026-07-26 16:08:04,Staging,Sucesso
DEP-C04-P01-001632,C04-P01,2026-07-12 10:29:10,Dev,Sucesso
DEP-C04-P01-001633,C04-P01,2026-07-04 09:25:11,Dev,Sucesso
DEP-C04-P01-001634,C04-P01,2026-07-03 13:46:50,Producao,Sucesso
DEP-C04-P01-001635,C04-P01,2026-07-11 20:05:26,Dev,Sucesso
DEP-C04-P01-001636,C04-P01,2026-07-12 17:35:45,Dev,Falha
DEP-C04-P01-001637,C04-P01,2026-07-21 19:26:07,Staging,Sucesso
DEP-C04-P02-001638,C04-P02,2026-05-26 15:23:12,Dev,Sucesso
DEP-C04-P02-001639,C04-P02,2026-05-02 21:09:06,Producao,Sucesso
DEP-C04-P02-001640,C04-P02,2026-05-12 14:05:40,Producao,Sucesso
DEP-C04-P02-001641,C04-P02,2026-05-09 13:55:56,Staging,Sucesso
DEP-C04-P02-001642,C04-P02,2026-05-02 17:18:54,Dev,Sucesso
DEP-C04-P02-001643,C04-P02,2026-06-17 07:16:27,Staging,Sucesso
DEP-C04-P02-001644,C04-P02,2026-06-24 16:24:45,Producao,Sucesso
DEP-C04-P02-001645,C04-P02,2026-06-17 09:41:25,Staging,Sucesso
DEP-C04-P02-001646,C04-P02,2026-06-03 11:31:04,Dev,Sucesso
DEP-C04-P02-001647,C04-P02,2026-06-07 14:22:21,Dev,Sucesso
DEP-C04-P02-001648,C04-P02,2026-06-06 16:32:53,Staging,Sucesso
DEP-C04-P02-001649,C04-P02,2026-06-09 13:03:54,Dev,Falha
DEP-C04-P02-001650,C04-P02,2026-06-25 10:54:54,Staging,Sucesso
DEP-C04-P02-001651,C04-P02,2026-06-01 19:08:34,Producao,Sucesso
DEP-C04-P02-001652,C04-P02,2026-06-26 18:30:40,Producao,Sucesso
DEP-C04-P02-001653,C04-P02,2026-07-10 14:12:03,Producao,Sucesso
DEP-C04-P02-001654,C04-P02,2026-07-14 12:03:24,Producao,Sucesso
DEP-C04-P02-001655,C04-P02,2026-07-21 09:49:59,Staging,Sucesso
DEP-C04-P02-001656,C04-P02,2026-07-03 16:39:21,Producao,Sucesso
DEP-C04-P02-001657,C04-P02,2026-07-24 15:13:26,Dev,Sucesso
DEP-C04-P02-001658,C04-P02,2026-07-29 09:27:51,Producao,Sucesso
DEP-C04-P02-001659,C04-P02,2026-07-21 16:23:43,Staging,Falha
DEP-C04-P02-001660,C04-P02,2026-07-27 08:19:50,Dev,Sucesso
DEP-C04-P02-001661,C04-P02,2026-07-08 16:04:03,Dev,Sucesso
DEP-C04-P02-001662,C04-P02,2026-07-18 12:56:02,Dev,Sucesso
DEP-C04-P02-001663,C04-P02,2026-07-17 07:42:03,Staging,Sucesso
DEP-C04-P02-001664,C04-P02,2026-07-03 15:18:40,Staging,Sucesso
DEP-C04-P02-001665,C04-P02,2026-07-12 10:30:44,Dev,Sucesso
DEP-C04-P02-001666,C04-P02,2026-07-29 10:23:59,Staging,Sucesso
DEP-C04-P02-001667,C04-P02,2026-07-18 09:16:37,Dev,Sucesso
DEP-C04-P02-001668,C04-P02,2026-07-14 08:01:26,Staging,Sucesso
DEP-C04-P02-001669,C04-P02,2026-07-18 10:54:47,Dev,Sucesso
DEP-C05-P01-001670,C05-P01,2025-07-06 07:08:26,Staging,Sucesso
DEP-C05-P01-001671,C05-P01,2025-07-22 20:20:45,Dev,Sucesso
DEP-C05-P01-001672,C05-P01,2025-08-22 17:20:57,Staging,Sucesso
DEP-C05-P01-001673,C05-P01,2025-08-17 14:37:39,Producao,Sucesso
DEP-C05-P01-001674,C05-P01,2025-09-09 16:55:39,Producao,Sucesso
DEP-C05-P01-001675,C05-P01,2025-09-08 15:53:21,Producao,Sucesso
DEP-C05-P01-001676,C05-P01,2025-09-17 21:28:18,Dev,Sucesso
DEP-C05-P01-001677,C05-P01,2025-10-29 16:54:26,Dev,Sucesso
DEP-C05-P01-001678,C05-P01,2025-11-26 11:17:26,Producao,Sucesso
DEP-C05-P01-001679,C05-P01,2025-11-06 20:41:21,Dev,Sucesso
DEP-C05-P01-001680,C05-P01,2025-11-12 18:27:29,Staging,Sucesso
DEP-C05-P01-001681,C05-P01,2025-12-10 19:29:59,Dev,Sucesso
DEP-C05-P01-001682,C05-P01,2025-12-24 18:24:20,Dev,Sucesso
DEP-C05-P01-001683,C05-P01,2025-12-14 09:56:43,Dev,Sucesso
DEP-C05-P01-001684,C05-P01,2025-12-01 07:29:53,Producao,Sucesso
DEP-C05-P01-001685,C05-P01,2025-12-13 11:53:59,Dev,Sucesso
DEP-C05-P01-001686,C05-P01,2025-12-04 09:11:29,Dev,Sucesso
DEP-C05-P01-001687,C05-P01,2026-01-13 08:03:51,Producao,Sucesso
DEP-C05-P01-001688,C05-P01,2026-01-14 18:53:20,Staging,Sucesso
DEP-C05-P01-001689,C05-P01,2026-01-23 18:14:20,Producao,Sucesso
DEP-C05-P01-001690,C05-P01,2026-01-25 19:48:19,Producao,Sucesso
DEP-C05-P01-001691,C05-P01,2026-01-16 18:09:21,Producao,Sucesso
DEP-C05-P01-001692,C05-P01,2026-02-19 12:56:17,Dev,Sucesso
DEP-C05-P01-001693,C05-P01,2026-03-19 13:19:26,Dev,Sucesso
DEP-C05-P01-001694,C05-P01,2026-03-24 14:02:36,Staging,Sucesso
DEP-C05-P01-001695,C05-P01,2026-03-17 10:38:21,Producao,Sucesso
DEP-C05-P01-001696,C05-P01,2026-03-09 13:35:21,Dev,Falha
DEP-C05-P01-001697,C05-P01,2026-03-03 14:30:20,Staging,Sucesso
DEP-C05-P01-001698,C05-P01,2026-04-30 11:06:33,Staging,Sucesso
DEP-C05-P01-001699,C05-P01,2026-05-09 15:25:56,Staging,Revertido
DEP-C05-P01-001700,C05-P01,2026-05-19 16:31:55,Dev,Sucesso
DEP-C05-P01-001701,C05-P01,2026-05-07 17:01:42,Dev,Falha
DEP-C05-P01-001702,C05-P01,2026-05-11 13:14:30,Dev,Sucesso
DEP-C05-P01-001703,C05-P01,2026-06-05 12:33:24,Producao,Falha
DEP-C05-P01-001704,C05-P01,2026-06-19 19:42:37,Dev,Sucesso
DEP-C05-P01-001705,C05-P01,2026-06-16 10:24:18,Dev,Falha
DEP-C05-P01-001706,C05-P01,2026-06-04 07:29:10,Producao,Sucesso
DEP-C05-P01-001707,C05-P01,2026-06-24 08:04:52,Dev,Sucesso
DEP-C05-P01-001708,C05-P01,2026-07-19 20:23:16,Dev,Sucesso
DEP-C05-P01-001709,C05-P01,2026-07-15 11:01:56,Staging,Sucesso
DEP-C05-P01-001710,C05-P01,2026-07-27 15:05:42,Dev,Falha
DEP-C05-P02-001711,C05-P02,2026-04-13 12:09:38,Staging,Sucesso
DEP-C05-P02-001712,C05-P02,2026-04-20 19:06:12,Staging,Sucesso
DEP-C05-P02-001713,C05-P02,2026-04-12 18:32:03,Dev,Sucesso
DEP-C05-P02-001714,C05-P02,2026-04-18 17:22:44,Dev,Sucesso
DEP-C05-P02-001715,C05-P02,2026-04-29 14:54:39,Staging,Sucesso
DEP-C05-P02-001716,C05-P02,2026-04-26 09:50:46,Dev,Sucesso
DEP-C05-P02-001717,C05-P02,2026-06-28 08:18:52,Staging,Sucesso
DEP-C05-P02-001718,C05-P02,2026-06-02 14:25:37,Dev,Falha
DEP-C05-P02-001719,C05-P02,2026-07-31 18:09:55,Dev,Sucesso
DEP-C05-P02-001720,C05-P02,2026-07-24 13:53:33,Dev,Sucesso
DEP-C05-P02-001721,C05-P02,2026-07-21 08:52:25,Producao,Sucesso
DEP-C05-P02-001722,C05-P02,2026-07-14 11:45:46,Producao,Sucesso
DEP-C05-P02-001723,C05-P02,2026-07-01 08:32:09,Staging,Sucesso
DEP-C05-P02-001724,C05-P02,2026-07-24 09:12:52,Producao,Falha
DEP-C05-P02-001725,C05-P02,2026-07-27 12:53:35,Dev,Sucesso
DEP-C05-P03-001726,C05-P03,2025-06-16 12:09:58,Dev,Sucesso
DEP-C05-P03-001727,C05-P03,2025-06-28 17:23:22,Producao,Sucesso
DEP-C05-P03-001728,C05-P03,2025-06-08 14:35:17,Dev,Sucesso
DEP-C05-P03-001729,C05-P03,2025-06-11 16:03:24,Producao,Falha
DEP-C05-P03-001730,C05-P03,2025-07-17 08:08:34,Staging,Sucesso
DEP-C05-P03-001731,C05-P03,2025-07-29 08:39:46,Producao,Sucesso
DEP-C05-P03-001732,C05-P03,2025-07-26 10:02:34,Staging,Sucesso
DEP-C05-P03-001733,C05-P03,2025-07-30 13:22:23,Dev,Sucesso
DEP-C05-P03-001734,C05-P03,2025-07-01 16:14:12,Dev,Sucesso
DEP-C05-P03-001735,C05-P03,2025-08-16 14:31:01,Dev,Sucesso
DEP-C05-P03-001736,C05-P03,2025-08-19 21:25:29,Dev,Sucesso
DEP-C05-P03-001737,C05-P03,2025-08-23 14:22:16,Staging,Sucesso
DEP-C05-P03-001738,C05-P03,2025-08-27 08:03:44,Dev,Sucesso
DEP-C05-P03-001739,C05-P03,2025-08-14 08:43:41,Dev,Falha
DEP-C05-P03-001740,C05-P03,2025-09-28 08:31:26,Staging,Sucesso
DEP-C05-P03-001741,C05-P03,2025-09-07 11:06:23,Staging,Revertido
DEP-C05-P03-001742,C05-P03,2025-10-23 15:56:13,Dev,Sucesso
DEP-C05-P03-001743,C05-P03,2025-10-27 19:36:00,Dev,Sucesso
DEP-C05-P03-001744,C05-P03,2025-10-20 11:11:05,Staging,Sucesso
DEP-C05-P03-001745,C05-P03,2025-10-13 10:06:49,Staging,Falha
DEP-C05-P03-001746,C05-P03,2025-10-13 19:09:15,Staging,Sucesso
DEP-C05-P03-001747,C05-P03,2025-12-01 07:22:51,Dev,Sucesso
DEP-C05-P03-001748,C05-P03,2025-12-09 19:06:15,Producao,Sucesso
DEP-C05-P03-001749,C05-P03,2025-12-23 13:11:03,Staging,Sucesso
DEP-C05-P03-001750,C05-P03,2025-12-31 11:36:47,Staging,Sucesso
DEP-C05-P03-001751,C05-P03,2025-12-28 16:24:50,Staging,Sucesso
DEP-C05-P03-001752,C05-P03,2026-02-16 16:57:34,Dev,Sucesso
DEP-C05-P03-001753,C05-P03,2026-02-10 10:11:42,Dev,Sucesso
DEP-C05-P03-001754,C05-P03,2026-02-08 11:25:30,Dev,Sucesso
DEP-C05-P03-001755,C05-P03,2026-03-28 07:41:45,Dev,Sucesso
DEP-C05-P03-001756,C05-P03,2026-03-25 08:15:03,Staging,Revertido
DEP-C05-P03-001757,C05-P03,2026-04-18 11:09:59,Producao,Sucesso
DEP-C05-P03-001758,C05-P03,2026-04-11 07:06:28,Staging,Sucesso
DEP-C05-P03-001759,C05-P03,2026-05-03 08:46:48,Dev,Sucesso
DEP-C05-P03-001760,C05-P03,2026-05-12 16:40:20,Producao,Sucesso
DEP-C05-P03-001761,C05-P03,2026-05-03 12:53:21,Dev,Sucesso
DEP-C05-P03-001762,C05-P03,2026-05-24 14:54:24,Dev,Sucesso
DEP-C05-P03-001763,C05-P03,2026-05-02 21:10:42,Dev,Sucesso
DEP-C05-P03-001764,C05-P03,2026-05-19 18:02:05,Dev,Sucesso
DEP-C05-P03-001765,C05-P03,2026-06-02 19:05:26,Dev,Sucesso
DEP-C05-P03-001766,C05-P03,2026-06-08 18:05:12,Dev,Falha
DEP-C05-P03-001767,C05-P03,2026-06-10 14:14:33,Producao,Sucesso
DEP-C05-P03-001768,C05-P03,2026-07-19 07:58:48,Staging,Sucesso
DEP-C05-P03-001769,C05-P03,2026-07-29 15:27:13,Dev,Sucesso
DEP-C05-P03-001770,C05-P03,2026-07-03 09:59:14,Staging,Sucesso
DEP-C05-P03-001771,C05-P03,2026-07-21 10:26:11,Dev,Sucesso
DEP-C05-P03-001772,C05-P03,2026-07-17 18:19:38,Staging,Sucesso
DEP-C05-P04-001773,C05-P04,2025-12-07 17:24:08,Dev,Sucesso
DEP-C05-P04-001774,C05-P04,2025-12-28 15:20:30,Dev,Sucesso
DEP-C05-P04-001775,C05-P04,2025-12-14 17:58:45,Dev,Sucesso
DEP-C05-P04-001776,C05-P04,2025-12-08 18:45:23,Dev,Sucesso
DEP-C05-P04-001777,C05-P04,2025-12-17 09:46:40,Dev,Falha
DEP-C05-P04-001778,C05-P04,2025-12-02 15:15:04,Staging,Sucesso
DEP-C05-P04-001779,C05-P04,2026-01-18 14:25:28,Staging,Sucesso
DEP-C05-P04-001780,C05-P04,2026-01-08 13:19:07,Dev,Sucesso
DEP-C05-P04-001781,C05-P04,2026-01-07 20:11:46,Dev,Sucesso
DEP-C05-P04-001782,C05-P04,2026-01-06 09:26:07,Dev,Falha
DEP-C05-P04-001783,C05-P04,2026-01-27 20:28:24,Dev,Sucesso
DEP-C05-P04-001784,C05-P04,2026-02-03 15:38:58,Staging,Sucesso
DEP-C05-P04-001785,C05-P04,2026-02-14 18:58:46,Staging,Falha
DEP-C05-P04-001786,C05-P04,2026-03-14 16:26:55,Dev,Sucesso
DEP-C05-P04-001787,C05-P04,2026-03-02 15:04:29,Producao,Sucesso
DEP-C05-P04-001788,C05-P04,2026-03-26 19:05:37,Dev,Sucesso
DEP-C05-P04-001789,C05-P04,2026-04-19 13:59:35,Staging,Sucesso
DEP-C05-P04-001790,C05-P04,2026-04-11 07:09:29,Dev,Sucesso
DEP-C05-P04-001791,C05-P04,2026-05-10 12:36:37,Staging,Sucesso
DEP-C05-P04-001792,C05-P04,2026-05-21 08:35:48,Staging,Sucesso
DEP-C05-P04-001793,C05-P04,2026-05-17 11:52:47,Dev,Sucesso
DEP-C05-P04-001794,C05-P04,2026-05-31 14:52:49,Producao,Sucesso
DEP-C05-P04-001795,C05-P04,2026-06-05 14:17:44,Dev,Sucesso
DEP-C05-P04-001796,C05-P04,2026-06-20 19:09:45,Dev,Sucesso
DEP-C05-P04-001797,C05-P04,2026-07-20 16:07:47,Staging,Sucesso
DEP-C05-P04-001798,C05-P04,2026-07-12 18:21:43,Dev,Sucesso
DEP-C05-P04-001799,C05-P04,2026-07-19 13:02:41,Dev,Sucesso
DEP-C05-P04-001800,C05-P04,2026-07-05 09:47:21,Dev,Sucesso
