issue_id,project_id,employee_id,issue_type,priority,created_at,closed_at,status
ISS-C01-P01-000001,C01-P01,C01-E0031,Bug,Media,2025-06-11 16:00:29,,Aberto
ISS-C01-P01-000002,C01-P01,C01-E0146,Bug,Media,2025-06-10 12:22:05,2025-07-21 12:22:05,Fechado
ISS-C01-P01-000003,C01-P01,C01-E0125,Bug,Media,2025-06-01 21:06:57,,Em Andamento
ISS-C01-P01-000004,C01-P01,C01-E0152,Feature,Baixa,2025-06-08 15:02:47,,Em Andamento
ISS-C01-P01-000005,C01-P01,C01-E0032,Bug,Baixa,2025-06-22 15:21:22,,Em Andamento
ISS-C01-P01-000006,C01-P01,C01-E0283,Bug,Media,2025-06-02 20:10:30,2025-06-28 20:10:30,Fechado
ISS-C01-P01-000007,C01-P01,C01-E0097,Debito Tecnico,Media,2025-06-25 19:35:09,,Aberto
ISS-C01-P01-000008,C01-P01,C01-E0090,Feature,Alta,2025-06-26 21:31:13,2025-06-29 21:31:13,Fechado
ISS-C01-P01-000009,C01-P01,C01-E0066,Bug,Baixa,2025-06-23 17:19:05,2025-06-25 17:19:05,Fechado
ISS-C01-P01-000010,C01-P01,C01-E0096,Debito Tecnico,Media,2025-06-08 18:10:39,2025-06-23 18:10:39,Fechado
ISS-C01-P01-000011,C01-P01,C01-E0226,Feature,Baixa,2025-06-01 14:36:39,,Em Andamento
ISS-C01-P01-000012,C01-P01,C01-E0295,Bug,Baixa,2025-06-29 13:14:13,2025-07-22 13:14:13,Fechado
ISS-C01-P01-000013,C01-P01,C01-E0146,Feature,Baixa,2025-06-09 14:29:12,,Em Andamento
ISS-C01-P01-000014,C01-P01,C01-E0319,Debito Tecnico,Alta,2025-06-24 21:09:13,,Em Andamento
ISS-C01-P01-000015,C01-P01,C01-E0247,Bug,Baixa,2025-06-08 20:29:06,,Aberto
ISS-C01-P01-000016,C01-P01,C01-E0354,Debito Tecnico,Media,2025-06-01 11:51:11,2025-06-10 11:51:11,Fechado
ISS-C01-P01-000017,C01-P01,C01-E0335,Debito Tecnico,Media,2025-06-13 09:32:48,2025-07-18 09:32:48,Fechado
ISS-C01-P01-000018,C01-P01,C01-E0189,Chore,Alta,2025-06-29 13:42:08,2025-07-21 13:42:08,Fechado
ISS-C01-P01-000019,C01-P01,C01-E0161,Feature,Baixa,2025-06-09 18:27:55,,Aberto
ISS-C01-P01-000020,C01-P01,C01-E0107,Feature,Baixa,2025-06-12 11:45:41,,Em Andamento
ISS-C01-P01-000021,C01-P01,C01-E0042,Debito Tecnico,Media,2025-06-27 21:06:04,,Em Andamento
ISS-C01-P01-000022,C01-P01,C01-E0005,Bug,Alta,2025-06-10 17:40:26,2025-07-04 17:40:26,Fechado
ISS-C01-P01-000023,C01-P01,C01-E0090,Chore,Alta,2025-06-29 12:03:04,,Aberto
ISS-C01-P01-000024,C01-P01,C01-E0235,Bug,Media,2025-06-07 18:59:17,2025-07-16 18:59:17,Fechado
ISS-C01-P01-000025,C01-P01,C01-E0233,Chore,Media,2025-06-16 19:34:57,2025-07-17 19:34:57,Fechado
ISS-C01-P01-000026,C01-P01,C01-E0232,Feature,Alta,2025-06-15 16:52:14,,Aberto
ISS-C01-P01-000027,C01-P01,C01-E0261,Bug,Alta,2025-06-09 10:40:17,,Aberto
ISS-C01-P01-000028,C01-P01,C01-E0169,Chore,Alta,2025-07-11 20:19:29,,Em Andamento
ISS-C01-P01-000029,C01-P01,C01-E0234,Feature,Alta,2025-07-11 19:59:46,,Em Andamento
ISS-C01-P01-000030,C01-P01,C01-E0032,Bug,Media,2025-07-25 20:45:08,,Em Andamento
ISS-C01-P01-000031,C01-P01,C01-E0260,Debito Tecnico,Alta,2025-07-06 20:19:10,,Aberto
ISS-C01-P01-000032,C01-P01,C01-E0210,Bug,Media,2025-07-15 11:49:54,,Em Andamento
ISS-C01-P01-000033,C01-P01,C01-E0060,Debito Tecnico,Baixa,2025-07-23 17:29:15,2025-08-13 17:29:15,Fechado
ISS-C01-P01-000034,C01-P01,C01-E0286,Feature,Baixa,2025-07-01 19:06:26,2025-07-03 19:06:26,Fechado
ISS-C01-P01-000035,C01-P01,C01-E0023,Chore,Alta,2025-07-19 09:28:40,2025-08-11 09:28:40,Fechado
ISS-C01-P01-000036,C01-P01,C01-E0330,Bug,Alta,2025-07-06 09:45:37,,Aberto
ISS-C01-P01-000037,C01-P01,C01-E0055,Chore,Media,2025-07-07 17:15:21,,Em Andamento
ISS-C01-P01-000038,C01-P01,C01-E0033,Debito Tecnico,Critica,2025-07-27 17:07:40,2025-09-08 17:07:40,Fechado
ISS-C01-P01-000039,C01-P01,C01-E0317,Feature,Media,2025-07-28 15:55:26,,Aberto
ISS-C01-P01-000040,C01-P01,C01-E0059,Chore,Media,2025-07-22 17:04:32,,Aberto
ISS-C01-P01-000041,C01-P01,C01-E0094,Bug,Media,2025-07-25 11:16:52,,Aberto
ISS-C01-P01-000042,C01-P01,C01-E0015,Bug,Media,2025-07-27 20:27:43,2025-07-28 20:27:43,Fechado
ISS-C01-P01-000043,C01-P01,C01-E0363,Feature,Media,2025-07-02 20:42:30,,Em Andamento
ISS-C01-P01-000044,C01-P01,C01-E0269,Debito Tecnico,Baixa,2025-07-19 14:26:23,,Aberto
ISS-C01-P01-000045,C01-P01,C01-E0125,Bug,Baixa,2025-07-18 11:45:52,2025-07-19 11:45:52,Fechado
ISS-C01-P01-000046,C01-P01,C01-E0073,Bug,Media,2025-07-30 16:38:22,2025-08-28 16:38:22,Fechado
ISS-C01-P01-000047,C01-P01,C01-E0178,Bug,Alta,2025-07-05 16:56:51,2025-08-11 16:56:51,Fechado
ISS-C01-P01-000048,C01-P01,C01-E0090,Debito Tecnico,Alta,2025-07-22 19:13:23,2025-08-02 19:13:23,Fechado
ISS-C01-P01-000049,C01-P01,C01-E0339,Bug,Critica,2025-07-22 09:59:18,,Aberto
ISS-C01-P01-000050,C01-P01,C01-E0209,Bug,Media,2025-07-29 15:49:49,2025-08-14 15:49:49,Fechado
ISS-C01-P01-000051,C01-P01,C01-E0233,Feature,Baixa,2025-07-07 07:30:47,,Em Andamento
ISS-C01-P01-000052,C01-P01,C01-E0189,Debito Tecnico,Media,2025-07-06 11:20:57,,Em Andamento
ISS-C01-P01-000053,C01-P01,C01-E0222,Feature,Media,2025-07-14 19:39:40,2025-08-04 19:39:40,Fechado
ISS-C01-P01-000054,C01-P01,C01-E0153,Bug,Media,2025-07-25 16:01:32,,Aberto
ISS-C01-P01-000055,C01-P01,C01-E0296,Bug,Baixa,2025-07-04 09:59:32,,Aberto
ISS-C01-P01-000056,C01-P01,C01-E0005,Bug,Media,2025-07-09 14:02:18,2025-08-22 14:02:18,Fechado
ISS-C01-P01-000057,C01-P01,C01-E0245,Feature,Media,2025-07-16 07:06:22,2025-08-03 07:06:22,Fechado
ISS-C01-P01-000058,C01-P01,C01-E0014,Bug,Alta,2025-07-13 12:34:18,2025-07-19 12:34:18,Fechado
ISS-C01-P01-000059,C01-P01,C01-E0321,Bug,Media,2025-07-22 09:02:08,2025-08-14 09:02:08,Fechado
ISS-C01-P01-000060,C01-P01,C01-E0159,Bug,Media,2025-07-03 19:27:28,,Em Andamento
ISS-C01-P01-000061,C01-P01,C01-E0130,Bug,Media,2025-08-05 11:03:07,,Em Andamento
ISS-C01-P01-000062,C01-P01,C01-E0106,Feature,Media,2025-08-03 15:54:47,,Aberto
ISS-C01-P01-000063,C01-P01,C01-E0349,Feature,Alta,2025-08-28 17:26:41,2025-09-26 17:26:41,Fechado
ISS-C01-P01-000064,C01-P01,C01-E0006,Debito Tecnico,Baixa,2025-08-27 08:18:29,2025-09-24 08:18:29,Fechado
ISS-C01-P01-000065,C01-P01,C01-E0006,Feature,Alta,2025-08-12 11:26:26,2025-09-22 11:26:26,Fechado
ISS-C01-P01-000066,C01-P01,C01-E0301,Feature,Baixa,2025-08-03 08:09:08,2025-09-04 08:09:08,Fechado
ISS-C01-P01-000067,C01-P01,C01-E0073,Feature,Media,2025-08-12 11:41:40,2025-09-11 11:41:40,Fechado
ISS-C01-P01-000068,C01-P01,C01-E0082,Bug,Critica,2025-08-17 15:08:06,2025-08-26 15:08:06,Fechado
ISS-C01-P01-000069,C01-P01,C01-E0330,Debito Tecnico,Media,2025-08-24 18:37:26,2025-09-27 18:37:26,Fechado
ISS-C01-P01-000070,C01-P01,C01-E0321,Feature,Alta,2025-08-17 15:02:13,,Em Andamento
ISS-C01-P01-000071,C01-P01,C01-E0335,Chore,Media,2025-08-10 20:58:17,2025-08-16 20:58:17,Fechado
ISS-C01-P01-000072,C01-P01,C01-E0082,Debito Tecnico,Alta,2025-08-08 18:30:33,,Aberto
ISS-C01-P01-000073,C01-P01,C01-E0289,Feature,Alta,2025-08-27 17:26:48,,Aberto
ISS-C01-P01-000074,C01-P01,C01-E0254,Feature,Alta,2025-08-29 16:13:49,,Aberto
ISS-C01-P01-000075,C01-P01,C01-E0343,Debito Tecnico,Baixa,2025-08-03 15:50:15,2025-09-16 15:50:15,Fechado
ISS-C01-P01-000076,C01-P01,C01-E0331,Feature,Baixa,2025-08-02 16:33:09,,Aberto
ISS-C01-P01-000077,C01-P01,C01-E0282,Feature,Alta,2025-08-20 13:26:51,2025-09-19 13:26:51,Fechado
ISS-C01-P01-000078,C01-P01,C01-E0329,Feature,Media,2025-08-23 12:46:18,2025-09-16 12:46:18,Fechado
ISS-C01-P01-000079,C01-P01,C01-E0048,Chore,Media,2025-08-18 16:01:24,,Em Andamento
ISS-C01-P01-000080,C01-P01,C01-E0234,Bug,Media,2025-08-13 12:28:56,2025-09-03 12:28:56,Fechado
ISS-C01-P01-000081,C01-P01,C01-E0045,Feature,Baixa,2025-08-30 14:09:04,,Aberto
ISS-C01-P01-000082,C01-P01,C01-E0015,Feature,Alta,2025-08-02 08:28:18,2025-08-12 08:28:18,Fechado
ISS-C01-P01-000083,C01-P01,C01-E0174,Feature,Alta,2025-08-18 13:17:42,,Aberto
ISS-C01-P01-000084,C01-P01,C01-E0176,Debito Tecnico,Baixa,2025-08-20 07:22:34,2025-08-30 07:22:34,Fechado
ISS-C01-P01-000085,C01-P01,C01-E0294,Bug,Media,2025-08-20 09:47:01,2025-09-03 09:47:01,Fechado
ISS-C01-P01-000086,C01-P01,C01-E0247,Feature,Media,2025-08-23 20:56:14,2025-09-02 20:56:14,Fechado
ISS-C01-P01-000087,C01-P01,C01-E0210,Feature,Media,2025-08-29 10:30:42,2025-09-20 10:30:42,Fechado
ISS-C01-P01-000088,C01-P01,C01-E0181,Bug,Media,2025-08-12 11:04:44,,Aberto
ISS-C01-P01-000089,C01-P01,C01-E0030,Feature,Critica,2025-08-02 10:54:02,2025-08-12 10:54:02,Fechado
ISS-C01-P01-000090,C01-P01,C01-E0235,Bug,Baixa,2025-08-11 19:10:27,,Aberto
ISS-C01-P01-000091,C01-P01,C01-E0357,Bug,Baixa,2025-08-04 08:55:15,2025-08-08 08:55:15,Fechado
ISS-C01-P01-000092,C01-P01,C01-E0340,Feature,Media,2025-08-26 15:29:48,2025-09-05 15:29:48,Fechado
ISS-C01-P01-000093,C01-P01,C01-E0057,Bug,Media,2025-08-08 15:51:37,,Em Andamento
ISS-C01-P01-000094,C01-P01,C01-E0233,Feature,Media,2025-08-31 15:59:12,2025-09-05 15:59:12,Fechado
ISS-C01-P01-000095,C01-P01,C01-E0185,Debito Tecnico,Media,2025-08-28 09:17:00,2025-10-07 09:17:00,Fechado
ISS-C01-P01-000096,C01-P01,C01-E0055,Bug,Alta,2025-08-25 13:19:44,2025-10-04 13:19:44,Fechado
ISS-C01-P01-000097,C01-P01,C01-E0132,Chore,Media,2025-08-27 11:55:08,,Aberto
ISS-C01-P01-000098,C01-P01,C01-E0296,Feature,Media,2025-08-07 20:14:43,2025-08-19 20:14:43,Fechado
ISS-C01-P01-000099,C01-P01,C01-E0059,Bug,Media,2025-08-29 09:52:05,,Aberto
ISS-C01-P01-000100,C01-P01,C01-E0235,Bug,Media,2025-08-31 16:59:07,2025-09-06 16:59:07,Fechado
ISS-C01-P01-000101,C01-P01,C01-E0291,Bug,Critica,2025-08-10 07:22:21,2025-09-06 07:22:21,Fechado
ISS-C01-P01-000102,C01-P01,C01-E0028,Debito Tecnico,Alta,2025-08-25 09:20:54,2025-09-10 09:20:54,Fechado
ISS-C01-P01-000103,C01-P01,C01-E0251,Feature,Media,2025-08-18 12:57:47,2025-08-27 12:57:47,Fechado
ISS-C01-P01-000104,C01-P01,C01-E0310,Feature,Media,2025-09-26 10:58:46,,Em Andamento
ISS-C01-P01-000105,C01-P01,C01-E0022,Debito Tecnico,Baixa,2025-09-08 07:28:50,,Em Andamento
ISS-C01-P01-000106,C01-P01,C01-E0050,Debito Tecnico,Media,2025-09-22 17:23:21,2025-10-09 17:23:21,Fechado
ISS-C01-P01-000107,C01-P01,C01-E0285,Bug,Baixa,2025-09-14 15:32:40,2025-10-10 15:32:40,Fechado
ISS-C01-P01-000108,C01-P01,C01-E0021,Bug,Baixa,2025-09-07 10:58:39,,Em Andamento
ISS-C01-P01-000109,C01-P01,C01-E0149,Bug,Baixa,2025-09-23 09:11:43,,Em Andamento
ISS-C01-P01-000110,C01-P01,C01-E0165,Feature,Baixa,2025-09-08 07:01:19,2025-09-15 07:01:19,Fechado
ISS-C01-P01-000111,C01-P01,C01-E0181,Feature,Alta,2025-09-13 21:37:37,2025-09-21 21:37:37,Fechado
ISS-C01-P01-000112,C01-P01,C01-E0154,Feature,Baixa,2025-09-13 15:28:36,2025-10-11 15:28:36,Fechado
ISS-C01-P01-000113,C01-P01,C01-E0094,Bug,Critica,2025-09-19 11:03:12,2025-11-01 11:03:12,Fechado
ISS-C01-P01-000114,C01-P01,C01-E0150,Feature,Baixa,2025-09-04 21:47:10,2025-09-30 21:47:10,Fechado
ISS-C01-P01-000115,C01-P01,C01-E0348,Bug,Baixa,2025-09-20 12:08:47,,Aberto
ISS-C01-P01-000116,C01-P01,C01-E0009,Bug,Alta,2025-09-05 15:33:52,,Aberto
ISS-C01-P01-000117,C01-P01,C01-E0264,Bug,Alta,2025-09-08 21:12:33,,Em Andamento
ISS-C01-P01-000118,C01-P01,C01-E0351,Debito Tecnico,Media,2025-09-03 10:48:50,2025-09-06 10:48:50,Fechado
ISS-C01-P01-000119,C01-P01,C01-E0361,Feature,Media,2025-09-19 09:50:53,2025-09-21 09:50:53,Fechado
ISS-C01-P01-000120,C01-P01,C01-E0190,Bug,Baixa,2025-09-27 14:37:38,2025-10-06 14:37:38,Fechado
ISS-C01-P01-000121,C01-P01,C01-E0097,Feature,Media,2025-09-01 21:31:50,,Em Andamento
ISS-C01-P01-000122,C01-P01,C01-E0038,Chore,Alta,2025-09-06 20:19:45,2025-09-18 20:19:45,Fechado
ISS-C01-P01-000123,C01-P01,C01-E0111,Bug,Critica,2025-09-09 19:56:27,2025-10-23 19:56:27,Fechado
ISS-C01-P01-000124,C01-P01,C01-E0295,Bug,Media,2025-09-24 21:46:45,2025-09-28 21:46:45,Fechado
ISS-C01-P01-000125,C01-P01,C01-E0033,Feature,Baixa,2025-09-16 13:46:09,,Aberto
ISS-C01-P01-000126,C01-P01,C01-E0090,Feature,Media,2025-09-05 21:53:57,,Aberto
ISS-C01-P01-000127,C01-P01,C01-E0016,Feature,Critica,2025-09-20 18:16:29,,Em Andamento
ISS-C01-P01-000128,C01-P01,C01-E0106,Feature,Baixa,2025-09-19 18:14:08,,Aberto
ISS-C01-P01-000129,C01-P01,C01-E0296,Chore,Media,2025-09-03 19:54:00,2025-09-17 19:54:00,Fechado
ISS-C01-P01-000130,C01-P01,C01-E0255,Feature,Media,2025-09-09 18:48:38,,Aberto
ISS-C01-P01-000131,C01-P01,C01-E0185,Bug,Alta,2025-09-15 18:49:33,2025-09-16 18:49:33,Fechado
ISS-C01-P01-000132,C01-P01,C01-E0357,Bug,Baixa,2025-09-21 14:39:41,,Em Andamento
ISS-C01-P01-000133,C01-P01,C01-E0289,Debito Tecnico,Baixa,2025-09-22 18:44:02,,Aberto
ISS-C01-P01-000134,C01-P01,C01-E0327,Feature,Media,2025-09-24 12:36:32,2025-10-08 12:36:32,Fechado
ISS-C01-P01-000135,C01-P01,C01-E0130,Bug,Media,2025-09-02 15:21:16,,Aberto
ISS-C01-P01-000136,C01-P01,C01-E0176,Feature,Alta,2025-09-14 17:48:27,2025-10-20 17:48:27,Fechado
ISS-C01-P01-000137,C01-P01,C01-E0182,Bug,Media,2025-09-06 12:34:35,,Em Andamento
ISS-C01-P01-000138,C01-P01,C01-E0206,Debito Tecnico,Baixa,2025-09-04 11:58:03,2025-10-04 11:58:03,Fechado
ISS-C01-P01-000139,C01-P01,C01-E0148,Feature,Baixa,2025-09-07 16:30:01,2025-09-15 16:30:01,Fechado
ISS-C01-P01-000140,C01-P01,C01-E0173,Bug,Media,2025-09-25 08:19:35,,Aberto
ISS-C01-P01-000141,C01-P01,C01-E0142,Bug,Media,2025-10-04 21:03:43,2025-11-09 21:03:43,Fechado
ISS-C01-P01-000142,C01-P01,C01-E0300,Feature,Baixa,2025-10-27 18:17:33,2025-11-28 18:17:33,Fechado
ISS-C01-P01-000143,C01-P01,C01-E0001,Bug,Baixa,2025-10-22 10:54:38,2025-11-06 10:54:38,Fechado
ISS-C01-P01-000144,C01-P01,C01-E0028,Bug,Media,2025-10-28 20:41:04,,Em Andamento
ISS-C01-P01-000145,C01-P01,C01-E0091,Debito Tecnico,Media,2025-10-20 17:15:58,,Em Andamento
ISS-C01-P01-000146,C01-P01,C01-E0149,Bug,Media,2025-10-01 10:36:59,2025-11-15 10:36:59,Fechado
ISS-C01-P01-000147,C01-P01,C01-E0363,Bug,Media,2025-10-20 16:45:45,2025-11-11 16:45:45,Fechado
ISS-C01-P01-000148,C01-P01,C01-E0100,Feature,Media,2025-10-26 17:30:42,2025-12-07 17:30:42,Fechado
ISS-C01-P01-000149,C01-P01,C01-E0139,Debito Tecnico,Media,2025-10-17 08:04:13,2025-11-09 08:04:13,Fechado
ISS-C01-P01-000150,C01-P01,C01-E0023,Feature,Media,2025-10-06 19:11:50,2025-10-18 19:11:50,Fechado
ISS-C01-P01-000151,C01-P01,C01-E0176,Bug,Alta,2025-10-11 09:01:27,2025-10-30 09:01:27,Fechado
ISS-C01-P01-000152,C01-P01,C01-E0061,Feature,Media,2025-10-05 11:02:48,,Aberto
ISS-C01-P01-000153,C01-P01,C01-E0173,Feature,Alta,2025-10-01 10:10:05,2025-10-13 10:10:05,Fechado
ISS-C01-P01-000154,C01-P01,C01-E0107,Feature,Baixa,2025-10-12 07:25:27,2025-10-20 07:25:27,Fechado
ISS-C01-P01-000155,C01-P01,C01-E0109,Bug,Media,2025-10-01 08:02:28,2025-11-13 08:02:28,Fechado
ISS-C01-P01-000156,C01-P01,C01-E0191,Debito Tecnico,Baixa,2025-10-31 16:15:52,2025-11-13 16:15:52,Fechado
ISS-C01-P01-000157,C01-P01,C01-E0350,Feature,Baixa,2025-10-05 15:43:43,2025-10-28 15:43:43,Fechado
ISS-C01-P01-000158,C01-P01,C01-E0327,Bug,Media,2025-10-20 19:27:44,,Em Andamento
ISS-C01-P01-000159,C01-P01,C01-E0057,Bug,Media,2025-10-18 16:45:55,,Em Andamento
ISS-C01-P01-000160,C01-P01,C01-E0038,Bug,Media,2025-10-24 09:31:37,2025-12-02 09:31:37,Fechado
ISS-C01-P01-000161,C01-P01,C01-E0255,Feature,Baixa,2025-10-27 12:21:19,2025-12-01 12:21:19,Fechado
ISS-C01-P01-000162,C01-P01,C01-E0041,Debito Tecnico,Critica,2025-10-18 18:03:28,,Em Andamento
ISS-C01-P01-000163,C01-P01,C01-E0244,Feature,Media,2025-10-03 15:36:27,2025-10-17 15:36:27,Fechado
ISS-C01-P01-000164,C01-P01,C01-E0180,Debito Tecnico,Alta,2025-10-19 14:01:47,,Em Andamento
ISS-C01-P01-000165,C01-P01,C01-E0289,Feature,Media,2025-10-20 15:01:10,,Em Andamento
ISS-C01-P01-000166,C01-P01,C01-E0240,Debito Tecnico,Alta,2025-10-13 15:07:12,2025-10-16 15:07:12,Fechado
ISS-C01-P01-000167,C01-P01,C01-E0324,Bug,Critica,2025-10-20 14:06:53,2025-10-29 14:06:53,Fechado
ISS-C01-P01-000168,C01-P01,C01-E0096,Bug,Media,2025-10-12 09:39:15,,Em Andamento
ISS-C01-P01-000169,C01-P01,C01-E0313,Debito Tecnico,Media,2025-10-20 11:24:16,,Em Andamento
ISS-C01-P01-000170,C01-P01,C01-E0259,Debito Tecnico,Media,2025-10-15 08:06:19,2025-11-27 08:06:19,Fechado
ISS-C01-P01-000171,C01-P01,C01-E0006,Bug,Media,2025-10-09 09:30:51,,Em Andamento
ISS-C01-P01-000172,C01-P01,C01-E0355,Chore,Media,2025-10-20 21:56:00,2025-11-02 21:56:00,Fechado
ISS-C01-P01-000173,C01-P01,C01-E0124,Feature,Media,2025-10-06 09:36:44,,Em Andamento
ISS-C01-P01-000174,C01-P01,C01-E0345,Bug,Baixa,2025-10-15 14:06:22,2025-10-18 14:06:22,Fechado
ISS-C01-P01-000175,C01-P01,C01-E0190,Feature,Baixa,2025-10-18 10:59:38,2025-11-30 10:59:38,Fechado
ISS-C01-P01-000176,C01-P01,C01-E0301,Debito Tecnico,Baixa,2025-10-18 19:18:04,2025-11-10 19:18:04,Fechado
ISS-C01-P01-000177,C01-P01,C01-E0064,Chore,Baixa,2025-10-21 11:58:25,,Aberto
ISS-C01-P01-000178,C01-P01,C01-E0048,Debito Tecnico,Baixa,2025-10-10 11:57:07,2025-10-16 11:57:07,Fechado
ISS-C01-P01-000179,C01-P01,C01-E0307,Chore,Baixa,2025-11-22 17:52:07,2026-01-06 17:52:07,Fechado
ISS-C01-P01-000180,C01-P01,C01-E0110,Bug,Baixa,2025-11-21 10:37:07,2025-12-18 10:37:07,Fechado
ISS-C01-P01-000181,C01-P01,C01-E0084,Debito Tecnico,Baixa,2025-11-02 09:58:10,2025-11-07 09:58:10,Fechado
ISS-C01-P01-000182,C01-P01,C01-E0125,Bug,Media,2025-11-29 10:01:47,,Em Andamento
ISS-C01-P01-000183,C01-P01,C01-E0320,Bug,Baixa,2025-11-02 15:18:17,2025-11-06 15:18:17,Fechado
ISS-C01-P01-000184,C01-P01,C01-E0283,Feature,Critica,2025-11-23 09:30:14,2026-01-04 09:30:14,Fechado
ISS-C01-P01-000185,C01-P01,C01-E0350,Debito Tecnico,Media,2025-11-17 19:03:03,,Em Andamento
ISS-C01-P01-000186,C01-P01,C01-E0252,Bug,Media,2025-11-14 12:52:07,,Em Andamento
ISS-C01-P01-000187,C01-P01,C01-E0080,Feature,Media,2025-11-14 09:07:59,2025-12-16 09:07:59,Fechado
ISS-C01-P01-000188,C01-P01,C01-E0080,Bug,Baixa,2025-11-16 13:06:26,,Em Andamento
ISS-C01-P01-000189,C01-P01,C01-E0182,Bug,Baixa,2025-11-06 18:06:14,2025-12-08 18:06:14,Fechado
ISS-C01-P01-000190,C01-P01,C01-E0358,Feature,Alta,2025-11-08 10:42:26,2025-11-19 10:42:26,Fechado
ISS-C01-P01-000191,C01-P01,C01-E0351,Debito Tecnico,Media,2025-11-30 14:06:30,2025-12-10 14:06:30,Fechado
ISS-C01-P01-000192,C01-P01,C01-E0078,Bug,Baixa,2025-11-09 13:24:43,,Aberto
ISS-C01-P01-000193,C01-P01,C01-E0109,Chore,Baixa,2025-11-09 12:47:09,2025-12-06 12:47:09,Fechado
ISS-C01-P01-000194,C01-P01,C01-E0061,Debito Tecnico,Media,2025-11-03 21:49:48,,Em Andamento
ISS-C01-P01-000195,C01-P01,C01-E0254,Bug,Media,2025-11-14 17:57:34,2025-11-24 17:57:34,Fechado
ISS-C01-P01-000196,C01-P01,C01-E0348,Feature,Baixa,2025-11-21 16:48:31,2026-01-01 16:48:31,Fechado
ISS-C01-P01-000197,C01-P01,C01-E0142,Bug,Critica,2025-11-27 17:43:26,2025-12-23 17:43:26,Fechado
ISS-C01-P01-000198,C01-P01,C01-E0303,Bug,Critica,2025-11-11 09:49:41,2025-11-26 09:49:41,Fechado
ISS-C01-P01-000199,C01-P01,C01-E0080,Bug,Media,2025-11-25 19:36:27,2025-12-19 19:36:27,Fechado
ISS-C01-P01-000200,C01-P01,C01-E0342,Bug,Media,2025-11-11 18:24:36,2025-11-27 18:24:36,Fechado
ISS-C01-P01-000201,C01-P01,C01-E0247,Bug,Media,2025-11-25 19:59:17,,Em Andamento
ISS-C01-P01-000202,C01-P01,C01-E0287,Debito Tecnico,Media,2025-11-30 07:17:36,2025-12-09 07:17:36,Fechado
ISS-C01-P01-000203,C01-P01,C01-E0214,Bug,Media,2025-11-11 13:43:45,2025-11-14 13:43:45,Fechado
ISS-C01-P01-000204,C01-P01,C01-E0084,Feature,Baixa,2025-11-20 08:40:42,,Em Andamento
ISS-C01-P01-000205,C01-P01,C01-E0065,Bug,Baixa,2025-11-06 08:39:58,2025-12-03 08:39:58,Fechado
ISS-C01-P01-000206,C01-P01,C01-E0329,Chore,Baixa,2025-11-05 13:05:48,,Aberto
ISS-C01-P01-000207,C01-P01,C01-E0091,Debito Tecnico,Media,2025-11-02 08:22:54,,Em Andamento
ISS-C01-P01-000208,C01-P01,C01-E0165,Feature,Baixa,2025-11-18 18:24:32,,Em Andamento
ISS-C01-P01-000209,C01-P01,C01-E0110,Feature,Baixa,2025-11-02 16:55:53,2025-11-11 16:55:53,Fechado
ISS-C01-P01-000210,C01-P01,C01-E0238,Debito Tecnico,Media,2025-11-06 21:22:33,2025-11-15 21:22:33,Fechado
ISS-C01-P01-000211,C01-P01,C01-E0341,Feature,Alta,2025-11-09 13:21:53,2025-11-26 13:21:53,Fechado
ISS-C01-P01-000212,C01-P01,C01-E0018,Bug,Critica,2025-11-07 21:16:15,,Em Andamento
ISS-C01-P01-000213,C01-P01,C01-E0317,Bug,Media,2025-11-28 16:25:03,2026-01-11 16:25:03,Fechado
ISS-C01-P01-000214,C01-P01,C01-E0178,Bug,Baixa,2025-11-22 17:04:51,,Em Andamento
ISS-C01-P01-000215,C01-P01,C01-E0066,Debito Tecnico,Media,2025-11-14 21:26:38,2025-11-22 21:26:38,Fechado
ISS-C01-P01-000216,C01-P01,C01-E0286,Bug,Baixa,2025-12-06 12:13:07,2026-01-18 12:13:07,Fechado
ISS-C01-P01-000217,C01-P01,C01-E0094,Debito Tecnico,Alta,2025-12-05 17:43:01,2025-12-12 17:43:01,Fechado
ISS-C01-P01-000218,C01-P01,C01-E0298,Feature,Alta,2025-12-26 19:25:36,2026-01-06 19:25:36,Fechado
ISS-C01-P01-000219,C01-P01,C01-E0029,Chore,Media,2025-12-02 08:25:14,,Aberto
ISS-C01-P01-000220,C01-P01,C01-E0290,Debito Tecnico,Alta,2025-12-03 12:51:57,,Em Andamento
ISS-C01-P01-000221,C01-P01,C01-E0064,Bug,Baixa,2025-12-27 12:03:12,,Em Andamento
ISS-C01-P01-000222,C01-P01,C01-E0064,Feature,Baixa,2025-12-26 07:36:32,,Aberto
ISS-C01-P01-000223,C01-P01,C01-E0291,Chore,Alta,2025-12-26 21:01:12,,Aberto
ISS-C01-P01-000224,C01-P01,C01-E0226,Bug,Media,2025-12-23 18:58:33,2026-01-03 18:58:33,Fechado
ISS-C01-P01-000225,C01-P01,C01-E0091,Bug,Media,2025-12-20 21:55:14,,Aberto
ISS-C01-P01-000226,C01-P01,C01-E0028,Debito Tecnico,Media,2025-12-07 20:35:24,2025-12-24 20:35:24,Fechado
ISS-C01-P01-000227,C01-P01,C01-E0255,Feature,Baixa,2025-12-16 17:51:27,2026-01-03 17:51:27,Fechado
ISS-C01-P01-000228,C01-P01,C01-E0132,Feature,Media,2025-12-04 08:51:08,2025-12-18 08:51:08,Fechado
ISS-C01-P01-000229,C01-P01,C01-E0027,Chore,Baixa,2025-12-01 13:58:22,,Aberto
ISS-C01-P01-000230,C01-P01,C01-E0223,Bug,Alta,2025-12-16 10:19:55,,Em Andamento
ISS-C01-P01-000231,C01-P01,C01-E0168,Feature,Alta,2025-12-28 21:49:15,,Em Andamento
ISS-C01-P01-000232,C01-P01,C01-E0084,Chore,Baixa,2025-12-08 10:14:16,,Em Andamento
ISS-C01-P01-000233,C01-P01,C01-E0082,Feature,Alta,2025-12-14 12:04:46,2026-01-23 12:04:46,Fechado
ISS-C01-P01-000234,C01-P01,C01-E0079,Feature,Baixa,2025-12-30 16:57:08,2026-02-03 16:57:08,Fechado
ISS-C01-P01-000235,C01-P01,C01-E0312,Chore,Alta,2025-12-26 16:24:46,,Em Andamento
ISS-C01-P01-000236,C01-P01,C01-E0345,Bug,Baixa,2025-12-10 17:15:40,2026-01-15 17:15:40,Fechado
ISS-C01-P01-000237,C01-P01,C01-E0058,Debito Tecnico,Media,2025-12-27 19:53:50,2026-01-22 19:53:50,Fechado
ISS-C01-P01-000238,C01-P01,C01-E0167,Bug,Baixa,2025-12-18 09:56:50,2026-01-31 09:56:50,Fechado
ISS-C01-P01-000239,C01-P01,C01-E0065,Bug,Baixa,2025-12-13 15:25:13,2025-12-19 15:25:13,Fechado
ISS-C01-P01-000240,C01-P01,C01-E0170,Debito Tecnico,Baixa,2025-12-23 21:00:41,2026-01-25 21:00:41,Fechado
ISS-C01-P01-000241,C01-P01,C01-E0097,Feature,Media,2025-12-30 16:45:37,,Aberto
ISS-C01-P01-000242,C01-P01,C01-E0004,Feature,Baixa,2025-12-31 12:42:16,,Em Andamento
ISS-C01-P01-000243,C01-P01,C01-E0207,Feature,Baixa,2025-12-18 21:23:02,,Em Andamento
ISS-C01-P01-000244,C01-P01,C01-E0025,Debito Tecnico,Baixa,2025-12-22 09:34:43,2026-01-26 09:34:43,Fechado
ISS-C01-P01-000245,C01-P01,C01-E0145,Chore,Alta,2025-12-04 18:34:11,,Aberto
ISS-C01-P01-000246,C01-P01,C01-E0101,Bug,Media,2025-12-10 20:39:16,,Em Andamento
ISS-C01-P01-000247,C01-P01,C01-E0025,Bug,Baixa,2025-12-19 15:37:42,,Aberto
ISS-C01-P01-000248,C01-P01,C01-E0097,Chore,Media,2025-12-05 20:14:39,,Em Andamento
ISS-C01-P01-000249,C01-P01,C01-E0172,Feature,Alta,2025-12-22 19:35:45,,Em Andamento
ISS-C01-P01-000250,C01-P01,C01-E0129,Feature,Media,2025-12-10 12:54:07,,Em Andamento
ISS-C01-P01-000251,C01-P01,C01-E0016,Chore,Alta,2025-12-13 09:44:51,,Aberto
ISS-C01-P01-000252,C01-P01,C01-E0303,Chore,Media,2025-12-28 11:48:07,2026-01-28 11:48:07,Fechado
ISS-C01-P01-000253,C01-P01,C01-E0319,Debito Tecnico,Media,2025-12-05 19:31:44,2025-12-16 19:31:44,Fechado
ISS-C01-P01-000254,C01-P01,C01-E0043,Feature,Alta,2025-12-07 12:15:39,,Em Andamento
ISS-C01-P01-000255,C01-P01,C01-E0097,Bug,Baixa,2025-12-12 11:18:01,,Aberto
ISS-C01-P01-000256,C01-P01,C01-E0132,Feature,Alta,2025-12-27 15:35:02,2026-01-24 15:35:02,Fechado
ISS-C01-P01-000257,C01-P01,C01-E0222,Bug,Alta,2026-01-12 14:27:32,,Em Andamento
ISS-C01-P01-000258,C01-P01,C01-E0214,Debito Tecnico,Critica,2026-01-03 20:19:54,,Aberto
ISS-C01-P01-000259,C01-P01,C01-E0210,Feature,Baixa,2026-01-09 14:19:29,2026-02-16 14:19:29,Fechado
ISS-C01-P01-000260,C01-P01,C01-E0040,Bug,Media,2026-01-07 08:54:33,2026-01-21 08:54:33,Fechado
ISS-C01-P01-000261,C01-P01,C01-E0303,Bug,Alta,2026-01-22 15:22:18,2026-02-28 15:22:18,Fechado
ISS-C01-P01-000262,C01-P01,C01-E0298,Bug,Baixa,2026-01-09 12:34:56,2026-02-02 12:34:56,Fechado
ISS-C01-P01-000263,C01-P01,C01-E0344,Feature,Media,2026-01-28 08:41:52,2026-02-06 08:41:52,Fechado
ISS-C01-P01-000264,C01-P01,C01-E0333,Feature,Alta,2026-01-13 18:07:55,,Em Andamento
ISS-C01-P01-000265,C01-P01,C01-E0334,Bug,Media,2026-01-31 14:52:58,,Aberto
ISS-C01-P01-000266,C01-P01,C01-E0096,Bug,Baixa,2026-01-14 21:21:28,,Em Andamento
ISS-C01-P01-000267,C01-P01,C01-E0150,Debito Tecnico,Media,2026-01-20 09:41:51,,Aberto
ISS-C01-P01-000268,C01-P01,C01-E0061,Bug,Media,2026-01-25 10:58:01,,Em Andamento
ISS-C01-P01-000269,C01-P01,C01-E0319,Bug,Critica,2026-01-13 19:54:40,2026-01-24 19:54:40,Fechado
ISS-C01-P01-000270,C01-P01,C01-E0133,Chore,Media,2026-01-27 18:19:03,2026-03-04 18:19:03,Fechado
ISS-C01-P01-000271,C01-P01,C01-E0080,Bug,Media,2026-01-28 13:50:46,2026-02-14 13:50:46,Fechado
ISS-C01-P01-000272,C01-P01,C01-E0001,Bug,Baixa,2026-01-25 20:13:27,2026-03-07 20:13:27,Fechado
ISS-C01-P01-000273,C01-P01,C01-E0259,Debito Tecnico,Media,2026-01-21 15:39:07,2026-01-26 15:39:07,Fechado
ISS-C01-P01-000274,C01-P01,C01-E0059,Bug,Media,2026-01-30 14:47:13,2026-02-17 14:47:13,Fechado
ISS-C01-P01-000275,C01-P01,C01-E0004,Bug,Media,2026-01-18 09:02:30,2026-02-27 09:02:30,Fechado
ISS-C01-P01-000276,C01-P01,C01-E0050,Chore,Media,2026-01-10 12:02:07,2026-01-30 12:02:07,Fechado
ISS-C01-P01-000277,C01-P01,C01-E0015,Bug,Critica,2026-01-24 08:17:03,,Em Andamento
ISS-C01-P01-000278,C01-P01,C01-E0019,Debito Tecnico,Media,2026-01-13 19:41:15,2026-02-20 19:41:15,Fechado
ISS-C01-P01-000279,C01-P01,C01-E0085,Bug,Alta,2026-01-31 15:04:08,2026-02-05 15:04:08,Fechado
ISS-C01-P01-000280,C01-P01,C01-E0240,Debito Tecnico,Media,2026-01-21 21:33:43,2026-03-05 21:33:43,Fechado
ISS-C01-P01-000281,C01-P01,C01-E0154,Bug,Baixa,2026-01-10 10:52:51,,Em Andamento
ISS-C01-P01-000282,C01-P01,C01-E0327,Bug,Media,2026-01-23 12:32:15,2026-02-13 12:32:15,Fechado
ISS-C01-P01-000283,C01-P01,C01-E0048,Bug,Alta,2026-01-28 17:43:01,2026-02-24 17:43:01,Fechado
ISS-C01-P01-000284,C01-P01,C01-E0149,Bug,Media,2026-01-06 18:57:17,2026-02-12 18:57:17,Fechado
ISS-C01-P01-000285,C01-P01,C01-E0214,Chore,Media,2026-01-11 19:44:36,2026-02-10 19:44:36,Fechado
ISS-C01-P01-000286,C01-P01,C01-E0097,Feature,Critica,2026-01-21 11:53:02,2026-02-10 11:53:02,Fechado
ISS-C01-P01-000287,C01-P01,C01-E0188,Feature,Baixa,2026-01-07 07:38:16,2026-02-06 07:38:16,Fechado
ISS-C01-P01-000288,C01-P01,C01-E0240,Debito Tecnico,Media,2026-01-18 16:29:43,2026-01-29 16:29:43,Fechado
ISS-C01-P01-000289,C01-P01,C01-E0150,Debito Tecnico,Media,2026-01-06 10:02:31,,Aberto
ISS-C01-P01-000290,C01-P01,C01-E0296,Bug,Baixa,2026-01-05 17:18:57,2026-01-07 17:18:57,Fechado
ISS-C01-P01-000291,C01-P01,C01-E0047,Feature,Media,2026-01-09 15:15:29,,Aberto
ISS-C01-P01-000292,C01-P01,C01-E0072,Debito Tecnico,Media,2026-01-11 11:04:48,2026-01-29 11:04:48,Fechado
ISS-C01-P01-000293,C01-P01,C01-E0319,Bug,Critica,2026-01-12 21:46:09,,Aberto
ISS-C01-P01-000294,C01-P01,C01-E0224,Chore,Media,2026-01-18 12:08:15,,Aberto
ISS-C01-P01-000295,C01-P01,C01-E0282,Bug,Baixa,2026-01-30 09:37:40,2026-03-06 09:37:40,Fechado
ISS-C01-P01-000296,C01-P01,C01-E0178,Bug,Media,2026-02-04 09:57:37,2026-03-20 09:57:37,Fechado
ISS-C01-P01-000297,C01-P01,C01-E0009,Debito Tecnico,Alta,2026-02-16 20:43:53,2026-03-30 20:43:53,Fechado
ISS-C01-P01-000298,C01-P01,C01-E0017,Bug,Baixa,2026-02-24 08:15:41,2026-03-10 08:15:41,Fechado
ISS-C01-P01-000299,C01-P01,C01-E0139,Debito Tecnico,Media,2026-02-03 17:34:38,2026-02-05 17:34:38,Fechado
ISS-C01-P01-000300,C01-P01,C01-E0023,Bug,Baixa,2026-02-06 07:13:10,2026-02-21 07:13:10,Fechado
ISS-C01-P01-000301,C01-P01,C01-E0120,Bug,Critica,2026-02-25 14:07:21,,Aberto
ISS-C01-P01-000302,C01-P01,C01-E0284,Bug,Media,2026-02-10 07:39:25,2026-02-24 07:39:25,Fechado
ISS-C01-P01-000303,C01-P01,C01-E0100,Bug,Critica,2026-02-11 14:31:29,,Em Andamento
ISS-C01-P01-000304,C01-P01,C01-E0223,Feature,Media,2026-02-09 08:55:37,2026-02-15 08:55:37,Fechado
ISS-C01-P01-000305,C01-P01,C01-E0308,Debito Tecnico,Alta,2026-02-05 17:06:51,,Em Andamento
ISS-C01-P01-000306,C01-P01,C01-E0168,Chore,Baixa,2026-02-15 20:52:35,2026-02-16 20:52:35,Fechado
ISS-C01-P01-000307,C01-P01,C01-E0152,Debito Tecnico,Media,2026-02-05 13:34:15,2026-02-12 13:34:15,Fechado
ISS-C01-P01-000308,C01-P01,C01-E0232,Chore,Alta,2026-02-24 12:07:32,2026-02-28 12:07:32,Fechado
ISS-C01-P01-000309,C01-P01,C01-E0331,Feature,Media,2026-02-11 10:42:10,,Em Andamento
ISS-C01-P01-000310,C01-P01,C01-E0342,Debito Tecnico,Alta,2026-02-20 13:25:51,2026-03-20 13:25:51,Fechado
ISS-C01-P01-000311,C01-P01,C01-E0112,Feature,Baixa,2026-02-22 11:20:06,,Aberto
ISS-C01-P01-000312,C01-P01,C01-E0106,Bug,Critica,2026-02-22 08:19:51,,Em Andamento
ISS-C01-P01-000313,C01-P01,C01-E0244,Bug,Alta,2026-02-09 07:42:05,2026-03-23 07:42:05,Fechado
ISS-C01-P01-000314,C01-P01,C01-E0298,Chore,Media,2026-02-14 18:05:51,,Em Andamento
ISS-C01-P01-000315,C01-P01,C01-E0256,Bug,Media,2026-02-10 10:10:57,2026-02-26 10:10:57,Fechado
ISS-C01-P01-000316,C01-P01,C01-E0307,Feature,Alta,2026-02-14 20:39:35,,Em Andamento
ISS-C01-P01-000317,C01-P01,C01-E0254,Bug,Alta,2026-02-10 15:17:33,,Aberto
ISS-C01-P01-000318,C01-P01,C01-E0078,Debito Tecnico,Media,2026-02-03 10:58:23,,Em Andamento
ISS-C01-P01-000319,C01-P01,C01-E0004,Bug,Alta,2026-02-14 10:56:39,,Aberto
ISS-C01-P01-000320,C01-P01,C01-E0139,Debito Tecnico,Alta,2026-02-27 19:18:47,2026-03-24 19:18:47,Fechado
ISS-C01-P01-000321,C01-P01,C01-E0050,Bug,Alta,2026-02-18 11:05:45,2026-03-20 11:05:45,Fechado
ISS-C01-P01-000322,C01-P01,C01-E0358,Debito Tecnico,Media,2026-02-22 09:05:42,,Aberto
ISS-C01-P01-000323,C01-P01,C01-E0209,Debito Tecnico,Media,2026-02-25 13:52:43,2026-04-08 13:52:43,Fechado
ISS-C01-P01-000324,C01-P01,C01-E0033,Feature,Alta,2026-02-01 12:35:23,2026-02-03 12:35:23,Fechado
ISS-C01-P01-000325,C01-P01,C01-E0340,Bug,Alta,2026-02-20 12:40:44,,Em Andamento
ISS-C01-P01-000326,C01-P01,C01-E0057,Chore,Alta,2026-02-03 18:36:56,,Aberto
ISS-C01-P01-000327,C01-P01,C01-E0168,Feature,Media,2026-02-27 16:02:27,2026-04-02 16:02:27,Fechado
ISS-C01-P01-000328,C01-P01,C01-E0211,Chore,Critica,2026-02-23 11:40:20,,Em Andamento
ISS-C01-P01-000329,C01-P01,C01-E0082,Bug,Media,2026-02-26 18:57:45,2026-04-11 18:57:45,Fechado
ISS-C01-P01-000330,C01-P01,C01-E0282,Debito Tecnico,Alta,2026-02-21 20:58:50,,Aberto
ISS-C01-P01-000331,C01-P01,C01-E0033,Bug,Media,2026-03-27 20:05:59,,Em Andamento
ISS-C01-P01-000332,C01-P01,C01-E0261,Feature,Media,2026-03-28 21:27:46,2026-04-15 21:27:46,Fechado
ISS-C01-P01-000333,C01-P01,C01-E0016,Chore,Media,2026-03-05 18:15:18,,Aberto
ISS-C01-P01-000334,C01-P01,C01-E0292,Chore,Baixa,2026-03-07 14:01:04,,Aberto
ISS-C01-P01-000335,C01-P01,C01-E0329,Feature,Alta,2026-03-13 17:44:07,,Em Andamento
ISS-C01-P01-000336,C01-P01,C01-E0235,Bug,Baixa,2026-03-17 11:21:44,,Em Andamento
ISS-C01-P01-000337,C01-P01,C01-E0185,Bug,Media,2026-03-06 13:48:41,,Em Andamento
ISS-C01-P01-000338,C01-P01,C01-E0240,Bug,Media,2026-03-22 16:43:42,2026-04-19 16:43:42,Fechado
ISS-C01-P01-000339,C01-P01,C01-E0292,Debito Tecnico,Baixa,2026-03-06 16:01:00,2026-04-14 16:01:00,Fechado
ISS-C01-P01-000340,C01-P01,C01-E0345,Chore,Baixa,2026-03-02 20:25:23,2026-03-19 20:25:23,Fechado
ISS-C01-P01-000341,C01-P01,C01-E0318,Bug,Alta,2026-03-16 09:34:12,2026-04-22 09:34:12,Fechado
ISS-C01-P01-000342,C01-P01,C01-E0284,Debito Tecnico,Baixa,2026-03-28 19:47:12,2026-04-19 19:47:12,Fechado
ISS-C01-P01-000343,C01-P01,C01-E0327,Debito Tecnico,Alta,2026-03-29 07:55:26,2026-04-25 07:55:26,Fechado
ISS-C01-P01-000344,C01-P01,C01-E0206,Feature,Baixa,2026-03-11 14:11:05,2026-04-08 14:11:05,Fechado
ISS-C01-P01-000345,C01-P01,C01-E0237,Chore,Media,2026-03-29 11:16:00,2026-05-08 11:16:00,Fechado
ISS-C01-P01-000346,C01-P01,C01-E0027,Bug,Media,2026-03-05 21:19:38,,Aberto
ISS-C01-P01-000347,C01-P01,C01-E0022,Feature,Alta,2026-03-25 08:47:01,,Em Andamento
ISS-C01-P01-000348,C01-P01,C01-E0334,Bug,Media,2026-03-29 07:00:41,2026-04-13 07:00:41,Fechado
ISS-C01-P01-000349,C01-P01,C01-E0168,Bug,Media,2026-03-04 21:27:43,,Aberto
ISS-C01-P01-000350,C01-P01,C01-E0020,Feature,Alta,2026-03-31 14:34:54,2026-04-09 14:34:54,Fechado
ISS-C01-P01-000351,C01-P01,C01-E0098,Feature,Media,2026-03-21 16:56:22,2026-04-30 16:56:22,Fechado
ISS-C01-P01-000352,C01-P01,C01-E0120,Bug,Alta,2026-03-22 13:22:36,2026-04-01 13:22:36,Fechado
ISS-C01-P01-000353,C01-P01,C01-E0015,Feature,Baixa,2026-03-03 12:27:26,2026-04-17 12:27:26,Fechado
ISS-C01-P01-000354,C01-P01,C01-E0260,Bug,Alta,2026-03-25 09:48:49,2026-04-24 09:48:49,Fechado
ISS-C01-P01-000355,C01-P01,C01-E0096,Chore,Alta,2026-03-02 21:27:55,2026-04-13 21:27:55,Fechado
ISS-C01-P01-000356,C01-P01,C01-E0033,Feature,Alta,2026-03-08 08:56:05,2026-04-06 08:56:05,Fechado
ISS-C01-P01-000357,C01-P01,C01-E0238,Bug,Media,2026-03-01 12:42:07,2026-04-01 12:42:07,Fechado
ISS-C01-P01-000358,C01-P01,C01-E0021,Bug,Alta,2026-03-06 12:34:06,,Em Andamento
ISS-C01-P01-000359,C01-P01,C01-E0225,Bug,Baixa,2026-03-25 09:41:24,2026-04-10 09:41:24,Fechado
ISS-C01-P01-000360,C01-P01,C01-E0288,Feature,Baixa,2026-03-29 10:08:06,2026-04-06 10:08:06,Fechado
ISS-C01-P01-000361,C01-P01,C01-E0042,Bug,Alta,2026-03-20 11:56:39,,Em Andamento
ISS-C01-P01-000362,C01-P01,C01-E0320,Bug,Media,2026-03-13 20:57:13,,Aberto
ISS-C01-P01-000363,C01-P01,C01-E0042,Feature,Baixa,2026-03-20 07:14:08,2026-03-28 07:14:08,Fechado
ISS-C01-P01-000364,C01-P01,C01-E0270,Feature,Alta,2026-03-27 09:20:45,2026-04-24 09:20:45,Fechado
ISS-C01-P01-000365,C01-P01,C01-E0237,Bug,Alta,2026-03-22 14:41:38,2026-04-24 14:41:38,Fechado
ISS-C01-P01-000366,C01-P01,C01-E0224,Feature,Media,2026-03-26 13:18:03,2026-05-09 13:18:03,Fechado
ISS-C01-P01-000367,C01-P01,C01-E0295,Chore,Baixa,2026-03-13 07:11:54,2026-04-10 07:11:54,Fechado
ISS-C01-P01-000368,C01-P01,C01-E0214,Bug,Baixa,2026-03-01 17:44:27,,Aberto
ISS-C01-P01-000369,C01-P01,C01-E0328,Chore,Alta,2026-03-04 17:55:18,2026-04-15 17:55:18,Fechado
ISS-C01-P01-000370,C01-P01,C01-E0354,Debito Tecnico,Baixa,2026-03-10 09:34:58,,Em Andamento
ISS-C01-P01-000371,C01-P01,C01-E0080,Debito Tecnico,Media,2026-03-01 16:17:58,2026-03-06 16:17:58,Fechado
ISS-C01-P01-000372,C01-P01,C01-E0079,Bug,Baixa,2026-03-09 09:25:19,2026-04-09 09:25:19,Fechado
ISS-C01-P01-000373,C01-P01,C01-E0313,Bug,Baixa,2026-03-27 20:52:28,2026-03-28 20:52:28,Fechado
ISS-C01-P01-000374,C01-P01,C01-E0037,Chore,Media,2026-03-03 08:19:37,,Em Andamento
ISS-C01-P01-000375,C01-P01,C01-E0195,Feature,Media,2026-04-29 12:47:33,,Em Andamento
ISS-C01-P01-000376,C01-P01,C01-E0028,Debito Tecnico,Alta,2026-04-06 19:10:17,2026-05-21 19:10:17,Fechado
ISS-C01-P01-000377,C01-P01,C01-E0011,Bug,Baixa,2026-04-10 19:48:57,,Em Andamento
ISS-C01-P01-000378,C01-P01,C01-E0195,Feature,Baixa,2026-04-28 21:36:10,2026-06-08 21:36:10,Fechado
ISS-C01-P01-000379,C01-P01,C01-E0333,Bug,Media,2026-04-30 15:42:08,2026-05-09 15:42:08,Fechado
ISS-C01-P01-000380,C01-P01,C01-E0146,Chore,Critica,2026-04-22 19:48:51,2026-05-06 19:48:51,Fechado
ISS-C01-P01-000381,C01-P01,C01-E0216,Feature,Media,2026-04-14 11:57:50,,Em Andamento
ISS-C01-P01-000382,C01-P01,C01-E0296,Bug,Media,2026-04-30 16:57:56,,Aberto
ISS-C01-P01-000383,C01-P01,C01-E0050,Bug,Media,2026-04-29 20:42:50,2026-05-17 20:42:50,Fechado
ISS-C01-P01-000384,C01-P01,C01-E0216,Bug,Baixa,2026-04-08 17:34:21,2026-04-10 17:34:21,Fechado
ISS-C01-P01-000385,C01-P01,C01-E0120,Debito Tecnico,Baixa,2026-04-16 07:43:12,,Aberto
ISS-C01-P01-000386,C01-P01,C01-E0072,Feature,Alta,2026-04-24 20:44:47,,Aberto
ISS-C01-P01-000387,C01-P01,C01-E0209,Bug,Alta,2026-04-06 18:07:05,2026-05-01 18:07:05,Fechado
ISS-C01-P01-000388,C01-P01,C01-E0202,Bug,Baixa,2026-04-01 12:33:45,2026-05-13 12:33:45,Fechado
ISS-C01-P01-000389,C01-P01,C01-E0165,Bug,Alta,2026-04-18 07:23:49,2026-05-16 07:23:49,Fechado
ISS-C01-P01-000390,C01-P01,C01-E0022,Feature,Baixa,2026-04-19 19:02:52,,Aberto
ISS-C01-P01-000391,C01-P01,C01-E0134,Feature,Baixa,2026-04-04 17:27:08,2026-05-16 17:27:08,Fechado
ISS-C01-P01-000392,C01-P01,C01-E0313,Debito Tecnico,Baixa,2026-04-02 10:11:49,2026-04-30 10:11:49,Fechado
ISS-C01-P01-000393,C01-P01,C01-E0283,Bug,Media,2026-04-03 07:59:07,2026-05-01 07:59:07,Fechado
ISS-C01-P01-000394,C01-P01,C01-E0173,Bug,Alta,2026-04-01 09:19:19,,Em Andamento
ISS-C01-P01-000395,C01-P01,C01-E0345,Feature,Alta,2026-04-24 07:39:35,,Em Andamento
ISS-C01-P01-000396,C01-P01,C01-E0206,Chore,Alta,2026-04-03 11:35:21,,Em Andamento
ISS-C01-P01-000397,C01-P01,C01-E0355,Feature,Baixa,2026-04-29 10:39:29,2026-06-02 10:39:29,Fechado
ISS-C01-P01-000398,C01-P01,C01-E0148,Feature,Baixa,2026-04-20 17:53:48,2026-05-16 17:53:48,Fechado
ISS-C01-P01-000399,C01-P01,C01-E0172,Bug,Media,2026-04-23 08:11:31,,Em Andamento
ISS-C01-P01-000400,C01-P01,C01-E0317,Debito Tecnico,Media,2026-04-15 20:26:57,,Em Andamento
ISS-C01-P01-000401,C01-P01,C01-E0107,Debito Tecnico,Alta,2026-04-20 19:27:49,,Aberto
ISS-C01-P01-000402,C01-P01,C01-E0009,Bug,Alta,2026-04-24 13:19:18,2026-05-26 13:19:18,Fechado
ISS-C01-P01-000403,C01-P01,C01-E0058,Bug,Media,2026-04-28 07:58:03,,Aberto
ISS-C01-P01-000404,C01-P01,C01-E0100,Debito Tecnico,Media,2026-04-15 21:36:18,2026-05-10 21:36:18,Fechado
ISS-C01-P01-000405,C01-P01,C01-E0060,Chore,Critica,2026-04-06 10:00:39,2026-05-21 10:00:39,Fechado
ISS-C01-P01-000406,C01-P01,C01-E0303,Chore,Alta,2026-04-10 14:11:11,2026-05-18 14:11:11,Fechado
ISS-C01-P01-000407,C01-P01,C01-E0028,Chore,Media,2026-04-06 17:25:08,2026-05-02 17:25:08,Fechado
ISS-C01-P01-000408,C01-P01,C01-E0042,Bug,Media,2026-04-28 09:42:18,,Em Andamento
ISS-C01-P01-000409,C01-P01,C01-E0073,Feature,Media,2026-04-22 15:05:08,2026-05-08 15:05:08,Fechado
ISS-C01-P01-000410,C01-P01,C01-E0086,Feature,Alta,2026-04-28 09:58:25,,Em Andamento
ISS-C01-P01-000411,C01-P01,C01-E0055,Debito Tecnico,Alta,2026-04-12 15:27:50,,Aberto
ISS-C01-P01-000412,C01-P01,C01-E0136,Chore,Critica,2026-04-20 17:29:47,,Aberto
ISS-C01-P01-000413,C01-P01,C01-E0354,Bug,Media,2026-04-22 07:59:31,2026-05-22 07:59:31,Fechado
ISS-C01-P01-000414,C01-P01,C01-E0137,Bug,Media,2026-04-20 17:42:59,,Em Andamento
ISS-C01-P01-000415,C01-P01,C01-E0062,Bug,Media,2026-04-21 17:25:32,,Aberto
ISS-C01-P01-000416,C01-P01,C01-E0190,Bug,Media,2026-04-30 18:28:39,2026-05-13 18:28:39,Fechado
ISS-C01-P01-000417,C01-P01,C01-E0295,Debito Tecnico,Media,2026-04-10 13:36:17,2026-04-18 13:36:17,Fechado
ISS-C01-P01-000418,C01-P01,C01-E0232,Feature,Baixa,2026-04-17 17:18:06,2026-05-10 17:18:06,Fechado
ISS-C01-P01-000419,C01-P01,C01-E0032,Bug,Alta,2026-04-18 16:28:45,,Em Andamento
ISS-C01-P01-000420,C01-P01,C01-E0055,Bug,Baixa,2026-04-24 13:40:04,,Em Andamento
ISS-C01-P01-000421,C01-P01,C01-E0050,Bug,Media,2026-04-04 18:29:15,2026-04-17 18:29:15,Fechado
ISS-C01-P01-000422,C01-P01,C01-E0004,Feature,Baixa,2026-04-23 16:28:25,,Em Andamento
ISS-C01-P01-000423,C01-P01,C01-E0302,Debito Tecnico,Baixa,2026-04-29 18:17:51,,Em Andamento
ISS-C01-P01-000424,C01-P01,C01-E0020,Debito Tecnico,Media,2026-04-03 11:07:32,2026-05-06 11:07:32,Fechado
ISS-C01-P01-000425,C01-P01,C01-E0062,Feature,Critica,2026-04-18 13:21:52,2026-05-25 13:21:52,Fechado
ISS-C01-P01-000426,C01-P01,C01-E0350,Bug,Baixa,2026-04-06 14:37:42,2026-05-20 14:37:42,Fechado
ISS-C01-P01-000427,C01-P01,C01-E0043,Bug,Baixa,2026-05-26 15:31:25,2026-06-03 15:31:25,Fechado
ISS-C01-P01-000428,C01-P01,C01-E0207,Bug,Media,2026-05-09 18:58:49,2026-06-09 18:58:49,Fechado
ISS-C01-P01-000429,C01-P01,C01-E0210,Chore,Baixa,2026-05-06 15:49:47,2026-05-07 15:49:47,Fechado
ISS-C01-P01-000430,C01-P01,C01-E0136,Feature,Alta,2026-05-16 12:26:53,2026-05-17 12:26:53,Fechado
ISS-C01-P01-000431,C01-P01,C01-E0335,Chore,Media,2026-05-14 21:18:02,,Aberto
ISS-C01-P01-000432,C01-P01,C01-E0335,Bug,Alta,2026-05-16 17:11:42,,Em Andamento
ISS-C01-P01-000433,C01-P01,C01-E0296,Debito Tecnico,Media,2026-05-08 07:55:29,2026-05-17 07:55:29,Fechado
ISS-C01-P01-000434,C01-P01,C01-E0173,Debito Tecnico,Alta,2026-05-12 12:38:52,,Aberto
ISS-C01-P01-000435,C01-P01,C01-E0030,Bug,Baixa,2026-05-10 17:44:56,2026-05-27 17:44:56,Fechado
ISS-C01-P01-000436,C01-P01,C01-E0110,Feature,Media,2026-05-05 08:53:25,,Aberto
ISS-C01-P01-000437,C01-P01,C01-E0296,Feature,Media,2026-05-21 19:45:11,,Em Andamento
ISS-C01-P01-000438,C01-P01,C01-E0232,Bug,Alta,2026-05-15 10:36:20,2026-05-21 10:36:20,Fechado
ISS-C01-P01-000439,C01-P01,C01-E0341,Feature,Media,2026-05-29 10:11:28,2026-07-08 10:11:28,Fechado
ISS-C01-P01-000440,C01-P01,C01-E0185,Bug,Baixa,2026-05-09 21:06:03,2026-05-29 21:06:03,Fechado
ISS-C01-P01-000441,C01-P01,C01-E0032,Bug,Media,2026-05-11 16:48:25,2026-05-31 16:48:25,Fechado
ISS-C01-P01-000442,C01-P01,C01-E0312,Chore,Alta,2026-05-07 10:07:55,2026-06-20 10:07:55,Fechado
ISS-C01-P01-000443,C01-P01,C01-E0145,Feature,Alta,2026-05-23 12:51:10,2026-07-01 12:51:10,Fechado
ISS-C01-P01-000444,C01-P01,C01-E0072,Bug,Media,2026-05-11 12:22:49,2026-06-16 12:22:49,Fechado
ISS-C01-P01-000445,C01-P01,C01-E0296,Debito Tecnico,Baixa,2026-05-11 14:53:39,2026-05-26 14:53:39,Fechado
ISS-C01-P01-000446,C01-P01,C01-E0021,Bug,Alta,2026-05-17 19:15:48,2026-05-27 19:15:48,Fechado
ISS-C01-P01-000447,C01-P01,C01-E0125,Bug,Alta,2026-05-03 12:20:02,2026-05-12 12:20:02,Fechado
ISS-C01-P01-000448,C01-P01,C01-E0311,Feature,Media,2026-05-03 09:58:24,,Aberto
ISS-C01-P01-000449,C01-P01,C01-E0078,Bug,Baixa,2026-05-13 08:30:27,,Em Andamento
ISS-C01-P01-000450,C01-P01,C01-E0188,Feature,Media,2026-05-16 21:51:18,2026-06-24 21:51:18,Fechado
ISS-C01-P01-000451,C01-P01,C01-E0285,Bug,Baixa,2026-05-22 12:33:57,2026-07-02 12:33:57,Fechado
ISS-C01-P01-000452,C01-P01,C01-E0216,Bug,Alta,2026-05-10 18:14:39,2026-06-10 18:14:39,Fechado
ISS-C01-P01-000453,C01-P01,C01-E0006,Bug,Baixa,2026-05-23 19:14:35,,Aberto
ISS-C01-P01-000454,C01-P01,C01-E0097,Feature,Alta,2026-05-01 15:30:21,2026-05-09 15:30:21,Fechado
ISS-C01-P01-000455,C01-P01,C01-E0354,Bug,Media,2026-05-14 15:24:12,,Em Andamento
ISS-C01-P01-000456,C01-P01,C01-E0067,Bug,Baixa,2026-05-11 11:23:51,2026-06-18 11:23:51,Fechado
ISS-C01-P01-000457,C01-P01,C01-E0308,Debito Tecnico,Media,2026-05-23 08:37:32,,Aberto
ISS-C01-P01-000458,C01-P01,C01-E0216,Feature,Baixa,2026-05-14 11:57:52,2026-06-02 11:57:52,Fechado
ISS-C01-P01-000459,C01-P01,C01-E0004,Feature,Media,2026-05-22 18:16:09,2026-06-17 18:16:09,Fechado
ISS-C01-P01-000460,C01-P01,C01-E0295,Debito Tecnico,Media,2026-05-17 18:44:17,,Em Andamento
ISS-C01-P01-000461,C01-P01,C01-E0173,Bug,Media,2026-05-24 11:40:59,2026-05-25 11:40:59,Fechado
ISS-C01-P01-000462,C01-P01,C01-E0059,Feature,Baixa,2026-05-21 18:32:01,,Aberto
ISS-C01-P01-000463,C01-P01,C01-E0307,Feature,Media,2026-05-27 18:15:47,2026-07-02 18:15:47,Fechado
ISS-C01-P01-000464,C01-P01,C01-E0033,Feature,Baixa,2026-05-02 18:02:19,,Em Andamento
ISS-C01-P01-000465,C01-P01,C01-E0043,Bug,Alta,2026-05-12 18:34:50,2026-06-02 18:34:50,Fechado
ISS-C01-P01-000466,C01-P01,C01-E0085,Bug,Alta,2026-05-16 09:47:50,2026-06-09 09:47:50,Fechado
ISS-C01-P01-000467,C01-P01,C01-E0311,Bug,Baixa,2026-05-05 18:02:05,,Em Andamento
ISS-C01-P01-000468,C01-P01,C01-E0082,Bug,Alta,2026-05-29 12:49:16,,Aberto
ISS-C01-P01-000469,C01-P01,C01-E0180,Feature,Baixa,2026-05-05 16:35:38,2026-05-29 16:35:38,Fechado
ISS-C01-P01-000470,C01-P01,C01-E0202,Feature,Alta,2026-05-01 13:42:23,,Aberto
ISS-C01-P01-000471,C01-P01,C01-E0217,Bug,Baixa,2026-05-07 17:10:22,,Em Andamento
ISS-C01-P01-000472,C01-P01,C01-E0238,Debito Tecnico,Baixa,2026-05-20 10:17:11,,Aberto
ISS-C01-P01-000473,C01-P01,C01-E0061,Bug,Alta,2026-05-31 20:58:52,,Aberto
ISS-C01-P01-000474,C01-P01,C01-E0207,Feature,Media,2026-06-25 19:51:59,,Em Andamento
ISS-C01-P01-000475,C01-P01,C01-E0007,Debito Tecnico,Media,2026-06-29 13:31:12,2026-07-11 13:31:12,Fechado
ISS-C01-P01-000476,C01-P01,C01-E0339,Feature,Baixa,2026-06-20 19:33:20,,Aberto
ISS-C01-P01-000477,C01-P01,C01-E0176,Bug,Baixa,2026-06-10 16:26:55,,Em Andamento
ISS-C01-P01-000478,C01-P01,C01-E0299,Bug,Alta,2026-06-11 16:12:22,2026-07-13 16:12:22,Fechado
ISS-C01-P01-000479,C01-P01,C01-E0099,Feature,Alta,2026-06-21 11:50:42,,Em Andamento
ISS-C01-P01-000480,C01-P01,C01-E0049,Debito Tecnico,Alta,2026-06-08 07:42:23,2026-07-16 07:42:23,Fechado
ISS-C01-P01-000481,C01-P01,C01-E0176,Debito Tecnico,Media,2026-06-18 15:14:57,,Em Andamento
ISS-C01-P01-000482,C01-P01,C01-E0111,Bug,Media,2026-06-13 09:13:33,2026-06-30 09:13:33,Fechado
ISS-C01-P01-000483,C01-P01,C01-E0145,Bug,Baixa,2026-06-29 11:30:59,2026-07-07 11:30:59,Fechado
ISS-C01-P01-000484,C01-P01,C01-E0048,Feature,Media,2026-06-21 10:44:40,,Em Andamento
ISS-C01-P01-000485,C01-P01,C01-E0167,Feature,Media,2026-06-09 13:40:29,2026-06-30 13:40:29,Fechado
ISS-C01-P01-000486,C01-P01,C01-E0349,Chore,Alta,2026-06-25 08:20:37,,Aberto
ISS-C01-P01-000487,C01-P01,C01-E0098,Debito Tecnico,Baixa,2026-06-14 13:05:39,,Em Andamento
ISS-C01-P01-000488,C01-P01,C01-E0152,Feature,Alta,2026-06-13 07:45:48,,Aberto
ISS-C01-P01-000489,C01-P01,C01-E0167,Feature,Media,2026-06-17 16:17:21,,Aberto
ISS-C01-P01-000490,C01-P01,C01-E0045,Debito Tecnico,Alta,2026-06-19 15:20:30,2026-07-31 15:20:30,Fechado
ISS-C01-P01-000491,C01-P01,C01-E0294,Bug,Baixa,2026-06-04 16:01:27,,Em Andamento
ISS-C01-P01-000492,C01-P01,C01-E0190,Feature,Critica,2026-06-13 17:50:54,2026-07-04 17:50:54,Fechado
ISS-C01-P01-000493,C01-P01,C01-E0096,Feature,Baixa,2026-06-04 20:18:34,2026-06-29 20:18:34,Fechado
ISS-C01-P01-000494,C01-P01,C01-E0226,Debito Tecnico,Media,2026-06-08 09:45:27,2026-06-27 09:45:27,Fechado
ISS-C01-P01-000495,C01-P01,C01-E0299,Debito Tecnico,Alta,2026-06-24 08:25:33,2026-06-30 08:25:33,Fechado
ISS-C01-P01-000496,C01-P01,C01-E0354,Chore,Baixa,2026-06-24 12:55:32,2026-08-07 12:55:32,Fechado
ISS-C01-P01-000497,C01-P01,C01-E0308,Bug,Alta,2026-06-23 17:22:38,2026-08-01 17:22:38,Fechado
ISS-C01-P01-000498,C01-P01,C01-E0173,Bug,Baixa,2026-06-10 18:00:28,2026-06-17 18:00:28,Fechado
ISS-C01-P01-000499,C01-P01,C01-E0006,Chore,Media,2026-06-14 09:05:09,,Em Andamento
ISS-C01-P01-000500,C01-P01,C01-E0168,Feature,Media,2026-06-29 19:40:49,2026-07-03 19:40:49,Fechado
ISS-C01-P01-000501,C01-P01,C01-E0161,Feature,Critica,2026-06-19 07:44:42,2026-07-09 07:44:42,Fechado
ISS-C01-P01-000502,C01-P01,C01-E0169,Bug,Media,2026-06-19 16:48:52,2026-07-11 16:48:52,Fechado
ISS-C01-P01-000503,C01-P01,C01-E0084,Bug,Media,2026-06-18 13:07:01,2026-07-09 13:07:01,Fechado
ISS-C01-P01-000504,C01-P01,C01-E0237,Bug,Alta,2026-06-13 14:57:48,2026-07-25 14:57:48,Fechado
ISS-C01-P01-000505,C01-P01,C01-E0037,Bug,Media,2026-06-17 11:00:55,,Aberto
ISS-C01-P01-000506,C01-P01,C01-E0237,Bug,Critica,2026-06-10 12:39:25,2026-06-29 12:39:25,Fechado
ISS-C01-P01-000507,C01-P01,C01-E0345,Bug,Media,2026-06-03 08:29:34,2026-06-16 08:29:34,Fechado
ISS-C01-P01-000508,C01-P01,C01-E0055,Bug,Media,2026-06-13 21:35:32,2026-06-17 21:35:32,Fechado
ISS-C01-P01-000509,C01-P01,C01-E0169,Chore,Media,2026-06-15 09:03:49,2026-07-14 09:03:49,Fechado
ISS-C01-P01-000510,C01-P01,C01-E0205,Feature,Media,2026-06-14 08:00:29,2026-07-16 08:00:29,Fechado
ISS-C01-P01-000511,C01-P01,C01-E0085,Bug,Media,2026-06-17 09:06:42,2026-07-14 09:06:42,Fechado
ISS-C01-P01-000512,C01-P01,C01-E0133,Chore,Media,2026-06-05 21:52:58,,Aberto
ISS-C01-P01-000513,C01-P01,C01-E0188,Debito Tecnico,Critica,2026-06-28 09:27:09,2026-07-14 09:27:09,Fechado
ISS-C01-P01-000514,C01-P01,C01-E0269,Bug,Baixa,2026-06-28 09:34:35,,Aberto
ISS-C01-P01-000515,C01-P01,C01-E0254,Feature,Media,2026-06-01 07:20:44,2026-06-17 07:20:44,Fechado
ISS-C01-P01-000516,C01-P01,C01-E0055,Bug,Media,2026-07-12 16:46:32,2026-08-10 00:00:00,Fechado
ISS-C01-P01-000517,C01-P01,C01-E0080,Feature,Baixa,2026-07-02 12:18:03,2026-07-21 12:18:03,Fechado
ISS-C01-P01-000518,C01-P01,C01-E0343,Feature,Baixa,2026-07-21 20:00:30,,Aberto
ISS-C01-P01-000519,C01-P01,C01-E0287,Debito Tecnico,Alta,2026-07-29 07:57:39,,Aberto
ISS-C01-P01-000520,C01-P01,C01-E0361,Bug,Alta,2026-07-13 20:40:14,,Aberto
ISS-C01-P01-000521,C01-P01,C01-E0290,Bug,Alta,2026-07-14 12:39:04,2026-07-16 12:39:04,Fechado
ISS-C01-P01-000522,C01-P01,C01-E0291,Feature,Baixa,2026-07-09 21:57:17,2026-08-10 00:00:00,Fechado
ISS-C01-P01-000523,C01-P01,C01-E0354,Feature,Baixa,2026-07-22 10:25:44,,Em Andamento
ISS-C01-P01-000524,C01-P01,C01-E0080,Feature,Media,2026-07-30 08:36:05,2026-08-10 00:00:00,Fechado
ISS-C01-P01-000525,C01-P01,C01-E0090,Bug,Critica,2026-07-07 13:14:51,2026-08-10 00:00:00,Fechado
ISS-C01-P01-000526,C01-P01,C01-E0111,Feature,Media,2026-07-06 11:44:45,2026-07-19 11:44:45,Fechado
ISS-C01-P01-000527,C01-P01,C01-E0361,Feature,Baixa,2026-07-01 17:48:56,,Em Andamento
ISS-C01-P01-000528,C01-P01,C01-E0350,Bug,Critica,2026-07-04 17:15:07,2026-08-09 17:15:07,Fechado
ISS-C01-P01-000529,C01-P01,C01-E0018,Debito Tecnico,Alta,2026-07-05 12:52:10,,Em Andamento
ISS-C01-P01-000530,C01-P01,C01-E0196,Bug,Media,2026-07-15 08:20:46,,Em Andamento
ISS-C01-P01-000531,C01-P01,C01-E0041,Feature,Alta,2026-07-23 21:32:39,2026-08-10 00:00:00,Fechado
ISS-C01-P01-000532,C01-P01,C01-E0300,Chore,Media,2026-07-28 20:28:23,2026-07-29 20:28:23,Fechado
ISS-C01-P01-000533,C01-P01,C01-E0055,Feature,Alta,2026-07-12 08:07:27,2026-08-10 00:00:00,Fechado
ISS-C01-P01-000534,C01-P01,C01-E0032,Feature,Media,2026-07-16 08:36:17,,Aberto
ISS-C01-P01-000535,C01-P01,C01-E0069,Bug,Media,2026-07-01 10:34:55,,Em Andamento
ISS-C01-P01-000536,C01-P01,C01-E0104,Chore,Media,2026-07-23 13:09:01,2026-08-10 00:00:00,Fechado
ISS-C01-P01-000537,C01-P01,C01-E0015,Feature,Alta,2026-07-10 18:54:04,2026-08-02 18:54:04,Fechado
ISS-C01-P01-000538,C01-P01,C01-E0100,Bug,Alta,2026-07-17 17:37:10,2026-08-10 00:00:00,Fechado
ISS-C01-P01-000539,C01-P01,C01-E0224,Bug,Baixa,2026-07-27 18:04:26,2026-07-30 18:04:26,Fechado
ISS-C01-P01-000540,C01-P01,C01-E0021,Bug,Alta,2026-07-07 08:24:02,,Aberto
ISS-C01-P01-000541,C01-P01,C01-E0294,Debito Tecnico,Media,2026-07-15 07:59:26,,Em Andamento
ISS-C01-P01-000542,C01-P01,C01-E0217,Bug,Media,2026-07-22 20:44:01,2026-07-24 20:44:01,Fechado
ISS-C01-P01-000543,C01-P01,C01-E0235,Bug,Baixa,2026-07-31 10:51:24,,Em Andamento
ISS-C01-P01-000544,C01-P01,C01-E0031,Feature,Baixa,2026-07-08 20:12:48,2026-07-19 20:12:48,Fechado
ISS-C01-P01-000545,C01-P01,C01-E0009,Debito Tecnico,Critica,2026-07-08 18:12:29,,Aberto
ISS-C01-P01-000546,C01-P01,C01-E0307,Feature,Alta,2026-07-04 20:11:21,2026-07-28 20:11:21,Fechado
ISS-C01-P01-000547,C01-P01,C01-E0033,Bug,Baixa,2026-07-14 21:00:35,,Em Andamento
ISS-C01-P01-000548,C01-P01,C01-E0133,Feature,Media,2026-07-03 20:29:56,2026-07-12 20:29:56,Fechado
ISS-C01-P01-000549,C01-P01,C01-E0098,Debito Tecnico,Media,2026-07-09 10:05:57,,Em Andamento
ISS-C01-P01-000550,C01-P01,C01-E0361,Feature,Alta,2026-07-22 18:28:28,,Aberto
ISS-C01-P01-000551,C01-P01,C01-E0104,Bug,Baixa,2026-07-30 08:30:46,,Em Andamento
ISS-C01-P01-000552,C01-P01,C01-E0210,Chore,Media,2026-07-09 12:53:28,2026-07-28 12:53:28,Fechado
ISS-C01-P01-000553,C01-P01,C01-E0120,Debito Tecnico,Media,2026-07-18 09:27:27,,Em Andamento
ISS-C01-P01-000554,C01-P01,C01-E0190,Chore,Media,2026-07-22 18:02:30,2026-08-10 00:00:00,Fechado
ISS-C01-P01-000555,C01-P01,C01-E0073,Feature,Media,2026-07-05 15:47:55,,Aberto
ISS-C01-P01-000556,C01-P01,C01-E0107,Chore,Media,2026-07-30 18:14:22,2026-08-10 00:00:00,Fechado
ISS-C01-P01-000557,C01-P01,C01-E0062,Bug,Critica,2026-07-28 21:12:49,,Em Andamento
ISS-C01-P01-000558,C01-P01,C01-E0234,Feature,Media,2026-07-26 10:53:16,2026-08-10 00:00:00,Fechado
ISS-C01-P01-000559,C01-P01,C01-E0284,Debito Tecnico,Media,2026-07-20 20:54:29,2026-08-10 00:00:00,Fechado
ISS-C01-P01-000560,C01-P01,C01-E0110,Feature,Baixa,2026-07-22 18:53:59,,Aberto
ISS-C01-P01-000561,C01-P01,C01-E0343,Feature,Media,2026-07-06 15:49:37,2026-08-03 15:49:37,Fechado
ISS-C01-P01-000562,C01-P01,C01-E0084,Bug,Media,2026-07-29 15:10:43,,Em Andamento
ISS-C01-P01-000563,C01-P01,C01-E0033,Chore,Alta,2026-07-07 14:54:43,,Aberto
ISS-C01-P01-000564,C01-P01,C01-E0261,Feature,Media,2026-07-23 14:00:55,,Em Andamento
ISS-C01-P01-000565,C01-P01,C01-E0112,Bug,Media,2026-07-14 17:40:12,2026-08-10 00:00:00,Fechado
ISS-C01-P01-000566,C01-P01,C01-E0173,Bug,Alta,2026-07-23 07:54:00,2026-08-10 00:00:00,Fechado
ISS-C01-P01-000567,C01-P01,C01-E0147,Feature,Alta,2026-07-14 08:55:35,2026-08-10 00:00:00,Fechado
ISS-C01-P01-000568,C01-P01,C01-E0251,Feature,Media,2026-07-17 16:59:52,2026-08-10 00:00:00,Fechado
ISS-C01-P02-000569,C01-P02,C01-E0091,Bug,Baixa,2025-06-07 17:57:46,2025-06-11 17:57:46,Fechado
ISS-C01-P02-000570,C01-P02,C01-E0055,Feature,Media,2025-06-30 14:22:48,2025-08-03 14:22:48,Fechado
ISS-C01-P02-000571,C01-P02,C01-E0282,Debito Tecnico,Alta,2025-06-26 10:02:56,2025-07-28 10:02:56,Fechado
ISS-C01-P02-000572,C01-P02,C01-E0223,Feature,Media,2025-06-18 16:32:25,,Em Andamento
ISS-C01-P02-000573,C01-P02,C01-E0097,Feature,Baixa,2025-06-05 21:24:48,2025-06-24 21:24:48,Fechado
ISS-C01-P02-000574,C01-P02,C01-E0328,Bug,Baixa,2025-06-26 08:40:04,2025-07-02 08:40:04,Fechado
ISS-C01-P02-000575,C01-P02,C01-E0335,Feature,Baixa,2025-06-09 09:47:31,2025-07-12 09:47:31,Fechado
ISS-C01-P02-000576,C01-P02,C01-E0195,Bug,Baixa,2025-06-04 14:42:36,2025-07-08 14:42:36,Fechado
ISS-C01-P02-000577,C01-P02,C01-E0286,Feature,Media,2025-06-17 10:10:45,2025-07-17 10:10:45,Fechado
ISS-C01-P02-000578,C01-P02,C01-E0082,Bug,Baixa,2025-06-14 16:56:07,,Em Andamento
ISS-C01-P02-000579,C01-P02,C01-E0031,Bug,Alta,2025-06-19 18:08:26,2025-07-05 18:08:26,Fechado
ISS-C01-P02-000580,C01-P02,C01-E0358,Chore,Alta,2025-06-28 10:59:32,,Aberto
ISS-C01-P02-000581,C01-P02,C01-E0345,Feature,Media,2025-06-03 12:47:13,2025-06-24 12:47:13,Fechado
ISS-C01-P02-000582,C01-P02,C01-E0294,Debito Tecnico,Alta,2025-06-19 12:33:42,2025-07-19 12:33:42,Fechado
ISS-C01-P02-000583,C01-P02,C01-E0030,Feature,Media,2025-06-22 14:07:28,2025-06-24 14:07:28,Fechado
ISS-C01-P02-000584,C01-P02,C01-E0344,Debito Tecnico,Alta,2025-06-15 11:28:42,2025-06-27 11:28:42,Fechado
ISS-C01-P02-000585,C01-P02,C01-E0172,Feature,Baixa,2025-06-09 13:51:36,,Em Andamento
ISS-C01-P02-000586,C01-P02,C01-E0143,Feature,Critica,2025-06-22 12:02:47,,Aberto
ISS-C01-P02-000587,C01-P02,C01-E0022,Bug,Baixa,2025-06-15 18:04:15,2025-07-18 18:04:15,Fechado
ISS-C01-P02-000588,C01-P02,C01-E0137,Bug,Media,2025-06-19 07:56:50,2025-08-02 07:56:50,Fechado
ISS-C01-P02-000589,C01-P02,C01-E0062,Debito Tecnico,Media,2025-06-30 13:33:27,2025-07-14 13:33:27,Fechado
ISS-C01-P02-000590,C01-P02,C01-E0064,Bug,Alta,2025-06-05 12:03:21,,Aberto
ISS-C01-P02-000591,C01-P02,C01-E0343,Bug,Baixa,2025-06-03 16:42:17,2025-07-02 16:42:17,Fechado
ISS-C01-P02-000592,C01-P02,C01-E0283,Feature,Baixa,2025-06-20 19:29:11,2025-07-02 19:29:11,Fechado
ISS-C01-P02-000593,C01-P02,C01-E0150,Debito Tecnico,Media,2025-06-06 16:46:19,,Em Andamento
ISS-C01-P02-000594,C01-P02,C01-E0110,Chore,Media,2025-06-05 09:56:32,,Aberto
ISS-C01-P02-000595,C01-P02,C01-E0217,Debito Tecnico,Alta,2025-06-30 14:24:22,,Em Andamento
ISS-C01-P02-000596,C01-P02,C01-E0030,Chore,Alta,2025-06-05 12:03:40,,Em Andamento
ISS-C01-P02-000597,C01-P02,C01-E0335,Feature,Media,2025-06-17 16:47:37,2025-07-24 16:47:37,Fechado
ISS-C01-P02-000598,C01-P02,C01-E0174,Bug,Media,2025-06-30 20:47:01,2025-07-12 20:47:01,Fechado
ISS-C01-P02-000599,C01-P02,C01-E0062,Feature,Media,2025-06-08 15:35:39,2025-07-18 15:35:39,Fechado
ISS-C01-P02-000600,C01-P02,C01-E0106,Debito Tecnico,Media,2025-06-08 21:57:10,2025-07-04 21:57:10,Fechado
ISS-C01-P02-000601,C01-P02,C01-E0043,Feature,Baixa,2025-06-03 09:56:44,2025-06-23 09:56:44,Fechado
ISS-C01-P02-000602,C01-P02,C01-E0345,Bug,Baixa,2025-06-26 09:59:35,2025-07-25 09:59:35,Fechado
ISS-C01-P02-000603,C01-P02,C01-E0321,Feature,Media,2025-06-29 19:43:31,,Aberto
ISS-C01-P02-000604,C01-P02,C01-E0276,Debito Tecnico,Media,2025-06-01 07:02:48,,Em Andamento
ISS-C01-P02-000605,C01-P02,C01-E0299,Debito Tecnico,Alta,2025-06-20 09:26:19,2025-06-21 09:26:19,Fechado
ISS-C01-P02-000606,C01-P02,C01-E0125,Bug,Media,2025-06-20 13:46:58,2025-07-08 13:46:58,Fechado
ISS-C01-P02-000607,C01-P02,C01-E0238,Feature,Media,2025-06-27 13:18:28,2025-07-10 13:18:28,Fechado
ISS-C01-P02-000608,C01-P02,C01-E0045,Feature,Alta,2025-06-19 07:22:06,2025-07-21 07:22:06,Fechado
ISS-C01-P02-000609,C01-P02,C01-E0169,Bug,Baixa,2025-06-05 09:25:16,,Aberto
ISS-C01-P02-000610,C01-P02,C01-E0348,Bug,Media,2025-07-03 08:34:39,2025-08-03 08:34:39,Fechado
ISS-C01-P02-000611,C01-P02,C01-E0023,Feature,Alta,2025-07-12 10:48:59,2025-07-25 10:48:59,Fechado
ISS-C01-P02-000612,C01-P02,C01-E0190,Debito Tecnico,Media,2025-07-20 14:44:46,,Em Andamento
ISS-C01-P02-000613,C01-P02,C01-E0007,Feature,Alta,2025-07-03 19:45:07,2025-07-16 19:45:07,Fechado
ISS-C01-P02-000614,C01-P02,C01-E0288,Bug,Media,2025-07-26 18:50:08,2025-08-25 18:50:08,Fechado
ISS-C01-P02-000615,C01-P02,C01-E0329,Bug,Media,2025-07-19 08:03:23,2025-08-11 08:03:23,Fechado
ISS-C01-P02-000616,C01-P02,C01-E0031,Chore,Alta,2025-07-29 10:26:48,2025-08-08 10:26:48,Fechado
ISS-C01-P02-000617,C01-P02,C01-E0045,Feature,Media,2025-07-15 07:39:33,,Aberto
ISS-C01-P02-000618,C01-P02,C01-E0041,Feature,Baixa,2025-07-17 21:53:33,2025-08-27 21:53:33,Fechado
ISS-C01-P02-000619,C01-P02,C01-E0245,Feature,Alta,2025-07-11 20:49:21,,Em Andamento
ISS-C01-P02-000620,C01-P02,C01-E0030,Feature,Critica,2025-07-18 19:46:51,2025-07-29 19:46:51,Fechado
ISS-C01-P02-000621,C01-P02,C01-E0252,Debito Tecnico,Media,2025-07-22 21:01:33,2025-08-19 21:01:33,Fechado
ISS-C01-P02-000622,C01-P02,C01-E0029,Feature,Media,2025-07-24 17:09:22,2025-07-28 17:09:22,Fechado
ISS-C01-P02-000623,C01-P02,C01-E0136,Debito Tecnico,Baixa,2025-07-18 07:46:46,2025-08-31 07:46:46,Fechado
ISS-C01-P02-000624,C01-P02,C01-E0320,Chore,Baixa,2025-07-04 13:07:48,2025-07-05 13:07:48,Fechado
ISS-C01-P02-000625,C01-P02,C01-E0296,Chore,Baixa,2025-07-06 21:07:34,,Em Andamento
ISS-C01-P02-000626,C01-P02,C01-E0091,Bug,Alta,2025-07-15 15:53:40,,Em Andamento
ISS-C01-P02-000627,C01-P02,C01-E0214,Debito Tecnico,Critica,2025-07-02 10:29:28,,Em Andamento
ISS-C01-P02-000628,C01-P02,C01-E0205,Bug,Media,2025-07-18 09:07:45,2025-08-18 09:07:45,Fechado
ISS-C01-P02-000629,C01-P02,C01-E0244,Chore,Alta,2025-07-30 17:13:15,,Em Andamento
ISS-C01-P02-000630,C01-P02,C01-E0055,Feature,Media,2025-07-17 17:49:57,2025-08-30 17:49:57,Fechado
ISS-C01-P02-000631,C01-P02,C01-E0145,Bug,Alta,2025-07-23 17:32:48,,Em Andamento
ISS-C01-P02-000632,C01-P02,C01-E0185,Bug,Alta,2025-07-21 07:33:43,2025-08-29 07:33:43,Fechado
ISS-C01-P02-000633,C01-P02,C01-E0348,Bug,Baixa,2025-07-05 17:30:31,,Em Andamento
ISS-C01-P02-000634,C01-P02,C01-E0125,Bug,Baixa,2025-07-08 18:09:43,,Em Andamento
ISS-C01-P02-000635,C01-P02,C01-E0182,Chore,Media,2025-07-28 11:06:43,2025-09-11 11:06:43,Fechado
ISS-C01-P02-000636,C01-P02,C01-E0153,Debito Tecnico,Baixa,2025-07-16 15:51:38,2025-08-12 15:51:38,Fechado
ISS-C01-P02-000637,C01-P02,C01-E0103,Feature,Media,2025-07-04 07:51:45,,Aberto
ISS-C01-P02-000638,C01-P02,C01-E0055,Bug,Baixa,2025-07-01 07:53:40,,Aberto
ISS-C01-P02-000639,C01-P02,C01-E0085,Bug,Media,2025-07-11 12:31:40,2025-08-25 12:31:40,Fechado
ISS-C01-P02-000640,C01-P02,C01-E0064,Feature,Media,2025-07-23 10:07:24,,Aberto
ISS-C01-P02-000641,C01-P02,C01-E0164,Bug,Baixa,2025-07-26 09:09:16,2025-09-06 09:09:16,Fechado
ISS-C01-P02-000642,C01-P02,C01-E0190,Feature,Alta,2025-07-15 07:42:24,2025-08-16 07:42:24,Fechado
ISS-C01-P02-000643,C01-P02,C01-E0331,Feature,Critica,2025-07-08 17:07:29,2025-07-09 17:07:29,Fechado
ISS-C01-P02-000644,C01-P02,C01-E0302,Chore,Alta,2025-07-05 17:21:05,2025-07-11 17:21:05,Fechado
ISS-C01-P02-000645,C01-P02,C01-E0308,Bug,Alta,2025-07-05 19:22:52,,Aberto
ISS-C01-P02-000646,C01-P02,C01-E0361,Chore,Alta,2025-07-23 07:03:32,,Aberto
ISS-C01-P02-000647,C01-P02,C01-E0033,Debito Tecnico,Media,2025-07-15 12:31:28,,Em Andamento
ISS-C01-P02-000648,C01-P02,C01-E0016,Chore,Media,2025-07-11 19:18:41,2025-08-04 19:18:41,Fechado
ISS-C01-P02-000649,C01-P02,C01-E0343,Bug,Media,2025-07-15 18:05:48,,Em Andamento
ISS-C01-P02-000650,C01-P02,C01-E0181,Debito Tecnico,Baixa,2025-07-03 16:40:26,2025-08-05 16:40:26,Fechado
ISS-C01-P02-000651,C01-P02,C01-E0178,Bug,Media,2025-07-06 16:11:54,2025-07-18 16:11:54,Fechado
ISS-C01-P02-000652,C01-P02,C01-E0090,Bug,Baixa,2025-07-09 16:13:30,,Em Andamento
ISS-C01-P02-000653,C01-P02,C01-E0110,Bug,Alta,2025-07-29 19:39:14,,Aberto
ISS-C01-P02-000654,C01-P02,C01-E0137,Debito Tecnico,Media,2025-07-10 16:34:43,,Aberto
ISS-C01-P02-000655,C01-P02,C01-E0066,Debito Tecnico,Media,2025-08-03 13:37:49,,Em Andamento
ISS-C01-P02-000656,C01-P02,C01-E0181,Bug,Critica,2025-08-01 10:11:46,2025-08-12 10:11:46,Fechado
ISS-C01-P02-000657,C01-P02,C01-E0022,Debito Tecnico,Baixa,2025-08-27 21:24:36,,Em Andamento
ISS-C01-P02-000658,C01-P02,C01-E0237,Bug,Alta,2025-08-24 13:47:55,2025-09-24 13:47:55,Fechado
ISS-C01-P02-000659,C01-P02,C01-E0132,Debito Tecnico,Baixa,2025-08-19 08:45:03,,Aberto
ISS-C01-P02-000660,C01-P02,C01-E0084,Bug,Critica,2025-08-03 16:53:24,,Em Andamento
ISS-C01-P02-000661,C01-P02,C01-E0224,Bug,Media,2025-08-23 12:51:11,2025-09-17 12:51:11,Fechado
ISS-C01-P02-000662,C01-P02,C01-E0028,Bug,Baixa,2025-08-06 17:30:25,,Em Andamento
ISS-C01-P02-000663,C01-P02,C01-E0340,Bug,Media,2025-08-28 15:52:31,,Em Andamento
ISS-C01-P02-000664,C01-P02,C01-E0082,Chore,Media,2025-08-10 16:01:15,2025-08-31 16:01:15,Fechado
ISS-C01-P02-000665,C01-P02,C01-E0064,Debito Tecnico,Baixa,2025-08-17 07:14:36,2025-08-22 07:14:36,Fechado
ISS-C01-P02-000666,C01-P02,C01-E0269,Feature,Baixa,2025-08-19 11:01:44,2025-09-10 11:01:44,Fechado
ISS-C01-P02-000667,C01-P02,C01-E0251,Debito Tecnico,Critica,2025-08-09 18:57:12,,Aberto
ISS-C01-P02-000668,C01-P02,C01-E0313,Bug,Critica,2025-08-25 15:13:41,,Em Andamento
ISS-C01-P02-000669,C01-P02,C01-E0030,Bug,Alta,2025-08-27 19:31:00,2025-09-05 19:31:00,Fechado
ISS-C01-P02-000670,C01-P02,C01-E0038,Debito Tecnico,Alta,2025-08-23 12:11:56,2025-09-28 12:11:56,Fechado
ISS-C01-P02-000671,C01-P02,C01-E0073,Bug,Media,2025-08-13 08:16:37,2025-08-28 08:16:37,Fechado
ISS-C01-P02-000672,C01-P02,C01-E0094,Feature,Baixa,2025-08-11 15:46:16,2025-09-11 15:46:16,Fechado
ISS-C01-P02-000673,C01-P02,C01-E0292,Feature,Baixa,2025-08-01 21:46:20,2025-09-01 21:46:20,Fechado
ISS-C01-P02-000674,C01-P02,C01-E0247,Feature,Baixa,2025-08-04 21:15:06,2025-09-06 21:15:06,Fechado
ISS-C01-P02-000675,C01-P02,C01-E0055,Chore,Media,2025-08-07 15:19:02,,Em Andamento
ISS-C01-P02-000676,C01-P02,C01-E0303,Bug,Baixa,2025-08-15 07:27:48,2025-09-24 07:27:48,Fechado
ISS-C01-P02-000677,C01-P02,C01-E0263,Debito Tecnico,Media,2025-08-05 10:45:13,,Aberto
ISS-C01-P02-000678,C01-P02,C01-E0047,Feature,Baixa,2025-08-02 19:44:40,,Aberto
ISS-C01-P02-000679,C01-P02,C01-E0069,Bug,Baixa,2025-08-10 18:52:54,,Aberto
ISS-C01-P02-000680,C01-P02,C01-E0112,Feature,Baixa,2025-08-21 07:51:08,,Em Andamento
ISS-C01-P02-000681,C01-P02,C01-E0225,Bug,Media,2025-08-27 11:11:04,2025-09-20 11:11:04,Fechado
ISS-C01-P02-000682,C01-P02,C01-E0313,Feature,Media,2025-08-19 08:55:17,2025-08-21 08:55:17,Fechado
ISS-C01-P02-000683,C01-P02,C01-E0060,Feature,Media,2025-08-22 12:38:54,,Aberto
ISS-C01-P02-000684,C01-P02,C01-E0363,Bug,Media,2025-08-25 10:03:59,2025-08-31 10:03:59,Fechado
ISS-C01-P02-000685,C01-P02,C01-E0120,Bug,Alta,2025-08-18 10:42:25,2025-09-23 10:42:25,Fechado
ISS-C01-P02-000686,C01-P02,C01-E0286,Bug,Media,2025-08-07 10:42:12,2025-09-04 10:42:12,Fechado
ISS-C01-P02-000687,C01-P02,C01-E0058,Bug,Media,2025-08-15 10:50:13,2025-09-04 10:50:13,Fechado
ISS-C01-P02-000688,C01-P02,C01-E0203,Feature,Alta,2025-08-16 16:48:05,2025-09-12 16:48:05,Fechado
ISS-C01-P02-000689,C01-P02,C01-E0037,Feature,Baixa,2025-08-26 09:26:44,,Aberto
ISS-C01-P02-000690,C01-P02,C01-E0321,Bug,Baixa,2025-08-24 15:25:12,2025-10-01 15:25:12,Fechado
ISS-C01-P02-000691,C01-P02,C01-E0085,Bug,Alta,2025-08-06 15:13:00,2025-09-03 15:13:00,Fechado
ISS-C01-P02-000692,C01-P02,C01-E0233,Bug,Baixa,2025-08-14 19:39:37,,Em Andamento
ISS-C01-P02-000693,C01-P02,C01-E0047,Feature,Alta,2025-08-01 13:37:33,2025-09-11 13:37:33,Fechado
ISS-C01-P02-000694,C01-P02,C01-E0260,Feature,Media,2025-08-28 11:12:15,2025-09-26 11:12:15,Fechado
ISS-C01-P02-000695,C01-P02,C01-E0033,Debito Tecnico,Baixa,2025-09-04 19:06:52,,Em Andamento
ISS-C01-P02-000696,C01-P02,C01-E0301,Feature,Media,2025-09-18 15:58:48,2025-09-25 15:58:48,Fechado
ISS-C01-P02-000697,C01-P02,C01-E0189,Feature,Media,2025-09-12 11:14:41,,Aberto
ISS-C01-P02-000698,C01-P02,C01-E0294,Feature,Baixa,2025-09-19 07:52:28,2025-10-27 07:52:28,Fechado
ISS-C01-P02-000699,C01-P02,C01-E0345,Chore,Baixa,2025-09-05 15:51:33,2025-10-15 15:51:33,Fechado
ISS-C01-P02-000700,C01-P02,C01-E0209,Feature,Alta,2025-09-05 08:01:09,,Em Andamento
ISS-C01-P02-000701,C01-P02,C01-E0336,Bug,Alta,2025-09-14 18:56:53,2025-09-16 18:56:53,Fechado
ISS-C01-P02-000702,C01-P02,C01-E0043,Debito Tecnico,Alta,2025-09-28 17:53:10,,Em Andamento
ISS-C01-P02-000703,C01-P02,C01-E0336,Bug,Alta,2025-09-13 20:21:57,,Em Andamento
ISS-C01-P02-000704,C01-P02,C01-E0154,Bug,Media,2025-09-02 21:04:20,2025-09-26 21:04:20,Fechado
ISS-C01-P02-000705,C01-P02,C01-E0287,Feature,Critica,2025-09-11 11:14:38,2025-10-23 11:14:38,Fechado
ISS-C01-P02-000706,C01-P02,C01-E0161,Feature,Baixa,2025-09-07 17:07:15,2025-10-11 17:07:15,Fechado
ISS-C01-P02-000707,C01-P02,C01-E0264,Feature,Media,2025-09-15 11:04:33,,Em Andamento
ISS-C01-P02-000708,C01-P02,C01-E0118,Bug,Media,2025-09-26 07:21:09,,Aberto
ISS-C01-P02-000709,C01-P02,C01-E0103,Chore,Media,2025-09-24 20:39:25,,Aberto
ISS-C01-P02-000710,C01-P02,C01-E0109,Bug,Media,2025-09-10 20:16:50,,Aberto
ISS-C01-P02-000711,C01-P02,C01-E0188,Chore,Media,2025-09-27 16:16:11,,Aberto
ISS-C01-P02-000712,C01-P02,C01-E0341,Bug,Media,2025-09-17 09:54:45,2025-10-05 09:54:45,Fechado
ISS-C01-P02-000713,C01-P02,C01-E0224,Feature,Baixa,2025-09-13 07:38:24,2025-10-08 07:38:24,Fechado
ISS-C01-P02-000714,C01-P02,C01-E0182,Debito Tecnico,Baixa,2025-09-06 10:46:53,2025-09-13 10:46:53,Fechado
ISS-C01-P02-000715,C01-P02,C01-E0049,Bug,Critica,2025-09-08 21:28:36,2025-10-05 21:28:36,Fechado
ISS-C01-P02-000716,C01-P02,C01-E0329,Debito Tecnico,Media,2025-09-30 20:27:17,2025-10-06 20:27:17,Fechado
ISS-C01-P02-000717,C01-P02,C01-E0172,Bug,Baixa,2025-09-25 10:41:04,2025-10-01 10:41:04,Fechado
ISS-C01-P02-000718,C01-P02,C01-E0143,Bug,Baixa,2025-09-12 21:40:32,,Aberto
ISS-C01-P02-000719,C01-P02,C01-E0169,Chore,Alta,2025-09-22 14:09:35,,Em Andamento
ISS-C01-P02-000720,C01-P02,C01-E0349,Debito Tecnico,Media,2025-09-25 11:48:40,2025-10-29 11:48:40,Fechado
ISS-C01-P02-000721,C01-P02,C01-E0294,Debito Tecnico,Media,2025-09-05 08:07:25,2025-09-22 08:07:25,Fechado
ISS-C01-P02-000722,C01-P02,C01-E0317,Feature,Alta,2025-09-27 17:59:05,,Aberto
ISS-C01-P02-000723,C01-P02,C01-E0287,Bug,Media,2025-09-30 16:02:07,2025-11-11 16:02:07,Fechado
ISS-C01-P02-000724,C01-P02,C01-E0247,Debito Tecnico,Media,2025-09-26 10:50:33,2025-10-28 10:50:33,Fechado
ISS-C01-P02-000725,C01-P02,C01-E0308,Bug,Media,2025-09-07 07:32:30,,Em Andamento
ISS-C01-P02-000726,C01-P02,C01-E0261,Bug,Alta,2025-09-24 14:25:43,2025-09-29 14:25:43,Fechado
ISS-C01-P02-000727,C01-P02,C01-E0148,Feature,Media,2025-09-06 10:08:59,2025-09-27 10:08:59,Fechado
ISS-C01-P02-000728,C01-P02,C01-E0061,Bug,Media,2025-09-18 08:55:38,2025-09-20 08:55:38,Fechado
ISS-C01-P02-000729,C01-P02,C01-E0202,Feature,Baixa,2025-09-06 21:45:07,2025-09-15 21:45:07,Fechado
ISS-C01-P02-000730,C01-P02,C01-E0357,Bug,Baixa,2025-09-07 11:53:35,2025-09-29 11:53:35,Fechado
ISS-C01-P02-000731,C01-P02,C01-E0344,Bug,Media,2025-09-04 17:14:34,2025-10-17 17:14:34,Fechado
ISS-C01-P02-000732,C01-P02,C01-E0252,Feature,Alta,2025-10-08 16:21:59,2025-10-14 16:21:59,Fechado
ISS-C01-P02-000733,C01-P02,C01-E0110,Bug,Baixa,2025-10-10 10:41:27,,Aberto
ISS-C01-P02-000734,C01-P02,C01-E0083,Bug,Media,2025-10-05 15:07:44,2025-11-07 15:07:44,Fechado
ISS-C01-P02-000735,C01-P02,C01-E0061,Feature,Baixa,2025-10-17 14:48:08,,Em Andamento
ISS-C01-P02-000736,C01-P02,C01-E0228,Bug,Baixa,2025-10-04 16:37:21,2025-11-09 16:37:21,Fechado
ISS-C01-P02-000737,C01-P02,C01-E0340,Bug,Media,2025-10-17 07:40:10,2025-10-20 07:40:10,Fechado
ISS-C01-P02-000738,C01-P02,C01-E0310,Chore,Media,2025-10-16 16:34:14,2025-11-05 16:34:14,Fechado
ISS-C01-P02-000739,C01-P02,C01-E0251,Bug,Alta,2025-10-13 16:11:24,,Em Andamento
ISS-C01-P02-000740,C01-P02,C01-E0234,Bug,Critica,2025-10-27 12:27:36,,Aberto
ISS-C01-P02-000741,C01-P02,C01-E0021,Debito Tecnico,Baixa,2025-10-05 20:03:28,2025-11-05 20:03:28,Fechado
ISS-C01-P02-000742,C01-P02,C01-E0016,Bug,Baixa,2025-10-24 10:54:16,2025-11-16 10:54:16,Fechado
ISS-C01-P02-000743,C01-P02,C01-E0118,Bug,Media,2025-10-22 13:15:04,,Aberto
ISS-C01-P02-000744,C01-P02,C01-E0072,Debito Tecnico,Alta,2025-10-22 15:10:06,,Aberto
ISS-C01-P02-000745,C01-P02,C01-E0290,Bug,Media,2025-10-19 10:11:13,2025-11-08 10:11:13,Fechado
ISS-C01-P02-000746,C01-P02,C01-E0310,Feature,Media,2025-10-21 21:03:32,,Aberto
ISS-C01-P02-000747,C01-P02,C01-E0283,Feature,Alta,2025-10-04 12:37:47,2025-11-16 12:37:47,Fechado
ISS-C01-P02-000748,C01-P02,C01-E0059,Bug,Media,2025-10-05 13:15:59,2025-10-23 13:15:59,Fechado
ISS-C01-P02-000749,C01-P02,C01-E0235,Bug,Media,2025-10-13 08:42:38,2025-10-20 08:42:38,Fechado
ISS-C01-P02-000750,C01-P02,C01-E0078,Feature,Media,2025-10-06 09:46:58,2025-10-28 09:46:58,Fechado
ISS-C01-P02-000751,C01-P02,C01-E0014,Debito Tecnico,Alta,2025-10-27 14:38:52,,Aberto
ISS-C01-P02-000752,C01-P02,C01-E0285,Debito Tecnico,Media,2025-10-27 10:01:36,2025-11-12 10:01:36,Fechado
ISS-C01-P02-000753,C01-P02,C01-E0033,Bug,Media,2025-10-01 19:49:30,,Em Andamento
ISS-C01-P02-000754,C01-P02,C01-E0307,Feature,Media,2025-10-30 08:24:48,2025-12-01 08:24:48,Fechado
ISS-C01-P02-000755,C01-P02,C01-E0139,Feature,Media,2025-10-28 09:29:56,,Aberto
ISS-C01-P02-000756,C01-P02,C01-E0047,Bug,Critica,2025-10-31 17:33:36,2025-11-18 17:33:36,Fechado
ISS-C01-P02-000757,C01-P02,C01-E0024,Bug,Media,2025-10-30 18:53:04,2025-11-28 18:53:04,Fechado
ISS-C01-P02-000758,C01-P02,C01-E0107,Bug,Media,2025-10-03 20:55:14,,Aberto
ISS-C01-P02-000759,C01-P02,C01-E0324,Bug,Baixa,2025-10-25 11:16:58,2025-10-29 11:16:58,Fechado
ISS-C01-P02-000760,C01-P02,C01-E0254,Debito Tecnico,Alta,2025-10-29 13:34:05,2025-12-11 13:34:05,Fechado
ISS-C01-P02-000761,C01-P02,C01-E0269,Bug,Baixa,2025-10-20 19:51:22,,Aberto
ISS-C01-P02-000762,C01-P02,C01-E0085,Bug,Baixa,2025-10-17 10:17:55,,Em Andamento
ISS-C01-P02-000763,C01-P02,C01-E0232,Feature,Media,2025-10-12 13:33:18,,Em Andamento
ISS-C01-P02-000764,C01-P02,C01-E0146,Debito Tecnico,Media,2025-10-07 11:08:35,2025-10-31 11:08:35,Fechado
ISS-C01-P02-000765,C01-P02,C01-E0287,Chore,Baixa,2025-10-09 20:19:14,2025-10-16 20:19:14,Fechado
ISS-C01-P02-000766,C01-P02,C01-E0235,Chore,Critica,2025-10-27 09:16:05,2025-11-10 09:16:05,Fechado
ISS-C01-P02-000767,C01-P02,C01-E0148,Debito Tecnico,Baixa,2025-10-08 21:37:51,2025-10-14 21:37:51,Fechado
ISS-C01-P02-000768,C01-P02,C01-E0041,Feature,Alta,2025-10-10 13:23:00,,Aberto
ISS-C01-P02-000769,C01-P02,C01-E0018,Feature,Critica,2025-10-14 11:58:10,2025-10-29 11:58:10,Fechado
ISS-C01-P02-000770,C01-P02,C01-E0260,Feature,Baixa,2025-10-27 14:20:56,,Em Andamento
ISS-C01-P02-000771,C01-P02,C01-E0069,Bug,Media,2025-10-09 13:35:39,2025-11-23 13:35:39,Fechado
ISS-C01-P02-000772,C01-P02,C01-E0169,Feature,Media,2025-10-21 15:17:26,2025-11-26 15:17:26,Fechado
ISS-C01-P02-000773,C01-P02,C01-E0300,Feature,Media,2025-11-18 14:14:18,2025-12-10 14:14:18,Fechado
ISS-C01-P02-000774,C01-P02,C01-E0182,Feature,Media,2025-11-28 19:30:04,2025-12-14 19:30:04,Fechado
ISS-C01-P02-000775,C01-P02,C01-E0149,Bug,Media,2025-11-08 08:42:43,2025-11-24 08:42:43,Fechado
ISS-C01-P02-000776,C01-P02,C01-E0129,Debito Tecnico,Baixa,2025-11-15 18:11:16,,Aberto
ISS-C01-P02-000777,C01-P02,C01-E0261,Bug,Baixa,2025-11-25 08:59:09,,Aberto
ISS-C01-P02-000778,C01-P02,C01-E0237,Feature,Baixa,2025-11-08 16:55:03,2025-12-14 16:55:03,Fechado
ISS-C01-P02-000779,C01-P02,C01-E0234,Debito Tecnico,Alta,2025-11-08 15:06:35,,Aberto
ISS-C01-P02-000780,C01-P02,C01-E0211,Feature,Media,2025-11-10 13:25:44,2025-12-10 13:25:44,Fechado
ISS-C01-P02-000781,C01-P02,C01-E0285,Debito Tecnico,Media,2025-11-07 18:20:26,,Aberto
ISS-C01-P02-000782,C01-P02,C01-E0312,Feature,Critica,2025-11-09 14:21:47,,Em Andamento
ISS-C01-P02-000783,C01-P02,C01-E0172,Debito Tecnico,Critica,2025-11-18 12:49:57,,Aberto
ISS-C01-P02-000784,C01-P02,C01-E0146,Bug,Baixa,2025-11-09 10:17:06,,Aberto
ISS-C01-P02-000785,C01-P02,C01-E0259,Bug,Media,2025-11-13 18:26:57,,Em Andamento
ISS-C01-P02-000786,C01-P02,C01-E0023,Chore,Media,2025-11-07 10:31:54,2025-12-03 10:31:54,Fechado
ISS-C01-P02-000787,C01-P02,C01-E0112,Feature,Media,2025-11-06 08:05:03,2025-12-12 08:05:03,Fechado
ISS-C01-P02-000788,C01-P02,C01-E0263,Debito Tecnico,Media,2025-11-13 18:04:38,2025-12-01 18:04:38,Fechado
ISS-C01-P02-000789,C01-P02,C01-E0301,Debito Tecnico,Baixa,2025-11-18 14:53:31,2025-12-10 14:53:31,Fechado
ISS-C01-P02-000790,C01-P02,C01-E0264,Debito Tecnico,Critica,2025-11-16 17:15:27,2025-11-18 17:15:27,Fechado
ISS-C01-P02-000791,C01-P02,C01-E0334,Debito Tecnico,Media,2025-11-06 08:48:10,,Em Andamento
ISS-C01-P02-000792,C01-P02,C01-E0005,Bug,Baixa,2025-11-24 10:01:50,2025-12-01 10:01:50,Fechado
ISS-C01-P02-000793,C01-P02,C01-E0131,Feature,Critica,2025-11-14 09:28:42,,Aberto
ISS-C01-P02-000794,C01-P02,C01-E0343,Bug,Media,2025-11-14 20:31:05,2025-12-02 20:31:05,Fechado
ISS-C01-P02-000795,C01-P02,C01-E0275,Bug,Media,2025-11-11 08:55:00,2025-12-23 08:55:00,Fechado
ISS-C01-P02-000796,C01-P02,C01-E0060,Bug,Critica,2025-11-11 20:48:27,,Aberto
ISS-C01-P02-000797,C01-P02,C01-E0126,Feature,Alta,2025-11-03 21:10:40,,Em Andamento
ISS-C01-P02-000798,C01-P02,C01-E0282,Feature,Baixa,2025-11-28 18:06:25,2025-12-09 18:06:25,Fechado
ISS-C01-P02-000799,C01-P02,C01-E0149,Bug,Baixa,2025-11-23 07:02:02,2025-12-01 07:02:02,Fechado
ISS-C01-P02-000800,C01-P02,C01-E0228,Bug,Baixa,2025-11-30 18:45:12,,Em Andamento
ISS-C01-P02-000801,C01-P02,C01-E0086,Bug,Alta,2025-11-08 08:57:07,2025-11-12 08:57:07,Fechado
ISS-C01-P02-000802,C01-P02,C01-E0001,Debito Tecnico,Baixa,2025-11-08 12:33:39,2025-11-23 12:33:39,Fechado
ISS-C01-P02-000803,C01-P02,C01-E0049,Feature,Media,2025-11-15 11:13:07,2025-11-26 11:13:07,Fechado
ISS-C01-P02-000804,C01-P02,C01-E0165,Feature,Critica,2025-11-21 17:09:37,2025-11-29 17:09:37,Fechado
ISS-C01-P02-000805,C01-P02,C01-E0264,Feature,Alta,2025-11-22 16:24:01,,Aberto
ISS-C01-P02-000806,C01-P02,C01-E0152,Bug,Baixa,2025-11-06 12:00:13,2025-11-18 12:00:13,Fechado
ISS-C01-P02-000807,C01-P02,C01-E0120,Bug,Media,2025-11-01 10:06:40,2025-11-03 10:06:40,Fechado
ISS-C01-P02-000808,C01-P02,C01-E0209,Feature,Media,2025-11-01 20:50:39,,Em Andamento
ISS-C01-P02-000809,C01-P02,C01-E0006,Bug,Media,2025-11-04 14:03:17,,Em Andamento
ISS-C01-P02-000810,C01-P02,C01-E0360,Chore,Alta,2025-11-16 16:10:18,2025-11-21 16:10:18,Fechado
ISS-C01-P02-000811,C01-P02,C01-E0014,Chore,Critica,2025-11-18 16:06:51,,Em Andamento
ISS-C01-P02-000812,C01-P02,C01-E0107,Chore,Media,2025-11-28 10:29:44,,Aberto
ISS-C01-P02-000813,C01-P02,C01-E0159,Bug,Alta,2025-11-06 18:51:44,,Em Andamento
ISS-C01-P02-000814,C01-P02,C01-E0045,Debito Tecnico,Baixa,2025-11-10 09:51:55,2025-11-27 09:51:55,Fechado
ISS-C01-P02-000815,C01-P02,C01-E0016,Bug,Media,2025-11-04 10:31:29,2025-11-22 10:31:29,Fechado
ISS-C01-P02-000816,C01-P02,C01-E0196,Bug,Critica,2025-11-18 21:30:44,,Aberto
ISS-C01-P02-000817,C01-P02,C01-E0144,Bug,Baixa,2025-11-15 19:45:35,2025-11-22 19:45:35,Fechado
ISS-C01-P02-000818,C01-P02,C01-E0172,Feature,Media,2025-11-24 08:37:05,,Aberto
ISS-C01-P02-000819,C01-P02,C01-E0109,Feature,Alta,2025-12-04 08:45:12,,Aberto
ISS-C01-P02-000820,C01-P02,C01-E0042,Bug,Alta,2025-12-30 08:33:44,2026-01-16 08:33:44,Fechado
ISS-C01-P02-000821,C01-P02,C01-E0011,Bug,Baixa,2025-12-14 07:20:23,2025-12-20 07:20:23,Fechado
ISS-C01-P02-000822,C01-P02,C01-E0282,Chore,Critica,2025-12-14 14:42:36,2025-12-23 14:42:36,Fechado
ISS-C01-P02-000823,C01-P02,C01-E0333,Bug,Media,2025-12-20 11:13:35,2026-01-14 11:13:35,Fechado
ISS-C01-P02-000824,C01-P02,C01-E0055,Bug,Media,2025-12-03 07:17:29,2025-12-20 07:17:29,Fechado
ISS-C01-P02-000825,C01-P02,C01-E0091,Bug,Media,2025-12-16 16:41:39,,Em Andamento
ISS-C01-P02-000826,C01-P02,C01-E0216,Bug,Alta,2025-12-30 16:43:16,,Em Andamento
ISS-C01-P02-000827,C01-P02,C01-E0067,Bug,Alta,2025-12-07 15:45:26,2025-12-23 15:45:26,Fechado
ISS-C01-P02-000828,C01-P02,C01-E0006,Bug,Baixa,2025-12-07 11:13:59,2026-01-01 11:13:59,Fechado
ISS-C01-P02-000829,C01-P02,C01-E0083,Feature,Critica,2025-12-21 20:37:59,2026-01-22 20:37:59,Fechado
ISS-C01-P02-000830,C01-P02,C01-E0057,Debito Tecnico,Alta,2025-12-29 19:41:50,2026-01-21 19:41:50,Fechado
ISS-C01-P02-000831,C01-P02,C01-E0031,Bug,Media,2025-12-15 17:59:04,2025-12-27 17:59:04,Fechado
ISS-C01-P02-000832,C01-P02,C01-E0067,Bug,Critica,2025-12-02 14:02:14,2025-12-09 14:02:14,Fechado
ISS-C01-P02-000833,C01-P02,C01-E0085,Feature,Media,2025-12-14 19:44:05,,Aberto
ISS-C01-P02-000834,C01-P02,C01-E0300,Feature,Alta,2025-12-17 10:13:03,2025-12-24 10:13:03,Fechado
ISS-C01-P02-000835,C01-P02,C01-E0317,Bug,Baixa,2025-12-13 07:13:45,,Em Andamento
ISS-C01-P02-000836,C01-P02,C01-E0067,Chore,Media,2025-12-23 14:48:15,,Aberto
ISS-C01-P02-000837,C01-P02,C01-E0133,Bug,Baixa,2025-12-27 18:24:26,,Aberto
ISS-C01-P02-000838,C01-P02,C01-E0203,Bug,Media,2025-12-02 18:49:34,2025-12-24 18:49:34,Fechado
ISS-C01-P02-000839,C01-P02,C01-E0173,Bug,Alta,2025-12-08 17:35:34,2026-01-21 17:35:34,Fechado
ISS-C01-P02-000840,C01-P02,C01-E0050,Feature,Baixa,2025-12-02 10:56:55,,Em Andamento
ISS-C01-P02-000841,C01-P02,C01-E0252,Bug,Baixa,2025-12-12 21:49:23,2025-12-16 21:49:23,Fechado
ISS-C01-P02-000842,C01-P02,C01-E0296,Bug,Alta,2025-12-26 10:01:56,2026-01-28 10:01:56,Fechado
ISS-C01-P02-000843,C01-P02,C01-E0245,Bug,Baixa,2025-12-15 07:04:07,2025-12-28 07:04:07,Fechado
ISS-C01-P02-000844,C01-P02,C01-E0083,Debito Tecnico,Alta,2025-12-17 18:07:50,2025-12-31 18:07:50,Fechado
ISS-C01-P02-000845,C01-P02,C01-E0285,Feature,Alta,2025-12-11 09:55:56,,Em Andamento
ISS-C01-P02-000846,C01-P02,C01-E0153,Feature,Baixa,2025-12-07 10:47:06,,Em Andamento
ISS-C01-P02-000847,C01-P02,C01-E0339,Chore,Critica,2025-12-05 15:45:08,2025-12-13 15:45:08,Fechado
ISS-C01-P02-000848,C01-P02,C01-E0150,Chore,Media,2025-12-25 11:46:34,,Em Andamento
ISS-C01-P02-000849,C01-P02,C01-E0133,Bug,Media,2025-12-01 10:22:56,2025-12-11 10:22:56,Fechado
ISS-C01-P02-000850,C01-P02,C01-E0161,Feature,Baixa,2026-01-30 08:50:19,2026-03-04 08:50:19,Fechado
ISS-C01-P02-000851,C01-P02,C01-E0307,Bug,Baixa,2026-01-14 08:59:48,,Em Andamento
ISS-C01-P02-000852,C01-P02,C01-E0126,Bug,Alta,2026-01-22 19:48:21,,Em Andamento
ISS-C01-P02-000853,C01-P02,C01-E0182,Bug,Critica,2026-01-11 14:13:00,2026-01-21 14:13:00,Fechado
ISS-C01-P02-000854,C01-P02,C01-E0289,Bug,Critica,2026-01-28 07:32:47,,Aberto
ISS-C01-P02-000855,C01-P02,C01-E0005,Bug,Baixa,2026-01-21 16:34:13,,Em Andamento
ISS-C01-P02-000856,C01-P02,C01-E0123,Feature,Baixa,2026-01-24 10:49:52,2026-02-17 10:49:52,Fechado
ISS-C01-P02-000857,C01-P02,C01-E0038,Feature,Alta,2026-01-10 07:15:30,,Em Andamento
ISS-C01-P02-000858,C01-P02,C01-E0300,Feature,Baixa,2026-01-19 21:57:51,2026-02-20 21:57:51,Fechado
ISS-C01-P02-000859,C01-P02,C01-E0016,Bug,Baixa,2026-01-10 16:07:14,2026-02-20 16:07:14,Fechado
ISS-C01-P02-000860,C01-P02,C01-E0349,Chore,Media,2026-01-15 15:22:50,,Em Andamento
ISS-C01-P02-000861,C01-P02,C01-E0255,Feature,Media,2026-01-27 18:21:26,,Aberto
ISS-C01-P02-000862,C01-P02,C01-E0159,Feature,Media,2026-01-12 09:13:51,2026-02-14 09:13:51,Fechado
ISS-C01-P02-000863,C01-P02,C01-E0064,Bug,Media,2026-01-25 08:22:11,,Aberto
ISS-C01-P02-000864,C01-P02,C01-E0164,Bug,Baixa,2026-01-19 10:33:26,2026-03-05 10:33:26,Fechado
ISS-C01-P02-000865,C01-P02,C01-E0067,Feature,Alta,2026-01-13 16:11:06,2026-02-16 16:11:06,Fechado
ISS-C01-P02-000866,C01-P02,C01-E0185,Bug,Alta,2026-01-03 19:02:20,,Aberto
ISS-C01-P02-000867,C01-P02,C01-E0120,Feature,Baixa,2026-01-30 15:53:15,2026-02-01 15:53:15,Fechado
ISS-C01-P02-000868,C01-P02,C01-E0319,Feature,Critica,2026-01-29 20:39:59,2026-02-09 20:39:59,Fechado
ISS-C01-P02-000869,C01-P02,C01-E0334,Bug,Media,2026-01-14 14:38:16,2026-01-17 14:38:16,Fechado
ISS-C01-P02-000870,C01-P02,C01-E0329,Debito Tecnico,Baixa,2026-01-17 20:41:45,2026-02-15 20:41:45,Fechado
ISS-C01-P02-000871,C01-P02,C01-E0016,Debito Tecnico,Alta,2026-01-13 17:01:13,,Aberto
ISS-C01-P02-000872,C01-P02,C01-E0131,Feature,Media,2026-01-29 09:57:46,,Aberto
ISS-C01-P02-000873,C01-P02,C01-E0340,Debito Tecnico,Baixa,2026-01-22 14:05:23,,Em Andamento
ISS-C01-P02-000874,C01-P02,C01-E0001,Chore,Media,2026-01-20 17:45:06,,Em Andamento
ISS-C01-P02-000875,C01-P02,C01-E0106,Bug,Media,2026-01-25 10:13:01,2026-02-02 10:13:01,Fechado
ISS-C01-P02-000876,C01-P02,C01-E0061,Chore,Alta,2026-01-24 08:36:37,2026-02-26 08:36:37,Fechado
ISS-C01-P02-000877,C01-P02,C01-E0109,Debito Tecnico,Media,2026-01-13 07:34:53,2026-02-14 07:34:53,Fechado
ISS-C01-P02-000878,C01-P02,C01-E0106,Bug,Media,2026-01-31 10:06:32,,Em Andamento
ISS-C01-P02-000879,C01-P02,C01-E0023,Chore,Media,2026-01-23 11:19:11,2026-01-28 11:19:11,Fechado
ISS-C01-P02-000880,C01-P02,C01-E0361,Chore,Alta,2026-01-25 20:19:38,2026-02-25 20:19:38,Fechado
ISS-C01-P02-000881,C01-P02,C01-E0130,Feature,Media,2026-01-26 11:00:17,2026-01-28 11:00:17,Fechado
ISS-C01-P02-000882,C01-P02,C01-E0137,Bug,Alta,2026-01-11 15:33:29,,Em Andamento
ISS-C01-P02-000883,C01-P02,C01-E0340,Debito Tecnico,Media,2026-01-02 21:15:13,,Em Andamento
ISS-C01-P02-000884,C01-P02,C01-E0146,Chore,Media,2026-01-07 10:38:40,,Em Andamento
ISS-C01-P02-000885,C01-P02,C01-E0097,Feature,Media,2026-01-07 17:20:38,,Aberto
ISS-C01-P02-000886,C01-P02,C01-E0211,Debito Tecnico,Baixa,2026-01-14 21:26:13,,Em Andamento
ISS-C01-P02-000887,C01-P02,C01-E0059,Feature,Media,2026-01-25 19:50:02,2026-02-01 19:50:02,Fechado
ISS-C01-P02-000888,C01-P02,C01-E0029,Debito Tecnico,Baixa,2026-02-26 14:46:04,,Aberto
ISS-C01-P02-000889,C01-P02,C01-E0005,Bug,Media,2026-02-28 07:30:56,,Aberto
ISS-C01-P02-000890,C01-P02,C01-E0022,Feature,Baixa,2026-02-18 21:05:15,2026-03-16 21:05:15,Fechado
ISS-C01-P02-000891,C01-P02,C01-E0224,Feature,Media,2026-02-04 16:49:42,2026-03-03 16:49:42,Fechado
ISS-C01-P02-000892,C01-P02,C01-E0196,Bug,Critica,2026-02-08 13:45:59,,Em Andamento
ISS-C01-P02-000893,C01-P02,C01-E0112,Debito Tecnico,Media,2026-02-03 12:34:16,2026-02-28 12:34:16,Fechado
ISS-C01-P02-000894,C01-P02,C01-E0061,Bug,Media,2026-02-15 12:15:00,,Em Andamento
ISS-C01-P02-000895,C01-P02,C01-E0190,Bug,Media,2026-02-28 08:22:09,2026-03-29 08:22:09,Fechado
ISS-C01-P02-000896,C01-P02,C01-E0079,Feature,Media,2026-02-06 18:37:23,2026-03-07 18:37:23,Fechado
ISS-C01-P02-000897,C01-P02,C01-E0058,Debito Tecnico,Media,2026-02-21 14:09:57,,Em Andamento
ISS-C01-P02-000898,C01-P02,C01-E0027,Feature,Baixa,2026-02-03 11:40:05,,Em Andamento
ISS-C01-P02-000899,C01-P02,C01-E0080,Bug,Critica,2026-02-16 13:54:59,,Em Andamento
ISS-C01-P02-000900,C01-P02,C01-E0317,Debito Tecnico,Baixa,2026-02-07 11:22:51,,Aberto
ISS-C01-P02-000901,C01-P02,C01-E0059,Chore,Baixa,2026-02-26 17:52:45,2026-03-21 17:52:45,Fechado
ISS-C01-P02-000902,C01-P02,C01-E0207,Bug,Media,2026-02-04 18:01:37,2026-02-12 18:01:37,Fechado
ISS-C01-P02-000903,C01-P02,C01-E0335,Feature,Baixa,2026-02-22 17:12:18,,Em Andamento
ISS-C01-P02-000904,C01-P02,C01-E0247,Feature,Media,2026-02-23 07:24:34,,Aberto
ISS-C01-P02-000905,C01-P02,C01-E0073,Debito Tecnico,Media,2026-02-14 20:42:44,,Aberto
ISS-C01-P02-000906,C01-P02,C01-E0150,Feature,Baixa,2026-02-14 10:18:55,2026-02-21 10:18:55,Fechado
ISS-C01-P02-000907,C01-P02,C01-E0340,Debito Tecnico,Media,2026-02-25 20:21:57,2026-03-14 20:21:57,Fechado
ISS-C01-P02-000908,C01-P02,C01-E0021,Bug,Media,2026-02-15 16:52:57,2026-03-19 16:52:57,Fechado
ISS-C01-P02-000909,C01-P02,C01-E0133,Debito Tecnico,Media,2026-02-22 07:52:17,2026-02-24 07:52:17,Fechado
ISS-C01-P02-000910,C01-P02,C01-E0152,Chore,Media,2026-02-12 19:43:31,,Aberto
ISS-C01-P02-000911,C01-P02,C01-E0329,Bug,Alta,2026-02-19 15:36:16,2026-03-31 15:36:16,Fechado
ISS-C01-P02-000912,C01-P02,C01-E0245,Bug,Alta,2026-02-04 19:18:58,2026-03-14 19:18:58,Fechado
ISS-C01-P02-000913,C01-P02,C01-E0211,Chore,Alta,2026-02-01 14:37:52,2026-02-10 14:37:52,Fechado
ISS-C01-P02-000914,C01-P02,C01-E0015,Feature,Media,2026-02-06 20:54:16,2026-02-28 20:54:16,Fechado
ISS-C01-P02-000915,C01-P02,C01-E0019,Feature,Media,2026-02-13 17:11:06,,Em Andamento
ISS-C01-P02-000916,C01-P02,C01-E0016,Bug,Baixa,2026-02-20 17:23:48,2026-02-22 17:23:48,Fechado
ISS-C01-P02-000917,C01-P02,C01-E0331,Bug,Baixa,2026-02-08 08:16:15,,Em Andamento
ISS-C01-P02-000918,C01-P02,C01-E0154,Bug,Media,2026-02-23 08:41:56,2026-03-31 08:41:56,Fechado
ISS-C01-P02-000919,C01-P02,C01-E0189,Bug,Media,2026-02-21 13:55:37,2026-03-02 13:55:37,Fechado
ISS-C01-P02-000920,C01-P02,C01-E0009,Bug,Baixa,2026-02-19 18:45:31,,Aberto
ISS-C01-P02-000921,C01-P02,C01-E0308,Bug,Media,2026-02-25 08:00:24,2026-03-20 08:00:24,Fechado
ISS-C01-P02-000922,C01-P02,C01-E0170,Bug,Alta,2026-02-19 07:20:19,,Em Andamento
ISS-C01-P02-000923,C01-P02,C01-E0195,Feature,Baixa,2026-02-24 17:44:42,2026-03-23 17:44:42,Fechado
ISS-C01-P02-000924,C01-P02,C01-E0283,Bug,Media,2026-02-18 08:58:55,2026-03-27 08:58:55,Fechado
ISS-C01-P02-000925,C01-P02,C01-E0344,Feature,Baixa,2026-02-18 17:03:24,2026-03-24 17:03:24,Fechado
ISS-C01-P02-000926,C01-P02,C01-E0358,Feature,Critica,2026-02-16 07:29:40,2026-03-10 07:29:40,Fechado
ISS-C01-P02-000927,C01-P02,C01-E0047,Debito Tecnico,Critica,2026-02-15 10:13:41,2026-03-12 10:13:41,Fechado
ISS-C01-P02-000928,C01-P02,C01-E0222,Bug,Media,2026-02-28 12:57:32,2026-04-13 12:57:32,Fechado
ISS-C01-P02-000929,C01-P02,C01-E0270,Feature,Baixa,2026-02-28 20:01:54,2026-03-13 20:01:54,Fechado
ISS-C01-P02-000930,C01-P02,C01-E0147,Feature,Baixa,2026-02-22 09:49:05,2026-02-25 09:49:05,Fechado
ISS-C01-P02-000931,C01-P02,C01-E0288,Debito Tecnico,Alta,2026-02-03 11:51:12,,Em Andamento
ISS-C01-P02-000932,C01-P02,C01-E0196,Debito Tecnico,Alta,2026-03-14 21:26:49,,Em Andamento
ISS-C01-P02-000933,C01-P02,C01-E0037,Bug,Media,2026-03-04 10:54:31,,Em Andamento
ISS-C01-P02-000934,C01-P02,C01-E0154,Bug,Baixa,2026-03-07 18:59:15,,Aberto
ISS-C01-P02-000935,C01-P02,C01-E0016,Feature,Baixa,2026-03-30 18:32:29,2026-05-13 18:32:29,Fechado
ISS-C01-P02-000936,C01-P02,C01-E0288,Chore,Media,2026-03-28 21:52:13,2026-03-30 21:52:13,Fechado
ISS-C01-P02-000937,C01-P02,C01-E0080,Feature,Alta,2026-03-30 07:47:04,2026-04-24 07:47:04,Fechado
ISS-C01-P02-000938,C01-P02,C01-E0269,Feature,Media,2026-03-06 11:15:54,2026-03-23 11:15:54,Fechado
ISS-C01-P02-000939,C01-P02,C01-E0086,Feature,Critica,2026-03-27 08:14:12,2026-04-15 08:14:12,Fechado
ISS-C01-P02-000940,C01-P02,C01-E0360,Bug,Media,2026-03-03 11:11:31,2026-03-11 11:11:31,Fechado
ISS-C01-P02-000941,C01-P02,C01-E0222,Bug,Alta,2026-03-01 11:42:06,2026-04-12 11:42:06,Fechado
ISS-C01-P02-000942,C01-P02,C01-E0263,Bug,Media,2026-03-17 15:30:47,,Em Andamento
ISS-C01-P02-000943,C01-P02,C01-E0349,Feature,Media,2026-03-21 16:50:35,,Aberto
ISS-C01-P02-000944,C01-P02,C01-E0182,Feature,Baixa,2026-03-08 07:57:19,2026-03-24 07:57:19,Fechado
ISS-C01-P02-000945,C01-P02,C01-E0303,Feature,Media,2026-03-25 20:05:18,,Aberto
ISS-C01-P02-000946,C01-P02,C01-E0341,Feature,Alta,2026-03-18 17:51:59,2026-03-30 17:51:59,Fechado
ISS-C01-P02-000947,C01-P02,C01-E0037,Debito Tecnico,Alta,2026-03-18 16:02:08,,Em Andamento
ISS-C01-P02-000948,C01-P02,C01-E0334,Feature,Media,2026-03-17 08:49:31,,Em Andamento
ISS-C01-P02-000949,C01-P02,C01-E0037,Bug,Media,2026-03-08 21:54:19,2026-04-16 21:54:19,Fechado
ISS-C01-P02-000950,C01-P02,C01-E0357,Feature,Alta,2026-03-24 19:53:00,2026-05-05 19:53:00,Fechado
ISS-C01-P02-000951,C01-P02,C01-E0176,Feature,Media,2026-03-30 15:29:42,2026-04-21 15:29:42,Fechado
ISS-C01-P02-000952,C01-P02,C01-E0084,Bug,Media,2026-03-11 08:29:24,2026-04-25 08:29:24,Fechado
ISS-C01-P02-000953,C01-P02,C01-E0344,Bug,Media,2026-03-20 21:50:09,,Aberto
ISS-C01-P02-000954,C01-P02,C01-E0059,Feature,Baixa,2026-03-12 07:14:35,,Aberto
ISS-C01-P02-000955,C01-P02,C01-E0234,Bug,Media,2026-03-03 08:16:26,2026-03-15 08:16:26,Fechado
ISS-C01-P02-000956,C01-P02,C01-E0090,Bug,Alta,2026-03-19 16:38:27,2026-04-09 16:38:27,Fechado
ISS-C01-P02-000957,C01-P02,C01-E0057,Bug,Alta,2026-03-31 07:43:11,2026-05-11 07:43:11,Fechado
ISS-C01-P02-000958,C01-P02,C01-E0091,Feature,Baixa,2026-03-05 11:09:09,2026-03-20 11:09:09,Fechado
ISS-C01-P02-000959,C01-P02,C01-E0103,Bug,Alta,2026-03-05 18:19:19,,Em Andamento
ISS-C01-P02-000960,C01-P02,C01-E0342,Feature,Media,2026-03-31 10:35:15,,Em Andamento
ISS-C01-P02-000961,C01-P02,C01-E0062,Bug,Media,2026-03-09 19:14:54,2026-03-31 19:14:54,Fechado
ISS-C01-P02-000962,C01-P02,C01-E0196,Feature,Media,2026-03-15 14:07:54,,Em Andamento
ISS-C01-P02-000963,C01-P02,C01-E0110,Chore,Media,2026-03-28 15:05:19,2026-05-02 15:05:19,Fechado
ISS-C01-P02-000964,C01-P02,C01-E0149,Feature,Media,2026-03-04 21:48:01,,Aberto
ISS-C01-P02-000965,C01-P02,C01-E0098,Feature,Baixa,2026-03-01 07:40:42,2026-03-09 07:40:42,Fechado
ISS-C01-P02-000966,C01-P02,C01-E0264,Chore,Critica,2026-03-16 18:38:33,2026-04-17 18:38:33,Fechado
ISS-C01-P02-000967,C01-P02,C01-E0211,Bug,Baixa,2026-03-28 15:29:37,2026-05-03 15:29:37,Fechado
ISS-C01-P02-000968,C01-P02,C01-E0284,Chore,Alta,2026-03-15 07:48:59,,Aberto
ISS-C01-P02-000969,C01-P02,C01-E0233,Bug,Baixa,2026-04-27 18:42:17,,Em Andamento
ISS-C01-P02-000970,C01-P02,C01-E0217,Debito Tecnico,Alta,2026-04-18 13:44:30,,Em Andamento
ISS-C01-P02-000971,C01-P02,C01-E0106,Debito Tecnico,Baixa,2026-04-27 10:26:58,,Aberto
ISS-C01-P02-000972,C01-P02,C01-E0101,Debito Tecnico,Alta,2026-04-02 21:36:09,,Em Andamento
ISS-C01-P02-000973,C01-P02,C01-E0049,Bug,Alta,2026-04-20 07:49:01,2026-05-06 07:49:01,Fechado
ISS-C01-P02-000974,C01-P02,C01-E0209,Debito Tecnico,Media,2026-04-30 11:28:01,2026-05-09 11:28:01,Fechado
ISS-C01-P02-000975,C01-P02,C01-E0143,Debito Tecnico,Baixa,2026-04-13 12:58:03,,Em Andamento
ISS-C01-P02-000976,C01-P02,C01-E0226,Bug,Baixa,2026-04-29 11:39:30,,Em Andamento
ISS-C01-P02-000977,C01-P02,C01-E0145,Feature,Critica,2026-04-23 18:42:03,2026-05-18 18:42:03,Fechado
ISS-C01-P02-000978,C01-P02,C01-E0300,Bug,Media,2026-04-13 21:37:05,,Em Andamento
ISS-C01-P02-000979,C01-P02,C01-E0024,Chore,Media,2026-04-19 15:26:39,,Aberto
ISS-C01-P02-000980,C01-P02,C01-E0349,Bug,Media,2026-04-12 08:51:24,,Aberto
ISS-C01-P02-000981,C01-P02,C01-E0217,Debito Tecnico,Media,2026-04-22 14:10:16,,Aberto
ISS-C01-P02-000982,C01-P02,C01-E0078,Feature,Baixa,2026-04-30 19:45:30,,Em Andamento
ISS-C01-P02-000983,C01-P02,C01-E0361,Feature,Baixa,2026-04-02 12:55:45,2026-04-27 12:55:45,Fechado
ISS-C01-P02-000984,C01-P02,C01-E0079,Bug,Baixa,2026-04-26 13:55:34,2026-05-21 13:55:34,Fechado
ISS-C01-P02-000985,C01-P02,C01-E0312,Bug,Media,2026-04-30 19:27:15,2026-06-14 19:27:15,Fechado
ISS-C01-P02-000986,C01-P02,C01-E0196,Feature,Baixa,2026-04-10 21:10:08,2026-04-30 21:10:08,Fechado
ISS-C01-P02-000987,C01-P02,C01-E0040,Feature,Critica,2026-04-09 14:15:51,,Aberto
ISS-C01-P02-000988,C01-P02,C01-E0058,Bug,Alta,2026-04-06 14:08:07,,Aberto
ISS-C01-P02-000989,C01-P02,C01-E0237,Bug,Baixa,2026-04-09 07:00:15,2026-05-21 07:00:15,Fechado
ISS-C01-P02-000990,C01-P02,C01-E0260,Bug,Critica,2026-04-11 07:21:06,,Em Andamento
ISS-C01-P02-000991,C01-P02,C01-E0255,Bug,Baixa,2026-04-26 20:13:47,2026-06-10 20:13:47,Fechado
ISS-C01-P02-000992,C01-P02,C01-E0287,Feature,Baixa,2026-04-05 10:06:37,2026-05-18 10:06:37,Fechado
ISS-C01-P02-000993,C01-P02,C01-E0294,Debito Tecnico,Media,2026-04-12 10:36:06,2026-04-18 10:36:06,Fechado
ISS-C01-P02-000994,C01-P02,C01-E0037,Bug,Baixa,2026-04-28 09:11:22,,Aberto
ISS-C01-P02-000995,C01-P02,C01-E0073,Chore,Baixa,2026-04-06 19:04:57,2026-05-05 19:04:57,Fechado
ISS-C01-P02-000996,C01-P02,C01-E0153,Bug,Alta,2026-04-07 16:28:24,,Aberto
ISS-C01-P02-000997,C01-P02,C01-E0156,Chore,Baixa,2026-04-04 09:23:11,2026-04-20 09:23:11,Fechado
ISS-C01-P02-000998,C01-P02,C01-E0354,Feature,Media,2026-04-17 07:11:14,,Aberto
ISS-C01-P02-000999,C01-P02,C01-E0263,Feature,Baixa,2026-04-15 10:40:35,2026-04-20 10:40:35,Fechado
ISS-C01-P02-001000,C01-P02,C01-E0331,Feature,Media,2026-04-18 21:27:49,2026-05-24 21:27:49,Fechado
ISS-C01-P02-001001,C01-P02,C01-E0153,Bug,Baixa,2026-04-24 11:53:33,2026-05-21 11:53:33,Fechado
ISS-C01-P02-001002,C01-P02,C01-E0060,Feature,Alta,2026-04-26 18:33:38,,Aberto
ISS-C01-P02-001003,C01-P02,C01-E0329,Bug,Media,2026-04-03 09:06:25,,Aberto
ISS-C01-P02-001004,C01-P02,C01-E0361,Feature,Alta,2026-04-04 07:19:57,,Em Andamento
ISS-C01-P02-001005,C01-P02,C01-E0019,Bug,Baixa,2026-04-21 18:21:08,2026-04-29 18:21:08,Fechado
ISS-C01-P02-001006,C01-P02,C01-E0330,Bug,Media,2026-04-06 14:16:51,,Em Andamento
ISS-C01-P02-001007,C01-P02,C01-E0146,Bug,Critica,2026-04-22 12:59:20,,Em Andamento
ISS-C01-P02-001008,C01-P02,C01-E0344,Chore,Baixa,2026-04-16 14:22:18,2026-04-23 14:22:18,Fechado
ISS-C01-P02-001009,C01-P02,C01-E0310,Bug,Media,2026-04-18 13:13:44,2026-05-21 13:13:44,Fechado
ISS-C01-P02-001010,C01-P02,C01-E0112,Feature,Alta,2026-05-22 21:32:32,,Aberto
ISS-C01-P02-001011,C01-P02,C01-E0024,Chore,Baixa,2026-05-07 15:28:17,2026-05-23 15:28:17,Fechado
ISS-C01-P02-001012,C01-P02,C01-E0103,Debito Tecnico,Media,2026-05-23 13:54:52,,Aberto
ISS-C01-P02-001013,C01-P02,C01-E0005,Bug,Baixa,2026-05-21 21:40:19,2026-06-22 21:40:19,Fechado
ISS-C01-P02-001014,C01-P02,C01-E0358,Feature,Baixa,2026-05-09 14:21:57,,Em Andamento
ISS-C01-P02-001015,C01-P02,C01-E0363,Feature,Media,2026-05-18 20:08:41,2026-06-18 20:08:41,Fechado
ISS-C01-P02-001016,C01-P02,C01-E0255,Feature,Baixa,2026-05-14 19:49:57,2026-06-18 19:49:57,Fechado
ISS-C01-P02-001017,C01-P02,C01-E0210,Chore,Media,2026-05-10 09:06:02,,Em Andamento
ISS-C01-P02-001018,C01-P02,C01-E0058,Feature,Critica,2026-05-19 17:25:38,2026-05-29 17:25:38,Fechado
ISS-C01-P02-001019,C01-P02,C01-E0209,Bug,Baixa,2026-05-14 16:15:19,2026-05-15 16:15:19,Fechado
ISS-C01-P02-001020,C01-P02,C01-E0098,Chore,Alta,2026-05-31 16:44:56,,Aberto
ISS-C01-P02-001021,C01-P02,C01-E0057,Debito Tecnico,Alta,2026-05-07 13:51:57,2026-05-19 13:51:57,Fechado
ISS-C01-P02-001022,C01-P02,C01-E0134,Bug,Media,2026-05-08 11:36:32,,Em Andamento
ISS-C01-P02-001023,C01-P02,C01-E0067,Feature,Baixa,2026-05-19 14:57:01,,Em Andamento
ISS-C01-P02-001024,C01-P02,C01-E0185,Bug,Critica,2026-05-30 07:20:26,2026-06-02 07:20:26,Fechado
ISS-C01-P02-001025,C01-P02,C01-E0270,Chore,Baixa,2026-05-15 08:18:50,2026-06-19 08:18:50,Fechado
ISS-C01-P02-001026,C01-P02,C01-E0188,Bug,Baixa,2026-05-01 12:06:31,,Aberto
ISS-C01-P02-001027,C01-P02,C01-E0104,Bug,Baixa,2026-05-30 19:11:32,2026-07-07 19:11:32,Fechado
ISS-C01-P02-001028,C01-P02,C01-E0049,Bug,Baixa,2026-05-13 16:15:09,2026-06-05 16:15:09,Fechado
ISS-C01-P02-001029,C01-P02,C01-E0222,Bug,Media,2026-05-30 10:06:40,,Em Andamento
ISS-C01-P02-001030,C01-P02,C01-E0226,Feature,Media,2026-05-09 07:10:37,,Em Andamento
ISS-C01-P02-001031,C01-P02,C01-E0006,Bug,Alta,2026-05-11 17:13:35,2026-06-02 17:13:35,Fechado
ISS-C01-P02-001032,C01-P02,C01-E0303,Bug,Media,2026-05-30 18:52:12,,Aberto
ISS-C01-P02-001033,C01-P02,C01-E0233,Bug,Media,2026-05-22 13:19:40,2026-05-28 13:19:40,Fechado
ISS-C01-P02-001034,C01-P02,C01-E0284,Bug,Baixa,2026-05-13 16:24:13,,Em Andamento
ISS-C01-P02-001035,C01-P02,C01-E0310,Bug,Media,2026-05-09 10:51:20,2026-06-01 10:51:20,Fechado
ISS-C01-P02-001036,C01-P02,C01-E0361,Bug,Alta,2026-05-20 17:03:01,2026-06-16 17:03:01,Fechado
ISS-C01-P02-001037,C01-P02,C01-E0099,Feature,Media,2026-05-28 17:43:46,,Aberto
ISS-C01-P02-001038,C01-P02,C01-E0324,Feature,Media,2026-05-30 12:20:35,2026-06-10 12:20:35,Fechado
ISS-C01-P02-001039,C01-P02,C01-E0048,Bug,Alta,2026-05-29 13:02:09,2026-06-29 13:02:09,Fechado
ISS-C01-P02-001040,C01-P02,C01-E0131,Bug,Media,2026-06-13 15:47:18,2026-06-18 15:47:18,Fechado
ISS-C01-P02-001041,C01-P02,C01-E0123,Bug,Media,2026-06-11 11:46:34,,Em Andamento
ISS-C01-P02-001042,C01-P02,C01-E0038,Debito Tecnico,Critica,2026-06-28 08:07:28,,Em Andamento
ISS-C01-P02-001043,C01-P02,C01-E0130,Bug,Media,2026-06-06 13:38:57,2026-07-09 13:38:57,Fechado
ISS-C01-P02-001044,C01-P02,C01-E0130,Feature,Media,2026-06-22 15:13:09,,Aberto
ISS-C01-P02-001045,C01-P02,C01-E0149,Bug,Baixa,2026-06-05 21:07:35,,Em Andamento
ISS-C01-P02-001046,C01-P02,C01-E0189,Feature,Critica,2026-06-20 16:32:13,,Em Andamento
ISS-C01-P02-001047,C01-P02,C01-E0023,Feature,Critica,2026-06-20 07:06:13,2026-07-12 07:06:13,Fechado
ISS-C01-P02-001048,C01-P02,C01-E0360,Feature,Media,2026-06-03 14:38:25,,Aberto
ISS-C01-P02-001049,C01-P02,C01-E0275,Feature,Baixa,2026-06-19 15:46:00,,Aberto
ISS-C01-P02-001050,C01-P02,C01-E0029,Bug,Baixa,2026-06-30 15:58:50,,Em Andamento
ISS-C01-P02-001051,C01-P02,C01-E0147,Debito Tecnico,Critica,2026-06-02 21:47:00,2026-06-23 21:47:00,Fechado
ISS-C01-P02-001052,C01-P02,C01-E0329,Bug,Media,2026-06-26 19:51:26,2026-07-16 19:51:26,Fechado
ISS-C01-P02-001053,C01-P02,C01-E0015,Feature,Media,2026-06-19 16:23:32,,Aberto
ISS-C01-P02-001054,C01-P02,C01-E0358,Feature,Alta,2026-06-12 18:47:20,2026-07-20 18:47:20,Fechado
ISS-C01-P02-001055,C01-P02,C01-E0195,Bug,Media,2026-06-12 13:46:56,,Aberto
ISS-C01-P02-001056,C01-P02,C01-E0259,Chore,Baixa,2026-06-12 21:22:29,,Aberto
ISS-C01-P02-001057,C01-P02,C01-E0103,Feature,Media,2026-06-25 17:07:57,,Aberto
ISS-C01-P02-001058,C01-P02,C01-E0290,Feature,Media,2026-06-24 07:27:04,2026-07-10 07:27:04,Fechado
ISS-C01-P02-001059,C01-P02,C01-E0086,Debito Tecnico,Alta,2026-06-10 18:27:42,,Em Andamento
ISS-C01-P02-001060,C01-P02,C01-E0289,Feature,Media,2026-06-12 21:25:08,2026-07-26 21:25:08,Fechado
ISS-C01-P02-001061,C01-P02,C01-E0143,Bug,Alta,2026-06-03 19:36:25,2026-07-10 19:36:25,Fechado
ISS-C01-P02-001062,C01-P02,C01-E0169,Bug,Alta,2026-06-16 10:43:52,,Em Andamento
ISS-C01-P02-001063,C01-P02,C01-E0275,Debito Tecnico,Baixa,2026-06-08 09:28:07,,Em Andamento
ISS-C01-P02-001064,C01-P02,C01-E0109,Feature,Baixa,2026-06-22 17:07:16,2026-07-05 17:07:16,Fechado
ISS-C01-P02-001065,C01-P02,C01-E0172,Debito Tecnico,Alta,2026-06-01 12:35:46,2026-07-07 12:35:46,Fechado
ISS-C01-P02-001066,C01-P02,C01-E0237,Bug,Baixa,2026-06-23 08:15:22,2026-07-06 08:15:22,Fechado
ISS-C01-P02-001067,C01-P02,C01-E0319,Debito Tecnico,Baixa,2026-06-05 18:58:12,,Em Andamento
ISS-C01-P02-001068,C01-P02,C01-E0174,Bug,Baixa,2026-06-12 17:16:14,,Aberto
ISS-C01-P02-001069,C01-P02,C01-E0288,Bug,Baixa,2026-06-27 10:00:32,2026-08-08 10:00:32,Fechado
ISS-C01-P02-001070,C01-P02,C01-E0176,Chore,Alta,2026-06-04 12:34:58,2026-06-29 12:34:58,Fechado
ISS-C01-P02-001071,C01-P02,C01-E0152,Feature,Alta,2026-06-14 11:34:09,2026-07-15 11:34:09,Fechado
ISS-C01-P02-001072,C01-P02,C01-E0015,Feature,Media,2026-06-11 08:34:31,,Em Andamento
ISS-C01-P02-001073,C01-P02,C01-E0283,Feature,Media,2026-06-13 13:51:21,2026-07-07 13:51:21,Fechado
ISS-C01-P02-001074,C01-P02,C01-E0133,Feature,Baixa,2026-06-27 08:52:52,,Aberto
ISS-C01-P02-001075,C01-P02,C01-E0142,Chore,Baixa,2026-06-27 19:48:36,,Aberto
ISS-C01-P02-001076,C01-P02,C01-E0058,Feature,Baixa,2026-06-28 11:05:14,2026-08-07 11:05:14,Fechado
ISS-C01-P02-001077,C01-P02,C01-E0234,Bug,Critica,2026-06-20 15:48:50,2026-08-01 15:48:50,Fechado
ISS-C01-P02-001078,C01-P02,C01-E0031,Bug,Media,2026-06-16 11:39:03,2026-06-27 11:39:03,Fechado
ISS-C01-P02-001079,C01-P02,C01-E0342,Debito Tecnico,Baixa,2026-07-19 10:20:06,2026-08-05 10:20:06,Fechado
ISS-C01-P02-001080,C01-P02,C01-E0284,Feature,Media,2026-07-12 18:25:24,2026-07-17 18:25:24,Fechado
ISS-C01-P02-001081,C01-P02,C01-E0055,Bug,Media,2026-07-12 13:48:21,2026-07-24 13:48:21,Fechado
ISS-C01-P02-001082,C01-P02,C01-E0170,Bug,Critica,2026-07-31 17:50:28,2026-08-10 00:00:00,Fechado
ISS-C01-P02-001083,C01-P02,C01-E0263,Bug,Baixa,2026-07-31 09:52:36,2026-08-02 09:52:36,Fechado
ISS-C01-P02-001084,C01-P02,C01-E0270,Bug,Critica,2026-07-03 18:45:39,2026-07-24 18:45:39,Fechado
ISS-C01-P02-001085,C01-P02,C01-E0355,Bug,Alta,2026-07-09 16:59:25,2026-07-15 16:59:25,Fechado
ISS-C01-P02-001086,C01-P02,C01-E0291,Feature,Baixa,2026-07-08 12:23:27,2026-07-20 12:23:27,Fechado
ISS-C01-P02-001087,C01-P02,C01-E0017,Bug,Critica,2026-07-06 17:05:03,2026-08-10 00:00:00,Fechado
ISS-C01-P02-001088,C01-P02,C01-E0106,Bug,Media,2026-07-27 16:31:20,,Em Andamento
ISS-C01-P02-001089,C01-P02,C01-E0312,Chore,Baixa,2026-07-10 10:54:38,2026-07-17 10:54:38,Fechado
ISS-C01-P02-001090,C01-P02,C01-E0073,Debito Tecnico,Baixa,2026-07-23 10:24:47,,Aberto
ISS-C01-P02-001091,C01-P02,C01-E0327,Feature,Critica,2026-07-25 17:26:08,,Aberto
ISS-C01-P02-001092,C01-P02,C01-E0130,Bug,Alta,2026-07-25 07:38:50,,Em Andamento
ISS-C01-P02-001093,C01-P02,C01-E0287,Bug,Media,2026-07-10 09:29:42,,Aberto
ISS-C01-P02-001094,C01-P02,C01-E0112,Feature,Baixa,2026-07-03 15:16:03,2026-08-10 00:00:00,Fechado
ISS-C01-P02-001095,C01-P02,C01-E0360,Bug,Baixa,2026-07-12 21:31:02,,Em Andamento
ISS-C01-P02-001096,C01-P02,C01-E0142,Chore,Media,2026-07-26 16:00:08,2026-08-09 16:00:08,Fechado
ISS-C01-P02-001097,C01-P02,C01-E0006,Chore,Media,2026-07-11 09:23:02,2026-07-27 09:23:02,Fechado
ISS-C01-P02-001098,C01-P02,C01-E0302,Bug,Baixa,2026-07-02 17:25:15,,Em Andamento
ISS-C01-P02-001099,C01-P02,C01-E0259,Bug,Alta,2026-07-03 21:25:35,,Aberto
ISS-C01-P02-001100,C01-P02,C01-E0014,Chore,Media,2026-07-01 11:13:04,,Em Andamento
ISS-C01-P02-001101,C01-P02,C01-E0037,Feature,Media,2026-07-05 16:16:06,,Em Andamento
ISS-C01-P02-001102,C01-P02,C01-E0276,Bug,Media,2026-07-04 13:30:37,2026-07-25 13:30:37,Fechado
ISS-C01-P02-001103,C01-P02,C01-E0206,Feature,Media,2026-07-01 10:47:05,2026-07-05 10:47:05,Fechado
ISS-C01-P02-001104,C01-P02,C01-E0196,Feature,Critica,2026-07-06 16:11:13,,Em Andamento
ISS-C01-P02-001105,C01-P02,C01-E0017,Feature,Media,2026-07-12 14:25:49,,Em Andamento
ISS-C01-P02-001106,C01-P02,C01-E0342,Feature,Media,2026-07-04 17:16:17,,Em Andamento
ISS-C01-P02-001107,C01-P02,C01-E0098,Debito Tecnico,Media,2026-07-01 19:10:09,,Em Andamento
ISS-C01-P02-001108,C01-P02,C01-E0101,Bug,Alta,2026-07-02 11:29:33,,Em Andamento
ISS-C01-P02-001109,C01-P02,C01-E0320,Feature,Media,2026-07-02 20:56:53,,Aberto
ISS-C01-P02-001110,C01-P02,C01-E0006,Feature,Media,2026-07-01 14:27:47,2026-07-06 14:27:47,Fechado
ISS-C01-P02-001111,C01-P02,C01-E0123,Bug,Baixa,2026-07-01 17:44:39,,Aberto
ISS-C01-P02-001112,C01-P02,C01-E0178,Bug,Baixa,2026-07-13 20:34:58,2026-08-10 00:00:00,Fechado
ISS-C01-P02-001113,C01-P02,C01-E0111,Debito Tecnico,Alta,2026-07-16 10:00:15,,Aberto
ISS-C01-P02-001114,C01-P02,C01-E0224,Bug,Baixa,2026-07-03 21:54:56,,Em Andamento
ISS-C01-P02-001115,C01-P02,C01-E0355,Bug,Baixa,2026-07-15 18:21:55,,Aberto
ISS-C01-P02-001116,C01-P02,C01-E0216,Feature,Media,2026-07-09 21:40:21,,Aberto
ISS-C01-P02-001117,C01-P02,C01-E0005,Bug,Alta,2026-07-09 20:09:10,,Em Andamento
ISS-C01-P02-001118,C01-P02,C01-E0017,Feature,Baixa,2026-07-13 11:26:01,2026-07-29 11:26:01,Fechado
ISS-C01-P02-001119,C01-P02,C01-E0350,Chore,Baixa,2026-07-23 12:36:26,,Aberto
ISS-C01-P03-001120,C01-P03,C01-E0153,Bug,Alta,2025-10-14 11:58:10,2025-11-05 11:58:10,Fechado
ISS-C01-P03-001121,C01-P03,C01-E0342,Debito Tecnico,Media,2025-10-18 07:25:21,2025-11-28 07:25:21,Fechado
ISS-C01-P03-001122,C01-P03,C01-E0123,Chore,Baixa,2025-10-29 14:14:01,,Em Andamento
ISS-C01-P03-001123,C01-P03,C01-E0021,Debito Tecnico,Media,2025-10-28 17:01:36,2025-11-01 17:01:36,Fechado
ISS-C01-P03-001124,C01-P03,C01-E0300,Feature,Media,2025-10-24 09:15:21,2025-10-27 09:15:21,Fechado
ISS-C01-P03-001125,C01-P03,C01-E0086,Debito Tecnico,Baixa,2025-10-17 07:13:27,,Em Andamento
ISS-C01-P03-001126,C01-P03,C01-E0289,Feature,Alta,2025-10-17 12:43:54,2025-10-18 12:43:54,Fechado
ISS-C01-P03-001127,C01-P03,C01-E0355,Bug,Media,2025-10-01 17:49:01,2025-11-10 17:49:01,Fechado
ISS-C01-P03-001128,C01-P03,C01-E0275,Bug,Baixa,2025-10-15 12:18:53,,Aberto
ISS-C01-P03-001129,C01-P03,C01-E0103,Feature,Baixa,2025-10-25 12:56:34,2025-11-12 12:56:34,Fechado
ISS-C01-P03-001130,C01-P03,C01-E0224,Bug,Media,2025-10-08 16:46:00,,Em Andamento
ISS-C01-P03-001131,C01-P03,C01-E0050,Bug,Media,2025-10-15 07:41:09,2025-11-06 07:41:09,Fechado
ISS-C01-P03-001132,C01-P03,C01-E0261,Bug,Baixa,2025-10-15 15:52:00,,Aberto
ISS-C01-P03-001133,C01-P03,C01-E0245,Bug,Baixa,2025-10-23 15:40:50,2025-12-04 15:40:50,Fechado
ISS-C01-P03-001134,C01-P03,C01-E0354,Debito Tecnico,Critica,2025-10-12 07:37:00,2025-11-17 07:37:00,Fechado
ISS-C01-P03-001135,C01-P03,C01-E0260,Bug,Baixa,2025-10-04 19:57:55,,Em Andamento
ISS-C01-P03-001136,C01-P03,C01-E0050,Bug,Media,2025-10-20 08:12:30,,Em Andamento
ISS-C01-P03-001137,C01-P03,C01-E0048,Bug,Baixa,2025-10-27 19:26:46,2025-11-04 19:26:46,Fechado
ISS-C01-P03-001138,C01-P03,C01-E0048,Feature,Alta,2025-10-07 11:51:10,2025-11-03 11:51:10,Fechado
ISS-C01-P03-001139,C01-P03,C01-E0318,Feature,Critica,2025-10-12 18:48:04,2025-11-18 18:48:04,Fechado
ISS-C01-P03-001140,C01-P03,C01-E0139,Chore,Baixa,2025-10-20 14:38:55,,Em Andamento
ISS-C01-P03-001141,C01-P03,C01-E0038,Bug,Baixa,2025-10-22 21:49:00,,Em Andamento
ISS-C01-P03-001142,C01-P03,C01-E0360,Bug,Media,2025-10-02 08:37:08,2025-11-11 08:37:08,Fechado
ISS-C01-P03-001143,C01-P03,C01-E0167,Bug,Media,2025-10-28 10:24:09,,Em Andamento
ISS-C01-P03-001144,C01-P03,C01-E0270,Bug,Alta,2025-10-31 11:15:57,,Em Andamento
ISS-C01-P03-001145,C01-P03,C01-E0142,Chore,Critica,2025-10-30 12:58:50,2025-12-11 12:58:50,Fechado
ISS-C01-P03-001146,C01-P03,C01-E0100,Debito Tecnico,Media,2025-10-12 14:31:11,2025-10-15 14:31:11,Fechado
ISS-C01-P03-001147,C01-P03,C01-E0029,Bug,Alta,2025-10-09 16:11:19,,Em Andamento
ISS-C01-P03-001148,C01-P03,C01-E0078,Chore,Critica,2025-10-31 07:54:35,,Em Andamento
ISS-C01-P03-001149,C01-P03,C01-E0055,Bug,Baixa,2025-10-22 20:58:10,,Aberto
ISS-C01-P03-001150,C01-P03,C01-E0351,Debito Tecnico,Media,2025-10-22 16:48:17,,Em Andamento
ISS-C01-P03-001151,C01-P03,C01-E0310,Bug,Media,2025-10-16 07:15:47,2025-10-22 07:15:47,Fechado
ISS-C01-P03-001152,C01-P03,C01-E0031,Feature,Alta,2025-10-31 07:54:29,,Em Andamento
ISS-C01-P03-001153,C01-P03,C01-E0211,Feature,Baixa,2025-10-26 07:33:01,,Aberto
ISS-C01-P03-001154,C01-P03,C01-E0085,Bug,Baixa,2025-10-14 18:38:28,,Em Andamento
ISS-C01-P03-001155,C01-P03,C01-E0048,Feature,Media,2025-10-18 09:37:49,2025-11-24 09:37:49,Fechado
ISS-C01-P03-001156,C01-P03,C01-E0207,Debito Tecnico,Critica,2025-10-16 13:25:03,,Aberto
ISS-C01-P03-001157,C01-P03,C01-E0038,Bug,Media,2025-10-15 08:31:43,2025-11-18 08:31:43,Fechado
ISS-C01-P03-001158,C01-P03,C01-E0206,Chore,Media,2025-10-04 07:46:42,2025-10-19 07:46:42,Fechado
ISS-C01-P03-001159,C01-P03,C01-E0205,Feature,Alta,2025-11-18 09:41:16,2025-12-25 09:41:16,Fechado
ISS-C01-P03-001160,C01-P03,C01-E0142,Bug,Media,2025-11-14 16:49:18,2025-12-12 16:49:18,Fechado
ISS-C01-P03-001161,C01-P03,C01-E0317,Bug,Media,2025-11-11 12:25:35,,Em Andamento
ISS-C01-P03-001162,C01-P03,C01-E0308,Chore,Media,2025-11-10 08:50:51,2025-11-29 08:50:51,Fechado
ISS-C01-P03-001163,C01-P03,C01-E0334,Bug,Baixa,2025-11-02 13:18:28,,Aberto
ISS-C01-P03-001164,C01-P03,C01-E0103,Feature,Media,2025-11-20 16:19:15,2025-12-15 16:19:15,Fechado
ISS-C01-P03-001165,C01-P03,C01-E0185,Bug,Baixa,2025-11-14 13:33:17,,Aberto
ISS-C01-P03-001166,C01-P03,C01-E0153,Bug,Alta,2025-11-01 11:42:37,2025-11-20 11:42:37,Fechado
ISS-C01-P03-001167,C01-P03,C01-E0144,Feature,Baixa,2025-11-21 08:53:17,2025-12-23 08:53:17,Fechado
ISS-C01-P03-001168,C01-P03,C01-E0049,Bug,Baixa,2025-11-07 15:41:47,2025-11-16 15:41:47,Fechado
ISS-C01-P03-001169,C01-P03,C01-E0355,Feature,Baixa,2025-11-19 15:19:07,,Aberto
ISS-C01-P03-001170,C01-P03,C01-E0358,Bug,Media,2025-11-03 20:20:57,2025-11-15 20:20:57,Fechado
ISS-C01-P03-001171,C01-P03,C01-E0321,Bug,Media,2025-11-22 14:24:05,2026-01-05 14:24:05,Fechado
ISS-C01-P03-001172,C01-P03,C01-E0124,Bug,Media,2025-11-10 07:24:50,2025-11-18 07:24:50,Fechado
ISS-C01-P03-001173,C01-P03,C01-E0069,Feature,Baixa,2025-11-03 10:47:15,,Aberto
ISS-C01-P03-001174,C01-P03,C01-E0298,Chore,Media,2025-11-15 10:41:52,2025-12-13 10:41:52,Fechado
ISS-C01-P03-001175,C01-P03,C01-E0125,Bug,Media,2025-11-19 17:59:33,,Aberto
ISS-C01-P03-001176,C01-P03,C01-E0343,Bug,Baixa,2025-11-22 13:23:12,2025-12-22 13:23:12,Fechado
ISS-C01-P03-001177,C01-P03,C01-E0210,Bug,Media,2025-11-19 18:53:45,2025-12-17 18:53:45,Fechado
ISS-C01-P03-001178,C01-P03,C01-E0290,Feature,Alta,2025-11-12 11:07:56,2025-12-18 11:07:56,Fechado
ISS-C01-P03-001179,C01-P03,C01-E0211,Feature,Baixa,2025-11-22 07:21:54,2025-12-17 07:21:54,Fechado
ISS-C01-P03-001180,C01-P03,C01-E0136,Feature,Baixa,2025-11-29 13:41:47,,Aberto
ISS-C01-P03-001181,C01-P03,C01-E0149,Bug,Alta,2025-11-12 14:49:46,2025-12-12 14:49:46,Fechado
ISS-C01-P03-001182,C01-P03,C01-E0145,Chore,Baixa,2025-11-13 20:05:43,2025-11-25 20:05:43,Fechado
ISS-C01-P03-001183,C01-P03,C01-E0206,Feature,Media,2025-11-12 07:40:52,2025-11-22 07:40:52,Fechado
ISS-C01-P03-001184,C01-P03,C01-E0291,Feature,Alta,2025-11-07 13:40:44,,Em Andamento
ISS-C01-P03-001185,C01-P03,C01-E0238,Bug,Critica,2025-11-24 12:36:31,2025-11-29 12:36:31,Fechado
ISS-C01-P03-001186,C01-P03,C01-E0038,Feature,Critica,2025-11-06 15:05:26,2025-11-19 15:05:26,Fechado
ISS-C01-P03-001187,C01-P03,C01-E0303,Debito Tecnico,Baixa,2025-11-19 19:06:22,2026-01-01 19:06:22,Fechado
ISS-C01-P03-001188,C01-P03,C01-E0349,Debito Tecnico,Media,2025-11-20 11:57:02,2025-12-11 11:57:02,Fechado
ISS-C01-P03-001189,C01-P03,C01-E0308,Bug,Baixa,2025-11-02 16:58:41,,Em Andamento
ISS-C01-P03-001190,C01-P03,C01-E0191,Bug,Baixa,2025-11-13 15:25:36,2025-11-20 15:25:36,Fechado
ISS-C01-P03-001191,C01-P03,C01-E0085,Bug,Media,2025-11-14 18:32:34,2025-11-26 18:32:34,Fechado
ISS-C01-P03-001192,C01-P03,C01-E0216,Chore,Alta,2025-11-28 21:51:56,2025-12-05 21:51:56,Fechado
ISS-C01-P03-001193,C01-P03,C01-E0235,Chore,Media,2025-11-15 12:31:35,2025-11-16 12:31:35,Fechado
ISS-C01-P03-001194,C01-P03,C01-E0030,Bug,Media,2025-11-01 10:22:50,2025-11-30 10:22:50,Fechado
ISS-C01-P03-001195,C01-P03,C01-E0064,Feature,Critica,2025-11-18 10:46:09,2025-11-23 10:46:09,Fechado
ISS-C01-P03-001196,C01-P03,C01-E0287,Debito Tecnico,Baixa,2025-11-19 13:39:45,,Em Andamento
ISS-C01-P03-001197,C01-P03,C01-E0055,Feature,Baixa,2025-11-25 07:05:33,2025-12-18 07:05:33,Fechado
ISS-C01-P03-001198,C01-P03,C01-E0024,Bug,Critica,2025-12-03 10:08:19,2025-12-28 10:08:19,Fechado
ISS-C01-P03-001199,C01-P03,C01-E0040,Chore,Alta,2025-12-15 09:39:23,2026-01-09 09:39:23,Fechado
ISS-C01-P03-001200,C01-P03,C01-E0245,Feature,Media,2025-12-03 13:33:49,,Em Andamento
ISS-C01-P03-001201,C01-P03,C01-E0094,Chore,Alta,2025-12-13 17:00:46,,Aberto
ISS-C01-P03-001202,C01-P03,C01-E0043,Bug,Alta,2025-12-12 16:19:20,2025-12-17 16:19:20,Fechado
ISS-C01-P03-001203,C01-P03,C01-E0307,Feature,Media,2025-12-11 18:33:21,2026-01-06 18:33:21,Fechado
ISS-C01-P03-001204,C01-P03,C01-E0312,Chore,Alta,2025-12-11 18:31:24,2025-12-25 18:31:24,Fechado
ISS-C01-P03-001205,C01-P03,C01-E0299,Debito Tecnico,Critica,2025-12-01 18:04:58,,Aberto
ISS-C01-P03-001206,C01-P03,C01-E0079,Debito Tecnico,Alta,2025-12-20 10:29:22,2026-01-10 10:29:22,Fechado
ISS-C01-P03-001207,C01-P03,C01-E0225,Debito Tecnico,Media,2025-12-15 13:40:52,2026-01-03 13:40:52,Fechado
ISS-C01-P03-001208,C01-P03,C01-E0096,Debito Tecnico,Media,2025-12-09 18:26:47,2025-12-13 18:26:47,Fechado
ISS-C01-P03-001209,C01-P03,C01-E0226,Bug,Media,2025-12-21 18:10:54,2026-01-16 18:10:54,Fechado
ISS-C01-P03-001210,C01-P03,C01-E0019,Debito Tecnico,Alta,2025-12-01 14:41:31,2026-01-11 14:41:31,Fechado
ISS-C01-P03-001211,C01-P03,C01-E0142,Debito Tecnico,Baixa,2025-12-31 08:47:27,2026-01-14 08:47:27,Fechado
ISS-C01-P03-001212,C01-P03,C01-E0348,Debito Tecnico,Alta,2025-12-11 19:41:33,2026-01-17 19:41:33,Fechado
ISS-C01-P03-001213,C01-P03,C01-E0342,Chore,Media,2025-12-19 13:49:04,,Em Andamento
ISS-C01-P03-001214,C01-P03,C01-E0120,Bug,Media,2025-12-13 12:53:59,,Aberto
ISS-C01-P03-001215,C01-P03,C01-E0132,Bug,Media,2025-12-17 11:39:13,2026-01-13 11:39:13,Fechado
ISS-C01-P03-001216,C01-P03,C01-E0057,Chore,Media,2025-12-11 20:48:51,2026-01-25 20:48:51,Fechado
ISS-C01-P03-001217,C01-P03,C01-E0099,Bug,Critica,2025-12-02 12:40:44,2026-01-11 12:40:44,Fechado
ISS-C01-P03-001218,C01-P03,C01-E0032,Feature,Baixa,2025-12-02 20:26:12,2026-01-02 20:26:12,Fechado
ISS-C01-P03-001219,C01-P03,C01-E0028,Feature,Baixa,2025-12-05 19:31:53,,Aberto
ISS-C01-P03-001220,C01-P03,C01-E0182,Bug,Baixa,2025-12-16 13:25:00,,Em Andamento
ISS-C01-P03-001221,C01-P03,C01-E0226,Bug,Media,2025-12-04 12:50:12,2025-12-06 12:50:12,Fechado
ISS-C01-P03-001222,C01-P03,C01-E0006,Chore,Critica,2025-12-24 15:03:19,2026-01-31 15:03:19,Fechado
ISS-C01-P03-001223,C01-P03,C01-E0023,Chore,Critica,2025-12-20 12:08:19,2026-01-25 12:08:19,Fechado
ISS-C01-P03-001224,C01-P03,C01-E0301,Bug,Media,2025-12-24 08:18:14,,Aberto
ISS-C01-P03-001225,C01-P03,C01-E0057,Debito Tecnico,Alta,2025-12-08 09:27:19,,Aberto
ISS-C01-P03-001226,C01-P03,C01-E0024,Debito Tecnico,Baixa,2025-12-29 13:50:33,2026-01-28 13:50:33,Fechado
ISS-C01-P03-001227,C01-P03,C01-E0086,Bug,Baixa,2025-12-10 16:48:18,2025-12-31 16:48:18,Fechado
ISS-C01-P03-001228,C01-P03,C01-E0024,Bug,Baixa,2025-12-16 08:16:38,2026-01-19 08:16:38,Fechado
ISS-C01-P03-001229,C01-P03,C01-E0182,Bug,Baixa,2025-12-26 18:04:23,,Em Andamento
ISS-C01-P03-001230,C01-P03,C01-E0343,Bug,Baixa,2025-12-27 13:50:43,2026-01-04 13:50:43,Fechado
ISS-C01-P03-001231,C01-P03,C01-E0269,Bug,Baixa,2025-12-28 12:43:10,2026-01-24 12:43:10,Fechado
ISS-C01-P03-001232,C01-P03,C01-E0086,Feature,Baixa,2026-01-01 07:34:50,,Em Andamento
ISS-C01-P03-001233,C01-P03,C01-E0334,Feature,Media,2026-01-09 07:38:07,2026-01-15 07:38:07,Fechado
ISS-C01-P03-001234,C01-P03,C01-E0145,Bug,Alta,2026-01-21 18:29:23,,Aberto
ISS-C01-P03-001235,C01-P03,C01-E0223,Bug,Baixa,2026-01-14 10:27:42,2026-02-19 10:27:42,Fechado
ISS-C01-P03-001236,C01-P03,C01-E0170,Bug,Baixa,2026-01-02 17:31:51,2026-02-04 17:31:51,Fechado
ISS-C01-P03-001237,C01-P03,C01-E0319,Debito Tecnico,Critica,2026-01-18 10:42:11,,Aberto
ISS-C01-P03-001238,C01-P03,C01-E0360,Bug,Baixa,2026-01-10 17:24:11,2026-01-15 17:24:11,Fechado
ISS-C01-P03-001239,C01-P03,C01-E0302,Feature,Media,2026-01-08 19:40:57,,Aberto
ISS-C01-P03-001240,C01-P03,C01-E0103,Bug,Media,2026-01-06 12:29:19,,Aberto
ISS-C01-P03-001241,C01-P03,C01-E0358,Feature,Baixa,2026-01-09 09:11:00,2026-01-18 09:11:00,Fechado
ISS-C01-P03-001242,C01-P03,C01-E0288,Bug,Media,2026-01-18 13:26:48,2026-02-25 13:26:48,Fechado
ISS-C01-P03-001243,C01-P03,C01-E0161,Bug,Critica,2026-01-23 21:24:07,2026-01-30 21:24:07,Fechado
ISS-C01-P03-001244,C01-P03,C01-E0131,Bug,Media,2026-01-16 21:24:21,,Em Andamento
ISS-C01-P03-001245,C01-P03,C01-E0189,Feature,Media,2026-01-17 13:56:17,2026-01-27 13:56:17,Fechado
ISS-C01-P03-001246,C01-P03,C01-E0259,Bug,Media,2026-01-20 12:53:18,2026-02-04 12:53:18,Fechado
ISS-C01-P03-001247,C01-P03,C01-E0244,Feature,Alta,2026-01-27 17:22:13,2026-02-04 17:22:13,Fechado
ISS-C01-P03-001248,C01-P03,C01-E0154,Debito Tecnico,Media,2026-01-11 07:43:57,2026-02-24 07:43:57,Fechado
ISS-C01-P03-001249,C01-P03,C01-E0334,Bug,Baixa,2026-01-09 13:05:15,2026-01-15 13:05:15,Fechado
ISS-C01-P03-001250,C01-P03,C01-E0327,Bug,Alta,2026-01-20 19:31:33,,Em Andamento
ISS-C01-P03-001251,C01-P03,C01-E0031,Feature,Baixa,2026-01-05 18:32:17,2026-02-09 18:32:17,Fechado
ISS-C01-P03-001252,C01-P03,C01-E0130,Feature,Alta,2026-01-27 16:43:20,2026-03-05 16:43:20,Fechado
ISS-C01-P03-001253,C01-P03,C01-E0176,Bug,Alta,2026-01-19 17:17:14,2026-02-28 17:17:14,Fechado
ISS-C01-P03-001254,C01-P03,C01-E0150,Bug,Media,2026-01-14 19:10:52,2026-02-19 19:10:52,Fechado
ISS-C01-P03-001255,C01-P03,C01-E0348,Bug,Baixa,2026-01-13 21:37:45,2026-01-28 21:37:45,Fechado
ISS-C01-P03-001256,C01-P03,C01-E0302,Bug,Critica,2026-01-10 18:20:16,2026-02-20 18:20:16,Fechado
ISS-C01-P03-001257,C01-P03,C01-E0210,Bug,Media,2026-01-29 07:06:27,,Em Andamento
ISS-C01-P03-001258,C01-P03,C01-E0029,Feature,Baixa,2026-01-21 08:10:03,2026-02-27 08:10:03,Fechado
ISS-C01-P03-001259,C01-P03,C01-E0232,Chore,Baixa,2026-01-13 18:00:38,,Aberto
ISS-C01-P03-001260,C01-P03,C01-E0261,Debito Tecnico,Baixa,2026-01-25 07:49:52,2026-03-03 07:49:52,Fechado
ISS-C01-P03-001261,C01-P03,C01-E0167,Feature,Media,2026-01-05 15:13:12,2026-02-14 15:13:12,Fechado
ISS-C01-P03-001262,C01-P03,C01-E0269,Feature,Alta,2026-01-15 16:53:31,2026-01-21 16:53:31,Fechado
ISS-C01-P03-001263,C01-P03,C01-E0094,Debito Tecnico,Media,2026-01-28 21:45:04,,Aberto
ISS-C01-P03-001264,C01-P03,C01-E0019,Bug,Baixa,2026-01-09 13:44:07,2026-01-11 13:44:07,Fechado
ISS-C01-P03-001265,C01-P03,C01-E0143,Chore,Media,2026-01-29 11:50:04,2026-02-25 11:50:04,Fechado
ISS-C01-P03-001266,C01-P03,C01-E0247,Debito Tecnico,Media,2026-01-14 07:47:09,,Em Andamento
ISS-C01-P03-001267,C01-P03,C01-E0292,Bug,Critica,2026-01-17 14:18:42,,Aberto
ISS-C01-P03-001268,C01-P03,C01-E0355,Debito Tecnico,Alta,2026-01-29 19:35:02,2026-02-17 19:35:02,Fechado
ISS-C01-P03-001269,C01-P03,C01-E0189,Bug,Media,2026-01-01 19:44:38,2026-02-12 19:44:38,Fechado
ISS-C01-P03-001270,C01-P03,C01-E0264,Bug,Media,2026-01-19 08:28:16,2026-02-02 08:28:16,Fechado
ISS-C01-P03-001271,C01-P03,C01-E0260,Feature,Baixa,2026-01-25 11:55:57,,Em Andamento
ISS-C01-P03-001272,C01-P03,C01-E0313,Feature,Alta,2026-02-27 18:31:22,2026-02-28 18:31:22,Fechado
ISS-C01-P03-001273,C01-P03,C01-E0324,Feature,Baixa,2026-02-17 07:46:25,2026-02-28 07:46:25,Fechado
ISS-C01-P03-001274,C01-P03,C01-E0311,Debito Tecnico,Alta,2026-02-27 12:05:14,,Aberto
ISS-C01-P03-001275,C01-P03,C01-E0232,Bug,Media,2026-02-01 20:22:27,2026-02-23 20:22:27,Fechado
ISS-C01-P03-001276,C01-P03,C01-E0079,Bug,Baixa,2026-02-01 21:24:53,,Em Andamento
ISS-C01-P03-001277,C01-P03,C01-E0324,Feature,Alta,2026-02-23 12:02:10,,Em Andamento
ISS-C01-P03-001278,C01-P03,C01-E0313,Feature,Media,2026-02-23 12:55:53,,Em Andamento
ISS-C01-P03-001279,C01-P03,C01-E0017,Debito Tecnico,Alta,2026-02-18 08:11:53,,Em Andamento
ISS-C01-P03-001280,C01-P03,C01-E0144,Bug,Baixa,2026-02-21 12:56:11,,Em Andamento
ISS-C01-P03-001281,C01-P03,C01-E0299,Bug,Media,2026-02-17 10:28:59,,Em Andamento
ISS-C01-P03-001282,C01-P03,C01-E0217,Feature,Alta,2026-02-22 08:38:00,,Aberto
ISS-C01-P03-001283,C01-P03,C01-E0065,Bug,Baixa,2026-02-05 19:20:29,2026-03-12 19:20:29,Fechado
ISS-C01-P03-001284,C01-P03,C01-E0333,Feature,Media,2026-02-27 12:09:46,2026-04-05 12:09:46,Fechado
ISS-C01-P03-001285,C01-P03,C01-E0118,Feature,Baixa,2026-02-10 08:31:23,2026-02-11 08:31:23,Fechado
ISS-C01-P03-001286,C01-P03,C01-E0062,Bug,Baixa,2026-02-18 20:14:34,2026-02-27 20:14:34,Fechado
ISS-C01-P03-001287,C01-P03,C01-E0101,Feature,Alta,2026-02-20 20:25:29,2026-03-01 20:25:29,Fechado
ISS-C01-P03-001288,C01-P03,C01-E0261,Feature,Baixa,2026-02-03 13:56:27,2026-03-03 13:56:27,Fechado
ISS-C01-P03-001289,C01-P03,C01-E0185,Debito Tecnico,Media,2026-02-19 14:22:58,,Em Andamento
ISS-C01-P03-001290,C01-P03,C01-E0302,Bug,Baixa,2026-02-06 16:45:55,2026-02-08 16:45:55,Fechado
ISS-C01-P03-001291,C01-P03,C01-E0029,Bug,Alta,2026-02-25 08:42:58,,Aberto
ISS-C01-P03-001292,C01-P03,C01-E0047,Feature,Media,2026-02-05 21:48:21,,Em Andamento
ISS-C01-P03-001293,C01-P03,C01-E0174,Feature,Baixa,2026-02-03 08:46:54,,Em Andamento
ISS-C01-P03-001294,C01-P03,C01-E0355,Debito Tecnico,Alta,2026-02-07 12:35:30,2026-03-05 12:35:30,Fechado
ISS-C01-P03-001295,C01-P03,C01-E0259,Debito Tecnico,Alta,2026-02-23 21:12:32,,Em Andamento
ISS-C01-P03-001296,C01-P03,C01-E0240,Chore,Media,2026-02-26 12:48:30,2026-02-27 12:48:30,Fechado
ISS-C01-P03-001297,C01-P03,C01-E0327,Bug,Media,2026-02-17 08:02:22,2026-03-28 08:02:22,Fechado
ISS-C01-P03-001298,C01-P03,C01-E0211,Feature,Baixa,2026-02-11 10:08:56,2026-03-15 10:08:56,Fechado
ISS-C01-P03-001299,C01-P03,C01-E0165,Feature,Alta,2026-02-03 20:50:58,,Em Andamento
ISS-C01-P03-001300,C01-P03,C01-E0124,Feature,Media,2026-02-19 13:25:14,2026-03-17 13:25:14,Fechado
ISS-C01-P03-001301,C01-P03,C01-E0038,Feature,Media,2026-02-15 16:25:33,2026-03-23 16:25:33,Fechado
ISS-C01-P03-001302,C01-P03,C01-E0168,Bug,Critica,2026-02-03 14:22:49,2026-02-09 14:22:49,Fechado
ISS-C01-P03-001303,C01-P03,C01-E0261,Debito Tecnico,Media,2026-02-21 20:12:51,,Em Andamento
ISS-C01-P03-001304,C01-P03,C01-E0263,Debito Tecnico,Media,2026-02-05 09:54:19,,Em Andamento
ISS-C01-P03-001305,C01-P03,C01-E0287,Bug,Critica,2026-02-06 12:40:37,2026-03-11 12:40:37,Fechado
ISS-C01-P03-001306,C01-P03,C01-E0143,Feature,Critica,2026-02-24 14:35:39,,Aberto
ISS-C01-P03-001307,C01-P03,C01-E0031,Feature,Media,2026-02-22 12:11:14,2026-02-24 12:11:14,Fechado
ISS-C01-P03-001308,C01-P03,C01-E0235,Bug,Media,2026-02-28 17:17:13,2026-04-06 17:17:13,Fechado
ISS-C01-P03-001309,C01-P03,C01-E0028,Bug,Alta,2026-02-10 16:03:25,2026-02-13 16:03:25,Fechado
ISS-C01-P03-001310,C01-P03,C01-E0022,Bug,Critica,2026-02-27 16:40:07,2026-04-11 16:40:07,Fechado
ISS-C01-P03-001311,C01-P03,C01-E0228,Bug,Media,2026-02-20 11:02:54,2026-03-07 11:02:54,Fechado
ISS-C01-P03-001312,C01-P03,C01-E0308,Bug,Media,2026-02-23 10:40:10,2026-03-10 10:40:10,Fechado
ISS-C01-P03-001313,C01-P03,C01-E0149,Debito Tecnico,Baixa,2026-02-13 10:29:48,2026-02-21 10:29:48,Fechado
ISS-C01-P03-001314,C01-P03,C01-E0143,Debito Tecnico,Media,2026-02-15 07:33:57,2026-03-07 07:33:57,Fechado
ISS-C01-P03-001315,C01-P03,C01-E0331,Debito Tecnico,Media,2026-02-05 08:05:06,,Aberto
ISS-C01-P03-001316,C01-P03,C01-E0255,Bug,Baixa,2026-02-26 08:41:43,2026-04-06 08:41:43,Fechado
ISS-C01-P03-001317,C01-P03,C01-E0260,Bug,Media,2026-03-24 20:57:46,2026-03-25 20:57:46,Fechado
ISS-C01-P03-001318,C01-P03,C01-E0131,Bug,Alta,2026-03-18 11:15:51,,Em Andamento
ISS-C01-P03-001319,C01-P03,C01-E0107,Debito Tecnico,Baixa,2026-03-01 20:03:45,2026-04-14 20:03:45,Fechado
ISS-C01-P03-001320,C01-P03,C01-E0079,Chore,Baixa,2026-03-14 18:08:46,2026-04-26 18:08:46,Fechado
ISS-C01-P03-001321,C01-P03,C01-E0181,Debito Tecnico,Alta,2026-03-28 08:49:45,,Em Andamento
ISS-C01-P03-001322,C01-P03,C01-E0225,Bug,Baixa,2026-03-02 10:54:06,2026-04-08 10:54:06,Fechado
ISS-C01-P03-001323,C01-P03,C01-E0255,Feature,Baixa,2026-03-14 09:05:55,2026-04-05 09:05:55,Fechado
ISS-C01-P03-001324,C01-P03,C01-E0065,Debito Tecnico,Media,2026-03-15 07:08:39,2026-04-22 07:08:39,Fechado
ISS-C01-P03-001325,C01-P03,C01-E0040,Debito Tecnico,Media,2026-03-30 10:16:25,,Em Andamento
ISS-C01-P03-001326,C01-P03,C01-E0256,Bug,Critica,2026-03-08 19:37:12,2026-04-04 19:37:12,Fechado
ISS-C01-P03-001327,C01-P03,C01-E0027,Bug,Baixa,2026-03-06 12:14:33,,Em Andamento
ISS-C01-P03-001328,C01-P03,C01-E0098,Feature,Media,2026-03-18 15:17:56,,Aberto
ISS-C01-P03-001329,C01-P03,C01-E0109,Chore,Media,2026-03-14 07:23:44,,Em Andamento
ISS-C01-P03-001330,C01-P03,C01-E0040,Bug,Critica,2026-03-21 10:10:02,,Em Andamento
ISS-C01-P03-001331,C01-P03,C01-E0023,Chore,Media,2026-03-09 16:22:07,2026-03-18 16:22:07,Fechado
ISS-C01-P03-001332,C01-P03,C01-E0313,Bug,Media,2026-03-21 18:21:11,,Aberto
ISS-C01-P03-001333,C01-P03,C01-E0007,Debito Tecnico,Media,2026-03-18 15:36:37,2026-04-24 15:36:37,Fechado
ISS-C01-P03-001334,C01-P03,C01-E0023,Bug,Critica,2026-03-05 07:20:46,2026-03-11 07:20:46,Fechado
ISS-C01-P03-001335,C01-P03,C01-E0224,Feature,Alta,2026-03-18 18:52:36,2026-04-30 18:52:36,Fechado
ISS-C01-P03-001336,C01-P03,C01-E0038,Debito Tecnico,Media,2026-03-30 21:20:38,2026-05-05 21:20:38,Fechado
ISS-C01-P03-001337,C01-P03,C01-E0355,Chore,Media,2026-03-03 20:53:08,,Aberto
ISS-C01-P03-001338,C01-P03,C01-E0143,Debito Tecnico,Baixa,2026-03-28 19:34:22,,Aberto
ISS-C01-P03-001339,C01-P03,C01-E0308,Feature,Baixa,2026-03-30 18:23:16,2026-04-24 18:23:16,Fechado
ISS-C01-P03-001340,C01-P03,C01-E0189,Feature,Critica,2026-03-28 10:16:53,2026-04-19 10:16:53,Fechado
ISS-C01-P03-001341,C01-P03,C01-E0150,Bug,Media,2026-03-30 13:03:09,2026-04-29 13:03:09,Fechado
ISS-C01-P03-001342,C01-P03,C01-E0091,Bug,Baixa,2026-03-11 08:40:57,,Em Andamento
ISS-C01-P03-001343,C01-P03,C01-E0343,Debito Tecnico,Alta,2026-03-13 19:31:36,,Em Andamento
ISS-C01-P03-001344,C01-P03,C01-E0301,Feature,Alta,2026-03-28 17:59:48,2026-04-24 17:59:48,Fechado
ISS-C01-P03-001345,C01-P03,C01-E0083,Feature,Alta,2026-03-27 07:14:36,2026-05-07 07:14:36,Fechado
ISS-C01-P03-001346,C01-P03,C01-E0018,Feature,Baixa,2026-03-20 10:14:56,2026-03-28 10:14:56,Fechado
ISS-C01-P03-001347,C01-P03,C01-E0282,Bug,Alta,2026-03-31 12:14:54,2026-04-05 12:14:54,Fechado
ISS-C01-P03-001348,C01-P03,C01-E0101,Debito Tecnico,Media,2026-03-09 18:12:15,2026-04-21 18:12:15,Fechado
ISS-C01-P03-001349,C01-P03,C01-E0335,Debito Tecnico,Media,2026-03-24 17:11:21,,Em Andamento
ISS-C01-P03-001350,C01-P03,C01-E0085,Feature,Media,2026-03-25 13:20:06,2026-05-01 13:20:06,Fechado
ISS-C01-P03-001351,C01-P03,C01-E0005,Debito Tecnico,Baixa,2026-03-10 14:13:07,2026-04-12 14:13:07,Fechado
ISS-C01-P03-001352,C01-P03,C01-E0181,Feature,Alta,2026-03-12 19:53:40,2026-04-23 19:53:40,Fechado
ISS-C01-P03-001353,C01-P03,C01-E0170,Bug,Media,2026-04-17 11:02:51,2026-05-07 11:02:51,Fechado
ISS-C01-P03-001354,C01-P03,C01-E0024,Bug,Baixa,2026-04-26 12:40:29,2026-05-01 12:40:29,Fechado
ISS-C01-P03-001355,C01-P03,C01-E0296,Bug,Alta,2026-04-20 09:32:36,,Em Andamento
ISS-C01-P03-001356,C01-P03,C01-E0156,Chore,Baixa,2026-04-27 10:54:46,,Aberto
ISS-C01-P03-001357,C01-P03,C01-E0165,Debito Tecnico,Baixa,2026-04-14 17:35:37,2026-05-25 17:35:37,Fechado
ISS-C01-P03-001358,C01-P03,C01-E0251,Bug,Baixa,2026-04-06 14:03:17,2026-04-17 14:03:17,Fechado
ISS-C01-P03-001359,C01-P03,C01-E0185,Feature,Media,2026-04-01 08:44:12,2026-05-16 08:44:12,Fechado
ISS-C01-P03-001360,C01-P03,C01-E0346,Bug,Alta,2026-04-26 12:23:39,2026-06-08 12:23:39,Fechado
ISS-C01-P03-001361,C01-P03,C01-E0019,Debito Tecnico,Media,2026-04-24 07:46:01,2026-05-31 07:46:01,Fechado
ISS-C01-P03-001362,C01-P03,C01-E0286,Bug,Baixa,2026-04-17 14:38:24,2026-04-18 14:38:24,Fechado
ISS-C01-P03-001363,C01-P03,C01-E0098,Debito Tecnico,Media,2026-04-08 15:20:09,2026-05-13 15:20:09,Fechado
ISS-C01-P03-001364,C01-P03,C01-E0169,Feature,Media,2026-04-14 08:06:07,2026-05-10 08:06:07,Fechado
ISS-C01-P03-001365,C01-P03,C01-E0351,Debito Tecnico,Alta,2026-04-24 17:12:45,2026-05-10 17:12:45,Fechado
ISS-C01-P03-001366,C01-P03,C01-E0295,Debito Tecnico,Baixa,2026-04-12 21:19:40,2026-05-02 21:19:40,Fechado
ISS-C01-P03-001367,C01-P03,C01-E0327,Feature,Baixa,2026-04-12 14:47:36,2026-04-20 14:47:36,Fechado
ISS-C01-P03-001368,C01-P03,C01-E0019,Feature,Baixa,2026-04-27 11:54:43,,Em Andamento
ISS-C01-P03-001369,C01-P03,C01-E0048,Bug,Media,2026-04-11 08:00:21,,Aberto
ISS-C01-P03-001370,C01-P03,C01-E0045,Feature,Media,2026-04-10 17:52:25,2026-04-13 17:52:25,Fechado
ISS-C01-P03-001371,C01-P03,C01-E0080,Bug,Critica,2026-04-30 20:34:34,2026-05-08 20:34:34,Fechado
ISS-C01-P03-001372,C01-P03,C01-E0317,Debito Tecnico,Media,2026-04-28 12:52:28,2026-05-16 12:52:28,Fechado
ISS-C01-P03-001373,C01-P03,C01-E0178,Bug,Media,2026-04-07 12:15:21,,Aberto
ISS-C01-P03-001374,C01-P03,C01-E0354,Debito Tecnico,Baixa,2026-04-11 15:05:16,,Aberto
ISS-C01-P03-001375,C01-P03,C01-E0348,Feature,Baixa,2026-04-28 19:49:07,2026-05-24 19:49:07,Fechado
ISS-C01-P03-001376,C01-P03,C01-E0100,Debito Tecnico,Baixa,2026-04-05 21:07:37,,Em Andamento
ISS-C01-P03-001377,C01-P03,C01-E0324,Bug,Baixa,2026-04-06 20:30:26,,Aberto
ISS-C01-P03-001378,C01-P03,C01-E0037,Bug,Baixa,2026-04-20 07:32:28,2026-05-27 07:32:28,Fechado
ISS-C01-P03-001379,C01-P03,C01-E0018,Debito Tecnico,Media,2026-04-24 12:13:36,,Aberto
ISS-C01-P03-001380,C01-P03,C01-E0078,Bug,Critica,2026-04-07 08:25:10,,Em Andamento
ISS-C01-P03-001381,C01-P03,C01-E0091,Chore,Media,2026-04-23 14:14:30,2026-05-22 14:14:30,Fechado
ISS-C01-P03-001382,C01-P03,C01-E0331,Bug,Baixa,2026-04-20 07:33:56,2026-04-25 07:33:56,Fechado
ISS-C01-P03-001383,C01-P03,C01-E0123,Bug,Alta,2026-05-06 21:27:32,2026-05-07 21:27:32,Fechado
ISS-C01-P03-001384,C01-P03,C01-E0334,Feature,Media,2026-05-17 20:37:12,,Em Andamento
ISS-C01-P03-001385,C01-P03,C01-E0023,Bug,Media,2026-05-22 10:46:26,2026-05-29 10:46:26,Fechado
ISS-C01-P03-001386,C01-P03,C01-E0321,Feature,Alta,2026-05-31 07:00:16,2026-06-12 07:00:16,Fechado
ISS-C01-P03-001387,C01-P03,C01-E0292,Bug,Media,2026-05-14 09:58:44,2026-06-05 09:58:44,Fechado
ISS-C01-P03-001388,C01-P03,C01-E0209,Feature,Baixa,2026-05-11 19:15:30,2026-06-18 19:15:30,Fechado
ISS-C01-P03-001389,C01-P03,C01-E0061,Debito Tecnico,Alta,2026-05-08 07:07:25,2026-06-11 07:07:25,Fechado
ISS-C01-P03-001390,C01-P03,C01-E0224,Bug,Media,2026-05-30 19:27:42,,Aberto
ISS-C01-P03-001391,C01-P03,C01-E0295,Feature,Media,2026-05-10 16:13:45,2026-05-21 16:13:45,Fechado
ISS-C01-P03-001392,C01-P03,C01-E0301,Debito Tecnico,Baixa,2026-05-22 16:05:25,2026-07-05 16:05:25,Fechado
ISS-C01-P03-001393,C01-P03,C01-E0349,Bug,Baixa,2026-05-27 13:17:58,,Em Andamento
ISS-C01-P03-001394,C01-P03,C01-E0144,Chore,Critica,2026-05-23 20:12:01,,Em Andamento
ISS-C01-P03-001395,C01-P03,C01-E0011,Chore,Baixa,2026-05-15 13:09:49,,Aberto
ISS-C01-P03-001396,C01-P03,C01-E0270,Feature,Media,2026-05-04 17:37:55,,Aberto
ISS-C01-P03-001397,C01-P03,C01-E0161,Feature,Media,2026-05-26 21:34:01,,Aberto
ISS-C01-P03-001398,C01-P03,C01-E0147,Chore,Critica,2026-05-09 09:30:23,,Aberto
ISS-C01-P03-001399,C01-P03,C01-E0288,Chore,Media,2026-05-25 13:55:32,,Aberto
ISS-C01-P03-001400,C01-P03,C01-E0300,Debito Tecnico,Media,2026-05-31 09:22:23,,Em Andamento
ISS-C01-P03-001401,C01-P03,C01-E0289,Feature,Alta,2026-05-27 08:54:36,,Aberto
ISS-C01-P03-001402,C01-P03,C01-E0169,Bug,Baixa,2026-05-18 09:22:15,2026-05-24 09:22:15,Fechado
ISS-C01-P03-001403,C01-P03,C01-E0202,Bug,Media,2026-05-16 10:57:54,2026-06-03 10:57:54,Fechado
ISS-C01-P03-001404,C01-P03,C01-E0019,Bug,Alta,2026-05-24 10:55:28,,Em Andamento
ISS-C01-P03-001405,C01-P03,C01-E0049,Debito Tecnico,Baixa,2026-05-07 08:40:22,,Aberto
ISS-C01-P03-001406,C01-P03,C01-E0348,Bug,Baixa,2026-05-21 21:55:23,,Em Andamento
ISS-C01-P03-001407,C01-P03,C01-E0156,Debito Tecnico,Baixa,2026-05-13 21:53:16,2026-05-23 21:53:16,Fechado
ISS-C01-P03-001408,C01-P03,C01-E0222,Feature,Alta,2026-05-08 16:53:27,,Em Andamento
ISS-C01-P03-001409,C01-P03,C01-E0333,Debito Tecnico,Media,2026-05-04 20:36:00,2026-06-09 20:36:00,Fechado
ISS-C01-P03-001410,C01-P03,C01-E0110,Feature,Media,2026-05-08 10:17:47,2026-05-16 10:17:47,Fechado
ISS-C01-P03-001411,C01-P03,C01-E0256,Bug,Alta,2026-05-09 12:17:20,2026-06-15 12:17:20,Fechado
ISS-C01-P03-001412,C01-P03,C01-E0244,Bug,Media,2026-05-24 17:50:23,,Em Andamento
ISS-C01-P03-001413,C01-P03,C01-E0254,Feature,Alta,2026-05-22 12:48:21,2026-06-07 12:48:21,Fechado
ISS-C01-P03-001414,C01-P03,C01-E0021,Bug,Media,2026-05-07 12:55:54,,Aberto
ISS-C01-P03-001415,C01-P03,C01-E0007,Feature,Media,2026-05-26 12:31:36,,Em Andamento
ISS-C01-P03-001416,C01-P03,C01-E0030,Bug,Critica,2026-05-16 16:52:57,2026-05-17 16:52:57,Fechado
ISS-C01-P03-001417,C01-P03,C01-E0027,Feature,Media,2026-05-22 15:23:18,2026-05-26 15:23:18,Fechado
ISS-C01-P03-001418,C01-P03,C01-E0275,Feature,Media,2026-05-18 12:56:59,,Em Andamento
ISS-C01-P03-001419,C01-P03,C01-E0234,Feature,Baixa,2026-05-10 14:51:52,2026-06-23 14:51:52,Fechado
ISS-C01-P03-001420,C01-P03,C01-E0023,Feature,Alta,2026-05-31 21:37:40,2026-06-03 21:37:40,Fechado
ISS-C01-P03-001421,C01-P03,C01-E0136,Debito Tecnico,Baixa,2026-05-01 17:26:21,2026-05-02 17:26:21,Fechado
ISS-C01-P03-001422,C01-P03,C01-E0109,Debito Tecnico,Baixa,2026-06-19 21:48:54,2026-07-29 21:48:54,Fechado
ISS-C01-P03-001423,C01-P03,C01-E0033,Feature,Media,2026-06-21 11:11:28,2026-07-18 11:11:28,Fechado
ISS-C01-P03-001424,C01-P03,C01-E0015,Feature,Alta,2026-06-16 18:46:35,2026-06-27 18:46:35,Fechado
ISS-C01-P03-001425,C01-P03,C01-E0167,Debito Tecnico,Baixa,2026-06-19 13:41:13,2026-07-09 13:41:13,Fechado
ISS-C01-P03-001426,C01-P03,C01-E0240,Debito Tecnico,Media,2026-06-10 19:19:52,,Aberto
ISS-C01-P03-001427,C01-P03,C01-E0019,Debito Tecnico,Media,2026-06-15 09:06:45,2026-07-17 09:06:45,Fechado
ISS-C01-P03-001428,C01-P03,C01-E0244,Bug,Baixa,2026-06-13 16:18:22,,Aberto
ISS-C01-P03-001429,C01-P03,C01-E0291,Feature,Baixa,2026-06-20 16:56:09,2026-07-20 16:56:09,Fechado
ISS-C01-P03-001430,C01-P03,C01-E0310,Chore,Media,2026-06-14 21:07:39,,Aberto
ISS-C01-P03-001431,C01-P03,C01-E0217,Bug,Baixa,2026-06-17 20:17:04,2026-06-30 20:17:04,Fechado
ISS-C01-P03-001432,C01-P03,C01-E0251,Debito Tecnico,Media,2026-06-20 07:35:08,2026-07-27 07:35:08,Fechado
ISS-C01-P03-001433,C01-P03,C01-E0233,Bug,Alta,2026-06-03 13:03:23,,Em Andamento
ISS-C01-P03-001434,C01-P03,C01-E0300,Feature,Baixa,2026-06-18 17:02:00,,Em Andamento
ISS-C01-P03-001435,C01-P03,C01-E0041,Bug,Baixa,2026-06-21 10:07:15,,Em Andamento
ISS-C01-P03-001436,C01-P03,C01-E0153,Debito Tecnico,Media,2026-06-02 18:32:47,2026-07-17 18:32:47,Fechado
ISS-C01-P03-001437,C01-P03,C01-E0351,Debito Tecnico,Alta,2026-06-11 15:52:58,2026-06-14 15:52:58,Fechado
ISS-C01-P03-001438,C01-P03,C01-E0178,Feature,Baixa,2026-06-19 07:38:56,2026-07-22 07:38:56,Fechado
ISS-C01-P03-001439,C01-P03,C01-E0106,Feature,Baixa,2026-06-04 19:24:23,2026-07-05 19:24:23,Fechado
ISS-C01-P03-001440,C01-P03,C01-E0032,Feature,Baixa,2026-06-01 21:44:21,2026-06-12 21:44:21,Fechado
ISS-C01-P03-001441,C01-P03,C01-E0331,Bug,Media,2026-06-18 21:57:02,2026-07-12 21:57:02,Fechado
ISS-C01-P03-001442,C01-P03,C01-E0180,Bug,Media,2026-06-16 11:19:17,2026-06-22 11:19:17,Fechado
ISS-C01-P03-001443,C01-P03,C01-E0078,Chore,Media,2026-06-23 20:29:59,2026-07-20 20:29:59,Fechado
ISS-C01-P03-001444,C01-P03,C01-E0149,Debito Tecnico,Media,2026-06-12 21:37:00,2026-07-17 21:37:00,Fechado
ISS-C01-P03-001445,C01-P03,C01-E0004,Bug,Baixa,2026-06-14 20:54:44,,Aberto
ISS-C01-P03-001446,C01-P03,C01-E0339,Feature,Media,2026-06-15 19:22:41,2026-06-19 19:22:41,Fechado
ISS-C01-P03-001447,C01-P03,C01-E0336,Feature,Critica,2026-06-20 10:05:03,2026-06-27 10:05:03,Fechado
ISS-C01-P03-001448,C01-P03,C01-E0232,Feature,Media,2026-06-28 07:45:04,2026-07-03 07:45:04,Fechado
ISS-C01-P03-001449,C01-P03,C01-E0148,Bug,Media,2026-06-05 21:32:04,2026-06-21 21:32:04,Fechado
ISS-C01-P03-001450,C01-P03,C01-E0308,Feature,Media,2026-06-27 13:35:11,2026-06-28 13:35:11,Fechado
ISS-C01-P03-001451,C01-P03,C01-E0296,Chore,Baixa,2026-06-10 13:26:03,,Em Andamento
ISS-C01-P03-001452,C01-P03,C01-E0289,Bug,Media,2026-06-01 09:50:51,,Aberto
ISS-C01-P03-001453,C01-P03,C01-E0021,Bug,Critica,2026-06-15 17:42:16,2026-06-23 17:42:16,Fechado
ISS-C01-P03-001454,C01-P03,C01-E0358,Debito Tecnico,Critica,2026-06-01 18:02:46,,Em Andamento
ISS-C01-P03-001455,C01-P03,C01-E0159,Bug,Baixa,2026-06-29 12:15:19,,Em Andamento
ISS-C01-P03-001456,C01-P03,C01-E0331,Debito Tecnico,Alta,2026-06-04 19:14:06,2026-06-16 19:14:06,Fechado
ISS-C01-P03-001457,C01-P03,C01-E0058,Chore,Critica,2026-07-22 11:23:58,,Aberto
ISS-C01-P03-001458,C01-P03,C01-E0065,Debito Tecnico,Baixa,2026-07-29 14:40:59,2026-08-05 14:40:59,Fechado
ISS-C01-P03-001459,C01-P03,C01-E0224,Feature,Media,2026-07-17 21:10:17,2026-07-31 21:10:17,Fechado
ISS-C01-P03-001460,C01-P03,C01-E0019,Bug,Media,2026-07-06 12:28:16,2026-07-26 12:28:16,Fechado
ISS-C01-P03-001461,C01-P03,C01-E0252,Bug,Baixa,2026-07-17 18:20:26,2026-08-10 00:00:00,Fechado
ISS-C01-P03-001462,C01-P03,C01-E0007,Debito Tecnico,Alta,2026-07-23 10:42:47,2026-08-10 00:00:00,Fechado
ISS-C01-P03-001463,C01-P03,C01-E0130,Feature,Media,2026-07-13 14:31:06,,Em Andamento
ISS-C01-P03-001464,C01-P03,C01-E0360,Feature,Media,2026-07-24 09:29:51,2026-08-10 00:00:00,Fechado
ISS-C01-P03-001465,C01-P03,C01-E0168,Bug,Baixa,2026-07-09 20:22:16,2026-08-10 00:00:00,Fechado
ISS-C01-P03-001466,C01-P03,C01-E0006,Feature,Alta,2026-07-23 11:19:01,2026-07-24 11:19:01,Fechado
ISS-C01-P03-001467,C01-P03,C01-E0321,Feature,Baixa,2026-07-02 17:26:08,2026-08-02 17:26:08,Fechado
ISS-C01-P03-001468,C01-P03,C01-E0294,Debito Tecnico,Critica,2026-07-05 08:36:32,2026-08-07 08:36:32,Fechado
ISS-C01-P03-001469,C01-P03,C01-E0303,Debito Tecnico,Critica,2026-07-13 18:31:22,2026-08-05 18:31:22,Fechado
ISS-C01-P03-001470,C01-P03,C01-E0228,Debito Tecnico,Media,2026-07-08 09:27:02,,Aberto
ISS-C01-P03-001471,C01-P03,C01-E0290,Bug,Alta,2026-07-02 08:55:47,,Em Andamento
ISS-C01-P03-001472,C01-P03,C01-E0032,Bug,Baixa,2026-07-25 12:46:12,,Aberto
ISS-C01-P03-001473,C01-P03,C01-E0007,Chore,Media,2026-07-16 14:36:40,2026-07-22 14:36:40,Fechado
ISS-C01-P03-001474,C01-P03,C01-E0292,Feature,Baixa,2026-07-16 12:30:30,2026-08-10 00:00:00,Fechado
ISS-C01-P03-001475,C01-P03,C01-E0126,Debito Tecnico,Media,2026-07-18 15:12:41,2026-08-09 15:12:41,Fechado
ISS-C01-P03-001476,C01-P03,C01-E0025,Bug,Media,2026-07-19 10:51:41,2026-07-28 10:51:41,Fechado
ISS-C01-P03-001477,C01-P03,C01-E0348,Debito Tecnico,Baixa,2026-07-18 20:40:23,2026-07-28 20:40:23,Fechado
ISS-C01-P03-001478,C01-P03,C01-E0357,Bug,Alta,2026-07-10 17:55:45,,Em Andamento
ISS-C01-P03-001479,C01-P03,C01-E0101,Bug,Critica,2026-07-30 08:07:39,2026-08-10 08:07:39,Fechado
ISS-C01-P03-001480,C01-P03,C01-E0097,Bug,Media,2026-07-08 15:02:10,,Em Andamento
ISS-C01-P03-001481,C01-P03,C01-E0099,Feature,Baixa,2026-07-08 14:05:52,2026-07-20 14:05:52,Fechado
ISS-C01-P03-001482,C01-P03,C01-E0222,Debito Tecnico,Media,2026-07-12 15:21:31,,Aberto
ISS-C01-P03-001483,C01-P03,C01-E0207,Bug,Media,2026-07-02 11:43:50,,Em Andamento
ISS-C01-P03-001484,C01-P03,C01-E0033,Feature,Alta,2026-07-06 15:36:26,2026-08-10 00:00:00,Fechado
ISS-C01-P03-001485,C01-P03,C01-E0311,Chore,Baixa,2026-07-30 16:26:36,,Em Andamento
ISS-C01-P03-001486,C01-P03,C01-E0170,Bug,Alta,2026-07-16 07:10:28,,Em Andamento
ISS-C01-P03-001487,C01-P03,C01-E0351,Debito Tecnico,Media,2026-07-02 09:35:37,2026-07-26 09:35:37,Fechado
ISS-C01-P03-001488,C01-P03,C01-E0165,Debito Tecnico,Media,2026-07-28 07:00:02,,Aberto
ISS-C01-P03-001489,C01-P03,C01-E0270,Bug,Alta,2026-07-31 18:30:05,2026-08-10 00:00:00,Fechado
ISS-C01-P04-001490,C01-P04,C01-E0110,Bug,Media,2025-08-13 14:19:18,2025-09-03 14:19:18,Fechado
ISS-C01-P04-001491,C01-P04,C01-E0180,Bug,Alta,2025-08-25 18:13:59,2025-08-29 18:13:59,Fechado
ISS-C01-P04-001492,C01-P04,C01-E0334,Debito Tecnico,Baixa,2025-08-12 11:03:44,2025-09-25 11:03:44,Fechado
ISS-C01-P04-001493,C01-P04,C01-E0167,Chore,Media,2025-08-12 08:12:28,2025-08-30 08:12:28,Fechado
ISS-C01-P04-001494,C01-P04,C01-E0132,Feature,Baixa,2025-08-28 13:44:51,,Aberto
ISS-C01-P04-001495,C01-P04,C01-E0285,Bug,Alta,2025-08-28 14:31:34,2025-10-02 14:31:34,Fechado
ISS-C01-P04-001496,C01-P04,C01-E0062,Bug,Baixa,2025-08-07 19:12:53,,Aberto
ISS-C01-P04-001497,C01-P04,C01-E0011,Debito Tecnico,Baixa,2025-08-02 07:09:37,,Em Andamento
ISS-C01-P04-001498,C01-P04,C01-E0327,Feature,Media,2025-08-24 09:42:24,2025-08-31 09:42:24,Fechado
ISS-C01-P04-001499,C01-P04,C01-E0107,Debito Tecnico,Media,2025-08-16 19:57:56,2025-09-15 19:57:56,Fechado
ISS-C01-P04-001500,C01-P04,C01-E0209,Bug,Media,2025-08-15 10:43:36,2025-09-08 10:43:36,Fechado
ISS-C01-P04-001501,C01-P04,C01-E0169,Feature,Media,2025-08-16 09:15:47,,Aberto
ISS-C01-P04-001502,C01-P04,C01-E0098,Bug,Media,2025-08-20 09:25:38,2025-09-16 09:25:38,Fechado
ISS-C01-P04-001503,C01-P04,C01-E0295,Feature,Baixa,2025-08-07 11:23:30,2025-09-16 11:23:30,Fechado
ISS-C01-P04-001504,C01-P04,C01-E0311,Feature,Critica,2025-08-16 20:36:23,2025-09-26 20:36:23,Fechado
ISS-C01-P04-001505,C01-P04,C01-E0255,Feature,Media,2025-08-10 14:18:26,2025-09-19 14:18:26,Fechado
ISS-C01-P04-001506,C01-P04,C01-E0191,Feature,Alta,2025-08-15 09:04:05,2025-09-11 09:04:05,Fechado
ISS-C01-P04-001507,C01-P04,C01-E0007,Debito Tecnico,Media,2025-08-18 21:24:27,2025-08-21 21:24:27,Fechado
ISS-C01-P04-001508,C01-P04,C01-E0018,Chore,Critica,2025-08-24 15:45:41,2025-08-27 15:45:41,Fechado
ISS-C01-P04-001509,C01-P04,C01-E0321,Bug,Baixa,2025-08-11 11:26:28,,Em Andamento
ISS-C01-P04-001510,C01-P04,C01-E0022,Chore,Baixa,2025-08-29 18:04:28,2025-09-30 18:04:28,Fechado
ISS-C01-P04-001511,C01-P04,C01-E0042,Bug,Critica,2025-08-25 10:23:24,,Em Andamento
ISS-C01-P04-001512,C01-P04,C01-E0299,Bug,Media,2025-08-19 14:57:55,2025-09-02 14:57:55,Fechado
ISS-C01-P04-001513,C01-P04,C01-E0025,Bug,Media,2025-08-27 07:33:21,,Em Andamento
ISS-C01-P04-001514,C01-P04,C01-E0334,Chore,Media,2025-08-12 11:24:38,,Aberto
ISS-C01-P04-001515,C01-P04,C01-E0168,Feature,Critica,2025-08-22 07:09:15,2025-08-26 07:09:15,Fechado
ISS-C01-P04-001516,C01-P04,C01-E0057,Debito Tecnico,Alta,2025-08-15 14:48:26,,Aberto
ISS-C01-P04-001517,C01-P04,C01-E0059,Bug,Critica,2025-08-07 15:12:09,2025-09-05 15:12:09,Fechado
ISS-C01-P04-001518,C01-P04,C01-E0263,Bug,Media,2025-08-26 14:36:09,,Aberto
ISS-C01-P04-001519,C01-P04,C01-E0145,Bug,Baixa,2025-08-09 19:22:51,,Aberto
ISS-C01-P04-001520,C01-P04,C01-E0299,Debito Tecnico,Media,2025-08-23 18:04:26,,Em Andamento
ISS-C01-P04-001521,C01-P04,C01-E0345,Chore,Alta,2025-08-06 20:17:11,2025-09-10 20:17:11,Fechado
ISS-C01-P04-001522,C01-P04,C01-E0096,Debito Tecnico,Baixa,2025-08-26 13:41:07,,Em Andamento
ISS-C01-P04-001523,C01-P04,C01-E0025,Bug,Alta,2025-08-02 10:11:25,2025-08-09 10:11:25,Fechado
ISS-C01-P04-001524,C01-P04,C01-E0295,Feature,Baixa,2025-08-07 18:00:30,,Em Andamento
ISS-C01-P04-001525,C01-P04,C01-E0106,Debito Tecnico,Media,2025-11-29 14:45:43,,Aberto
ISS-C01-P04-001526,C01-P04,C01-E0014,Debito Tecnico,Media,2025-11-14 10:26:25,,Aberto
ISS-C01-P04-001527,C01-P04,C01-E0029,Feature,Baixa,2025-11-11 10:48:42,,Em Andamento
ISS-C01-P04-001528,C01-P04,C01-E0059,Feature,Media,2025-11-05 16:04:36,2025-12-14 16:04:36,Fechado
ISS-C01-P04-001529,C01-P04,C01-E0169,Feature,Baixa,2025-11-17 21:07:26,2025-12-23 21:07:26,Fechado
ISS-C01-P04-001530,C01-P04,C01-E0209,Feature,Baixa,2025-11-28 16:00:13,,Em Andamento
ISS-C01-P04-001531,C01-P04,C01-E0195,Bug,Media,2025-11-04 12:34:08,,Aberto
ISS-C01-P04-001532,C01-P04,C01-E0096,Chore,Baixa,2025-11-22 13:20:57,,Em Andamento
ISS-C01-P04-001533,C01-P04,C01-E0050,Bug,Media,2025-11-19 12:34:13,2025-12-04 12:34:13,Fechado
ISS-C01-P04-001534,C01-P04,C01-E0084,Feature,Media,2025-11-21 07:18:05,2025-12-08 07:18:05,Fechado
ISS-C01-P04-001535,C01-P04,C01-E0055,Bug,Media,2025-11-10 16:27:20,2025-11-23 16:27:20,Fechado
ISS-C01-P04-001536,C01-P04,C01-E0027,Feature,Media,2025-11-08 17:34:25,,Aberto
ISS-C01-P04-001537,C01-P04,C01-E0202,Feature,Baixa,2025-11-03 07:14:42,,Em Andamento
ISS-C01-P04-001538,C01-P04,C01-E0321,Feature,Baixa,2025-11-30 13:40:07,2026-01-05 13:40:07,Fechado
ISS-C01-P04-001539,C01-P04,C01-E0245,Feature,Alta,2025-11-24 17:46:01,2026-01-07 17:46:01,Fechado
ISS-C01-P04-001540,C01-P04,C01-E0285,Bug,Media,2025-11-29 11:06:41,2025-12-05 11:06:41,Fechado
ISS-C01-P04-001541,C01-P04,C01-E0169,Feature,Media,2025-11-09 08:20:14,2025-11-30 08:20:14,Fechado
ISS-C01-P04-001542,C01-P04,C01-E0210,Feature,Media,2025-11-08 21:28:46,2025-11-20 21:28:46,Fechado
ISS-C01-P04-001543,C01-P04,C01-E0094,Chore,Media,2025-11-14 19:57:11,2025-12-13 19:57:11,Fechado
ISS-C01-P04-001544,C01-P04,C01-E0252,Bug,Baixa,2025-11-20 13:35:04,2025-12-31 13:35:04,Fechado
ISS-C01-P04-001545,C01-P04,C01-E0112,Feature,Baixa,2025-11-03 16:32:40,2025-12-18 16:32:40,Fechado
ISS-C01-P04-001546,C01-P04,C01-E0226,Feature,Critica,2025-11-06 08:07:06,,Em Andamento
ISS-C01-P04-001547,C01-P04,C01-E0021,Feature,Media,2025-11-08 13:12:44,2025-12-01 13:12:44,Fechado
ISS-C01-P04-001548,C01-P04,C01-E0066,Debito Tecnico,Media,2025-11-20 18:46:49,,Aberto
ISS-C01-P04-001549,C01-P04,C01-E0240,Debito Tecnico,Baixa,2025-11-25 07:30:59,2025-12-07 07:30:59,Fechado
ISS-C01-P04-001550,C01-P04,C01-E0182,Chore,Media,2025-11-16 09:21:25,2025-11-19 09:21:25,Fechado
ISS-C01-P04-001551,C01-P04,C01-E0130,Debito Tecnico,Alta,2025-11-26 09:55:34,2025-12-27 09:55:34,Fechado
ISS-C01-P04-001552,C01-P04,C01-E0343,Feature,Alta,2025-11-13 13:01:15,,Aberto
ISS-C01-P04-001553,C01-P04,C01-E0263,Feature,Baixa,2025-11-14 07:38:31,,Em Andamento
ISS-C01-P04-001554,C01-P04,C01-E0346,Bug,Critica,2025-11-22 08:37:18,,Em Andamento
ISS-C01-P04-001555,C01-P04,C01-E0028,Feature,Baixa,2025-11-26 20:03:36,2025-11-30 20:03:36,Fechado
ISS-C01-P04-001556,C01-P04,C01-E0256,Feature,Alta,2025-11-10 19:24:07,2025-11-28 19:24:07,Fechado
ISS-C01-P04-001557,C01-P04,C01-E0185,Chore,Alta,2025-11-02 10:35:40,2025-12-05 10:35:40,Fechado
ISS-C01-P04-001558,C01-P04,C01-E0111,Bug,Media,2025-11-02 09:58:31,,Em Andamento
ISS-C01-P04-001559,C01-P04,C01-E0146,Chore,Alta,2025-11-25 13:12:33,2025-12-04 13:12:33,Fechado
ISS-C01-P04-001560,C01-P04,C01-E0311,Bug,Alta,2025-11-01 08:34:25,,Em Andamento
ISS-C01-P04-001561,C01-P04,C01-E0060,Bug,Baixa,2025-11-13 16:54:12,,Em Andamento
ISS-C01-P04-001562,C01-P04,C01-E0252,Feature,Media,2025-12-23 13:11:16,2026-01-23 13:11:16,Fechado
ISS-C01-P04-001563,C01-P04,C01-E0311,Feature,Media,2025-12-03 11:49:31,,Aberto
ISS-C01-P04-001564,C01-P04,C01-E0300,Bug,Media,2025-12-28 08:17:45,,Aberto
ISS-C01-P04-001565,C01-P04,C01-E0292,Chore,Media,2025-12-11 16:43:54,2025-12-30 16:43:54,Fechado
ISS-C01-P04-001566,C01-P04,C01-E0142,Bug,Baixa,2025-12-28 09:28:48,2026-01-05 09:28:48,Fechado
ISS-C01-P04-001567,C01-P04,C01-E0148,Debito Tecnico,Media,2025-12-19 20:27:14,2025-12-25 20:27:14,Fechado
ISS-C01-P04-001568,C01-P04,C01-E0073,Feature,Media,2025-12-18 21:55:07,2026-02-01 21:55:07,Fechado
ISS-C01-P04-001569,C01-P04,C01-E0357,Feature,Alta,2025-12-21 21:29:16,2026-01-11 21:29:16,Fechado
ISS-C01-P04-001570,C01-P04,C01-E0156,Feature,Baixa,2025-12-03 19:13:46,2025-12-09 19:13:46,Fechado
ISS-C01-P04-001571,C01-P04,C01-E0189,Bug,Media,2025-12-22 07:37:33,,Em Andamento
ISS-C01-P04-001572,C01-P04,C01-E0021,Debito Tecnico,Alta,2025-12-15 20:20:59,,Em Andamento
ISS-C01-P04-001573,C01-P04,C01-E0342,Debito Tecnico,Baixa,2025-12-10 15:16:37,2025-12-25 15:16:37,Fechado
ISS-C01-P04-001574,C01-P04,C01-E0047,Bug,Baixa,2025-12-07 14:27:20,,Aberto
ISS-C01-P04-001575,C01-P04,C01-E0017,Feature,Baixa,2025-12-30 13:10:19,,Em Andamento
ISS-C01-P04-001576,C01-P04,C01-E0298,Bug,Critica,2025-12-03 14:18:01,2025-12-13 14:18:01,Fechado
ISS-C01-P04-001577,C01-P04,C01-E0318,Debito Tecnico,Alta,2025-12-01 07:15:09,2026-01-07 07:15:09,Fechado
ISS-C01-P04-001578,C01-P04,C01-E0336,Debito Tecnico,Alta,2025-12-31 16:16:41,,Em Andamento
ISS-C01-P04-001579,C01-P04,C01-E0351,Bug,Media,2025-12-24 18:26:06,,Em Andamento
ISS-C01-P04-001580,C01-P04,C01-E0234,Bug,Baixa,2025-12-27 21:09:25,,Aberto
ISS-C01-P04-001581,C01-P04,C01-E0066,Bug,Media,2025-12-04 13:41:32,2026-01-07 13:41:32,Fechado
ISS-C01-P04-001582,C01-P04,C01-E0288,Bug,Baixa,2025-12-18 17:38:59,2025-12-25 17:38:59,Fechado
ISS-C01-P04-001583,C01-P04,C01-E0153,Debito Tecnico,Alta,2025-12-27 21:32:41,2026-01-27 21:32:41,Fechado
ISS-C01-P04-001584,C01-P04,C01-E0308,Bug,Baixa,2025-12-10 21:28:33,,Em Andamento
ISS-C01-P04-001585,C01-P04,C01-E0210,Feature,Media,2025-12-06 08:31:22,2025-12-09 08:31:22,Fechado
ISS-C01-P04-001586,C01-P04,C01-E0269,Chore,Alta,2025-12-10 09:41:47,,Aberto
ISS-C01-P04-001587,C01-P04,C01-E0107,Bug,Alta,2025-12-14 12:27:21,,Aberto
ISS-C01-P04-001588,C01-P04,C01-E0131,Bug,Baixa,2025-12-23 10:56:49,2026-01-07 10:56:49,Fechado
ISS-C01-P04-001589,C01-P04,C01-E0275,Debito Tecnico,Media,2025-12-15 19:31:45,,Em Andamento
ISS-C01-P04-001590,C01-P04,C01-E0245,Bug,Critica,2025-12-31 20:15:13,,Aberto
ISS-C01-P04-001591,C01-P04,C01-E0029,Bug,Media,2025-12-24 10:38:24,,Aberto
ISS-C01-P04-001592,C01-P04,C01-E0065,Debito Tecnico,Media,2025-12-13 10:03:36,2026-01-19 10:03:36,Fechado
ISS-C01-P04-001593,C01-P04,C01-E0015,Feature,Media,2025-12-02 07:22:21,,Aberto
ISS-C01-P04-001594,C01-P04,C01-E0203,Bug,Critica,2025-12-19 09:11:09,,Aberto
ISS-C01-P04-001595,C01-P04,C01-E0129,Bug,Baixa,2025-12-21 15:07:26,2026-02-02 15:07:26,Fechado
ISS-C01-P04-001596,C01-P04,C01-E0011,Feature,Media,2025-12-16 10:29:59,2026-01-15 10:29:59,Fechado
ISS-C01-P04-001597,C01-P04,C01-E0361,Chore,Media,2025-12-01 10:42:15,2025-12-13 10:42:15,Fechado
ISS-C01-P04-001598,C01-P04,C01-E0060,Chore,Baixa,2025-12-22 09:35:30,2026-01-28 09:35:30,Fechado
ISS-C01-P04-001599,C01-P04,C01-E0303,Bug,Media,2025-12-03 13:20:47,2025-12-18 13:20:47,Fechado
ISS-C01-P04-001600,C01-P04,C01-E0287,Bug,Media,2025-12-30 07:00:38,2026-02-06 07:00:38,Fechado
ISS-C01-P04-001601,C01-P04,C01-E0275,Debito Tecnico,Media,2025-12-11 19:57:54,2026-01-09 19:57:54,Fechado
ISS-C01-P04-001602,C01-P04,C01-E0028,Feature,Alta,2026-01-29 20:20:49,2026-02-26 20:20:49,Fechado
ISS-C01-P04-001603,C01-P04,C01-E0080,Bug,Alta,2026-01-16 14:54:06,2026-01-17 14:54:06,Fechado
ISS-C01-P04-001604,C01-P04,C01-E0064,Debito Tecnico,Critica,2026-01-09 19:22:42,,Aberto
ISS-C01-P04-001605,C01-P04,C01-E0111,Bug,Media,2026-01-05 07:46:39,,Aberto
ISS-C01-P04-001606,C01-P04,C01-E0147,Bug,Media,2026-01-27 08:30:13,2026-02-21 08:30:13,Fechado
ISS-C01-P04-001607,C01-P04,C01-E0331,Bug,Media,2026-01-30 20:49:04,2026-02-18 20:49:04,Fechado
ISS-C01-P04-001608,C01-P04,C01-E0164,Bug,Alta,2026-01-30 15:04:43,2026-02-27 15:04:43,Fechado
ISS-C01-P04-001609,C01-P04,C01-E0252,Feature,Alta,2026-01-16 14:36:13,2026-02-11 14:36:13,Fechado
ISS-C01-P04-001610,C01-P04,C01-E0060,Bug,Alta,2026-01-02 12:03:12,2026-01-03 12:03:12,Fechado
ISS-C01-P04-001611,C01-P04,C01-E0123,Bug,Media,2026-01-03 14:47:10,,Aberto
ISS-C01-P04-001612,C01-P04,C01-E0104,Chore,Critica,2026-01-31 20:43:20,2026-03-13 20:43:20,Fechado
ISS-C01-P04-001613,C01-P04,C01-E0284,Bug,Alta,2026-01-28 07:21:12,2026-03-08 07:21:12,Fechado
ISS-C01-P04-001614,C01-P04,C01-E0049,Bug,Alta,2026-01-07 17:31:00,2026-01-14 17:31:00,Fechado
ISS-C01-P04-001615,C01-P04,C01-E0152,Bug,Baixa,2026-01-24 13:52:58,,Em Andamento
ISS-C01-P04-001616,C01-P04,C01-E0237,Debito Tecnico,Critica,2026-01-10 15:42:00,,Aberto
ISS-C01-P04-001617,C01-P04,C01-E0211,Bug,Media,2026-01-20 13:47:44,2026-01-28 13:47:44,Fechado
ISS-C01-P04-001618,C01-P04,C01-E0318,Feature,Alta,2026-01-12 11:26:08,,Aberto
ISS-C01-P04-001619,C01-P04,C01-E0283,Feature,Critica,2026-01-11 12:38:39,2026-02-09 12:38:39,Fechado
ISS-C01-P04-001620,C01-P04,C01-E0295,Bug,Baixa,2026-01-09 08:38:04,,Em Andamento
ISS-C01-P04-001621,C01-P04,C01-E0346,Bug,Media,2026-01-27 18:45:33,2026-02-28 18:45:33,Fechado
ISS-C01-P04-001622,C01-P04,C01-E0006,Feature,Critica,2026-01-25 07:33:27,2026-01-27 07:33:27,Fechado
ISS-C01-P04-001623,C01-P04,C01-E0335,Chore,Media,2026-01-29 13:52:20,2026-02-11 13:52:20,Fechado
ISS-C01-P04-001624,C01-P04,C01-E0057,Debito Tecnico,Alta,2026-01-21 20:36:47,,Em Andamento
ISS-C01-P04-001625,C01-P04,C01-E0123,Bug,Media,2026-01-15 14:19:40,2026-02-14 14:19:40,Fechado
ISS-C01-P04-001626,C01-P04,C01-E0025,Chore,Alta,2026-01-24 15:26:40,,Aberto
ISS-C01-P04-001627,C01-P04,C01-E0055,Debito Tecnico,Baixa,2026-01-28 12:59:50,,Em Andamento
ISS-C01-P04-001628,C01-P04,C01-E0136,Feature,Media,2026-01-12 21:55:38,,Em Andamento
ISS-C01-P04-001629,C01-P04,C01-E0015,Feature,Critica,2026-01-26 16:51:42,,Aberto
ISS-C01-P04-001630,C01-P04,C01-E0275,Feature,Media,2026-01-13 12:50:56,,Aberto
ISS-C01-P04-001631,C01-P04,C01-E0286,Feature,Alta,2026-01-18 19:57:36,2026-01-22 19:57:36,Fechado
ISS-C01-P04-001632,C01-P04,C01-E0019,Bug,Baixa,2026-01-20 08:08:28,2026-01-24 08:08:28,Fechado
ISS-C01-P04-001633,C01-P04,C01-E0004,Feature,Baixa,2026-01-10 21:49:24,2026-02-20 21:49:24,Fechado
ISS-C01-P04-001634,C01-P04,C01-E0017,Bug,Alta,2026-01-01 15:05:32,2026-01-02 15:05:32,Fechado
ISS-C01-P04-001635,C01-P04,C01-E0343,Debito Tecnico,Media,2026-01-07 14:06:16,,Em Andamento
ISS-C01-P04-001636,C01-P04,C01-E0059,Bug,Critica,2026-01-31 08:09:22,2026-02-05 08:09:22,Fechado
ISS-C01-P04-001637,C01-P04,C01-E0124,Feature,Baixa,2026-01-13 10:37:50,,Em Andamento
ISS-C01-P04-001638,C01-P04,C01-E0247,Feature,Media,2026-01-10 11:32:39,2026-02-19 11:32:39,Fechado
ISS-C01-P04-001639,C01-P04,C01-E0286,Bug,Baixa,2026-01-13 14:16:54,2026-01-20 14:16:54,Fechado
ISS-C01-P04-001640,C01-P04,C01-E0252,Bug,Media,2026-01-17 20:17:06,2026-02-25 20:17:06,Fechado
ISS-C01-P04-001641,C01-P04,C01-E0319,Debito Tecnico,Baixa,2026-01-09 08:35:51,,Aberto
ISS-C01-P04-001642,C01-P04,C01-E0205,Feature,Baixa,2026-01-10 16:42:48,2026-02-10 16:42:48,Fechado
ISS-C01-P04-001643,C01-P04,C01-E0203,Bug,Alta,2026-01-03 10:19:07,2026-01-08 10:19:07,Fechado
ISS-C01-P04-001644,C01-P04,C01-E0045,Feature,Media,2026-01-07 19:50:48,,Aberto
ISS-C01-P04-001645,C01-P04,C01-E0050,Bug,Media,2026-01-13 21:26:21,2026-02-04 21:26:21,Fechado
ISS-C01-P04-001646,C01-P04,C01-E0313,Bug,Alta,2026-01-10 09:11:59,,Em Andamento
ISS-C01-P04-001647,C01-P04,C01-E0090,Debito Tecnico,Baixa,2026-05-18 10:49:00,2026-06-12 10:49:00,Fechado
ISS-C01-P04-001648,C01-P04,C01-E0330,Feature,Media,2026-05-16 15:11:11,,Em Andamento
ISS-C01-P04-001649,C01-P04,C01-E0014,Feature,Media,2026-05-15 21:09:41,,Em Andamento
ISS-C01-P04-001650,C01-P04,C01-E0015,Debito Tecnico,Baixa,2026-05-14 15:10:35,,Em Andamento
ISS-C01-P04-001651,C01-P04,C01-E0168,Bug,Baixa,2026-05-24 12:59:28,,Aberto
ISS-C01-P04-001652,C01-P04,C01-E0303,Bug,Alta,2026-05-07 12:22:35,2026-05-11 12:22:35,Fechado
ISS-C01-P04-001653,C01-P04,C01-E0222,Bug,Baixa,2026-05-07 20:43:10,2026-06-20 20:43:10,Fechado
ISS-C01-P04-001654,C01-P04,C01-E0004,Chore,Media,2026-05-16 10:51:20,2026-06-04 10:51:20,Fechado
ISS-C01-P04-001655,C01-P04,C01-E0064,Debito Tecnico,Media,2026-05-06 16:07:56,2026-06-09 16:07:56,Fechado
ISS-C01-P04-001656,C01-P04,C01-E0270,Debito Tecnico,Alta,2026-05-13 18:46:25,,Aberto
ISS-C01-P04-001657,C01-P04,C01-E0203,Bug,Media,2026-05-16 20:27:56,2026-05-17 20:27:56,Fechado
ISS-C01-P04-001658,C01-P04,C01-E0182,Feature,Alta,2026-05-17 10:24:23,,Aberto
ISS-C01-P04-001659,C01-P04,C01-E0301,Feature,Baixa,2026-05-03 16:08:06,,Aberto
ISS-C01-P04-001660,C01-P04,C01-E0234,Bug,Media,2026-05-05 17:03:37,2026-05-15 17:03:37,Fechado
ISS-C01-P04-001661,C01-P04,C01-E0237,Bug,Baixa,2026-05-18 08:07:31,2026-06-23 08:07:31,Fechado
ISS-C01-P04-001662,C01-P04,C01-E0270,Debito Tecnico,Critica,2026-05-19 11:04:58,,Aberto
ISS-C01-P04-001663,C01-P04,C01-E0334,Debito Tecnico,Media,2026-05-17 15:59:38,,Em Andamento
ISS-C01-P04-001664,C01-P04,C01-E0343,Feature,Media,2026-05-03 20:29:49,2026-06-05 20:29:49,Fechado
ISS-C01-P04-001665,C01-P04,C01-E0061,Chore,Media,2026-05-26 16:39:40,2026-06-09 16:39:40,Fechado
ISS-C01-P04-001666,C01-P04,C01-E0188,Chore,Baixa,2026-05-13 15:56:27,,Aberto
ISS-C01-P04-001667,C01-P04,C01-E0290,Bug,Media,2026-05-01 21:02:35,,Aberto
ISS-C01-P04-001668,C01-P04,C01-E0263,Feature,Baixa,2026-05-12 17:29:14,2026-05-13 17:29:14,Fechado
ISS-C01-P04-001669,C01-P04,C01-E0336,Feature,Baixa,2026-05-06 21:00:58,,Em Andamento
ISS-C01-P04-001670,C01-P04,C01-E0096,Debito Tecnico,Media,2026-05-04 08:04:55,2026-06-11 08:04:55,Fechado
ISS-C01-P04-001671,C01-P04,C01-E0196,Debito Tecnico,Critica,2026-05-24 13:14:13,2026-06-16 13:14:13,Fechado
ISS-C01-P04-001672,C01-P04,C01-E0067,Feature,Media,2026-05-31 21:06:03,2026-06-21 21:06:03,Fechado
ISS-C01-P04-001673,C01-P04,C01-E0286,Bug,Critica,2026-05-10 17:27:10,2026-05-20 17:27:10,Fechado
ISS-C01-P04-001674,C01-P04,C01-E0049,Bug,Critica,2026-05-21 20:12:25,,Em Andamento
ISS-C01-P04-001675,C01-P04,C01-E0082,Debito Tecnico,Alta,2026-05-11 09:38:42,2026-05-20 09:38:42,Fechado
ISS-C01-P04-001676,C01-P04,C01-E0112,Bug,Baixa,2026-05-20 11:04:48,,Aberto
ISS-C01-P04-001677,C01-P04,C01-E0289,Bug,Media,2026-05-26 15:16:34,2026-06-03 15:16:34,Fechado
ISS-C01-P04-001678,C01-P04,C01-E0284,Bug,Alta,2026-05-26 09:49:57,2026-06-22 09:49:57,Fechado
ISS-C01-P04-001679,C01-P04,C01-E0048,Bug,Media,2026-05-02 17:35:03,,Aberto
ISS-C01-P04-001680,C01-P04,C01-E0045,Feature,Media,2026-05-02 13:03:04,,Aberto
ISS-C01-P04-001681,C01-P04,C01-E0173,Feature,Alta,2026-05-11 16:35:35,,Aberto
ISS-C01-P04-001682,C01-P04,C01-E0308,Feature,Media,2026-05-13 21:38:37,2026-06-16 21:38:37,Fechado
ISS-C01-P04-001683,C01-P04,C01-E0055,Bug,Baixa,2026-05-03 16:06:57,2026-06-17 16:06:57,Fechado
ISS-C01-P04-001684,C01-P04,C01-E0050,Chore,Baixa,2026-05-22 20:00:01,2026-06-19 20:00:01,Fechado
ISS-C01-P04-001685,C01-P04,C01-E0159,Bug,Alta,2026-05-19 21:15:09,2026-06-17 21:15:09,Fechado
ISS-C01-P04-001686,C01-P04,C01-E0154,Bug,Media,2026-05-03 09:17:54,,Em Andamento
ISS-C01-P04-001687,C01-P04,C01-E0110,Bug,Baixa,2026-05-04 21:00:31,,Aberto
ISS-C01-P04-001688,C01-P04,C01-E0061,Feature,Baixa,2026-05-26 19:21:49,,Em Andamento
ISS-C01-P04-001689,C01-P04,C01-E0264,Bug,Alta,2026-05-27 16:12:01,2026-07-02 16:12:01,Fechado
ISS-C01-P04-001690,C01-P04,C01-E0313,Feature,Critica,2026-05-15 19:45:38,2026-06-19 19:45:38,Fechado
ISS-C01-P04-001691,C01-P04,C01-E0037,Debito Tecnico,Media,2026-05-22 21:08:37,,Aberto
ISS-C01-P04-001692,C01-P04,C01-E0099,Feature,Media,2026-05-28 20:36:27,2026-05-29 20:36:27,Fechado
ISS-C01-P04-001693,C01-P04,C01-E0152,Bug,Media,2026-05-31 13:50:14,,Em Andamento
ISS-C01-P04-001694,C01-P04,C01-E0261,Feature,Media,2026-05-13 07:27:52,2026-06-09 07:27:52,Fechado
ISS-C01-P04-001695,C01-P04,C01-E0028,Feature,Alta,2026-05-12 11:47:41,2026-05-18 11:47:41,Fechado
ISS-C01-P04-001696,C01-P04,C01-E0294,Bug,Alta,2026-07-02 21:09:59,2026-07-03 21:09:59,Fechado
ISS-C01-P04-001697,C01-P04,C01-E0123,Feature,Media,2026-07-15 17:51:37,2026-08-10 00:00:00,Fechado
ISS-C01-P04-001698,C01-P04,C01-E0061,Bug,Alta,2026-07-23 16:42:26,2026-08-10 00:00:00,Fechado
ISS-C01-P04-001699,C01-P04,C01-E0191,Chore,Critica,2026-07-06 15:15:59,,Em Andamento
ISS-C01-P04-001700,C01-P04,C01-E0085,Feature,Media,2026-07-14 07:12:58,,Em Andamento
ISS-C01-P04-001701,C01-P04,C01-E0190,Chore,Media,2026-07-12 16:08:00,2026-08-10 00:00:00,Fechado
ISS-C01-P04-001702,C01-P04,C01-E0148,Bug,Media,2026-07-13 18:35:24,,Em Andamento
ISS-C01-P04-001703,C01-P04,C01-E0104,Bug,Media,2026-07-30 07:02:03,2026-08-10 00:00:00,Fechado
ISS-C01-P04-001704,C01-P04,C01-E0131,Chore,Alta,2026-07-06 17:36:41,2026-07-28 17:36:41,Fechado
ISS-C01-P04-001705,C01-P04,C01-E0275,Feature,Media,2026-07-06 16:56:20,,Aberto
ISS-C01-P04-001706,C01-P04,C01-E0025,Debito Tecnico,Baixa,2026-07-30 18:36:00,,Aberto
ISS-C01-P04-001707,C01-P04,C01-E0064,Chore,Baixa,2026-07-03 21:21:16,,Em Andamento
ISS-C01-P04-001708,C01-P04,C01-E0260,Feature,Media,2026-07-06 20:50:13,,Aberto
ISS-C01-P04-001709,C01-P04,C01-E0090,Bug,Media,2026-07-18 08:06:40,2026-08-10 00:00:00,Fechado
ISS-C01-P04-001710,C01-P04,C01-E0006,Feature,Baixa,2026-07-10 07:23:29,2026-08-03 07:23:29,Fechado
ISS-C01-P04-001711,C01-P04,C01-E0301,Debito Tecnico,Alta,2026-07-29 10:18:19,,Aberto
ISS-C01-P04-001712,C01-P04,C01-E0214,Bug,Alta,2026-07-30 13:20:46,,Em Andamento
ISS-C01-P04-001713,C01-P04,C01-E0172,Feature,Critica,2026-07-23 07:42:34,,Em Andamento
ISS-C01-P04-001714,C01-P04,C01-E0355,Debito Tecnico,Media,2026-07-19 18:56:57,2026-07-31 18:56:57,Fechado
ISS-C01-P04-001715,C01-P04,C01-E0165,Feature,Media,2026-07-04 10:02:35,,Em Andamento
ISS-C01-P04-001716,C01-P04,C01-E0111,Bug,Media,2026-07-16 15:25:19,2026-08-10 00:00:00,Fechado
ISS-C01-P04-001717,C01-P04,C01-E0190,Chore,Critica,2026-07-27 10:26:00,2026-08-10 00:00:00,Fechado
ISS-C01-P04-001718,C01-P04,C01-E0148,Feature,Critica,2026-07-29 17:47:38,2026-08-10 00:00:00,Fechado
ISS-C01-P04-001719,C01-P04,C01-E0080,Bug,Baixa,2026-07-29 16:37:38,2026-08-10 00:00:00,Fechado
ISS-C01-P04-001720,C01-P04,C01-E0021,Debito Tecnico,Media,2026-07-10 11:43:24,,Em Andamento
ISS-C01-P04-001721,C01-P04,C01-E0232,Debito Tecnico,Media,2026-07-09 14:33:29,,Aberto
ISS-C01-P04-001722,C01-P04,C01-E0112,Feature,Baixa,2026-07-25 18:14:20,,Em Andamento
ISS-C01-P04-001723,C01-P04,C01-E0225,Debito Tecnico,Alta,2026-07-05 19:52:44,2026-07-25 19:52:44,Fechado
ISS-C01-P04-001724,C01-P04,C01-E0237,Bug,Alta,2026-07-25 20:28:44,2026-08-10 00:00:00,Fechado
ISS-C01-P04-001725,C01-P04,C01-E0073,Feature,Alta,2026-07-24 16:27:22,,Aberto
ISS-C01-P04-001726,C01-P04,C01-E0264,Bug,Baixa,2026-07-26 10:00:01,,Em Andamento
ISS-C01-P04-001727,C01-P04,C01-E0014,Chore,Media,2026-07-25 07:02:40,2026-08-10 00:00:00,Fechado
ISS-C01-P04-001728,C01-P04,C01-E0153,Chore,Alta,2026-07-28 08:32:11,,Em Andamento
ISS-C01-P04-001729,C01-P04,C01-E0083,Bug,Media,2026-07-16 19:14:20,2026-07-20 19:14:20,Fechado
ISS-C01-P04-001730,C01-P04,C01-E0319,Bug,Media,2026-07-13 12:53:39,2026-08-10 00:00:00,Fechado
ISS-C01-P04-001731,C01-P04,C01-E0100,Debito Tecnico,Media,2026-07-18 18:39:43,,Aberto
ISS-C01-P04-001732,C01-P04,C01-E0124,Bug,Critica,2026-07-15 09:09:19,,Aberto
ISS-C01-P04-001733,C01-P04,C01-E0007,Chore,Media,2026-07-24 15:32:01,2026-08-10 00:00:00,Fechado
ISS-C01-P04-001734,C01-P04,C01-E0136,Bug,Alta,2026-07-24 08:39:18,,Em Andamento
ISS-C01-P04-001735,C01-P04,C01-E0223,Feature,Media,2026-07-11 07:05:56,2026-07-15 07:05:56,Fechado
ISS-C01-P04-001736,C01-P04,C01-E0043,Feature,Baixa,2026-07-13 18:56:14,2026-07-21 18:56:14,Fechado
ISS-C01-P04-001737,C01-P04,C01-E0343,Feature,Media,2026-07-09 17:57:08,2026-07-28 17:57:08,Fechado
ISS-C01-P04-001738,C01-P04,C01-E0363,Bug,Baixa,2026-07-30 14:24:55,,Aberto
ISS-C01-P04-001739,C01-P04,C01-E0360,Feature,Media,2026-07-23 07:23:51,,Em Andamento
ISS-C01-P05-001740,C01-P05,C01-E0181,Bug,Critica,2025-06-02 10:44:29,2025-07-01 10:44:29,Fechado
ISS-C01-P05-001741,C01-P05,C01-E0176,Bug,Media,2025-06-30 18:58:07,2025-08-11 18:58:07,Fechado
ISS-C01-P05-001742,C01-P05,C01-E0291,Bug,Media,2025-06-03 07:32:05,2025-06-16 07:32:05,Fechado
ISS-C01-P05-001743,C01-P05,C01-E0022,Feature,Media,2025-06-07 12:53:26,,Aberto
ISS-C01-P05-001744,C01-P05,C01-E0139,Bug,Media,2025-06-03 19:40:52,,Aberto
ISS-C01-P05-001745,C01-P05,C01-E0153,Bug,Critica,2025-06-21 13:01:48,,Em Andamento
ISS-C01-P05-001746,C01-P05,C01-E0110,Bug,Baixa,2025-06-02 15:06:07,2025-07-09 15:06:07,Fechado
ISS-C01-P05-001747,C01-P05,C01-E0287,Bug,Media,2025-06-11 17:15:24,,Aberto
ISS-C01-P05-001748,C01-P05,C01-E0058,Debito Tecnico,Baixa,2025-06-10 19:12:54,,Aberto
ISS-C01-P05-001749,C01-P05,C01-E0132,Feature,Alta,2025-06-26 17:16:57,,Em Andamento
ISS-C01-P05-001750,C01-P05,C01-E0129,Feature,Alta,2025-06-07 13:51:38,,Em Andamento
ISS-C01-P05-001751,C01-P05,C01-E0254,Bug,Alta,2025-06-18 15:13:28,2025-06-20 15:13:28,Fechado
ISS-C01-P05-001752,C01-P05,C01-E0060,Debito Tecnico,Baixa,2025-06-07 19:11:15,2025-06-30 19:11:15,Fechado
ISS-C01-P05-001753,C01-P05,C01-E0351,Feature,Media,2025-06-12 09:58:42,,Aberto
ISS-C01-P05-001754,C01-P05,C01-E0043,Chore,Media,2025-06-02 19:26:14,2025-06-13 19:26:14,Fechado
ISS-C01-P05-001755,C01-P05,C01-E0223,Bug,Media,2025-06-20 10:32:15,2025-06-30 10:32:15,Fechado
ISS-C01-P05-001756,C01-P05,C01-E0286,Feature,Baixa,2025-06-30 11:44:23,,Em Andamento
ISS-C01-P05-001757,C01-P05,C01-E0244,Feature,Media,2025-06-24 08:59:35,2025-07-29 08:59:35,Fechado
ISS-C01-P05-001758,C01-P05,C01-E0245,Bug,Alta,2025-06-08 12:20:14,,Em Andamento
ISS-C01-P05-001759,C01-P05,C01-E0226,Feature,Media,2025-06-30 18:59:19,2025-08-06 18:59:19,Fechado
ISS-C01-P05-001760,C01-P05,C01-E0126,Debito Tecnico,Baixa,2025-06-21 19:07:19,,Em Andamento
ISS-C01-P05-001761,C01-P05,C01-E0027,Debito Tecnico,Media,2025-06-08 07:35:43,2025-07-10 07:35:43,Fechado
ISS-C01-P05-001762,C01-P05,C01-E0238,Chore,Alta,2025-06-02 17:29:23,2025-06-14 17:29:23,Fechado
ISS-C01-P05-001763,C01-P05,C01-E0060,Bug,Baixa,2025-06-01 08:24:50,2025-06-11 08:24:50,Fechado
ISS-C01-P05-001764,C01-P05,C01-E0059,Chore,Baixa,2025-06-07 15:01:40,2025-06-15 15:01:40,Fechado
ISS-C01-P05-001765,C01-P05,C01-E0016,Bug,Baixa,2025-06-13 10:17:47,,Aberto
ISS-C01-P05-001766,C01-P05,C01-E0340,Bug,Media,2025-06-12 09:49:17,2025-06-30 09:49:17,Fechado
ISS-C01-P05-001767,C01-P05,C01-E0067,Bug,Media,2025-06-19 16:33:26,,Em Andamento
ISS-C01-P05-001768,C01-P05,C01-E0080,Chore,Baixa,2025-06-20 18:31:00,2025-07-07 18:31:00,Fechado
ISS-C01-P05-001769,C01-P05,C01-E0091,Chore,Media,2025-06-21 16:10:16,,Em Andamento
ISS-C01-P05-001770,C01-P05,C01-E0188,Bug,Baixa,2025-06-13 08:50:25,2025-06-27 08:50:25,Fechado
ISS-C01-P05-001771,C01-P05,C01-E0264,Bug,Media,2025-06-09 18:18:13,,Aberto
ISS-C01-P05-001772,C01-P05,C01-E0209,Chore,Baixa,2025-06-09 13:57:11,2025-07-17 13:57:11,Fechado
ISS-C01-P05-001773,C01-P05,C01-E0349,Feature,Media,2025-06-25 18:12:53,,Em Andamento
ISS-C01-P05-001774,C01-P05,C01-E0049,Debito Tecnico,Baixa,2025-06-03 07:24:12,2025-07-03 07:24:12,Fechado
ISS-C01-P05-001775,C01-P05,C01-E0029,Bug,Baixa,2025-06-20 12:33:48,,Em Andamento
ISS-C01-P05-001776,C01-P05,C01-E0339,Feature,Media,2025-06-17 20:20:13,,Aberto
ISS-C01-P05-001777,C01-P05,C01-E0334,Bug,Media,2025-06-02 21:40:12,2025-06-04 21:40:12,Fechado
ISS-C01-P05-001778,C01-P05,C01-E0099,Chore,Baixa,2025-06-02 17:36:57,,Em Andamento
ISS-C01-P05-001779,C01-P05,C01-E0302,Bug,Alta,2025-06-20 18:00:09,,Em Andamento
ISS-C01-P05-001780,C01-P05,C01-E0066,Chore,Media,2025-06-17 16:37:22,,Aberto
ISS-C01-P05-001781,C01-P05,C01-E0345,Feature,Critica,2025-06-10 16:22:14,,Em Andamento
ISS-C01-P05-001782,C01-P05,C01-E0290,Bug,Alta,2025-07-17 07:06:23,2025-08-19 07:06:23,Fechado
ISS-C01-P05-001783,C01-P05,C01-E0228,Feature,Media,2025-07-29 09:29:38,2025-08-03 09:29:38,Fechado
ISS-C01-P05-001784,C01-P05,C01-E0195,Bug,Media,2025-07-12 14:03:37,,Aberto
ISS-C01-P05-001785,C01-P05,C01-E0043,Feature,Media,2025-07-28 17:39:22,2025-08-27 17:39:22,Fechado
ISS-C01-P05-001786,C01-P05,C01-E0331,Feature,Media,2025-07-06 21:34:34,,Aberto
ISS-C01-P05-001787,C01-P05,C01-E0224,Debito Tecnico,Alta,2025-07-30 11:18:33,,Em Andamento
ISS-C01-P05-001788,C01-P05,C01-E0028,Feature,Alta,2025-07-24 07:28:21,2025-08-19 07:28:21,Fechado
ISS-C01-P05-001789,C01-P05,C01-E0228,Feature,Alta,2025-07-22 20:02:20,,Em Andamento
ISS-C01-P05-001790,C01-P05,C01-E0083,Bug,Media,2025-07-07 13:11:51,,Aberto
ISS-C01-P05-001791,C01-P05,C01-E0061,Chore,Baixa,2025-07-26 19:22:28,,Em Andamento
ISS-C01-P05-001792,C01-P05,C01-E0182,Chore,Media,2025-07-30 07:25:34,2025-08-19 07:25:34,Fechado
ISS-C01-P05-001793,C01-P05,C01-E0226,Feature,Media,2025-07-28 10:09:23,2025-09-11 10:09:23,Fechado
ISS-C01-P05-001794,C01-P05,C01-E0211,Bug,Alta,2025-07-01 08:33:35,2025-07-29 08:33:35,Fechado
ISS-C01-P05-001795,C01-P05,C01-E0060,Feature,Baixa,2025-07-01 20:14:57,,Em Andamento
ISS-C01-P05-001796,C01-P05,C01-E0232,Bug,Alta,2025-07-19 15:02:49,2025-08-30 15:02:49,Fechado
ISS-C01-P05-001797,C01-P05,C01-E0170,Debito Tecnico,Media,2025-07-16 19:17:38,,Aberto
ISS-C01-P05-001798,C01-P05,C01-E0172,Feature,Baixa,2025-07-21 19:41:14,2025-08-31 19:41:14,Fechado
ISS-C01-P05-001799,C01-P05,C01-E0150,Feature,Media,2025-07-27 18:04:53,,Aberto
ISS-C01-P05-001800,C01-P05,C01-E0110,Feature,Critica,2025-07-17 08:08:42,2025-08-10 08:08:42,Fechado
ISS-C01-P05-001801,C01-P05,C01-E0009,Feature,Critica,2025-07-07 17:30:42,2025-07-27 17:30:42,Fechado
ISS-C01-P05-001802,C01-P05,C01-E0065,Bug,Baixa,2025-07-27 19:22:26,2025-08-03 19:22:26,Fechado
ISS-C01-P05-001803,C01-P05,C01-E0154,Bug,Baixa,2025-07-12 19:42:51,2025-08-11 19:42:51,Fechado
ISS-C01-P05-001804,C01-P05,C01-E0030,Bug,Alta,2025-07-21 07:13:47,,Em Andamento
ISS-C01-P05-001805,C01-P05,C01-E0055,Feature,Alta,2025-07-11 19:21:54,,Em Andamento
ISS-C01-P05-001806,C01-P05,C01-E0173,Bug,Media,2025-07-13 21:54:13,2025-08-22 21:54:13,Fechado
ISS-C01-P05-001807,C01-P05,C01-E0007,Bug,Alta,2025-07-27 07:02:02,2025-09-03 07:02:02,Fechado
ISS-C01-P05-001808,C01-P05,C01-E0311,Debito Tecnico,Alta,2025-07-18 14:16:30,2025-08-19 14:16:30,Fechado
ISS-C01-P05-001809,C01-P05,C01-E0106,Feature,Critica,2025-07-27 09:12:12,,Aberto
ISS-C01-P05-001810,C01-P05,C01-E0286,Debito Tecnico,Media,2025-07-08 08:04:48,,Em Andamento
ISS-C01-P05-001811,C01-P05,C01-E0214,Bug,Media,2025-07-01 21:24:10,2025-08-12 21:24:10,Fechado
ISS-C01-P05-001812,C01-P05,C01-E0027,Bug,Media,2025-07-23 18:48:54,2025-09-05 18:48:54,Fechado
ISS-C01-P05-001813,C01-P05,C01-E0313,Debito Tecnico,Media,2025-07-03 10:10:38,2025-07-04 10:10:38,Fechado
ISS-C01-P05-001814,C01-P05,C01-E0124,Feature,Alta,2025-07-09 13:41:18,,Em Andamento
ISS-C01-P05-001815,C01-P05,C01-E0144,Bug,Alta,2025-07-06 09:38:12,,Em Andamento
ISS-C01-P05-001816,C01-P05,C01-E0024,Bug,Baixa,2025-07-07 07:45:48,,Aberto
ISS-C01-P05-001817,C01-P05,C01-E0176,Chore,Alta,2025-08-30 08:31:50,2025-10-14 08:31:50,Fechado
ISS-C01-P05-001818,C01-P05,C01-E0146,Bug,Media,2025-08-03 20:13:55,2025-08-24 20:13:55,Fechado
ISS-C01-P05-001819,C01-P05,C01-E0073,Feature,Baixa,2025-08-09 16:14:22,2025-09-19 16:14:22,Fechado
ISS-C01-P05-001820,C01-P05,C01-E0165,Bug,Baixa,2025-08-01 18:47:10,2025-08-05 18:47:10,Fechado
ISS-C01-P05-001821,C01-P05,C01-E0091,Bug,Alta,2025-08-25 08:44:41,2025-09-30 08:44:41,Fechado
ISS-C01-P05-001822,C01-P05,C01-E0009,Feature,Baixa,2025-08-25 11:54:34,,Em Andamento
ISS-C01-P05-001823,C01-P05,C01-E0014,Feature,Media,2025-08-09 08:54:26,,Aberto
ISS-C01-P05-001824,C01-P05,C01-E0079,Debito Tecnico,Alta,2025-08-31 21:37:14,,Em Andamento
ISS-C01-P05-001825,C01-P05,C01-E0296,Debito Tecnico,Baixa,2025-08-31 07:42:01,,Aberto
ISS-C01-P05-001826,C01-P05,C01-E0270,Bug,Media,2025-08-04 16:06:48,2025-08-08 16:06:48,Fechado
ISS-C01-P05-001827,C01-P05,C01-E0324,Feature,Media,2025-08-27 17:41:27,2025-09-15 17:41:27,Fechado
ISS-C01-P05-001828,C01-P05,C01-E0055,Feature,Baixa,2025-08-15 07:58:25,2025-09-06 07:58:25,Fechado
ISS-C01-P05-001829,C01-P05,C01-E0317,Chore,Alta,2025-08-25 08:12:18,,Em Andamento
ISS-C01-P05-001830,C01-P05,C01-E0195,Feature,Media,2025-08-09 11:08:55,2025-09-22 11:08:55,Fechado
ISS-C01-P05-001831,C01-P05,C01-E0287,Feature,Media,2025-08-05 13:34:02,,Aberto
ISS-C01-P05-001832,C01-P05,C01-E0342,Bug,Media,2025-08-23 14:52:41,2025-09-14 14:52:41,Fechado
ISS-C01-P05-001833,C01-P05,C01-E0006,Bug,Media,2025-08-22 09:54:46,2025-09-15 09:54:46,Fechado
ISS-C01-P05-001834,C01-P05,C01-E0295,Feature,Critica,2025-08-14 11:35:26,2025-08-23 11:35:26,Fechado
ISS-C01-P05-001835,C01-P05,C01-E0005,Debito Tecnico,Media,2025-08-21 19:37:28,2025-08-30 19:37:28,Fechado
ISS-C01-P05-001836,C01-P05,C01-E0101,Feature,Media,2025-08-05 14:11:48,2025-08-08 14:11:48,Fechado
ISS-C01-P05-001837,C01-P05,C01-E0282,Feature,Media,2025-08-03 18:53:52,2025-09-13 18:53:52,Fechado
ISS-C01-P05-001838,C01-P05,C01-E0300,Bug,Alta,2025-08-05 07:31:16,,Em Andamento
ISS-C01-P05-001839,C01-P05,C01-E0252,Debito Tecnico,Alta,2025-08-21 20:18:52,2025-10-04 20:18:52,Fechado
ISS-C01-P05-001840,C01-P05,C01-E0050,Bug,Media,2025-08-28 09:52:49,,Aberto
ISS-C01-P05-001841,C01-P05,C01-E0083,Bug,Baixa,2025-08-17 12:51:16,2025-09-02 12:51:16,Fechado
ISS-C01-P05-001842,C01-P05,C01-E0202,Bug,Media,2025-08-18 15:00:14,2025-09-30 15:00:14,Fechado
ISS-C01-P05-001843,C01-P05,C01-E0209,Feature,Baixa,2025-08-17 16:22:11,2025-09-24 16:22:11,Fechado
ISS-C01-P05-001844,C01-P05,C01-E0019,Feature,Media,2025-08-31 09:18:41,2025-09-12 09:18:41,Fechado
ISS-C01-P05-001845,C01-P05,C01-E0007,Debito Tecnico,Alta,2025-08-17 19:06:23,,Aberto
ISS-C01-P05-001846,C01-P05,C01-E0059,Debito Tecnico,Alta,2025-08-17 08:49:37,2025-08-22 08:49:37,Fechado
ISS-C01-P05-001847,C01-P05,C01-E0137,Feature,Media,2025-08-06 08:31:36,2025-08-23 08:31:36,Fechado
ISS-C01-P05-001848,C01-P05,C01-E0028,Debito Tecnico,Alta,2025-08-09 14:32:25,,Em Andamento
ISS-C01-P05-001849,C01-P05,C01-E0023,Feature,Media,2025-08-23 15:12:14,,Em Andamento
ISS-C01-P05-001850,C01-P05,C01-E0084,Debito Tecnico,Baixa,2025-08-04 12:13:34,2025-08-14 12:13:34,Fechado
ISS-C01-P05-001851,C01-P05,C01-E0097,Debito Tecnico,Media,2025-08-06 21:41:47,2025-09-04 21:41:47,Fechado
ISS-C01-P05-001852,C01-P05,C01-E0149,Bug,Critica,2025-08-05 07:25:46,2025-08-24 07:25:46,Fechado
ISS-C01-P05-001853,C01-P05,C01-E0149,Bug,Alta,2025-08-30 19:06:33,2025-10-04 19:06:33,Fechado
ISS-C01-P05-001854,C01-P05,C01-E0018,Bug,Baixa,2025-08-20 09:24:22,,Em Andamento
ISS-C01-P05-001855,C01-P05,C01-E0251,Feature,Alta,2025-08-29 12:13:45,2025-10-01 12:13:45,Fechado
ISS-C01-P05-001856,C01-P05,C01-E0288,Feature,Critica,2025-08-10 07:42:24,2025-08-20 07:42:24,Fechado
ISS-C01-P05-001857,C01-P05,C01-E0275,Feature,Baixa,2025-08-19 11:19:27,,Aberto
ISS-C01-P05-001858,C01-P05,C01-E0099,Chore,Alta,2025-08-10 08:14:10,,Aberto
ISS-C01-P05-001859,C01-P05,C01-E0308,Debito Tecnico,Baixa,2025-08-05 13:08:25,,Em Andamento
ISS-C01-P05-001860,C01-P05,C01-E0224,Chore,Baixa,2025-08-03 07:10:03,2025-08-24 07:10:03,Fechado
ISS-C01-P05-001861,C01-P05,C01-E0164,Feature,Media,2025-08-05 20:38:38,2025-09-01 20:38:38,Fechado
ISS-C01-P05-001862,C01-P05,C01-E0104,Feature,Baixa,2025-08-13 19:41:27,,Em Andamento
ISS-C01-P05-001863,C01-P05,C01-E0094,Feature,Alta,2025-08-10 08:22:02,,Em Andamento
ISS-C01-P05-001864,C01-P05,C01-E0078,Bug,Baixa,2025-09-30 10:51:32,,Aberto
ISS-C01-P05-001865,C01-P05,C01-E0195,Feature,Alta,2025-09-07 21:41:12,,Em Andamento
ISS-C01-P05-001866,C01-P05,C01-E0176,Feature,Alta,2025-09-28 19:52:42,2025-10-27 19:52:42,Fechado
ISS-C01-P05-001867,C01-P05,C01-E0168,Debito Tecnico,Alta,2025-09-06 10:48:21,,Aberto
ISS-C01-P05-001868,C01-P05,C01-E0156,Chore,Media,2025-09-08 12:16:41,,Aberto
ISS-C01-P05-001869,C01-P05,C01-E0069,Chore,Baixa,2025-09-09 18:48:32,2025-09-18 18:48:32,Fechado
ISS-C01-P05-001870,C01-P05,C01-E0059,Feature,Media,2025-09-15 18:56:50,,Em Andamento
ISS-C01-P05-001871,C01-P05,C01-E0202,Bug,Baixa,2025-09-01 08:30:20,2025-10-03 08:30:20,Fechado
ISS-C01-P05-001872,C01-P05,C01-E0206,Bug,Media,2025-09-12 11:54:46,2025-10-05 11:54:46,Fechado
ISS-C01-P05-001873,C01-P05,C01-E0060,Feature,Critica,2025-09-13 14:01:18,,Em Andamento
ISS-C01-P05-001874,C01-P05,C01-E0240,Chore,Media,2025-09-23 07:08:55,2025-10-17 07:08:55,Fechado
ISS-C01-P05-001875,C01-P05,C01-E0018,Feature,Media,2025-09-28 11:57:49,2025-10-25 11:57:49,Fechado
ISS-C01-P05-001876,C01-P05,C01-E0330,Chore,Alta,2025-09-20 19:59:30,,Em Andamento
ISS-C01-P05-001877,C01-P05,C01-E0228,Bug,Baixa,2025-09-03 16:41:00,,Aberto
ISS-C01-P05-001878,C01-P05,C01-E0032,Debito Tecnico,Media,2025-09-28 10:39:19,2025-11-07 10:39:19,Fechado
ISS-C01-P05-001879,C01-P05,C01-E0109,Debito Tecnico,Critica,2025-09-08 07:46:59,,Em Andamento
ISS-C01-P05-001880,C01-P05,C01-E0256,Feature,Critica,2025-09-23 13:48:28,,Aberto
ISS-C01-P05-001881,C01-P05,C01-E0228,Bug,Media,2025-09-03 16:13:44,,Aberto
ISS-C01-P05-001882,C01-P05,C01-E0009,Feature,Baixa,2025-09-10 19:02:06,2025-09-27 19:02:06,Fechado
ISS-C01-P05-001883,C01-P05,C01-E0080,Feature,Media,2025-09-18 21:40:30,2025-09-22 21:40:30,Fechado
ISS-C01-P05-001884,C01-P05,C01-E0311,Bug,Baixa,2025-09-25 08:24:48,,Em Andamento
ISS-C01-P05-001885,C01-P05,C01-E0061,Feature,Alta,2025-09-17 08:16:22,2025-10-21 08:16:22,Fechado
ISS-C01-P05-001886,C01-P05,C01-E0182,Debito Tecnico,Alta,2025-09-04 14:24:30,,Em Andamento
ISS-C01-P05-001887,C01-P05,C01-E0254,Bug,Alta,2025-09-16 13:49:22,,Em Andamento
ISS-C01-P05-001888,C01-P05,C01-E0251,Bug,Media,2025-09-15 21:16:49,,Em Andamento
ISS-C01-P05-001889,C01-P05,C01-E0300,Bug,Baixa,2025-09-22 19:44:31,,Em Andamento
ISS-C01-P05-001890,C01-P05,C01-E0104,Feature,Baixa,2025-09-13 13:05:25,2025-10-01 13:05:25,Fechado
ISS-C01-P05-001891,C01-P05,C01-E0159,Chore,Baixa,2025-09-30 07:21:25,,Em Andamento
ISS-C01-P05-001892,C01-P05,C01-E0164,Bug,Baixa,2025-09-08 13:55:45,2025-09-22 13:55:45,Fechado
ISS-C01-P05-001893,C01-P05,C01-E0028,Debito Tecnico,Media,2025-09-05 12:29:16,,Aberto
ISS-C01-P05-001894,C01-P05,C01-E0276,Bug,Alta,2025-09-05 20:49:29,2025-09-13 20:49:29,Fechado
ISS-C01-P05-001895,C01-P05,C01-E0321,Chore,Media,2025-09-29 20:28:53,,Em Andamento
ISS-C01-P05-001896,C01-P05,C01-E0015,Feature,Alta,2025-09-29 17:32:05,2025-11-09 17:32:05,Fechado
ISS-C01-P05-001897,C01-P05,C01-E0180,Bug,Media,2025-09-04 08:24:53,2025-09-10 08:24:53,Fechado
ISS-C01-P05-001898,C01-P05,C01-E0032,Bug,Baixa,2025-10-24 21:52:17,2025-11-11 21:52:17,Fechado
ISS-C01-P05-001899,C01-P05,C01-E0049,Bug,Baixa,2025-10-18 08:41:47,,Aberto
ISS-C01-P05-001900,C01-P05,C01-E0042,Feature,Media,2025-10-04 14:12:41,2025-10-19 14:12:41,Fechado
ISS-C01-P05-001901,C01-P05,C01-E0345,Feature,Alta,2025-10-24 15:12:36,2025-10-25 15:12:36,Fechado
ISS-C01-P05-001902,C01-P05,C01-E0283,Bug,Media,2025-10-18 20:57:21,2025-10-20 20:57:21,Fechado
ISS-C01-P05-001903,C01-P05,C01-E0145,Bug,Media,2025-10-31 13:56:07,,Em Andamento
ISS-C01-P05-001904,C01-P05,C01-E0020,Bug,Media,2025-10-23 16:20:46,2025-11-08 16:20:46,Fechado
ISS-C01-P05-001905,C01-P05,C01-E0360,Chore,Baixa,2025-10-19 13:24:02,2025-11-19 13:24:02,Fechado
ISS-C01-P05-001906,C01-P05,C01-E0254,Bug,Alta,2025-10-22 17:23:34,,Em Andamento
ISS-C01-P05-001907,C01-P05,C01-E0170,Bug,Baixa,2025-10-05 10:02:59,2025-11-08 10:02:59,Fechado
ISS-C01-P05-001908,C01-P05,C01-E0124,Bug,Baixa,2025-10-25 16:27:52,2025-11-03 16:27:52,Fechado
ISS-C01-P05-001909,C01-P05,C01-E0196,Feature,Media,2025-10-19 11:18:20,2025-10-30 11:18:20,Fechado
ISS-C01-P05-001910,C01-P05,C01-E0061,Chore,Media,2025-10-09 20:37:06,2025-10-13 20:37:06,Fechado
ISS-C01-P05-001911,C01-P05,C01-E0049,Chore,Critica,2025-10-15 14:16:32,2025-11-03 14:16:32,Fechado
ISS-C01-P05-001912,C01-P05,C01-E0319,Bug,Media,2025-10-09 21:42:13,2025-11-13 21:42:13,Fechado
ISS-C01-P05-001913,C01-P05,C01-E0104,Feature,Media,2025-10-01 15:06:40,2025-10-11 15:06:40,Fechado
ISS-C01-P05-001914,C01-P05,C01-E0330,Bug,Media,2025-10-18 17:32:06,,Em Andamento
ISS-C01-P05-001915,C01-P05,C01-E0097,Feature,Media,2025-10-25 10:55:22,,Aberto
ISS-C01-P05-001916,C01-P05,C01-E0300,Chore,Critica,2025-10-04 15:45:33,2025-10-12 15:45:33,Fechado
ISS-C01-P05-001917,C01-P05,C01-E0101,Bug,Baixa,2025-10-10 18:49:31,,Em Andamento
ISS-C01-P05-001918,C01-P05,C01-E0030,Feature,Alta,2025-10-19 10:31:30,2025-10-24 10:31:30,Fechado
ISS-C01-P05-001919,C01-P05,C01-E0290,Feature,Media,2025-10-19 19:44:26,,Em Andamento
ISS-C01-P05-001920,C01-P05,C01-E0169,Bug,Media,2025-10-14 07:48:31,,Em Andamento
ISS-C01-P05-001921,C01-P05,C01-E0043,Bug,Critica,2025-10-26 15:31:33,2025-11-15 15:31:33,Fechado
ISS-C01-P05-001922,C01-P05,C01-E0348,Feature,Alta,2025-10-21 16:55:52,2025-11-08 16:55:52,Fechado
ISS-C01-P05-001923,C01-P05,C01-E0275,Feature,Baixa,2025-10-12 14:50:13,,Aberto
ISS-C01-P05-001924,C01-P05,C01-E0195,Bug,Baixa,2025-10-21 19:21:59,2025-11-11 19:21:59,Fechado
ISS-C01-P05-001925,C01-P05,C01-E0154,Chore,Media,2025-10-21 07:00:23,2025-12-02 07:00:23,Fechado
ISS-C01-P05-001926,C01-P05,C01-E0059,Chore,Baixa,2025-10-17 17:48:47,2025-10-22 17:48:47,Fechado
ISS-C01-P05-001927,C01-P05,C01-E0159,Bug,Baixa,2025-10-02 07:11:14,2025-10-19 07:11:14,Fechado
ISS-C01-P05-001928,C01-P05,C01-E0066,Feature,Media,2025-10-07 09:10:16,,Aberto
ISS-C01-P05-001929,C01-P05,C01-E0284,Debito Tecnico,Baixa,2025-10-07 17:06:57,2025-10-22 17:06:57,Fechado
ISS-C01-P05-001930,C01-P05,C01-E0023,Feature,Baixa,2025-10-01 18:27:15,2025-10-23 18:27:15,Fechado
ISS-C01-P05-001931,C01-P05,C01-E0059,Bug,Media,2025-10-11 13:46:24,2025-10-24 13:46:24,Fechado
ISS-C01-P05-001932,C01-P05,C01-E0106,Feature,Media,2025-10-05 12:04:28,2025-11-10 12:04:28,Fechado
ISS-C01-P05-001933,C01-P05,C01-E0098,Feature,Baixa,2025-10-05 17:58:28,,Aberto
ISS-C01-P05-001934,C01-P05,C01-E0009,Feature,Alta,2025-10-26 18:30:54,,Em Andamento
ISS-C01-P05-001935,C01-P05,C01-E0106,Bug,Media,2025-10-21 15:58:04,2025-12-05 15:58:04,Fechado
ISS-C01-P05-001936,C01-P05,C01-E0028,Feature,Media,2025-10-12 20:54:53,,Aberto
ISS-C01-P05-001937,C01-P05,C01-E0327,Bug,Alta,2025-11-21 07:48:44,2025-12-24 07:48:44,Fechado
ISS-C01-P05-001938,C01-P05,C01-E0145,Bug,Baixa,2025-11-16 08:41:37,,Em Andamento
ISS-C01-P05-001939,C01-P05,C01-E0079,Feature,Baixa,2025-11-30 09:44:47,,Aberto
ISS-C01-P05-001940,C01-P05,C01-E0031,Bug,Media,2025-11-28 19:58:49,,Aberto
ISS-C01-P05-001941,C01-P05,C01-E0285,Feature,Alta,2025-11-02 21:10:13,,Em Andamento
ISS-C01-P05-001942,C01-P05,C01-E0145,Feature,Media,2025-11-27 07:41:42,2025-12-06 07:41:42,Fechado
ISS-C01-P05-001943,C01-P05,C01-E0223,Bug,Alta,2025-11-28 13:43:33,2025-12-01 13:43:33,Fechado
ISS-C01-P05-001944,C01-P05,C01-E0082,Feature,Baixa,2025-11-01 18:14:32,2025-11-11 18:14:32,Fechado
ISS-C01-P05-001945,C01-P05,C01-E0144,Chore,Baixa,2025-11-25 21:31:37,2025-12-10 21:31:37,Fechado
ISS-C01-P05-001946,C01-P05,C01-E0235,Bug,Baixa,2025-11-10 12:55:49,,Aberto
ISS-C01-P05-001947,C01-P05,C01-E0156,Bug,Alta,2025-11-24 19:54:11,2025-12-31 19:54:11,Fechado
ISS-C01-P05-001948,C01-P05,C01-E0341,Bug,Media,2025-11-02 07:28:31,2025-11-26 07:28:31,Fechado
ISS-C01-P05-001949,C01-P05,C01-E0028,Bug,Media,2025-11-24 14:45:30,2025-12-28 14:45:30,Fechado
ISS-C01-P05-001950,C01-P05,C01-E0222,Feature,Baixa,2025-11-05 17:03:37,2025-12-11 17:03:37,Fechado
ISS-C01-P05-001951,C01-P05,C01-E0050,Feature,Baixa,2025-11-28 11:02:27,2026-01-08 11:02:27,Fechado
ISS-C01-P05-001952,C01-P05,C01-E0210,Feature,Alta,2025-11-28 09:22:49,2026-01-07 09:22:49,Fechado
ISS-C01-P05-001953,C01-P05,C01-E0004,Feature,Baixa,2025-11-22 18:45:14,,Em Andamento
ISS-C01-P05-001954,C01-P05,C01-E0354,Chore,Alta,2025-11-20 09:53:51,2025-12-11 09:53:51,Fechado
ISS-C01-P05-001955,C01-P05,C01-E0027,Debito Tecnico,Baixa,2025-11-08 19:05:02,,Aberto
ISS-C01-P05-001956,C01-P05,C01-E0022,Feature,Baixa,2025-11-26 21:53:32,,Em Andamento
ISS-C01-P05-001957,C01-P05,C01-E0291,Debito Tecnico,Baixa,2025-11-07 07:24:33,2025-12-04 07:24:33,Fechado
ISS-C01-P05-001958,C01-P05,C01-E0276,Feature,Critica,2025-11-26 12:22:57,2025-12-09 12:22:57,Fechado
ISS-C01-P05-001959,C01-P05,C01-E0078,Feature,Alta,2025-11-21 16:44:24,,Aberto
ISS-C01-P05-001960,C01-P05,C01-E0341,Debito Tecnico,Media,2025-11-03 17:16:36,2025-12-02 17:16:36,Fechado
ISS-C01-P05-001961,C01-P05,C01-E0209,Bug,Baixa,2025-11-06 18:04:51,2025-12-21 18:04:51,Fechado
ISS-C01-P05-001962,C01-P05,C01-E0104,Bug,Alta,2025-11-09 19:07:13,,Em Andamento
ISS-C01-P05-001963,C01-P05,C01-E0342,Bug,Alta,2025-11-27 18:07:50,2026-01-07 18:07:50,Fechado
ISS-C01-P05-001964,C01-P05,C01-E0228,Feature,Media,2025-11-04 15:48:25,,Aberto
ISS-C01-P05-001965,C01-P05,C01-E0024,Debito Tecnico,Alta,2025-11-16 07:55:39,,Aberto
ISS-C01-P05-001966,C01-P05,C01-E0065,Feature,Baixa,2025-11-22 20:55:32,,Aberto
ISS-C01-P05-001967,C01-P05,C01-E0123,Debito Tecnico,Media,2025-11-16 17:34:59,2025-12-27 17:34:59,Fechado
ISS-C01-P05-001968,C01-P05,C01-E0358,Debito Tecnico,Baixa,2025-11-10 12:04:26,2025-11-24 12:04:26,Fechado
ISS-C01-P05-001969,C01-P05,C01-E0058,Feature,Media,2025-11-07 15:52:40,,Em Andamento
ISS-C01-P05-001970,C01-P05,C01-E0228,Debito Tecnico,Baixa,2025-11-13 17:48:06,2025-11-27 17:48:06,Fechado
ISS-C01-P05-001971,C01-P05,C01-E0136,Bug,Alta,2025-11-09 15:04:50,,Em Andamento
ISS-C01-P05-001972,C01-P05,C01-E0009,Debito Tecnico,Media,2025-11-13 11:55:30,2025-12-07 11:55:30,Fechado
ISS-C01-P05-001973,C01-P05,C01-E0058,Debito Tecnico,Baixa,2025-11-02 07:06:38,2025-11-15 07:06:38,Fechado
ISS-C01-P05-001974,C01-P05,C01-E0022,Feature,Media,2025-11-07 10:52:08,2025-11-09 10:52:08,Fechado
ISS-C01-P05-001975,C01-P05,C01-E0247,Bug,Media,2025-11-15 10:12:45,,Aberto
ISS-C01-P05-001976,C01-P05,C01-E0134,Chore,Media,2025-11-10 11:10:26,2025-11-27 11:10:26,Fechado
ISS-C01-P05-001977,C01-P05,C01-E0099,Bug,Media,2025-11-28 16:19:56,,Em Andamento
ISS-C01-P05-001978,C01-P05,C01-E0181,Bug,Alta,2025-12-18 20:08:16,2026-01-26 20:08:16,Fechado
ISS-C01-P05-001979,C01-P05,C01-E0137,Bug,Baixa,2025-12-19 09:08:20,2025-12-24 09:08:20,Fechado
ISS-C01-P05-001980,C01-P05,C01-E0203,Bug,Critica,2025-12-27 07:09:33,2026-01-10 07:09:33,Fechado
ISS-C01-P05-001981,C01-P05,C01-E0100,Bug,Critica,2025-12-24 10:47:33,,Aberto
ISS-C01-P05-001982,C01-P05,C01-E0313,Feature,Critica,2025-12-14 08:43:20,2025-12-16 08:43:20,Fechado
ISS-C01-P05-001983,C01-P05,C01-E0169,Debito Tecnico,Baixa,2025-12-25 16:07:37,2026-01-23 16:07:37,Fechado
ISS-C01-P05-001984,C01-P05,C01-E0129,Bug,Media,2025-12-22 10:08:28,2026-01-19 10:08:28,Fechado
ISS-C01-P05-001985,C01-P05,C01-E0312,Debito Tecnico,Media,2025-12-07 08:29:44,2026-01-12 08:29:44,Fechado
ISS-C01-P05-001986,C01-P05,C01-E0292,Chore,Alta,2025-12-08 19:45:17,2026-01-13 19:45:17,Fechado
ISS-C01-P05-001987,C01-P05,C01-E0233,Feature,Media,2025-12-25 16:17:44,2025-12-29 16:17:44,Fechado
ISS-C01-P05-001988,C01-P05,C01-E0038,Chore,Media,2025-12-28 18:36:20,,Em Andamento
ISS-C01-P05-001989,C01-P05,C01-E0146,Bug,Media,2025-12-22 07:44:42,,Em Andamento
ISS-C01-P05-001990,C01-P05,C01-E0209,Debito Tecnico,Alta,2025-12-20 07:01:34,,Aberto
ISS-C01-P05-001991,C01-P05,C01-E0017,Feature,Media,2025-12-31 13:18:10,2026-01-11 13:18:10,Fechado
ISS-C01-P05-001992,C01-P05,C01-E0234,Debito Tecnico,Media,2025-12-17 16:26:46,2026-01-27 16:26:46,Fechado
ISS-C01-P05-001993,C01-P05,C01-E0217,Debito Tecnico,Media,2025-12-04 09:53:27,,Em Andamento
ISS-C01-P05-001994,C01-P05,C01-E0328,Debito Tecnico,Media,2025-12-20 17:36:14,2026-01-16 17:36:14,Fechado
ISS-C01-P05-001995,C01-P05,C01-E0165,Feature,Media,2025-12-18 12:41:48,2026-01-08 12:41:48,Fechado
ISS-C01-P05-001996,C01-P05,C01-E0276,Chore,Critica,2025-12-12 18:41:37,,Aberto
ISS-C01-P05-001997,C01-P05,C01-E0345,Feature,Alta,2025-12-15 17:21:10,2026-01-13 17:21:10,Fechado
ISS-C01-P05-001998,C01-P05,C01-E0101,Bug,Alta,2025-12-30 09:28:35,,Aberto
ISS-C01-P05-001999,C01-P05,C01-E0203,Debito Tecnico,Media,2025-12-13 12:39:46,2026-01-13 12:39:46,Fechado
ISS-C01-P05-002000,C01-P05,C01-E0066,Bug,Baixa,2025-12-15 08:08:20,,Em Andamento
ISS-C01-P05-002001,C01-P05,C01-E0336,Bug,Media,2025-12-22 14:08:25,2026-01-22 14:08:25,Fechado
ISS-C01-P05-002002,C01-P05,C01-E0228,Debito Tecnico,Baixa,2025-12-20 16:53:17,2025-12-26 16:53:17,Fechado
ISS-C01-P05-002003,C01-P05,C01-E0358,Chore,Alta,2025-12-15 15:46:12,2026-01-27 15:46:12,Fechado
ISS-C01-P05-002004,C01-P05,C01-E0329,Bug,Alta,2025-12-18 18:05:16,2025-12-20 18:05:16,Fechado
ISS-C01-P05-002005,C01-P05,C01-E0139,Debito Tecnico,Alta,2025-12-17 19:09:13,2026-01-23 19:09:13,Fechado
ISS-C01-P05-002006,C01-P05,C01-E0269,Bug,Media,2025-12-05 20:31:46,2025-12-25 20:31:46,Fechado
ISS-C01-P05-002007,C01-P05,C01-E0049,Feature,Baixa,2025-12-12 07:32:05,2025-12-31 07:32:05,Fechado
ISS-C01-P05-002008,C01-P05,C01-E0202,Debito Tecnico,Media,2025-12-10 20:19:50,2026-01-08 20:19:50,Fechado
ISS-C01-P05-002009,C01-P05,C01-E0210,Feature,Alta,2025-12-25 17:14:03,,Em Andamento
ISS-C01-P05-002010,C01-P05,C01-E0078,Feature,Media,2025-12-13 12:26:34,2026-01-10 12:26:34,Fechado
ISS-C01-P05-002011,C01-P05,C01-E0284,Debito Tecnico,Alta,2025-12-14 13:13:11,,Aberto
ISS-C01-P05-002012,C01-P05,C01-E0023,Debito Tecnico,Media,2025-12-18 20:02:31,2026-01-28 20:02:31,Fechado
ISS-C01-P05-002013,C01-P05,C01-E0233,Debito Tecnico,Baixa,2025-12-16 16:34:06,,Aberto
ISS-C01-P05-002014,C01-P05,C01-E0126,Debito Tecnico,Media,2025-12-25 20:56:09,2026-01-04 20:56:09,Fechado
ISS-C01-P05-002015,C01-P05,C01-E0086,Feature,Media,2025-12-27 10:11:30,2026-01-12 10:11:30,Fechado
ISS-C01-P05-002016,C01-P05,C01-E0011,Chore,Baixa,2025-12-13 13:07:46,,Aberto
ISS-C01-P05-002017,C01-P05,C01-E0351,Bug,Baixa,2025-12-26 18:49:14,2026-01-09 18:49:14,Fechado
ISS-C01-P05-002018,C01-P05,C01-E0156,Bug,Media,2025-12-21 21:27:40,,Aberto
ISS-C01-P05-002019,C01-P05,C01-E0310,Bug,Critica,2025-12-29 10:44:35,,Aberto
ISS-C01-P05-002020,C01-P05,C01-E0137,Feature,Media,2025-12-17 12:19:13,,Em Andamento
ISS-C01-P05-002021,C01-P05,C01-E0285,Debito Tecnico,Media,2025-12-31 14:00:29,2026-01-14 14:00:29,Fechado
ISS-C01-P05-002022,C01-P05,C01-E0334,Bug,Baixa,2025-12-26 21:09:35,,Aberto
ISS-C01-P05-002023,C01-P05,C01-E0206,Feature,Media,2025-12-07 20:08:37,2026-01-05 20:08:37,Fechado
ISS-C01-P05-002024,C01-P05,C01-E0269,Bug,Critica,2026-01-07 20:53:04,,Em Andamento
ISS-C01-P05-002025,C01-P05,C01-E0059,Feature,Alta,2026-01-28 17:29:28,,Em Andamento
ISS-C01-P05-002026,C01-P05,C01-E0178,Bug,Media,2026-01-27 07:24:21,,Em Andamento
ISS-C01-P05-002027,C01-P05,C01-E0244,Chore,Alta,2026-01-25 19:58:18,2026-02-08 19:58:18,Fechado
ISS-C01-P05-002028,C01-P05,C01-E0264,Feature,Media,2026-01-24 21:30:14,2026-03-07 21:30:14,Fechado
ISS-C01-P05-002029,C01-P05,C01-E0139,Debito Tecnico,Media,2026-01-12 21:17:07,2026-02-19 21:17:07,Fechado
ISS-C01-P05-002030,C01-P05,C01-E0112,Chore,Baixa,2026-01-07 19:10:37,2026-01-17 19:10:37,Fechado
ISS-C01-P05-002031,C01-P05,C01-E0264,Bug,Media,2026-01-16 13:59:16,2026-02-05 13:59:16,Fechado
ISS-C01-P05-002032,C01-P05,C01-E0224,Bug,Baixa,2026-01-03 07:56:00,2026-02-01 07:56:00,Fechado
ISS-C01-P05-002033,C01-P05,C01-E0180,Feature,Alta,2026-01-02 16:24:00,2026-02-07 16:24:00,Fechado
ISS-C01-P05-002034,C01-P05,C01-E0301,Bug,Media,2026-01-26 16:02:07,2026-02-12 16:02:07,Fechado
ISS-C01-P05-002035,C01-P05,C01-E0312,Chore,Baixa,2026-01-07 14:37:43,2026-01-31 14:37:43,Fechado
ISS-C01-P05-002036,C01-P05,C01-E0195,Feature,Media,2026-01-14 13:57:37,2026-02-28 13:57:37,Fechado
ISS-C01-P05-002037,C01-P05,C01-E0254,Feature,Media,2026-01-16 21:48:05,2026-01-29 21:48:05,Fechado
ISS-C01-P05-002038,C01-P05,C01-E0080,Bug,Media,2026-01-08 21:54:13,2026-02-09 21:54:13,Fechado
ISS-C01-P05-002039,C01-P05,C01-E0150,Feature,Baixa,2026-01-28 13:31:18,2026-03-10 13:31:18,Fechado
ISS-C01-P05-002040,C01-P05,C01-E0131,Debito Tecnico,Baixa,2026-01-29 14:17:57,2026-02-17 14:17:57,Fechado
ISS-C01-P05-002041,C01-P05,C01-E0254,Chore,Baixa,2026-01-12 20:52:41,2026-01-14 20:52:41,Fechado
ISS-C01-P05-002042,C01-P05,C01-E0097,Bug,Baixa,2026-01-02 18:17:29,,Em Andamento
ISS-C01-P05-002043,C01-P05,C01-E0018,Feature,Media,2026-01-04 14:43:25,2026-01-12 14:43:25,Fechado
ISS-C01-P05-002044,C01-P05,C01-E0264,Feature,Alta,2026-01-05 14:36:19,,Aberto
ISS-C01-P05-002045,C01-P05,C01-E0188,Feature,Media,2026-01-02 18:04:08,,Aberto
ISS-C01-P05-002046,C01-P05,C01-E0339,Feature,Media,2026-01-04 17:45:08,,Em Andamento
ISS-C01-P05-002047,C01-P05,C01-E0333,Bug,Media,2026-01-16 15:28:31,2026-02-06 15:28:31,Fechado
ISS-C01-P05-002048,C01-P05,C01-E0037,Bug,Alta,2026-01-27 14:00:46,,Em Andamento
ISS-C01-P05-002049,C01-P05,C01-E0016,Feature,Media,2026-01-27 16:52:33,,Em Andamento
ISS-C01-P05-002050,C01-P05,C01-E0022,Bug,Critica,2026-01-04 10:00:11,2026-02-16 10:00:11,Fechado
ISS-C01-P05-002051,C01-P05,C01-E0161,Chore,Media,2026-01-31 20:04:26,2026-02-12 20:04:26,Fechado
ISS-C01-P05-002052,C01-P05,C01-E0143,Bug,Baixa,2026-01-11 13:03:05,2026-01-27 13:03:05,Fechado
ISS-C01-P05-002053,C01-P05,C01-E0361,Bug,Media,2026-01-03 10:29:51,2026-01-29 10:29:51,Fechado
ISS-C01-P05-002054,C01-P05,C01-E0079,Debito Tecnico,Media,2026-01-24 07:58:52,2026-03-08 07:58:52,Fechado
ISS-C01-P05-002055,C01-P05,C01-E0006,Bug,Alta,2026-01-03 18:06:19,,Em Andamento
ISS-C01-P05-002056,C01-P05,C01-E0360,Bug,Alta,2026-01-08 08:45:05,2026-01-23 08:45:05,Fechado
ISS-C01-P05-002057,C01-P05,C01-E0029,Bug,Media,2026-01-05 11:32:27,,Aberto
ISS-C01-P05-002058,C01-P05,C01-E0043,Chore,Media,2026-02-27 08:08:53,2026-04-05 08:08:53,Fechado
ISS-C01-P05-002059,C01-P05,C01-E0124,Bug,Media,2026-02-20 16:20:04,2026-03-18 16:20:04,Fechado
ISS-C01-P05-002060,C01-P05,C01-E0165,Chore,Alta,2026-02-18 17:25:33,,Aberto
ISS-C01-P05-002061,C01-P05,C01-E0254,Feature,Baixa,2026-02-22 10:51:11,2026-04-03 10:51:11,Fechado
ISS-C01-P05-002062,C01-P05,C01-E0202,Debito Tecnico,Baixa,2026-02-09 13:28:53,2026-03-09 13:28:53,Fechado
ISS-C01-P05-002063,C01-P05,C01-E0180,Feature,Media,2026-02-18 17:37:29,2026-03-21 17:37:29,Fechado
ISS-C01-P05-002064,C01-P05,C01-E0096,Bug,Media,2026-02-03 13:49:39,2026-03-08 13:49:39,Fechado
ISS-C01-P05-002065,C01-P05,C01-E0058,Chore,Media,2026-02-16 08:07:36,2026-03-15 08:07:36,Fechado
ISS-C01-P05-002066,C01-P05,C01-E0287,Chore,Alta,2026-02-19 18:27:30,2026-02-20 18:27:30,Fechado
ISS-C01-P05-002067,C01-P05,C01-E0125,Bug,Media,2026-02-17 18:11:25,2026-02-19 18:11:25,Fechado
ISS-C01-P05-002068,C01-P05,C01-E0195,Feature,Media,2026-02-26 15:25:31,,Aberto
ISS-C01-P05-002069,C01-P05,C01-E0025,Feature,Media,2026-02-22 18:39:03,2026-03-22 18:39:03,Fechado
ISS-C01-P05-002070,C01-P05,C01-E0289,Debito Tecnico,Alta,2026-02-21 21:33:51,2026-03-08 21:33:51,Fechado
ISS-C01-P05-002071,C01-P05,C01-E0164,Feature,Media,2026-02-06 13:34:58,,Aberto
ISS-C01-P05-002072,C01-P05,C01-E0069,Feature,Media,2026-02-13 12:59:22,,Aberto
ISS-C01-P05-002073,C01-P05,C01-E0009,Feature,Baixa,2026-02-23 10:17:15,2026-03-17 10:17:15,Fechado
ISS-C01-P05-002074,C01-P05,C01-E0154,Bug,Alta,2026-02-08 19:03:15,2026-03-22 19:03:15,Fechado
ISS-C01-P05-002075,C01-P05,C01-E0069,Bug,Baixa,2026-02-11 20:30:48,2026-03-17 20:30:48,Fechado
ISS-C01-P05-002076,C01-P05,C01-E0195,Feature,Alta,2026-02-21 10:54:13,2026-03-24 10:54:13,Fechado
ISS-C01-P05-002077,C01-P05,C01-E0082,Bug,Baixa,2026-02-23 10:04:52,,Em Andamento
ISS-C01-P05-002078,C01-P05,C01-E0334,Debito Tecnico,Media,2026-02-13 09:47:42,2026-03-24 09:47:42,Fechado
ISS-C01-P05-002079,C01-P05,C01-E0232,Debito Tecnico,Alta,2026-02-17 11:28:17,2026-03-22 11:28:17,Fechado
ISS-C01-P05-002080,C01-P05,C01-E0318,Bug,Alta,2026-02-03 19:04:40,2026-03-09 19:04:40,Fechado
ISS-C01-P05-002081,C01-P05,C01-E0055,Bug,Media,2026-02-02 14:14:17,2026-02-18 14:14:17,Fechado
ISS-C01-P05-002082,C01-P05,C01-E0173,Feature,Media,2026-02-05 09:56:54,,Em Andamento
ISS-C01-P05-002083,C01-P05,C01-E0137,Feature,Baixa,2026-02-02 08:22:07,,Aberto
ISS-C01-P05-002084,C01-P05,C01-E0130,Chore,Media,2026-02-01 13:51:01,2026-03-01 13:51:01,Fechado
ISS-C01-P05-002085,C01-P05,C01-E0031,Bug,Baixa,2026-02-07 08:25:40,2026-02-17 08:25:40,Fechado
ISS-C01-P05-002086,C01-P05,C01-E0019,Bug,Media,2026-02-13 17:05:53,2026-02-23 17:05:53,Fechado
ISS-C01-P05-002087,C01-P05,C01-E0346,Bug,Alta,2026-02-02 17:21:24,2026-02-17 17:21:24,Fechado
ISS-C01-P05-002088,C01-P05,C01-E0050,Feature,Alta,2026-02-14 16:52:40,2026-03-24 16:52:40,Fechado
ISS-C01-P05-002089,C01-P05,C01-E0331,Bug,Alta,2026-02-14 09:15:38,2026-03-03 09:15:38,Fechado
ISS-C01-P05-002090,C01-P05,C01-E0030,Feature,Alta,2026-02-09 13:25:33,,Em Andamento
ISS-C01-P05-002091,C01-P05,C01-E0017,Bug,Media,2026-02-26 21:05:38,2026-03-20 21:05:38,Fechado
ISS-C01-P05-002092,C01-P05,C01-E0041,Debito Tecnico,Alta,2026-02-12 21:27:30,2026-02-17 21:27:30,Fechado
ISS-C01-P05-002093,C01-P05,C01-E0185,Debito Tecnico,Alta,2026-02-18 13:08:05,2026-03-20 13:08:05,Fechado
ISS-C01-P05-002094,C01-P05,C01-E0244,Bug,Media,2026-02-08 15:43:58,2026-03-25 15:43:58,Fechado
ISS-C01-P05-002095,C01-P05,C01-E0149,Bug,Baixa,2026-02-24 12:36:04,2026-02-27 12:36:04,Fechado
ISS-C01-P05-002096,C01-P05,C01-E0082,Bug,Alta,2026-02-18 16:17:42,,Em Andamento
ISS-C01-P05-002097,C01-P05,C01-E0144,Bug,Baixa,2026-02-27 19:16:49,2026-03-31 19:16:49,Fechado
ISS-C01-P05-002098,C01-P05,C01-E0259,Bug,Media,2026-02-09 09:04:52,,Em Andamento
ISS-C01-P05-002099,C01-P05,C01-E0317,Feature,Media,2026-02-15 07:32:36,,Aberto
ISS-C01-P05-002100,C01-P05,C01-E0110,Debito Tecnico,Alta,2026-02-19 19:57:22,2026-03-20 19:57:22,Fechado
ISS-C01-P05-002101,C01-P05,C01-E0150,Feature,Alta,2026-02-28 14:13:16,2026-03-18 14:13:16,Fechado
ISS-C01-P05-002102,C01-P05,C01-E0085,Bug,Media,2026-02-26 09:06:54,,Aberto
ISS-C01-P05-002103,C01-P05,C01-E0080,Chore,Media,2026-03-29 07:06:35,2026-04-28 07:06:35,Fechado
ISS-C01-P05-002104,C01-P05,C01-E0080,Feature,Alta,2026-03-22 19:22:53,2026-05-06 19:22:53,Fechado
ISS-C01-P05-002105,C01-P05,C01-E0091,Bug,Alta,2026-03-29 13:57:53,2026-04-11 13:57:53,Fechado
ISS-C01-P05-002106,C01-P05,C01-E0078,Bug,Media,2026-03-27 21:33:57,2026-04-18 21:33:57,Fechado
ISS-C01-P05-002107,C01-P05,C01-E0308,Bug,Alta,2026-03-08 10:17:24,,Em Andamento
ISS-C01-P05-002108,C01-P05,C01-E0045,Feature,Critica,2026-03-06 18:02:41,2026-03-12 18:02:41,Fechado
ISS-C01-P05-002109,C01-P05,C01-E0285,Feature,Alta,2026-03-22 11:27:42,2026-04-06 11:27:42,Fechado
ISS-C01-P05-002110,C01-P05,C01-E0290,Bug,Media,2026-03-31 11:43:55,2026-05-02 11:43:55,Fechado
ISS-C01-P05-002111,C01-P05,C01-E0043,Bug,Media,2026-03-07 10:56:52,,Em Andamento
ISS-C01-P05-002112,C01-P05,C01-E0015,Debito Tecnico,Alta,2026-03-04 16:14:55,2026-03-09 16:14:55,Fechado
ISS-C01-P05-002113,C01-P05,C01-E0349,Bug,Baixa,2026-03-17 12:04:29,,Aberto
ISS-C01-P05-002114,C01-P05,C01-E0110,Bug,Media,2026-03-14 11:54:14,2026-03-31 11:54:14,Fechado
ISS-C01-P05-002115,C01-P05,C01-E0017,Feature,Baixa,2026-03-23 09:58:36,,Em Andamento
ISS-C01-P05-002116,C01-P05,C01-E0269,Debito Tecnico,Baixa,2026-03-31 08:49:48,2026-05-11 08:49:48,Fechado
ISS-C01-P05-002117,C01-P05,C01-E0210,Bug,Media,2026-03-08 14:11:10,2026-04-11 14:11:10,Fechado
ISS-C01-P05-002118,C01-P05,C01-E0016,Chore,Media,2026-03-27 13:05:27,,Em Andamento
ISS-C01-P05-002119,C01-P05,C01-E0065,Bug,Media,2026-03-26 08:20:14,2026-04-03 08:20:14,Fechado
ISS-C01-P05-002120,C01-P05,C01-E0327,Chore,Baixa,2026-03-19 08:25:51,2026-04-24 08:25:51,Fechado
ISS-C01-P05-002121,C01-P05,C01-E0340,Bug,Critica,2026-03-23 17:37:43,2026-04-23 17:37:43,Fechado
ISS-C01-P05-002122,C01-P05,C01-E0149,Bug,Critica,2026-03-20 15:37:51,,Em Andamento
ISS-C01-P05-002123,C01-P05,C01-E0037,Bug,Alta,2026-03-17 20:01:40,2026-03-23 20:01:40,Fechado
ISS-C01-P05-002124,C01-P05,C01-E0090,Debito Tecnico,Alta,2026-03-18 21:05:15,,Aberto
ISS-C01-P05-002125,C01-P05,C01-E0038,Feature,Alta,2026-03-12 10:52:48,2026-04-10 10:52:48,Fechado
ISS-C01-P05-002126,C01-P05,C01-E0244,Bug,Baixa,2026-03-15 07:27:10,2026-03-30 07:27:10,Fechado
ISS-C01-P05-002127,C01-P05,C01-E0073,Chore,Media,2026-03-21 12:09:19,2026-03-28 12:09:19,Fechado
ISS-C01-P05-002128,C01-P05,C01-E0190,Debito Tecnico,Media,2026-03-27 14:48:13,2026-04-17 14:48:13,Fechado
ISS-C01-P05-002129,C01-P05,C01-E0164,Chore,Alta,2026-03-29 09:52:13,2026-04-24 09:52:13,Fechado
ISS-C01-P05-002130,C01-P05,C01-E0318,Chore,Baixa,2026-03-17 15:31:05,,Aberto
ISS-C01-P05-002131,C01-P05,C01-E0025,Bug,Media,2026-03-18 15:51:31,,Em Andamento
ISS-C01-P05-002132,C01-P05,C01-E0111,Feature,Media,2026-03-31 18:01:18,2026-04-06 18:01:18,Fechado
ISS-C01-P05-002133,C01-P05,C01-E0153,Feature,Baixa,2026-03-27 14:34:00,2026-05-02 14:34:00,Fechado
ISS-C01-P05-002134,C01-P05,C01-E0228,Debito Tecnico,Alta,2026-03-07 12:03:52,2026-03-18 12:03:52,Fechado
ISS-C01-P05-002135,C01-P05,C01-E0011,Feature,Media,2026-03-01 18:48:41,2026-03-14 18:48:41,Fechado
ISS-C01-P05-002136,C01-P05,C01-E0189,Chore,Media,2026-03-29 08:37:18,2026-05-01 08:37:18,Fechado
ISS-C01-P05-002137,C01-P05,C01-E0133,Feature,Baixa,2026-03-13 07:48:00,,Em Andamento
ISS-C01-P05-002138,C01-P05,C01-E0015,Feature,Media,2026-03-09 20:31:33,,Aberto
ISS-C01-P05-002139,C01-P05,C01-E0288,Bug,Critica,2026-03-11 09:30:18,2026-04-02 09:30:18,Fechado
ISS-C01-P05-002140,C01-P05,C01-E0307,Bug,Alta,2026-03-30 14:19:17,,Aberto
ISS-C01-P05-002141,C01-P05,C01-E0182,Debito Tecnico,Baixa,2026-03-01 08:34:19,2026-04-11 08:34:19,Fechado
ISS-C01-P05-002142,C01-P05,C01-E0073,Feature,Alta,2026-03-04 07:32:05,2026-04-07 07:32:05,Fechado
ISS-C01-P05-002143,C01-P05,C01-E0284,Bug,Baixa,2026-03-05 11:18:05,2026-03-06 11:18:05,Fechado
ISS-C01-P05-002144,C01-P05,C01-E0188,Bug,Media,2026-03-31 18:04:53,2026-05-03 18:04:53,Fechado
ISS-C01-P05-002145,C01-P05,C01-E0112,Bug,Media,2026-03-10 13:09:27,2026-04-06 13:09:27,Fechado
ISS-C01-P05-002146,C01-P05,C01-E0165,Bug,Baixa,2026-04-16 14:10:56,,Aberto
ISS-C01-P05-002147,C01-P05,C01-E0290,Bug,Media,2026-04-25 14:32:21,,Em Andamento
ISS-C01-P05-002148,C01-P05,C01-E0130,Bug,Media,2026-04-12 21:54:28,2026-04-20 21:54:28,Fechado
ISS-C01-P05-002149,C01-P05,C01-E0091,Feature,Media,2026-04-25 13:56:37,,Em Andamento
ISS-C01-P05-002150,C01-P05,C01-E0351,Feature,Baixa,2026-04-12 17:27:02,,Em Andamento
ISS-C01-P05-002151,C01-P05,C01-E0011,Feature,Media,2026-04-14 12:52:45,2026-05-10 12:52:45,Fechado
ISS-C01-P05-002152,C01-P05,C01-E0022,Chore,Alta,2026-04-26 19:35:36,,Em Andamento
ISS-C01-P05-002153,C01-P05,C01-E0228,Feature,Baixa,2026-04-17 15:35:45,2026-05-14 15:35:45,Fechado
ISS-C01-P05-002154,C01-P05,C01-E0269,Bug,Media,2026-04-22 15:47:21,2026-05-14 15:47:21,Fechado
ISS-C01-P05-002155,C01-P05,C01-E0238,Feature,Baixa,2026-04-20 13:04:52,2026-04-24 13:04:52,Fechado
ISS-C01-P05-002156,C01-P05,C01-E0238,Bug,Media,2026-04-23 14:17:45,2026-05-01 14:17:45,Fechado
ISS-C01-P05-002157,C01-P05,C01-E0182,Feature,Media,2026-04-09 08:00:15,2026-04-16 08:00:15,Fechado
ISS-C01-P05-002158,C01-P05,C01-E0027,Feature,Baixa,2026-04-15 20:08:29,2026-05-14 20:08:29,Fechado
ISS-C01-P05-002159,C01-P05,C01-E0130,Debito Tecnico,Media,2026-04-14 08:16:52,,Em Andamento
ISS-C01-P05-002160,C01-P05,C01-E0144,Bug,Media,2026-04-04 14:37:04,2026-04-06 14:37:04,Fechado
ISS-C01-P05-002161,C01-P05,C01-E0130,Feature,Media,2026-04-09 18:07:23,,Aberto
ISS-C01-P05-002162,C01-P05,C01-E0223,Feature,Alta,2026-04-01 16:18:04,,Aberto
ISS-C01-P05-002163,C01-P05,C01-E0147,Debito Tecnico,Baixa,2026-04-02 09:22:23,2026-04-11 09:22:23,Fechado
ISS-C01-P05-002164,C01-P05,C01-E0216,Feature,Baixa,2026-04-27 20:50:01,,Em Andamento
ISS-C01-P05-002165,C01-P05,C01-E0296,Bug,Alta,2026-04-29 14:27:24,2026-05-01 14:27:24,Fechado
ISS-C01-P05-002166,C01-P05,C01-E0007,Feature,Media,2026-04-18 13:32:59,2026-06-02 13:32:59,Fechado
ISS-C01-P05-002167,C01-P05,C01-E0340,Bug,Alta,2026-04-06 10:10:48,2026-04-26 10:10:48,Fechado
ISS-C01-P05-002168,C01-P05,C01-E0033,Feature,Baixa,2026-04-23 08:34:13,2026-06-06 08:34:13,Fechado
ISS-C01-P05-002169,C01-P05,C01-E0261,Bug,Media,2026-04-05 12:17:05,2026-04-19 12:17:05,Fechado
ISS-C01-P05-002170,C01-P05,C01-E0029,Chore,Media,2026-04-14 09:37:52,2026-05-13 09:37:52,Fechado
ISS-C01-P05-002171,C01-P05,C01-E0148,Bug,Media,2026-04-17 12:40:40,2026-05-24 12:40:40,Fechado
ISS-C01-P05-002172,C01-P05,C01-E0079,Feature,Media,2026-04-22 15:27:16,2026-05-24 15:27:16,Fechado
ISS-C01-P05-002173,C01-P05,C01-E0041,Feature,Baixa,2026-04-10 07:40:49,2026-04-19 07:40:49,Fechado
ISS-C01-P05-002174,C01-P05,C01-E0222,Bug,Media,2026-04-09 10:10:34,,Em Andamento
ISS-C01-P05-002175,C01-P05,C01-E0123,Bug,Media,2026-04-11 21:05:23,,Aberto
ISS-C01-P05-002176,C01-P05,C01-E0118,Bug,Media,2026-04-03 16:27:40,,Aberto
ISS-C01-P05-002177,C01-P05,C01-E0259,Bug,Media,2026-04-03 11:00:14,2026-04-12 11:00:14,Fechado
ISS-C01-P05-002178,C01-P05,C01-E0255,Bug,Baixa,2026-04-23 09:35:23,2026-05-01 09:35:23,Fechado
ISS-C01-P05-002179,C01-P05,C01-E0203,Feature,Critica,2026-04-19 13:00:05,2026-05-29 13:00:05,Fechado
ISS-C01-P05-002180,C01-P05,C01-E0032,Feature,Alta,2026-04-19 11:27:44,2026-06-01 11:27:44,Fechado
ISS-C01-P05-002181,C01-P05,C01-E0223,Debito Tecnico,Alta,2026-04-10 13:00:00,2026-04-27 13:00:00,Fechado
ISS-C01-P05-002182,C01-P05,C01-E0238,Bug,Media,2026-04-15 18:51:17,,Aberto
ISS-C01-P05-002183,C01-P05,C01-E0318,Bug,Alta,2026-04-13 21:31:16,2026-04-19 21:31:16,Fechado
ISS-C01-P05-002184,C01-P05,C01-E0283,Feature,Alta,2026-04-13 15:51:10,2026-04-17 15:51:10,Fechado
ISS-C01-P05-002185,C01-P05,C01-E0307,Bug,Media,2026-04-29 21:02:15,,Em Andamento
ISS-C01-P05-002186,C01-P05,C01-E0079,Chore,Media,2026-04-13 14:36:51,,Em Andamento
ISS-C01-P05-002187,C01-P05,C01-E0123,Bug,Baixa,2026-05-11 10:10:49,2026-06-02 10:10:49,Fechado
ISS-C01-P05-002188,C01-P05,C01-E0298,Feature,Baixa,2026-05-15 14:27:03,2026-06-10 14:27:03,Fechado
ISS-C01-P05-002189,C01-P05,C01-E0251,Bug,Alta,2026-05-27 12:12:55,2026-06-20 12:12:55,Fechado
ISS-C01-P05-002190,C01-P05,C01-E0312,Bug,Alta,2026-05-01 12:52:14,2026-05-21 12:52:14,Fechado
ISS-C01-P05-002191,C01-P05,C01-E0237,Debito Tecnico,Alta,2026-05-13 09:50:12,,Em Andamento
ISS-C01-P05-002192,C01-P05,C01-E0178,Feature,Media,2026-05-27 11:43:25,,Aberto
ISS-C01-P05-002193,C01-P05,C01-E0031,Bug,Baixa,2026-05-31 20:10:37,2026-06-17 20:10:37,Fechado
ISS-C01-P05-002194,C01-P05,C01-E0031,Feature,Media,2026-05-04 14:49:48,,Aberto
ISS-C01-P05-002195,C01-P05,C01-E0085,Feature,Media,2026-05-15 07:21:55,,Aberto
ISS-C01-P05-002196,C01-P05,C01-E0109,Chore,Alta,2026-05-24 19:10:55,2026-06-23 19:10:55,Fechado
ISS-C01-P05-002197,C01-P05,C01-E0343,Feature,Baixa,2026-05-23 21:42:54,2026-06-30 21:42:54,Fechado
ISS-C01-P05-002198,C01-P05,C01-E0083,Bug,Critica,2026-05-10 21:55:10,,Aberto
ISS-C01-P05-002199,C01-P05,C01-E0147,Debito Tecnico,Media,2026-05-20 11:45:27,,Em Andamento
ISS-C01-P05-002200,C01-P05,C01-E0275,Feature,Media,2026-05-09 08:25:27,2026-05-28 08:25:27,Fechado
ISS-C01-P05-002201,C01-P05,C01-E0005,Debito Tecnico,Media,2026-05-03 10:49:39,,Aberto
ISS-C01-P05-002202,C01-P05,C01-E0040,Bug,Media,2026-05-27 10:20:40,,Em Andamento
ISS-C01-P05-002203,C01-P05,C01-E0152,Debito Tecnico,Media,2026-05-12 09:39:12,2026-05-27 09:39:12,Fechado
ISS-C01-P05-002204,C01-P05,C01-E0009,Feature,Critica,2026-05-03 12:42:23,2026-06-05 12:42:23,Fechado
ISS-C01-P05-002205,C01-P05,C01-E0203,Debito Tecnico,Media,2026-05-24 11:34:49,2026-06-19 11:34:49,Fechado
ISS-C01-P05-002206,C01-P05,C01-E0209,Debito Tecnico,Media,2026-05-13 18:21:19,2026-05-30 18:21:19,Fechado
ISS-C01-P05-002207,C01-P05,C01-E0287,Debito Tecnico,Baixa,2026-05-14 09:00:33,,Aberto
ISS-C01-P05-002208,C01-P05,C01-E0146,Feature,Media,2026-05-03 07:28:43,2026-06-09 07:28:43,Fechado
ISS-C01-P05-002209,C01-P05,C01-E0211,Debito Tecnico,Media,2026-05-07 09:50:00,2026-05-24 09:50:00,Fechado
ISS-C01-P05-002210,C01-P05,C01-E0005,Feature,Alta,2026-05-26 09:50:49,2026-06-07 09:50:49,Fechado
ISS-C01-P05-002211,C01-P05,C01-E0331,Bug,Media,2026-05-22 15:38:48,2026-06-08 15:38:48,Fechado
ISS-C01-P05-002212,C01-P05,C01-E0331,Bug,Alta,2026-05-23 18:32:58,2026-06-02 18:32:58,Fechado
ISS-C01-P05-002213,C01-P05,C01-E0143,Bug,Media,2026-05-11 11:28:29,,Em Andamento
ISS-C01-P05-002214,C01-P05,C01-E0049,Feature,Media,2026-05-25 19:17:16,2026-06-17 19:17:16,Fechado
ISS-C01-P05-002215,C01-P05,C01-E0351,Bug,Media,2026-05-11 09:30:58,2026-06-07 09:30:58,Fechado
ISS-C01-P05-002216,C01-P05,C01-E0073,Bug,Alta,2026-05-31 13:10:07,2026-07-13 13:10:07,Fechado
ISS-C01-P05-002217,C01-P05,C01-E0038,Bug,Baixa,2026-05-08 12:12:46,2026-06-08 12:12:46,Fechado
ISS-C01-P05-002218,C01-P05,C01-E0015,Chore,Alta,2026-05-16 15:59:23,2026-06-24 15:59:23,Fechado
ISS-C01-P05-002219,C01-P05,C01-E0078,Chore,Media,2026-05-14 08:18:49,,Em Andamento
ISS-C01-P05-002220,C01-P05,C01-E0027,Debito Tecnico,Baixa,2026-05-18 14:00:25,,Em Andamento
ISS-C01-P05-002221,C01-P05,C01-E0324,Chore,Media,2026-05-22 16:59:31,,Aberto
ISS-C01-P05-002222,C01-P05,C01-E0061,Debito Tecnico,Alta,2026-05-28 18:47:53,2026-07-03 18:47:53,Fechado
ISS-C01-P05-002223,C01-P05,C01-E0310,Chore,Media,2026-05-31 15:06:58,,Aberto
ISS-C01-P05-002224,C01-P05,C01-E0123,Chore,Baixa,2026-05-25 07:27:53,2026-06-26 07:27:53,Fechado
ISS-C01-P05-002225,C01-P05,C01-E0288,Feature,Media,2026-05-08 10:18:32,,Em Andamento
ISS-C01-P05-002226,C01-P05,C01-E0170,Feature,Alta,2026-05-03 15:59:59,2026-05-20 15:59:59,Fechado
ISS-C01-P05-002227,C01-P05,C01-E0109,Feature,Alta,2026-06-01 16:46:22,,Em Andamento
ISS-C01-P05-002228,C01-P05,C01-E0152,Feature,Alta,2026-06-04 12:45:58,2026-06-16 12:45:58,Fechado
ISS-C01-P05-002229,C01-P05,C01-E0055,Bug,Media,2026-06-06 21:15:11,2026-07-06 21:15:11,Fechado
ISS-C01-P05-002230,C01-P05,C01-E0107,Debito Tecnico,Media,2026-06-11 09:38:57,2026-07-19 09:38:57,Fechado
ISS-C01-P05-002231,C01-P05,C01-E0009,Bug,Media,2026-06-21 19:56:25,,Aberto
ISS-C01-P05-002232,C01-P05,C01-E0234,Bug,Baixa,2026-06-24 14:52:39,2026-08-02 14:52:39,Fechado
ISS-C01-P05-002233,C01-P05,C01-E0159,Bug,Media,2026-06-17 08:12:09,2026-06-30 08:12:09,Fechado
ISS-C01-P05-002234,C01-P05,C01-E0188,Debito Tecnico,Media,2026-06-28 18:19:21,,Aberto
ISS-C01-P05-002235,C01-P05,C01-E0047,Chore,Alta,2026-06-17 09:53:01,2026-06-30 09:53:01,Fechado
ISS-C01-P05-002236,C01-P05,C01-E0301,Debito Tecnico,Alta,2026-06-15 08:42:35,,Em Andamento
ISS-C01-P05-002237,C01-P05,C01-E0137,Chore,Media,2026-06-24 18:31:27,,Aberto
ISS-C01-P05-002238,C01-P05,C01-E0045,Bug,Baixa,2026-06-20 09:30:06,,Aberto
ISS-C01-P05-002239,C01-P05,C01-E0149,Feature,Media,2026-06-13 19:10:51,,Aberto
ISS-C01-P05-002240,C01-P05,C01-E0029,Feature,Media,2026-06-06 09:17:19,,Em Andamento
ISS-C01-P05-002241,C01-P05,C01-E0217,Bug,Alta,2026-06-20 16:21:24,,Em Andamento
ISS-C01-P05-002242,C01-P05,C01-E0335,Debito Tecnico,Baixa,2026-06-27 13:55:51,2026-07-14 13:55:51,Fechado
ISS-C01-P05-002243,C01-P05,C01-E0084,Chore,Media,2026-06-20 11:54:22,2026-06-25 11:54:22,Fechado
ISS-C01-P05-002244,C01-P05,C01-E0033,Feature,Alta,2026-06-17 07:15:59,,Em Andamento
ISS-C01-P05-002245,C01-P05,C01-E0232,Debito Tecnico,Alta,2026-06-29 20:35:58,,Aberto
ISS-C01-P05-002246,C01-P05,C01-E0344,Bug,Baixa,2026-06-10 16:10:52,2026-06-25 16:10:52,Fechado
ISS-C01-P05-002247,C01-P05,C01-E0244,Bug,Baixa,2026-06-08 20:25:47,,Aberto
ISS-C01-P05-002248,C01-P05,C01-E0283,Bug,Baixa,2026-06-29 21:19:02,2026-07-12 21:19:02,Fechado
ISS-C01-P05-002249,C01-P05,C01-E0058,Bug,Media,2026-06-23 12:06:02,,Aberto
ISS-C01-P05-002250,C01-P05,C01-E0223,Bug,Baixa,2026-07-14 11:16:59,,Em Andamento
ISS-C01-P05-002251,C01-P05,C01-E0318,Debito Tecnico,Baixa,2026-07-23 18:00:09,,Em Andamento
ISS-C01-P05-002252,C01-P05,C01-E0021,Bug,Critica,2026-07-26 21:02:57,2026-07-27 21:02:57,Fechado
ISS-C01-P05-002253,C01-P05,C01-E0225,Bug,Alta,2026-07-01 19:01:53,,Aberto
ISS-C01-P05-002254,C01-P05,C01-E0082,Feature,Baixa,2026-07-01 12:50:23,2026-07-20 12:50:23,Fechado
ISS-C01-P05-002255,C01-P05,C01-E0120,Bug,Media,2026-07-02 08:06:21,,Em Andamento
ISS-C01-P05-002256,C01-P05,C01-E0142,Feature,Media,2026-07-29 18:10:32,,Aberto
ISS-C01-P05-002257,C01-P05,C01-E0020,Bug,Baixa,2026-07-29 13:54:05,2026-07-30 13:54:05,Fechado
ISS-C01-P05-002258,C01-P05,C01-E0073,Debito Tecnico,Media,2026-07-15 12:57:17,2026-08-10 00:00:00,Fechado
ISS-C01-P05-002259,C01-P05,C01-E0327,Feature,Baixa,2026-07-23 15:15:13,2026-08-10 00:00:00,Fechado
ISS-C01-P05-002260,C01-P05,C01-E0237,Chore,Alta,2026-07-24 08:24:46,2026-08-10 00:00:00,Fechado
ISS-C01-P05-002261,C01-P05,C01-E0083,Feature,Baixa,2026-07-05 17:15:28,,Em Andamento
ISS-C02-P01-002262,C02-P01,C02-E0082,Feature,Alta,2025-08-28 13:11:09,2025-09-07 13:11:09,Fechado
ISS-C02-P01-002263,C02-P01,C02-E0115,Debito Tecnico,Alta,2025-08-28 09:13:15,,Em Andamento
ISS-C02-P01-002264,C02-P01,C02-E0118,Bug,Media,2025-08-04 16:09:57,,Aberto
ISS-C02-P01-002265,C02-P01,C02-E0055,Debito Tecnico,Media,2025-08-11 14:25:21,,Em Andamento
ISS-C02-P01-002266,C02-P01,C02-E0065,Debito Tecnico,Media,2025-08-07 07:28:07,2025-09-11 07:28:07,Fechado
ISS-C02-P01-002267,C02-P01,C02-E0111,Feature,Media,2025-08-03 19:36:52,2025-09-07 19:36:52,Fechado
ISS-C02-P01-002268,C02-P01,C02-E0014,Feature,Baixa,2025-08-22 20:15:46,2025-09-15 20:15:46,Fechado
ISS-C02-P01-002269,C02-P01,C02-E0024,Feature,Media,2025-08-26 15:01:02,2025-08-30 15:01:02,Fechado
ISS-C02-P01-002270,C02-P01,C02-E0053,Bug,Baixa,2025-08-25 18:26:18,2025-08-27 18:26:18,Fechado
ISS-C02-P01-002271,C02-P01,C02-E0114,Debito Tecnico,Alta,2025-08-08 18:47:12,2025-08-31 18:47:12,Fechado
ISS-C02-P01-002272,C02-P01,C02-E0070,Debito Tecnico,Media,2025-08-25 07:58:51,2025-08-26 07:58:51,Fechado
ISS-C02-P01-002273,C02-P01,C02-E0091,Bug,Media,2025-08-04 10:29:13,,Em Andamento
ISS-C02-P01-002274,C02-P01,C02-E0065,Bug,Critica,2025-09-05 20:26:56,,Aberto
ISS-C02-P01-002275,C02-P01,C02-E0004,Feature,Critica,2025-09-29 13:53:53,2025-10-20 13:53:53,Fechado
ISS-C02-P01-002276,C02-P01,C02-E0081,Bug,Alta,2025-09-14 14:40:44,2025-09-20 14:40:44,Fechado
ISS-C02-P01-002277,C02-P01,C02-E0087,Feature,Media,2025-09-15 07:24:04,,Aberto
ISS-C02-P01-002278,C02-P01,C02-E0053,Bug,Media,2025-09-29 15:31:46,,Em Andamento
ISS-C02-P01-002279,C02-P01,C02-E0063,Bug,Media,2025-09-01 07:34:03,2025-10-11 07:34:03,Fechado
ISS-C02-P01-002280,C02-P01,C02-E0074,Debito Tecnico,Alta,2025-09-18 09:18:40,2025-10-16 09:18:40,Fechado
ISS-C02-P01-002281,C02-P01,C02-E0006,Bug,Alta,2025-09-16 07:45:36,,Em Andamento
ISS-C02-P01-002282,C02-P01,C02-E0019,Feature,Baixa,2025-09-06 17:38:25,2025-09-28 17:38:25,Fechado
ISS-C02-P01-002283,C02-P01,C02-E0076,Debito Tecnico,Baixa,2025-09-17 08:29:45,,Em Andamento
ISS-C02-P01-002284,C02-P01,C02-E0091,Feature,Media,2025-09-11 12:35:13,,Em Andamento
ISS-C02-P01-002285,C02-P01,C02-E0087,Feature,Alta,2025-09-28 20:45:26,2025-10-10 20:45:26,Fechado
ISS-C02-P01-002286,C02-P01,C02-E0111,Debito Tecnico,Baixa,2025-09-20 09:45:39,,Aberto
ISS-C02-P01-002287,C02-P01,C02-E0035,Bug,Alta,2025-09-30 20:47:05,,Em Andamento
ISS-C02-P01-002288,C02-P01,C02-E0114,Bug,Media,2025-09-19 18:41:54,2025-10-05 18:41:54,Fechado
ISS-C02-P01-002289,C02-P01,C02-E0010,Feature,Critica,2025-09-28 09:46:32,,Em Andamento
ISS-C02-P01-002290,C02-P01,C02-E0097,Bug,Media,2025-09-04 21:24:49,,Em Andamento
ISS-C02-P01-002291,C02-P01,C02-E0092,Bug,Media,2025-09-12 08:58:04,2025-10-14 08:58:04,Fechado
ISS-C02-P01-002292,C02-P01,C02-E0108,Debito Tecnico,Baixa,2025-09-13 10:47:11,2025-10-25 10:47:11,Fechado
ISS-C02-P01-002293,C02-P01,C02-E0108,Debito Tecnico,Baixa,2025-09-30 12:47:34,2025-10-10 12:47:34,Fechado
ISS-C02-P01-002294,C02-P01,C02-E0052,Bug,Media,2025-09-24 11:40:26,2025-10-01 11:40:26,Fechado
ISS-C02-P01-002295,C02-P01,C02-E0097,Debito Tecnico,Baixa,2025-09-02 17:28:11,2025-10-06 17:28:11,Fechado
ISS-C02-P01-002296,C02-P01,C02-E0010,Chore,Media,2025-09-15 12:30:21,,Em Andamento
ISS-C02-P01-002297,C02-P01,C02-E0005,Feature,Baixa,2025-09-04 11:32:53,2025-09-13 11:32:53,Fechado
ISS-C02-P01-002298,C02-P01,C02-E0048,Feature,Critica,2025-09-26 17:17:35,2025-10-24 17:17:35,Fechado
ISS-C02-P01-002299,C02-P01,C02-E0084,Bug,Media,2025-09-08 10:24:10,2025-10-06 10:24:10,Fechado
ISS-C02-P01-002300,C02-P01,C02-E0104,Debito Tecnico,Baixa,2025-09-18 15:59:41,2025-10-02 15:59:41,Fechado
ISS-C02-P01-002301,C02-P01,C02-E0033,Feature,Media,2025-09-15 09:11:46,,Em Andamento
ISS-C02-P01-002302,C02-P01,C02-E0005,Bug,Baixa,2025-09-20 14:46:59,2025-09-27 14:46:59,Fechado
ISS-C02-P01-002303,C02-P01,C02-E0005,Bug,Media,2025-09-10 13:44:20,,Em Andamento
ISS-C02-P01-002304,C02-P01,C02-E0032,Bug,Critica,2025-09-18 07:16:12,,Em Andamento
ISS-C02-P01-002305,C02-P01,C02-E0013,Bug,Media,2025-09-22 12:32:19,,Aberto
ISS-C02-P01-002306,C02-P01,C02-E0063,Feature,Baixa,2025-09-16 07:36:30,,Aberto
ISS-C02-P01-002307,C02-P01,C02-E0012,Feature,Media,2025-09-13 12:30:45,,Em Andamento
ISS-C02-P01-002308,C02-P01,C02-E0120,Bug,Media,2025-09-05 13:11:45,2025-10-11 13:11:45,Fechado
ISS-C02-P01-002309,C02-P01,C02-E0040,Chore,Media,2025-09-07 11:25:14,2025-10-17 11:25:14,Fechado
ISS-C02-P01-002310,C02-P01,C02-E0111,Chore,Media,2025-09-21 21:00:43,2025-10-17 21:00:43,Fechado
ISS-C02-P01-002311,C02-P01,C02-E0086,Feature,Media,2025-10-17 10:32:55,,Em Andamento
ISS-C02-P01-002312,C02-P01,C02-E0024,Chore,Baixa,2025-10-31 21:22:42,,Aberto
ISS-C02-P01-002313,C02-P01,C02-E0119,Feature,Baixa,2025-10-19 11:11:36,2025-12-02 11:11:36,Fechado
ISS-C02-P01-002314,C02-P01,C02-E0022,Debito Tecnico,Baixa,2025-10-27 19:58:00,2025-12-04 19:58:00,Fechado
ISS-C02-P01-002315,C02-P01,C02-E0044,Debito Tecnico,Media,2025-10-20 09:16:59,2025-10-29 09:16:59,Fechado
ISS-C02-P01-002316,C02-P01,C02-E0012,Bug,Baixa,2025-10-16 20:03:00,2025-11-10 20:03:00,Fechado
ISS-C02-P01-002317,C02-P01,C02-E0087,Feature,Alta,2025-10-09 18:20:51,2025-11-09 18:20:51,Fechado
ISS-C02-P01-002318,C02-P01,C02-E0080,Feature,Media,2025-10-18 17:38:33,,Em Andamento
ISS-C02-P01-002319,C02-P01,C02-E0101,Bug,Media,2025-10-16 19:26:54,,Em Andamento
ISS-C02-P01-002320,C02-P01,C02-E0034,Bug,Critica,2025-10-23 17:37:53,2025-10-29 17:37:53,Fechado
ISS-C02-P01-002321,C02-P01,C02-E0030,Chore,Media,2025-10-03 15:10:31,2025-10-20 15:10:31,Fechado
ISS-C02-P01-002322,C02-P01,C02-E0014,Bug,Media,2025-10-20 15:44:07,2025-12-01 15:44:07,Fechado
ISS-C02-P01-002323,C02-P01,C02-E0051,Bug,Media,2025-10-11 17:19:19,2025-10-14 17:19:19,Fechado
ISS-C02-P01-002324,C02-P01,C02-E0106,Bug,Alta,2025-10-14 18:32:54,,Em Andamento
ISS-C02-P01-002325,C02-P01,C02-E0046,Bug,Media,2025-10-27 12:25:36,2025-11-26 12:25:36,Fechado
ISS-C02-P01-002326,C02-P01,C02-E0117,Debito Tecnico,Alta,2025-10-27 19:12:01,,Em Andamento
ISS-C02-P01-002327,C02-P01,C02-E0005,Feature,Alta,2025-10-27 19:49:30,2025-11-14 19:49:30,Fechado
ISS-C02-P01-002328,C02-P01,C02-E0053,Feature,Media,2025-10-30 12:08:33,2025-11-24 12:08:33,Fechado
ISS-C02-P01-002329,C02-P01,C02-E0002,Feature,Media,2025-10-09 08:50:08,2025-10-19 08:50:08,Fechado
ISS-C02-P01-002330,C02-P01,C02-E0111,Feature,Critica,2025-10-06 12:00:08,,Aberto
ISS-C02-P01-002331,C02-P01,C02-E0083,Feature,Baixa,2025-10-18 13:02:36,,Em Andamento
ISS-C02-P01-002332,C02-P01,C02-E0049,Bug,Media,2025-10-11 13:24:42,2025-10-19 13:24:42,Fechado
ISS-C02-P01-002333,C02-P01,C02-E0051,Feature,Baixa,2025-10-31 19:29:05,,Em Andamento
ISS-C02-P01-002334,C02-P01,C02-E0106,Bug,Alta,2025-10-28 08:35:17,2025-10-31 08:35:17,Fechado
ISS-C02-P01-002335,C02-P01,C02-E0096,Feature,Media,2025-10-08 08:18:39,2025-11-21 08:18:39,Fechado
ISS-C02-P01-002336,C02-P01,C02-E0010,Bug,Alta,2025-10-20 10:07:17,,Em Andamento
ISS-C02-P01-002337,C02-P01,C02-E0006,Debito Tecnico,Media,2025-10-26 17:10:23,,Em Andamento
ISS-C02-P01-002338,C02-P01,C02-E0032,Bug,Alta,2025-10-14 17:45:33,,Em Andamento
ISS-C02-P01-002339,C02-P01,C02-E0033,Feature,Baixa,2025-10-09 07:34:20,,Em Andamento
ISS-C02-P01-002340,C02-P01,C02-E0120,Bug,Baixa,2025-10-31 10:51:03,2025-12-13 10:51:03,Fechado
ISS-C02-P01-002341,C02-P01,C02-E0004,Feature,Media,2025-10-23 15:56:14,2025-11-18 15:56:14,Fechado
ISS-C02-P01-002342,C02-P01,C02-E0051,Feature,Baixa,2025-10-14 21:13:18,,Em Andamento
ISS-C02-P01-002343,C02-P01,C02-E0119,Chore,Baixa,2025-10-15 17:54:00,,Em Andamento
ISS-C02-P01-002344,C02-P01,C02-E0092,Feature,Media,2025-10-12 11:39:06,2025-10-19 11:39:06,Fechado
ISS-C02-P01-002345,C02-P01,C02-E0081,Bug,Alta,2025-10-28 07:36:01,,Em Andamento
ISS-C02-P01-002346,C02-P01,C02-E0060,Bug,Media,2025-10-19 14:00:53,,Em Andamento
ISS-C02-P01-002347,C02-P01,C02-E0070,Bug,Media,2025-10-25 17:49:51,2025-11-05 17:49:51,Fechado
ISS-C02-P01-002348,C02-P01,C02-E0071,Bug,Baixa,2025-10-26 17:38:15,2025-11-30 17:38:15,Fechado
ISS-C02-P01-002349,C02-P01,C02-E0089,Debito Tecnico,Critica,2025-10-27 16:40:33,,Em Andamento
ISS-C02-P01-002350,C02-P01,C02-E0031,Bug,Alta,2026-07-12 14:08:05,,Em Andamento
ISS-C02-P01-002351,C02-P01,C02-E0047,Debito Tecnico,Critica,2026-07-15 18:17:40,,Em Andamento
ISS-C02-P01-002352,C02-P01,C02-E0050,Bug,Media,2026-07-10 08:21:48,,Em Andamento
ISS-C02-P01-002353,C02-P01,C02-E0065,Feature,Media,2026-07-29 21:46:47,2026-08-10 00:00:00,Fechado
ISS-C02-P01-002354,C02-P01,C02-E0012,Feature,Critica,2026-07-24 14:04:39,2026-08-10 00:00:00,Fechado
ISS-C02-P01-002355,C02-P01,C02-E0057,Bug,Media,2026-07-14 21:17:13,,Em Andamento
ISS-C02-P01-002356,C02-P01,C02-E0016,Bug,Media,2026-07-29 14:39:04,2026-08-10 00:00:00,Fechado
ISS-C02-P01-002357,C02-P01,C02-E0033,Debito Tecnico,Baixa,2026-07-25 14:32:24,2026-08-10 00:00:00,Fechado
ISS-C02-P01-002358,C02-P01,C02-E0075,Feature,Baixa,2026-07-15 16:12:50,2026-08-10 00:00:00,Fechado
ISS-C02-P01-002359,C02-P01,C02-E0107,Debito Tecnico,Alta,2026-07-10 11:40:38,,Em Andamento
ISS-C02-P01-002360,C02-P01,C02-E0117,Feature,Media,2026-07-07 08:52:40,2026-08-10 00:00:00,Fechado
ISS-C02-P01-002361,C02-P01,C02-E0013,Bug,Baixa,2026-07-23 20:55:41,2026-08-10 00:00:00,Fechado
ISS-C02-P01-002362,C02-P01,C02-E0118,Bug,Media,2026-07-07 16:59:16,2026-07-20 16:59:16,Fechado
ISS-C02-P01-002363,C02-P01,C02-E0010,Bug,Baixa,2026-07-03 09:41:37,,Aberto
ISS-C02-P01-002364,C02-P01,C02-E0093,Bug,Baixa,2026-07-03 16:04:02,2026-07-11 16:04:02,Fechado
ISS-C02-P01-002365,C02-P01,C02-E0053,Bug,Media,2026-07-01 21:40:27,2026-08-10 00:00:00,Fechado
ISS-C02-P01-002366,C02-P01,C02-E0032,Feature,Alta,2026-07-04 09:11:40,2026-07-08 09:11:40,Fechado
ISS-C02-P01-002367,C02-P01,C02-E0059,Bug,Baixa,2026-07-27 12:11:46,2026-08-08 12:11:46,Fechado
ISS-C02-P01-002368,C02-P01,C02-E0034,Bug,Media,2026-07-19 14:37:09,2026-08-10 00:00:00,Fechado
ISS-C02-P01-002369,C02-P01,C02-E0115,Feature,Baixa,2026-07-31 11:25:01,2026-08-10 00:00:00,Fechado
ISS-C02-P01-002370,C02-P01,C02-E0117,Bug,Alta,2026-07-10 20:39:07,2026-08-10 00:00:00,Fechado
ISS-C02-P01-002371,C02-P01,C02-E0099,Debito Tecnico,Media,2026-07-29 13:40:10,2026-08-10 00:00:00,Fechado
ISS-C02-P01-002372,C02-P01,C02-E0099,Chore,Media,2026-07-12 10:37:58,,Em Andamento
ISS-C02-P01-002373,C02-P01,C02-E0015,Debito Tecnico,Media,2026-07-18 15:56:37,2026-08-03 15:56:37,Fechado
ISS-C02-P01-002374,C02-P01,C02-E0099,Bug,Alta,2026-07-26 20:44:57,2026-08-10 00:00:00,Fechado
ISS-C02-P02-002375,C02-P02,C02-E0006,Bug,Baixa,2025-06-05 15:14:35,,Aberto
ISS-C02-P02-002376,C02-P02,C02-E0119,Bug,Media,2025-06-10 11:01:28,2025-07-21 11:01:28,Fechado
ISS-C02-P02-002377,C02-P02,C02-E0119,Feature,Alta,2025-06-02 07:34:23,,Em Andamento
ISS-C02-P02-002378,C02-P02,C02-E0030,Feature,Media,2025-06-07 21:15:54,,Em Andamento
ISS-C02-P02-002379,C02-P02,C02-E0012,Feature,Baixa,2025-06-12 17:36:17,2025-06-27 17:36:17,Fechado
ISS-C02-P02-002380,C02-P02,C02-E0008,Bug,Baixa,2025-06-14 08:47:05,2025-07-08 08:47:05,Fechado
ISS-C02-P02-002381,C02-P02,C02-E0066,Feature,Alta,2025-06-26 15:51:43,,Em Andamento
ISS-C02-P02-002382,C02-P02,C02-E0035,Bug,Media,2025-06-06 12:57:26,2025-06-14 12:57:26,Fechado
ISS-C02-P02-002383,C02-P02,C02-E0015,Feature,Media,2025-06-21 19:02:31,,Em Andamento
ISS-C02-P02-002384,C02-P02,C02-E0098,Debito Tecnico,Alta,2025-06-15 08:40:46,,Em Andamento
ISS-C02-P02-002385,C02-P02,C02-E0055,Debito Tecnico,Media,2025-06-11 16:05:52,,Aberto
ISS-C02-P02-002386,C02-P02,C02-E0014,Feature,Alta,2025-06-30 16:13:54,,Aberto
ISS-C02-P02-002387,C02-P02,C02-E0080,Bug,Media,2025-06-21 07:00:20,2025-07-07 07:00:20,Fechado
ISS-C02-P02-002388,C02-P02,C02-E0016,Bug,Baixa,2025-06-03 11:29:51,,Aberto
ISS-C02-P02-002389,C02-P02,C02-E0117,Feature,Alta,2025-06-21 20:44:47,,Em Andamento
ISS-C02-P02-002390,C02-P02,C02-E0097,Debito Tecnico,Alta,2025-06-29 18:15:09,2025-07-11 18:15:09,Fechado
ISS-C02-P02-002391,C02-P02,C02-E0108,Bug,Alta,2025-06-06 08:25:40,2025-06-08 08:25:40,Fechado
ISS-C02-P02-002392,C02-P02,C02-E0108,Feature,Baixa,2025-06-05 17:58:12,2025-06-23 17:58:12,Fechado
ISS-C02-P02-002393,C02-P02,C02-E0096,Bug,Media,2025-06-28 17:42:53,2025-07-23 17:42:53,Fechado
ISS-C02-P02-002394,C02-P02,C02-E0035,Bug,Alta,2025-06-04 16:32:14,,Aberto
ISS-C02-P02-002395,C02-P02,C02-E0094,Feature,Baixa,2025-06-30 09:49:30,2025-07-07 09:49:30,Fechado
ISS-C02-P02-002396,C02-P02,C02-E0050,Feature,Alta,2025-06-13 07:31:29,2025-07-09 07:31:29,Fechado
ISS-C02-P02-002397,C02-P02,C02-E0014,Debito Tecnico,Baixa,2025-06-17 17:23:24,2025-07-17 17:23:24,Fechado
ISS-C02-P02-002398,C02-P02,C02-E0113,Bug,Baixa,2025-07-04 09:48:25,,Em Andamento
ISS-C02-P02-002399,C02-P02,C02-E0096,Bug,Alta,2025-07-22 19:19:46,2025-07-26 19:19:46,Fechado
ISS-C02-P02-002400,C02-P02,C02-E0033,Feature,Media,2025-07-06 10:16:49,2025-08-10 10:16:49,Fechado
ISS-C02-P02-002401,C02-P02,C02-E0087,Feature,Alta,2025-07-25 14:57:53,,Em Andamento
ISS-C02-P02-002402,C02-P02,C02-E0106,Bug,Baixa,2025-07-17 21:22:52,2025-08-02 21:22:52,Fechado
ISS-C02-P02-002403,C02-P02,C02-E0066,Bug,Alta,2025-07-18 09:28:28,2025-07-24 09:28:28,Fechado
ISS-C02-P02-002404,C02-P02,C02-E0035,Feature,Alta,2025-07-21 16:50:09,,Em Andamento
ISS-C02-P02-002405,C02-P02,C02-E0009,Bug,Baixa,2025-07-28 15:48:36,,Aberto
ISS-C02-P02-002406,C02-P02,C02-E0024,Debito Tecnico,Media,2025-07-09 07:05:41,2025-07-27 07:05:41,Fechado
ISS-C02-P02-002407,C02-P02,C02-E0120,Bug,Alta,2025-07-22 17:17:28,2025-07-25 17:17:28,Fechado
ISS-C02-P02-002408,C02-P02,C02-E0113,Debito Tecnico,Baixa,2025-07-31 17:48:06,,Em Andamento
ISS-C02-P02-002409,C02-P02,C02-E0101,Feature,Alta,2025-07-25 14:33:55,2025-07-29 14:33:55,Fechado
ISS-C02-P02-002410,C02-P02,C02-E0106,Bug,Media,2025-07-01 10:01:01,2025-08-11 10:01:01,Fechado
ISS-C02-P02-002411,C02-P02,C02-E0063,Chore,Baixa,2025-07-16 17:12:34,,Aberto
ISS-C02-P02-002412,C02-P02,C02-E0051,Feature,Critica,2025-07-11 17:43:35,,Aberto
ISS-C02-P02-002413,C02-P02,C02-E0013,Bug,Alta,2025-07-05 18:14:39,2025-08-12 18:14:39,Fechado
ISS-C02-P02-002414,C02-P02,C02-E0015,Feature,Alta,2025-07-12 20:07:53,,Em Andamento
ISS-C02-P02-002415,C02-P02,C02-E0091,Bug,Alta,2025-08-19 11:41:19,,Aberto
ISS-C02-P02-002416,C02-P02,C02-E0118,Debito Tecnico,Baixa,2025-08-23 11:05:53,,Em Andamento
ISS-C02-P02-002417,C02-P02,C02-E0040,Bug,Baixa,2025-08-06 19:19:23,2025-09-07 19:19:23,Fechado
ISS-C02-P02-002418,C02-P02,C02-E0040,Bug,Baixa,2025-08-31 11:57:46,2025-09-25 11:57:46,Fechado
ISS-C02-P02-002419,C02-P02,C02-E0114,Bug,Baixa,2025-08-18 21:00:28,,Em Andamento
ISS-C02-P02-002420,C02-P02,C02-E0004,Feature,Alta,2025-08-08 17:17:30,2025-08-25 17:17:30,Fechado
ISS-C02-P02-002421,C02-P02,C02-E0005,Feature,Alta,2025-08-04 16:35:19,,Em Andamento
ISS-C02-P02-002422,C02-P02,C02-E0001,Debito Tecnico,Alta,2025-08-14 11:15:13,2025-08-24 11:15:13,Fechado
ISS-C02-P02-002423,C02-P02,C02-E0107,Bug,Baixa,2025-08-09 10:37:07,2025-09-21 10:37:07,Fechado
ISS-C02-P02-002424,C02-P02,C02-E0015,Bug,Media,2025-09-30 10:12:57,,Aberto
ISS-C02-P02-002425,C02-P02,C02-E0052,Bug,Baixa,2025-09-26 18:59:54,,Em Andamento
ISS-C02-P02-002426,C02-P02,C02-E0093,Debito Tecnico,Baixa,2025-09-22 15:02:06,2025-10-17 15:02:06,Fechado
ISS-C02-P02-002427,C02-P02,C02-E0034,Debito Tecnico,Baixa,2025-09-18 12:36:21,2025-09-30 12:36:21,Fechado
ISS-C02-P02-002428,C02-P02,C02-E0114,Feature,Media,2025-09-07 08:32:25,2025-09-24 08:32:25,Fechado
ISS-C02-P02-002429,C02-P02,C02-E0055,Bug,Critica,2025-09-04 07:21:57,2025-09-24 07:21:57,Fechado
ISS-C02-P02-002430,C02-P02,C02-E0032,Bug,Alta,2025-09-25 17:42:42,2025-11-01 17:42:42,Fechado
ISS-C02-P02-002431,C02-P02,C02-E0049,Bug,Media,2025-09-30 10:32:57,2025-10-17 10:32:57,Fechado
ISS-C02-P02-002432,C02-P02,C02-E0075,Debito Tecnico,Alta,2025-09-03 09:31:29,2025-09-27 09:31:29,Fechado
ISS-C02-P02-002433,C02-P02,C02-E0080,Bug,Alta,2025-09-01 20:40:24,,Aberto
ISS-C02-P02-002434,C02-P02,C02-E0084,Bug,Alta,2025-09-22 07:37:21,,Em Andamento
ISS-C02-P02-002435,C02-P02,C02-E0057,Chore,Baixa,2025-09-26 16:11:03,2025-10-11 16:11:03,Fechado
ISS-C02-P02-002436,C02-P02,C02-E0022,Debito Tecnico,Alta,2025-09-02 17:05:05,2025-10-04 17:05:05,Fechado
ISS-C02-P02-002437,C02-P02,C02-E0118,Bug,Media,2025-09-21 20:18:46,,Em Andamento
ISS-C02-P02-002438,C02-P02,C02-E0081,Bug,Media,2025-09-28 21:38:53,,Aberto
ISS-C02-P02-002439,C02-P02,C02-E0019,Feature,Media,2025-09-30 12:48:07,2025-10-04 12:48:07,Fechado
ISS-C02-P02-002440,C02-P02,C02-E0065,Bug,Media,2025-09-14 07:34:27,,Aberto
ISS-C02-P02-002441,C02-P02,C02-E0092,Feature,Alta,2025-09-17 15:11:27,2025-10-21 15:11:27,Fechado
ISS-C02-P02-002442,C02-P02,C02-E0089,Feature,Media,2025-09-05 18:02:14,2025-10-13 18:02:14,Fechado
ISS-C02-P02-002443,C02-P02,C02-E0006,Debito Tecnico,Critica,2025-09-24 09:24:08,2025-10-09 09:24:08,Fechado
ISS-C02-P02-002444,C02-P02,C02-E0016,Bug,Baixa,2025-09-10 09:01:16,,Aberto
ISS-C02-P02-002445,C02-P02,C02-E0114,Feature,Media,2025-09-29 09:47:39,2025-10-05 09:47:39,Fechado
ISS-C02-P02-002446,C02-P02,C02-E0052,Debito Tecnico,Critica,2025-10-15 07:33:56,2025-11-19 07:33:56,Fechado
ISS-C02-P02-002447,C02-P02,C02-E0014,Feature,Media,2025-10-26 19:09:49,,Em Andamento
ISS-C02-P02-002448,C02-P02,C02-E0067,Feature,Media,2025-10-29 16:49:44,2025-11-15 16:49:44,Fechado
ISS-C02-P02-002449,C02-P02,C02-E0108,Chore,Alta,2025-10-29 08:51:06,2025-12-08 08:51:06,Fechado
ISS-C02-P02-002450,C02-P02,C02-E0107,Bug,Media,2025-10-01 15:21:01,,Aberto
ISS-C02-P02-002451,C02-P02,C02-E0070,Debito Tecnico,Critica,2025-10-14 15:39:17,,Aberto
ISS-C02-P02-002452,C02-P02,C02-E0050,Feature,Media,2025-10-18 19:01:44,2025-10-27 19:01:44,Fechado
ISS-C02-P02-002453,C02-P02,C02-E0012,Feature,Media,2025-10-06 09:42:24,2025-11-01 09:42:24,Fechado
ISS-C02-P02-002454,C02-P02,C02-E0034,Feature,Media,2025-10-25 08:39:38,,Em Andamento
ISS-C02-P02-002455,C02-P02,C02-E0108,Bug,Alta,2025-10-17 12:59:35,,Em Andamento
ISS-C02-P02-002456,C02-P02,C02-E0120,Bug,Baixa,2025-11-06 14:04:06,2025-12-16 14:04:06,Fechado
ISS-C02-P02-002457,C02-P02,C02-E0114,Bug,Baixa,2025-11-20 19:34:47,,Aberto
ISS-C02-P02-002458,C02-P02,C02-E0060,Bug,Baixa,2025-11-25 21:38:05,2025-12-28 21:38:05,Fechado
ISS-C02-P02-002459,C02-P02,C02-E0118,Bug,Media,2025-11-20 19:51:37,2025-12-05 19:51:37,Fechado
ISS-C02-P02-002460,C02-P02,C02-E0052,Debito Tecnico,Alta,2025-11-20 07:24:30,2025-12-30 07:24:30,Fechado
ISS-C02-P02-002461,C02-P02,C02-E0005,Feature,Alta,2025-11-08 13:52:23,2025-11-16 13:52:23,Fechado
ISS-C02-P02-002462,C02-P02,C02-E0052,Bug,Media,2025-11-27 08:50:54,,Aberto
ISS-C02-P02-002463,C02-P02,C02-E0056,Feature,Baixa,2025-11-11 16:32:43,2025-12-17 16:32:43,Fechado
ISS-C02-P02-002464,C02-P02,C02-E0016,Debito Tecnico,Media,2025-12-13 20:22:21,,Aberto
ISS-C02-P02-002465,C02-P02,C02-E0032,Feature,Baixa,2025-12-02 10:46:48,,Em Andamento
ISS-C02-P02-002466,C02-P02,C02-E0033,Bug,Media,2025-12-22 16:14:29,2026-01-17 16:14:29,Fechado
ISS-C02-P02-002467,C02-P02,C02-E0068,Chore,Media,2025-12-18 11:20:17,2026-01-27 11:20:17,Fechado
ISS-C02-P02-002468,C02-P02,C02-E0051,Debito Tecnico,Baixa,2025-12-25 07:07:25,2026-01-24 07:07:25,Fechado
ISS-C02-P02-002469,C02-P02,C02-E0032,Bug,Media,2025-12-04 16:48:31,,Aberto
ISS-C02-P02-002470,C02-P02,C02-E0068,Feature,Baixa,2025-12-27 21:39:12,,Em Andamento
ISS-C02-P02-002471,C02-P02,C02-E0101,Bug,Media,2025-12-13 14:21:42,,Em Andamento
ISS-C02-P02-002472,C02-P02,C02-E0049,Chore,Alta,2025-12-10 12:46:48,2025-12-23 12:46:48,Fechado
ISS-C02-P02-002473,C02-P02,C02-E0093,Feature,Media,2025-12-06 20:17:13,,Aberto
ISS-C02-P02-002474,C02-P02,C02-E0091,Bug,Baixa,2025-12-17 12:24:25,2026-01-31 12:24:25,Fechado
ISS-C02-P02-002475,C02-P02,C02-E0067,Bug,Baixa,2026-01-05 16:14:05,2026-01-15 16:14:05,Fechado
ISS-C02-P02-002476,C02-P02,C02-E0086,Chore,Baixa,2026-01-14 14:47:05,,Aberto
ISS-C02-P02-002477,C02-P02,C02-E0098,Chore,Media,2026-01-29 16:48:17,,Aberto
ISS-C02-P02-002478,C02-P02,C02-E0117,Feature,Media,2026-01-04 18:51:47,2026-01-20 18:51:47,Fechado
ISS-C02-P02-002479,C02-P02,C02-E0048,Feature,Alta,2026-01-03 21:34:05,,Aberto
ISS-C02-P02-002480,C02-P02,C02-E0120,Chore,Alta,2026-01-10 20:44:26,,Aberto
ISS-C02-P02-002481,C02-P02,C02-E0092,Bug,Media,2026-01-21 20:24:47,,Aberto
ISS-C02-P02-002482,C02-P02,C02-E0065,Feature,Alta,2026-01-23 09:46:49,2026-02-25 09:46:49,Fechado
ISS-C02-P02-002483,C02-P02,C02-E0074,Feature,Media,2026-02-23 07:59:48,2026-03-26 07:59:48,Fechado
ISS-C02-P02-002484,C02-P02,C02-E0009,Feature,Baixa,2026-02-28 19:00:19,,Em Andamento
ISS-C02-P02-002485,C02-P02,C02-E0024,Debito Tecnico,Media,2026-02-05 21:28:09,,Em Andamento
ISS-C02-P02-002486,C02-P02,C02-E0098,Debito Tecnico,Media,2026-02-22 21:35:37,,Em Andamento
ISS-C02-P02-002487,C02-P02,C02-E0060,Feature,Alta,2026-02-20 11:20:44,2026-03-07 11:20:44,Fechado
ISS-C02-P02-002488,C02-P02,C02-E0118,Feature,Baixa,2026-02-10 20:11:15,,Em Andamento
ISS-C02-P02-002489,C02-P02,C02-E0117,Feature,Alta,2026-02-08 13:36:00,2026-03-02 13:36:00,Fechado
ISS-C02-P02-002490,C02-P02,C02-E0093,Feature,Media,2026-02-05 19:40:10,,Aberto
ISS-C02-P02-002491,C02-P02,C02-E0113,Feature,Baixa,2026-02-11 07:49:53,2026-03-03 07:49:53,Fechado
ISS-C02-P02-002492,C02-P02,C02-E0071,Bug,Alta,2026-03-21 17:20:14,,Aberto
ISS-C02-P02-002493,C02-P02,C02-E0087,Debito Tecnico,Baixa,2026-03-14 08:28:48,2026-04-01 08:28:48,Fechado
ISS-C02-P02-002494,C02-P02,C02-E0004,Feature,Critica,2026-03-25 15:55:43,,Em Andamento
ISS-C02-P02-002495,C02-P02,C02-E0022,Bug,Baixa,2026-03-10 13:37:13,2026-04-02 13:37:13,Fechado
ISS-C02-P02-002496,C02-P02,C02-E0053,Feature,Media,2026-03-18 16:18:58,2026-03-20 16:18:58,Fechado
ISS-C02-P02-002497,C02-P02,C02-E0010,Feature,Baixa,2026-04-03 10:55:39,2026-04-15 10:55:39,Fechado
ISS-C02-P02-002498,C02-P02,C02-E0005,Bug,Media,2026-04-07 11:24:13,2026-05-07 11:24:13,Fechado
ISS-C02-P02-002499,C02-P02,C02-E0028,Feature,Media,2026-04-21 14:36:04,,Em Andamento
ISS-C02-P02-002500,C02-P02,C02-E0071,Feature,Alta,2026-05-01 12:40:23,,Em Andamento
ISS-C02-P02-002501,C02-P02,C02-E0119,Feature,Media,2026-05-18 16:18:45,,Aberto
ISS-C02-P02-002502,C02-P02,C02-E0119,Debito Tecnico,Baixa,2026-05-08 20:39:21,2026-06-10 20:39:21,Fechado
ISS-C02-P02-002503,C02-P02,C02-E0067,Feature,Media,2026-05-05 19:30:37,,Aberto
ISS-C02-P02-002504,C02-P02,C02-E0024,Debito Tecnico,Alta,2026-05-27 12:29:46,2026-07-08 12:29:46,Fechado
ISS-C02-P02-002505,C02-P02,C02-E0002,Bug,Media,2026-06-05 21:58:11,2026-07-06 21:58:11,Fechado
ISS-C02-P02-002506,C02-P02,C02-E0066,Feature,Media,2026-06-03 17:55:47,2026-07-02 17:55:47,Fechado
ISS-C02-P02-002507,C02-P02,C02-E0081,Bug,Alta,2026-06-06 19:27:44,,Aberto
ISS-C02-P02-002508,C02-P02,C02-E0049,Chore,Baixa,2026-06-03 19:26:18,,Em Andamento
ISS-C02-P02-002509,C02-P02,C02-E0052,Bug,Alta,2026-06-17 21:18:05,2026-07-28 21:18:05,Fechado
ISS-C02-P02-002510,C02-P02,C02-E0068,Feature,Baixa,2026-06-02 20:29:05,2026-06-07 20:29:05,Fechado
ISS-C02-P02-002511,C02-P02,C02-E0004,Feature,Alta,2026-06-25 12:26:05,,Aberto
ISS-C02-P02-002512,C02-P02,C02-E0120,Bug,Media,2026-06-14 11:06:21,2026-06-22 11:06:21,Fechado
ISS-C02-P02-002513,C02-P02,C02-E0067,Chore,Media,2026-07-23 14:04:47,2026-08-10 00:00:00,Fechado
ISS-C02-P02-002514,C02-P02,C02-E0009,Feature,Media,2026-07-31 07:45:31,2026-08-10 07:45:31,Fechado
ISS-C02-P02-002515,C02-P02,C02-E0104,Feature,Media,2026-07-22 17:49:15,2026-07-28 17:49:15,Fechado
ISS-C02-P02-002516,C02-P02,C02-E0012,Feature,Critica,2026-07-23 13:32:41,,Em Andamento
ISS-C02-P02-002517,C02-P02,C02-E0117,Bug,Media,2026-07-07 11:37:38,2026-08-10 00:00:00,Fechado
ISS-C02-P02-002518,C02-P02,C02-E0066,Bug,Media,2026-07-21 20:33:10,2026-07-25 20:33:10,Fechado
ISS-C02-P02-002519,C02-P02,C02-E0057,Feature,Critica,2026-07-25 07:50:26,,Em Andamento
ISS-C02-P02-002520,C02-P02,C02-E0016,Bug,Media,2026-07-18 16:28:50,2026-08-03 16:28:50,Fechado
ISS-C02-P02-002521,C02-P02,C02-E0086,Bug,Alta,2026-07-04 14:44:45,2026-08-10 00:00:00,Fechado
ISS-C02-P03-002522,C02-P03,C02-E0033,Feature,Baixa,2026-01-22 07:50:08,2026-02-21 07:50:08,Fechado
ISS-C02-P03-002523,C02-P03,C02-E0118,Chore,Critica,2026-01-06 14:38:56,,Aberto
ISS-C02-P03-002524,C02-P03,C02-E0097,Feature,Media,2026-01-10 10:19:38,2026-01-15 10:19:38,Fechado
ISS-C02-P03-002525,C02-P03,C02-E0068,Bug,Baixa,2026-01-19 21:58:53,2026-02-24 21:58:53,Fechado
ISS-C02-P03-002526,C02-P03,C02-E0050,Bug,Critica,2026-01-20 07:43:15,2026-02-10 07:43:15,Fechado
ISS-C02-P03-002527,C02-P03,C02-E0032,Debito Tecnico,Critica,2026-01-23 08:39:13,,Em Andamento
ISS-C02-P03-002528,C02-P03,C02-E0029,Feature,Critica,2026-01-24 17:15:52,2026-01-31 17:15:52,Fechado
ISS-C02-P03-002529,C02-P03,C02-E0093,Bug,Media,2026-01-29 12:56:14,2026-02-21 12:56:14,Fechado
ISS-C02-P03-002530,C02-P03,C02-E0063,Debito Tecnico,Critica,2026-01-10 18:28:45,2026-01-16 18:28:45,Fechado
ISS-C02-P03-002531,C02-P03,C02-E0066,Debito Tecnico,Media,2026-01-31 13:06:15,2026-02-11 13:06:15,Fechado
ISS-C02-P03-002532,C02-P03,C02-E0066,Feature,Baixa,2026-01-26 16:50:20,2026-02-25 16:50:20,Fechado
ISS-C02-P03-002533,C02-P03,C02-E0044,Feature,Baixa,2026-01-19 19:55:15,2026-02-11 19:55:15,Fechado
ISS-C02-P03-002534,C02-P03,C02-E0094,Debito Tecnico,Media,2026-01-27 20:51:38,,Em Andamento
ISS-C02-P03-002535,C02-P03,C02-E0035,Bug,Alta,2026-01-04 14:05:36,,Em Andamento
ISS-C02-P03-002536,C02-P03,C02-E0044,Bug,Baixa,2026-01-24 21:38:14,2026-01-25 21:38:14,Fechado
ISS-C02-P03-002537,C02-P03,C02-E0048,Debito Tecnico,Media,2026-01-06 17:35:26,,Aberto
ISS-C02-P03-002538,C02-P03,C02-E0033,Debito Tecnico,Alta,2026-01-23 10:20:27,,Aberto
ISS-C02-P03-002539,C02-P03,C02-E0031,Debito Tecnico,Media,2026-01-22 14:50:25,,Aberto
ISS-C02-P03-002540,C02-P03,C02-E0076,Bug,Media,2026-01-16 10:41:29,,Em Andamento
ISS-C02-P03-002541,C02-P03,C02-E0049,Feature,Media,2026-01-10 09:28:23,,Em Andamento
ISS-C02-P03-002542,C02-P03,C02-E0056,Bug,Media,2026-01-05 10:54:58,,Em Andamento
ISS-C02-P03-002543,C02-P03,C02-E0096,Feature,Alta,2026-01-29 12:01:21,2026-02-16 12:01:21,Fechado
ISS-C02-P03-002544,C02-P03,C02-E0048,Bug,Baixa,2026-01-01 12:41:52,,Em Andamento
ISS-C02-P03-002545,C02-P03,C02-E0067,Bug,Alta,2026-01-01 13:24:22,,Aberto
ISS-C02-P03-002546,C02-P03,C02-E0034,Bug,Media,2026-01-23 19:30:36,,Em Andamento
ISS-C02-P03-002547,C02-P03,C02-E0034,Feature,Media,2026-01-25 14:27:34,2026-02-02 14:27:34,Fechado
ISS-C02-P03-002548,C02-P03,C02-E0084,Feature,Alta,2026-01-19 07:08:44,,Em Andamento
ISS-C02-P03-002549,C02-P03,C02-E0076,Feature,Media,2026-01-01 08:59:29,,Aberto
ISS-C02-P03-002550,C02-P03,C02-E0120,Bug,Media,2026-01-17 13:35:45,,Aberto
ISS-C02-P03-002551,C02-P03,C02-E0015,Chore,Baixa,2026-01-10 12:36:31,2026-01-20 12:36:31,Fechado
ISS-C02-P03-002552,C02-P03,C02-E0068,Bug,Alta,2026-01-31 07:27:03,2026-03-09 07:27:03,Fechado
ISS-C02-P03-002553,C02-P03,C02-E0040,Bug,Baixa,2026-01-17 07:07:15,,Aberto
ISS-C02-P03-002554,C02-P03,C02-E0113,Feature,Media,2026-01-04 09:32:19,,Em Andamento
ISS-C02-P03-002555,C02-P03,C02-E0086,Feature,Baixa,2026-01-04 16:15:29,2026-01-06 16:15:29,Fechado
ISS-C02-P03-002556,C02-P03,C02-E0119,Feature,Baixa,2026-01-12 20:10:49,2026-02-24 20:10:49,Fechado
ISS-C02-P03-002557,C02-P03,C02-E0091,Bug,Alta,2026-01-01 12:38:22,2026-02-09 12:38:22,Fechado
ISS-C02-P03-002558,C02-P03,C02-E0118,Bug,Media,2026-01-03 20:58:02,2026-02-13 20:58:02,Fechado
ISS-C02-P03-002559,C02-P03,C02-E0056,Bug,Baixa,2026-01-17 13:47:42,,Em Andamento
ISS-C02-P03-002560,C02-P03,C02-E0055,Debito Tecnico,Media,2026-01-04 14:07:18,,Em Andamento
ISS-C02-P03-002561,C02-P03,C02-E0099,Feature,Alta,2026-02-24 19:24:58,2026-03-22 19:24:58,Fechado
ISS-C02-P03-002562,C02-P03,C02-E0047,Feature,Media,2026-02-26 09:33:00,,Aberto
ISS-C02-P03-002563,C02-P03,C02-E0048,Feature,Media,2026-02-15 08:49:14,,Aberto
ISS-C02-P03-002564,C02-P03,C02-E0111,Debito Tecnico,Alta,2026-02-02 21:37:31,2026-02-03 21:37:31,Fechado
ISS-C02-P03-002565,C02-P03,C02-E0057,Feature,Baixa,2026-02-26 07:28:22,2026-03-30 07:28:22,Fechado
ISS-C02-P03-002566,C02-P03,C02-E0030,Chore,Media,2026-02-23 11:51:34,,Aberto
ISS-C02-P03-002567,C02-P03,C02-E0012,Bug,Media,2026-02-21 18:34:57,,Em Andamento
ISS-C02-P03-002568,C02-P03,C02-E0022,Feature,Baixa,2026-02-22 14:06:33,2026-02-27 14:06:33,Fechado
ISS-C02-P03-002569,C02-P03,C02-E0053,Chore,Alta,2026-02-05 16:48:52,,Aberto
ISS-C02-P03-002570,C02-P03,C02-E0071,Bug,Baixa,2026-02-07 11:20:35,2026-03-24 11:20:35,Fechado
ISS-C02-P03-002571,C02-P03,C02-E0097,Bug,Alta,2026-02-08 13:37:45,,Em Andamento
ISS-C02-P03-002572,C02-P03,C02-E0099,Chore,Alta,2026-02-27 17:19:33,2026-03-09 17:19:33,Fechado
ISS-C02-P03-002573,C02-P03,C02-E0117,Feature,Media,2026-02-07 08:15:08,,Aberto
ISS-C02-P03-002574,C02-P03,C02-E0101,Feature,Alta,2026-02-20 19:59:28,2026-03-24 19:59:28,Fechado
ISS-C02-P03-002575,C02-P03,C02-E0050,Bug,Media,2026-02-24 19:17:19,2026-03-25 19:17:19,Fechado
ISS-C02-P03-002576,C02-P03,C02-E0098,Feature,Media,2026-02-23 18:02:31,2026-04-04 18:02:31,Fechado
ISS-C02-P03-002577,C02-P03,C02-E0010,Feature,Media,2026-02-23 12:59:52,,Aberto
ISS-C02-P03-002578,C02-P03,C02-E0023,Debito Tecnico,Baixa,2026-02-06 21:52:44,2026-03-22 21:52:44,Fechado
ISS-C02-P03-002579,C02-P03,C02-E0055,Feature,Alta,2026-02-03 07:26:53,2026-02-14 07:26:53,Fechado
ISS-C02-P03-002580,C02-P03,C02-E0106,Feature,Media,2026-02-09 16:54:55,2026-03-05 16:54:55,Fechado
ISS-C02-P03-002581,C02-P03,C02-E0066,Feature,Critica,2026-03-08 18:10:22,2026-04-10 18:10:22,Fechado
ISS-C02-P03-002582,C02-P03,C02-E0010,Bug,Media,2026-03-26 20:05:44,2026-03-27 20:05:44,Fechado
ISS-C02-P03-002583,C02-P03,C02-E0111,Bug,Baixa,2026-03-27 17:29:27,2026-04-13 17:29:27,Fechado
ISS-C02-P03-002584,C02-P03,C02-E0076,Bug,Media,2026-03-20 13:46:48,,Em Andamento
ISS-C02-P03-002585,C02-P03,C02-E0113,Bug,Critica,2026-03-01 17:47:01,2026-03-05 17:47:01,Fechado
ISS-C02-P03-002586,C02-P03,C02-E0060,Bug,Baixa,2026-03-01 11:30:44,2026-04-14 11:30:44,Fechado
ISS-C02-P03-002587,C02-P03,C02-E0019,Feature,Baixa,2026-03-04 17:33:27,,Aberto
ISS-C02-P03-002588,C02-P03,C02-E0057,Feature,Alta,2026-03-15 08:28:53,,Em Andamento
ISS-C02-P03-002589,C02-P03,C02-E0050,Bug,Critica,2026-03-25 10:19:05,,Aberto
ISS-C02-P03-002590,C02-P03,C02-E0057,Debito Tecnico,Media,2026-03-11 10:59:58,2026-03-30 10:59:58,Fechado
ISS-C02-P03-002591,C02-P03,C02-E0049,Bug,Baixa,2026-03-15 17:09:53,2026-03-29 17:09:53,Fechado
ISS-C02-P03-002592,C02-P03,C02-E0053,Debito Tecnico,Alta,2026-03-28 21:00:37,2026-05-08 21:00:37,Fechado
ISS-C02-P03-002593,C02-P03,C02-E0012,Bug,Alta,2026-03-21 11:18:34,,Aberto
ISS-C02-P03-002594,C02-P03,C02-E0106,Debito Tecnico,Alta,2026-03-17 08:11:19,2026-04-07 08:11:19,Fechado
ISS-C02-P03-002595,C02-P03,C02-E0015,Chore,Baixa,2026-03-09 13:43:57,,Em Andamento
ISS-C02-P03-002596,C02-P03,C02-E0015,Debito Tecnico,Baixa,2026-03-06 14:17:30,2026-03-17 14:17:30,Fechado
ISS-C02-P03-002597,C02-P03,C02-E0063,Bug,Baixa,2026-03-13 16:14:14,,Em Andamento
ISS-C02-P03-002598,C02-P03,C02-E0099,Feature,Baixa,2026-03-25 15:19:55,,Aberto
ISS-C02-P03-002599,C02-P03,C02-E0108,Bug,Alta,2026-03-29 08:15:09,2026-04-27 08:15:09,Fechado
ISS-C02-P03-002600,C02-P03,C02-E0010,Feature,Baixa,2026-03-05 15:17:20,2026-03-12 15:17:20,Fechado
ISS-C02-P03-002601,C02-P03,C02-E0030,Chore,Media,2026-03-05 18:57:24,2026-04-07 18:57:24,Fechado
ISS-C02-P03-002602,C02-P03,C02-E0013,Debito Tecnico,Baixa,2026-03-04 11:46:43,,Em Andamento
ISS-C02-P03-002603,C02-P03,C02-E0047,Bug,Media,2026-03-20 10:48:09,2026-04-19 10:48:09,Fechado
ISS-C02-P03-002604,C02-P03,C02-E0002,Feature,Alta,2026-03-27 08:14:39,2026-04-20 08:14:39,Fechado
ISS-C02-P03-002605,C02-P03,C02-E0052,Bug,Media,2026-03-20 18:08:10,,Em Andamento
ISS-C02-P03-002606,C02-P03,C02-E0107,Feature,Media,2026-03-06 10:03:01,,Aberto
ISS-C02-P03-002607,C02-P03,C02-E0118,Feature,Alta,2026-03-29 14:24:05,2026-04-09 14:24:05,Fechado
ISS-C02-P03-002608,C02-P03,C02-E0076,Feature,Baixa,2026-03-27 21:16:52,,Aberto
ISS-C02-P03-002609,C02-P03,C02-E0097,Bug,Media,2026-03-20 10:24:41,,Em Andamento
ISS-C02-P03-002610,C02-P03,C02-E0096,Feature,Media,2026-03-30 10:16:51,2026-04-16 10:16:51,Fechado
ISS-C02-P03-002611,C02-P03,C02-E0083,Debito Tecnico,Baixa,2026-03-09 17:24:32,2026-04-13 17:24:32,Fechado
ISS-C02-P03-002612,C02-P03,C02-E0104,Debito Tecnico,Alta,2026-03-06 15:01:36,2026-04-18 15:01:36,Fechado
ISS-C02-P03-002613,C02-P03,C02-E0031,Feature,Baixa,2026-03-27 16:15:00,,Em Andamento
ISS-C02-P03-002614,C02-P03,C02-E0030,Feature,Alta,2026-03-16 12:30:32,2026-04-23 12:30:32,Fechado
ISS-C02-P03-002615,C02-P03,C02-E0006,Bug,Critica,2026-03-19 15:30:24,,Em Andamento
ISS-C02-P03-002616,C02-P03,C02-E0098,Bug,Media,2026-03-31 20:13:43,2026-04-28 20:13:43,Fechado
ISS-C02-P03-002617,C02-P03,C02-E0044,Debito Tecnico,Critica,2026-04-06 08:21:03,2026-05-10 08:21:03,Fechado
ISS-C02-P03-002618,C02-P03,C02-E0010,Bug,Alta,2026-04-08 16:59:06,2026-05-21 16:59:06,Fechado
ISS-C02-P03-002619,C02-P03,C02-E0091,Bug,Alta,2026-04-16 13:27:40,2026-05-06 13:27:40,Fechado
ISS-C02-P03-002620,C02-P03,C02-E0097,Feature,Baixa,2026-04-24 15:40:53,2026-05-27 15:40:53,Fechado
ISS-C02-P03-002621,C02-P03,C02-E0067,Debito Tecnico,Alta,2026-04-01 19:12:30,2026-05-05 19:12:30,Fechado
ISS-C02-P03-002622,C02-P03,C02-E0049,Bug,Alta,2026-04-08 11:58:54,,Aberto
ISS-C02-P03-002623,C02-P03,C02-E0060,Debito Tecnico,Media,2026-04-19 09:54:06,2026-05-09 09:54:06,Fechado
ISS-C02-P03-002624,C02-P03,C02-E0051,Bug,Baixa,2026-04-06 11:21:45,2026-05-14 11:21:45,Fechado
ISS-C02-P03-002625,C02-P03,C02-E0111,Bug,Media,2026-04-05 16:11:18,,Aberto
ISS-C02-P03-002626,C02-P03,C02-E0081,Debito Tecnico,Alta,2026-04-28 21:56:18,2026-05-06 21:56:18,Fechado
ISS-C02-P03-002627,C02-P03,C02-E0101,Chore,Baixa,2026-04-18 10:27:01,2026-05-28 10:27:01,Fechado
ISS-C02-P03-002628,C02-P03,C02-E0081,Feature,Media,2026-04-02 20:33:26,,Aberto
ISS-C02-P03-002629,C02-P03,C02-E0089,Debito Tecnico,Media,2026-04-11 19:30:45,,Aberto
ISS-C02-P03-002630,C02-P03,C02-E0049,Debito Tecnico,Critica,2026-04-25 09:31:05,2026-05-03 09:31:05,Fechado
ISS-C02-P03-002631,C02-P03,C02-E0089,Bug,Critica,2026-04-24 20:03:57,,Em Andamento
ISS-C02-P03-002632,C02-P03,C02-E0107,Debito Tecnico,Baixa,2026-04-07 17:24:30,2026-05-06 17:24:30,Fechado
ISS-C02-P03-002633,C02-P03,C02-E0070,Bug,Alta,2026-04-04 18:38:18,2026-05-19 18:38:18,Fechado
ISS-C02-P03-002634,C02-P03,C02-E0024,Bug,Media,2026-04-23 13:32:31,2026-04-26 13:32:31,Fechado
ISS-C02-P03-002635,C02-P03,C02-E0030,Feature,Media,2026-04-01 17:12:02,2026-05-08 17:12:02,Fechado
ISS-C02-P03-002636,C02-P03,C02-E0076,Bug,Critica,2026-04-21 21:22:07,2026-05-13 21:22:07,Fechado
ISS-C02-P03-002637,C02-P03,C02-E0021,Feature,Media,2026-04-23 14:39:01,,Em Andamento
ISS-C02-P03-002638,C02-P03,C02-E0111,Feature,Media,2026-04-28 15:45:59,2026-06-06 15:45:59,Fechado
ISS-C02-P03-002639,C02-P03,C02-E0120,Feature,Alta,2026-04-25 15:05:25,2026-05-31 15:05:25,Fechado
ISS-C02-P03-002640,C02-P03,C02-E0010,Feature,Media,2026-04-19 17:55:41,,Aberto
ISS-C02-P03-002641,C02-P03,C02-E0086,Bug,Media,2026-04-01 19:19:00,,Aberto
ISS-C02-P03-002642,C02-P03,C02-E0035,Bug,Alta,2026-04-10 13:51:06,2026-05-03 13:51:06,Fechado
ISS-C02-P03-002643,C02-P03,C02-E0071,Feature,Media,2026-04-22 09:37:13,2026-06-03 09:37:13,Fechado
ISS-C02-P03-002644,C02-P03,C02-E0104,Debito Tecnico,Media,2026-04-01 15:54:01,,Em Andamento
ISS-C02-P03-002645,C02-P03,C02-E0006,Bug,Alta,2026-04-24 16:03:58,2026-04-26 16:03:58,Fechado
ISS-C02-P03-002646,C02-P03,C02-E0104,Feature,Alta,2026-05-30 20:21:18,2026-07-13 20:21:18,Fechado
ISS-C02-P03-002647,C02-P03,C02-E0099,Chore,Baixa,2026-05-16 17:38:23,2026-06-05 17:38:23,Fechado
ISS-C02-P03-002648,C02-P03,C02-E0048,Feature,Alta,2026-05-09 16:37:27,,Em Andamento
ISS-C02-P03-002649,C02-P03,C02-E0081,Feature,Baixa,2026-05-23 07:06:40,,Em Andamento
ISS-C02-P03-002650,C02-P03,C02-E0114,Bug,Baixa,2026-05-13 16:24:39,,Em Andamento
ISS-C02-P03-002651,C02-P03,C02-E0006,Feature,Media,2026-05-14 14:29:51,2026-06-07 14:29:51,Fechado
ISS-C02-P03-002652,C02-P03,C02-E0022,Debito Tecnico,Media,2026-05-22 14:06:01,2026-06-06 14:06:01,Fechado
ISS-C02-P03-002653,C02-P03,C02-E0094,Bug,Baixa,2026-05-29 16:08:42,2026-06-28 16:08:42,Fechado
ISS-C02-P03-002654,C02-P03,C02-E0106,Bug,Alta,2026-05-20 15:35:19,,Em Andamento
ISS-C02-P03-002655,C02-P03,C02-E0113,Bug,Baixa,2026-05-12 10:15:21,,Aberto
ISS-C02-P03-002656,C02-P03,C02-E0008,Bug,Media,2026-05-15 12:05:51,,Em Andamento
ISS-C02-P03-002657,C02-P03,C02-E0111,Debito Tecnico,Baixa,2026-05-22 08:05:06,2026-06-04 08:05:06,Fechado
ISS-C02-P03-002658,C02-P03,C02-E0114,Bug,Alta,2026-05-30 14:35:10,2026-07-04 14:35:10,Fechado
ISS-C02-P03-002659,C02-P03,C02-E0059,Chore,Media,2026-05-30 18:35:35,,Em Andamento
ISS-C02-P03-002660,C02-P03,C02-E0002,Debito Tecnico,Media,2026-05-07 13:32:45,,Aberto
ISS-C02-P03-002661,C02-P03,C02-E0086,Debito Tecnico,Alta,2026-05-20 09:25:04,2026-06-15 09:25:04,Fechado
ISS-C02-P03-002662,C02-P03,C02-E0115,Bug,Critica,2026-05-06 18:49:05,2026-05-22 18:49:05,Fechado
ISS-C02-P03-002663,C02-P03,C02-E0040,Bug,Media,2026-05-16 07:56:40,2026-06-24 07:56:40,Fechado
ISS-C02-P03-002664,C02-P03,C02-E0120,Feature,Media,2026-05-29 15:46:22,,Aberto
ISS-C02-P03-002665,C02-P03,C02-E0065,Debito Tecnico,Baixa,2026-05-30 07:20:34,,Aberto
ISS-C02-P03-002666,C02-P03,C02-E0049,Bug,Baixa,2026-05-18 14:51:48,,Aberto
ISS-C02-P03-002667,C02-P03,C02-E0009,Feature,Media,2026-05-09 19:05:06,2026-05-12 19:05:06,Fechado
ISS-C02-P03-002668,C02-P03,C02-E0002,Debito Tecnico,Media,2026-05-03 11:29:27,,Aberto
ISS-C02-P03-002669,C02-P03,C02-E0046,Bug,Baixa,2026-05-26 15:09:51,2026-05-27 15:09:51,Fechado
ISS-C02-P03-002670,C02-P03,C02-E0060,Feature,Baixa,2026-05-29 08:03:17,2026-07-11 08:03:17,Fechado
ISS-C02-P03-002671,C02-P03,C02-E0059,Debito Tecnico,Baixa,2026-05-05 14:53:35,2026-06-01 14:53:35,Fechado
ISS-C02-P03-002672,C02-P03,C02-E0053,Bug,Baixa,2026-05-20 12:50:08,2026-06-05 12:50:08,Fechado
ISS-C02-P03-002673,C02-P03,C02-E0115,Bug,Media,2026-05-29 16:01:55,,Aberto
ISS-C02-P03-002674,C02-P03,C02-E0008,Bug,Media,2026-05-18 07:37:22,,Em Andamento
ISS-C02-P03-002675,C02-P03,C02-E0005,Feature,Media,2026-05-21 10:49:51,2026-06-27 10:49:51,Fechado
ISS-C02-P03-002676,C02-P03,C02-E0034,Feature,Media,2026-06-10 13:58:03,2026-06-24 13:58:03,Fechado
ISS-C02-P03-002677,C02-P03,C02-E0115,Feature,Baixa,2026-06-17 19:54:27,2026-07-13 19:54:27,Fechado
ISS-C02-P03-002678,C02-P03,C02-E0033,Bug,Media,2026-06-24 19:07:17,,Em Andamento
ISS-C02-P03-002679,C02-P03,C02-E0107,Debito Tecnico,Alta,2026-06-18 11:18:48,2026-07-28 11:18:48,Fechado
ISS-C02-P03-002680,C02-P03,C02-E0114,Bug,Critica,2026-06-19 19:08:35,2026-07-20 19:08:35,Fechado
ISS-C02-P03-002681,C02-P03,C02-E0082,Debito Tecnico,Baixa,2026-06-25 13:59:30,2026-07-02 13:59:30,Fechado
ISS-C02-P03-002682,C02-P03,C02-E0055,Bug,Baixa,2026-06-15 12:37:41,,Em Andamento
ISS-C02-P03-002683,C02-P03,C02-E0076,Feature,Baixa,2026-06-30 21:29:13,2026-07-27 21:29:13,Fechado
ISS-C02-P03-002684,C02-P03,C02-E0033,Feature,Critica,2026-06-30 19:27:56,2026-08-10 00:00:00,Fechado
ISS-C02-P03-002685,C02-P03,C02-E0012,Debito Tecnico,Alta,2026-06-25 17:12:16,2026-07-30 17:12:16,Fechado
ISS-C02-P03-002686,C02-P03,C02-E0106,Chore,Media,2026-06-29 19:12:03,,Em Andamento
ISS-C02-P03-002687,C02-P03,C02-E0097,Debito Tecnico,Media,2026-06-09 10:23:17,2026-06-21 10:23:17,Fechado
ISS-C02-P03-002688,C02-P03,C02-E0030,Debito Tecnico,Alta,2026-06-27 07:21:03,2026-08-08 07:21:03,Fechado
ISS-C02-P03-002689,C02-P03,C02-E0006,Bug,Baixa,2026-06-06 07:36:42,2026-07-02 07:36:42,Fechado
ISS-C02-P03-002690,C02-P03,C02-E0001,Feature,Critica,2026-06-23 19:39:48,2026-07-10 19:39:48,Fechado
ISS-C02-P03-002691,C02-P03,C02-E0024,Bug,Baixa,2026-06-21 16:40:50,2026-07-16 16:40:50,Fechado
ISS-C02-P03-002692,C02-P03,C02-E0030,Feature,Media,2026-06-14 11:57:57,2026-07-28 11:57:57,Fechado
ISS-C02-P03-002693,C02-P03,C02-E0070,Feature,Media,2026-06-13 10:19:30,,Em Andamento
ISS-C02-P03-002694,C02-P03,C02-E0060,Feature,Alta,2026-06-11 09:09:47,,Em Andamento
ISS-C02-P03-002695,C02-P03,C02-E0076,Debito Tecnico,Baixa,2026-06-06 10:50:10,,Em Andamento
ISS-C02-P03-002696,C02-P03,C02-E0115,Feature,Media,2026-06-15 12:53:08,2026-06-24 12:53:08,Fechado
ISS-C02-P03-002697,C02-P03,C02-E0066,Bug,Media,2026-06-03 08:34:15,2026-06-18 08:34:15,Fechado
ISS-C02-P03-002698,C02-P03,C02-E0080,Feature,Media,2026-07-19 19:29:16,,Em Andamento
ISS-C02-P03-002699,C02-P03,C02-E0019,Bug,Media,2026-07-23 14:26:34,2026-08-04 14:26:34,Fechado
ISS-C02-P03-002700,C02-P03,C02-E0009,Feature,Media,2026-07-29 19:56:36,,Aberto
ISS-C02-P03-002701,C02-P03,C02-E0083,Chore,Media,2026-07-17 20:50:13,,Aberto
ISS-C02-P03-002702,C02-P03,C02-E0055,Debito Tecnico,Media,2026-07-04 17:31:56,2026-08-10 00:00:00,Fechado
ISS-C02-P03-002703,C02-P03,C02-E0096,Feature,Critica,2026-07-24 09:17:24,2026-07-30 09:17:24,Fechado
ISS-C02-P03-002704,C02-P03,C02-E0014,Bug,Alta,2026-07-13 16:04:11,2026-08-10 00:00:00,Fechado
ISS-C02-P03-002705,C02-P03,C02-E0115,Debito Tecnico,Baixa,2026-07-24 08:09:51,2026-08-10 00:00:00,Fechado
ISS-C02-P03-002706,C02-P03,C02-E0115,Bug,Media,2026-07-10 11:42:49,,Aberto
ISS-C02-P03-002707,C02-P03,C02-E0012,Debito Tecnico,Media,2026-07-20 09:25:58,2026-07-26 09:25:58,Fechado
ISS-C02-P03-002708,C02-P03,C02-E0035,Bug,Baixa,2026-07-06 21:11:11,2026-08-10 00:00:00,Fechado
ISS-C02-P03-002709,C02-P03,C02-E0001,Bug,Media,2026-07-17 20:06:35,,Em Andamento
ISS-C02-P03-002710,C02-P03,C02-E0099,Feature,Baixa,2026-07-05 16:53:47,2026-07-31 16:53:47,Fechado
ISS-C02-P03-002711,C02-P03,C02-E0115,Chore,Alta,2026-07-28 09:32:41,2026-08-10 00:00:00,Fechado
ISS-C02-P03-002712,C02-P03,C02-E0118,Bug,Alta,2026-07-07 18:40:14,2026-07-27 18:40:14,Fechado
ISS-C02-P03-002713,C02-P03,C02-E0016,Bug,Alta,2026-07-27 17:00:02,,Aberto
ISS-C02-P03-002714,C02-P03,C02-E0059,Feature,Baixa,2026-07-02 09:36:33,2026-08-07 09:36:33,Fechado
ISS-C02-P03-002715,C02-P03,C02-E0074,Feature,Baixa,2026-07-23 16:33:43,,Em Andamento
ISS-C02-P03-002716,C02-P03,C02-E0120,Feature,Alta,2026-07-03 08:46:44,,Em Andamento
ISS-C02-P03-002717,C02-P03,C02-E0119,Debito Tecnico,Media,2026-07-27 08:55:30,2026-08-10 00:00:00,Fechado
ISS-C02-P03-002718,C02-P03,C02-E0010,Debito Tecnico,Media,2026-07-14 19:27:51,2026-08-04 19:27:51,Fechado
ISS-C02-P03-002719,C02-P03,C02-E0086,Feature,Baixa,2026-07-09 21:20:12,2026-07-29 21:20:12,Fechado
ISS-C02-P03-002720,C02-P03,C02-E0068,Feature,Baixa,2026-07-02 13:52:35,2026-07-18 13:52:35,Fechado
ISS-C02-P04-002721,C02-P04,C02-E0008,Bug,Alta,2025-06-10 15:15:36,2025-07-01 15:15:36,Fechado
ISS-C02-P04-002722,C02-P04,C02-E0010,Chore,Alta,2025-06-16 10:46:12,2025-06-29 10:46:12,Fechado
ISS-C02-P04-002723,C02-P04,C02-E0055,Bug,Alta,2025-06-22 21:08:04,,Aberto
ISS-C02-P04-002724,C02-P04,C02-E0083,Debito Tecnico,Baixa,2025-06-01 18:44:43,2025-06-29 18:44:43,Fechado
ISS-C02-P04-002725,C02-P04,C02-E0032,Feature,Media,2025-06-27 09:08:44,,Em Andamento
ISS-C02-P04-002726,C02-P04,C02-E0074,Debito Tecnico,Alta,2025-06-21 08:10:59,2025-07-31 08:10:59,Fechado
ISS-C02-P04-002727,C02-P04,C02-E0106,Bug,Media,2025-06-08 17:16:18,2025-06-10 17:16:18,Fechado
ISS-C02-P04-002728,C02-P04,C02-E0049,Bug,Alta,2025-06-20 21:24:51,,Aberto
ISS-C02-P04-002729,C02-P04,C02-E0046,Bug,Alta,2025-06-03 19:36:36,,Em Andamento
ISS-C02-P04-002730,C02-P04,C02-E0063,Bug,Alta,2025-06-27 19:03:50,2025-07-09 19:03:50,Fechado
ISS-C02-P04-002731,C02-P04,C02-E0035,Bug,Alta,2025-06-23 14:57:32,2025-08-07 14:57:32,Fechado
ISS-C02-P04-002732,C02-P04,C02-E0053,Debito Tecnico,Alta,2025-06-09 21:46:34,2025-07-14 21:46:34,Fechado
ISS-C02-P04-002733,C02-P04,C02-E0075,Chore,Baixa,2025-06-25 08:17:07,,Aberto
ISS-C02-P04-002734,C02-P04,C02-E0075,Bug,Media,2025-06-25 16:14:50,2025-06-27 16:14:50,Fechado
ISS-C02-P04-002735,C02-P04,C02-E0104,Debito Tecnico,Alta,2025-06-30 18:29:12,2025-08-10 18:29:12,Fechado
ISS-C02-P04-002736,C02-P04,C02-E0050,Debito Tecnico,Baixa,2025-06-21 13:11:23,2025-07-18 13:11:23,Fechado
ISS-C02-P04-002737,C02-P04,C02-E0002,Feature,Media,2025-06-19 12:17:30,,Aberto
ISS-C02-P04-002738,C02-P04,C02-E0044,Debito Tecnico,Baixa,2025-06-20 15:19:46,,Aberto
ISS-C02-P04-002739,C02-P04,C02-E0033,Feature,Media,2025-06-02 21:46:26,2025-07-07 21:46:26,Fechado
ISS-C02-P04-002740,C02-P04,C02-E0094,Feature,Alta,2025-06-30 07:37:56,2025-08-06 07:37:56,Fechado
ISS-C02-P04-002741,C02-P04,C02-E0092,Bug,Alta,2025-06-29 18:02:08,,Em Andamento
ISS-C02-P04-002742,C02-P04,C02-E0043,Feature,Media,2025-06-07 13:02:45,2025-06-26 13:02:45,Fechado
ISS-C02-P04-002743,C02-P04,C02-E0099,Feature,Baixa,2025-06-14 16:07:33,2025-07-20 16:07:33,Fechado
ISS-C02-P04-002744,C02-P04,C02-E0055,Feature,Alta,2025-06-25 08:55:19,2025-07-06 08:55:19,Fechado
ISS-C02-P04-002745,C02-P04,C02-E0063,Bug,Alta,2025-06-15 19:39:27,2025-07-09 19:39:27,Fechado
ISS-C02-P04-002746,C02-P04,C02-E0068,Bug,Alta,2025-06-24 10:39:21,2025-07-03 10:39:21,Fechado
ISS-C02-P04-002747,C02-P04,C02-E0012,Feature,Alta,2025-06-12 15:43:30,,Aberto
ISS-C02-P04-002748,C02-P04,C02-E0021,Debito Tecnico,Media,2025-06-25 09:26:17,2025-07-10 09:26:17,Fechado
ISS-C02-P04-002749,C02-P04,C02-E0084,Bug,Media,2025-06-29 07:47:39,2025-07-21 07:47:39,Fechado
ISS-C02-P04-002750,C02-P04,C02-E0080,Bug,Baixa,2025-06-06 11:32:56,,Aberto
ISS-C02-P04-002751,C02-P04,C02-E0021,Feature,Critica,2025-06-16 07:27:13,2025-06-26 07:27:13,Fechado
ISS-C02-P04-002752,C02-P04,C02-E0096,Bug,Baixa,2025-06-18 11:13:07,2025-06-22 11:13:07,Fechado
ISS-C02-P04-002753,C02-P04,C02-E0107,Bug,Media,2025-06-10 14:34:42,2025-07-07 14:34:42,Fechado
ISS-C02-P04-002754,C02-P04,C02-E0057,Feature,Media,2025-06-20 14:19:26,,Em Andamento
ISS-C02-P04-002755,C02-P04,C02-E0067,Bug,Media,2025-07-10 19:40:55,2025-08-17 19:40:55,Fechado
ISS-C02-P04-002756,C02-P04,C02-E0097,Feature,Critica,2025-07-31 18:11:16,,Em Andamento
ISS-C02-P04-002757,C02-P04,C02-E0111,Feature,Media,2025-07-20 17:24:56,2025-08-13 17:24:56,Fechado
ISS-C02-P04-002758,C02-P04,C02-E0089,Bug,Baixa,2025-07-20 21:55:01,2025-08-24 21:55:01,Fechado
ISS-C02-P04-002759,C02-P04,C02-E0087,Bug,Media,2025-07-27 17:58:25,,Em Andamento
ISS-C02-P04-002760,C02-P04,C02-E0067,Chore,Alta,2025-07-04 14:13:57,2025-07-26 14:13:57,Fechado
ISS-C02-P04-002761,C02-P04,C02-E0055,Bug,Media,2025-07-17 09:06:00,,Aberto
ISS-C02-P04-002762,C02-P04,C02-E0030,Feature,Baixa,2025-07-30 10:27:53,,Aberto
ISS-C02-P04-002763,C02-P04,C02-E0053,Bug,Alta,2025-07-31 10:41:01,2025-08-19 10:41:01,Fechado
ISS-C02-P04-002764,C02-P04,C02-E0030,Feature,Media,2025-07-25 10:14:33,2025-08-31 10:14:33,Fechado
ISS-C02-P04-002765,C02-P04,C02-E0107,Bug,Baixa,2025-07-01 20:31:33,2025-08-07 20:31:33,Fechado
ISS-C02-P04-002766,C02-P04,C02-E0019,Feature,Baixa,2025-07-13 17:26:46,2025-08-02 17:26:46,Fechado
ISS-C02-P04-002767,C02-P04,C02-E0055,Feature,Media,2025-07-24 15:08:35,2025-08-01 15:08:35,Fechado
ISS-C02-P04-002768,C02-P04,C02-E0009,Feature,Alta,2025-07-18 12:58:34,,Em Andamento
ISS-C02-P04-002769,C02-P04,C02-E0107,Feature,Media,2025-07-24 12:16:36,2025-08-02 12:16:36,Fechado
ISS-C02-P04-002770,C02-P04,C02-E0067,Feature,Alta,2025-07-24 19:05:40,2025-07-27 19:05:40,Fechado
ISS-C02-P04-002771,C02-P04,C02-E0035,Chore,Media,2025-07-13 14:24:10,2025-08-17 14:24:10,Fechado
ISS-C02-P04-002772,C02-P04,C02-E0048,Chore,Alta,2025-07-17 11:51:55,,Aberto
ISS-C02-P04-002773,C02-P04,C02-E0034,Bug,Alta,2025-07-29 15:48:57,2025-08-22 15:48:57,Fechado
ISS-C02-P04-002774,C02-P04,C02-E0034,Feature,Media,2025-07-27 20:57:57,,Em Andamento
ISS-C02-P04-002775,C02-P04,C02-E0081,Feature,Baixa,2025-07-06 13:10:07,,Em Andamento
ISS-C02-P04-002776,C02-P04,C02-E0013,Bug,Baixa,2025-07-23 11:13:10,2025-08-26 11:13:10,Fechado
ISS-C02-P04-002777,C02-P04,C02-E0052,Feature,Media,2025-07-11 21:55:33,,Em Andamento
ISS-C02-P04-002778,C02-P04,C02-E0106,Bug,Baixa,2025-08-10 16:52:13,2025-08-31 16:52:13,Fechado
ISS-C02-P04-002779,C02-P04,C02-E0117,Feature,Baixa,2025-08-31 15:39:18,,Em Andamento
ISS-C02-P04-002780,C02-P04,C02-E0040,Bug,Critica,2025-08-07 10:28:18,2025-09-11 10:28:18,Fechado
ISS-C02-P04-002781,C02-P04,C02-E0034,Feature,Baixa,2025-08-12 21:10:03,,Aberto
ISS-C02-P04-002782,C02-P04,C02-E0065,Feature,Alta,2025-08-13 16:00:17,2025-08-19 16:00:17,Fechado
ISS-C02-P04-002783,C02-P04,C02-E0005,Feature,Media,2025-08-25 08:32:28,,Em Andamento
ISS-C02-P04-002784,C02-P04,C02-E0004,Bug,Media,2025-08-29 09:33:46,,Em Andamento
ISS-C02-P04-002785,C02-P04,C02-E0098,Bug,Alta,2025-08-27 11:19:29,2025-09-01 11:19:29,Fechado
ISS-C02-P04-002786,C02-P04,C02-E0015,Bug,Media,2025-08-07 08:57:29,2025-09-02 08:57:29,Fechado
ISS-C02-P04-002787,C02-P04,C02-E0098,Bug,Baixa,2025-08-22 16:21:40,2025-09-05 16:21:40,Fechado
ISS-C02-P04-002788,C02-P04,C02-E0047,Bug,Alta,2025-08-13 12:45:57,2025-08-17 12:45:57,Fechado
ISS-C02-P04-002789,C02-P04,C02-E0047,Feature,Baixa,2025-08-04 11:25:30,2025-08-25 11:25:30,Fechado
ISS-C02-P04-002790,C02-P04,C02-E0030,Bug,Baixa,2025-08-19 20:34:32,2025-09-30 20:34:32,Fechado
ISS-C02-P04-002791,C02-P04,C02-E0001,Debito Tecnico,Media,2025-08-14 11:22:27,2025-08-21 11:22:27,Fechado
ISS-C02-P04-002792,C02-P04,C02-E0006,Bug,Baixa,2025-08-09 14:53:28,,Em Andamento
ISS-C02-P04-002793,C02-P04,C02-E0050,Bug,Critica,2025-08-16 10:23:49,2025-08-20 10:23:49,Fechado
ISS-C02-P04-002794,C02-P04,C02-E0013,Bug,Media,2025-08-14 07:10:44,2025-09-24 07:10:44,Fechado
ISS-C02-P04-002795,C02-P04,C02-E0044,Chore,Media,2025-08-12 20:26:05,,Aberto
ISS-C02-P04-002796,C02-P04,C02-E0028,Bug,Alta,2025-08-15 20:08:02,,Em Andamento
ISS-C02-P04-002797,C02-P04,C02-E0034,Feature,Alta,2025-08-07 16:42:57,2025-09-21 16:42:57,Fechado
ISS-C02-P04-002798,C02-P04,C02-E0057,Bug,Alta,2025-08-23 08:14:01,2025-09-24 08:14:01,Fechado
ISS-C02-P04-002799,C02-P04,C02-E0059,Debito Tecnico,Alta,2025-08-09 07:37:34,2025-08-21 07:37:34,Fechado
ISS-C02-P04-002800,C02-P04,C02-E0068,Bug,Media,2025-08-29 07:36:36,2025-10-01 07:36:36,Fechado
ISS-C02-P04-002801,C02-P04,C02-E0031,Debito Tecnico,Alta,2025-08-19 15:11:01,,Em Andamento
ISS-C02-P04-002802,C02-P04,C02-E0118,Bug,Media,2025-08-24 19:34:09,,Em Andamento
ISS-C02-P04-002803,C02-P04,C02-E0052,Bug,Baixa,2025-09-13 17:09:19,2025-10-03 17:09:19,Fechado
ISS-C02-P04-002804,C02-P04,C02-E0052,Chore,Media,2025-09-06 20:23:53,2025-10-20 20:23:53,Fechado
ISS-C02-P04-002805,C02-P04,C02-E0080,Bug,Critica,2025-09-27 18:01:59,,Em Andamento
ISS-C02-P04-002806,C02-P04,C02-E0074,Chore,Media,2025-09-24 14:03:39,2025-10-14 14:03:39,Fechado
ISS-C02-P04-002807,C02-P04,C02-E0056,Bug,Alta,2025-09-02 15:38:47,,Aberto
ISS-C02-P04-002808,C02-P04,C02-E0059,Feature,Baixa,2025-09-28 18:23:23,,Aberto
ISS-C02-P04-002809,C02-P04,C02-E0055,Bug,Baixa,2025-09-09 20:44:27,2025-10-24 20:44:27,Fechado
ISS-C02-P04-002810,C02-P04,C02-E0030,Chore,Media,2025-09-06 11:39:09,,Em Andamento
ISS-C02-P04-002811,C02-P04,C02-E0033,Chore,Critica,2025-09-26 10:07:22,,Em Andamento
ISS-C02-P04-002812,C02-P04,C02-E0120,Debito Tecnico,Media,2025-09-05 18:31:16,,Aberto
ISS-C02-P04-002813,C02-P04,C02-E0104,Bug,Baixa,2025-09-03 18:47:23,2025-10-03 18:47:23,Fechado
ISS-C02-P04-002814,C02-P04,C02-E0106,Bug,Alta,2025-09-05 17:23:26,2025-10-08 17:23:26,Fechado
ISS-C02-P04-002815,C02-P04,C02-E0099,Debito Tecnico,Baixa,2025-09-19 10:46:56,2025-10-09 10:46:56,Fechado
ISS-C02-P04-002816,C02-P04,C02-E0083,Chore,Media,2025-09-10 18:21:14,2025-09-16 18:21:14,Fechado
ISS-C02-P04-002817,C02-P04,C02-E0082,Chore,Baixa,2025-09-20 18:24:37,,Em Andamento
ISS-C02-P04-002818,C02-P04,C02-E0024,Bug,Media,2025-09-19 18:27:43,2025-09-25 18:27:43,Fechado
ISS-C02-P04-002819,C02-P04,C02-E0029,Feature,Alta,2025-09-27 10:44:56,,Aberto
ISS-C02-P04-002820,C02-P04,C02-E0113,Bug,Media,2025-09-16 15:25:45,,Em Andamento
ISS-C02-P04-002821,C02-P04,C02-E0080,Chore,Media,2025-10-20 15:43:04,2025-10-21 15:43:04,Fechado
ISS-C02-P04-002822,C02-P04,C02-E0046,Bug,Critica,2025-10-20 16:12:17,2025-11-04 16:12:17,Fechado
ISS-C02-P04-002823,C02-P04,C02-E0065,Feature,Alta,2025-10-03 08:22:34,2025-10-24 08:22:34,Fechado
ISS-C02-P04-002824,C02-P04,C02-E0070,Chore,Critica,2025-10-28 16:46:24,,Em Andamento
ISS-C02-P04-002825,C02-P04,C02-E0074,Feature,Critica,2025-10-14 15:48:45,,Em Andamento
ISS-C02-P04-002826,C02-P04,C02-E0099,Bug,Media,2025-10-18 19:08:36,,Aberto
ISS-C02-P04-002827,C02-P04,C02-E0053,Debito Tecnico,Baixa,2025-10-03 15:26:30,2025-10-26 15:26:30,Fechado
ISS-C02-P04-002828,C02-P04,C02-E0022,Debito Tecnico,Media,2025-10-21 07:03:05,,Aberto
ISS-C02-P04-002829,C02-P04,C02-E0033,Bug,Media,2025-10-13 08:43:14,2025-10-17 08:43:14,Fechado
ISS-C02-P04-002830,C02-P04,C02-E0070,Bug,Media,2025-10-18 20:47:28,2025-11-02 20:47:28,Fechado
ISS-C02-P04-002831,C02-P04,C02-E0044,Debito Tecnico,Media,2025-10-20 10:29:03,2025-10-23 10:29:03,Fechado
ISS-C02-P04-002832,C02-P04,C02-E0076,Bug,Critica,2025-10-21 08:16:57,,Aberto
ISS-C02-P04-002833,C02-P04,C02-E0049,Debito Tecnico,Baixa,2025-10-04 14:37:18,2025-10-28 14:37:18,Fechado
ISS-C02-P04-002834,C02-P04,C02-E0108,Feature,Alta,2025-10-16 16:57:12,,Aberto
ISS-C02-P04-002835,C02-P04,C02-E0083,Bug,Baixa,2025-10-21 07:30:07,,Aberto
ISS-C02-P04-002836,C02-P04,C02-E0044,Feature,Baixa,2025-10-07 13:27:04,,Aberto
ISS-C02-P04-002837,C02-P04,C02-E0004,Bug,Media,2025-10-26 08:58:47,2025-12-10 08:58:47,Fechado
ISS-C02-P04-002838,C02-P04,C02-E0056,Bug,Media,2025-10-30 19:51:19,,Em Andamento
ISS-C02-P04-002839,C02-P04,C02-E0065,Feature,Media,2025-10-16 21:22:03,2025-10-20 21:22:03,Fechado
ISS-C02-P04-002840,C02-P04,C02-E0044,Bug,Alta,2025-10-16 20:32:44,,Em Andamento
ISS-C02-P04-002841,C02-P04,C02-E0019,Feature,Media,2025-10-19 14:35:09,2025-10-26 14:35:09,Fechado
ISS-C02-P04-002842,C02-P04,C02-E0021,Bug,Media,2025-10-13 17:12:17,,Aberto
ISS-C02-P04-002843,C02-P04,C02-E0082,Bug,Alta,2025-10-25 13:30:51,,Aberto
ISS-C02-P04-002844,C02-P04,C02-E0096,Debito Tecnico,Media,2025-10-10 09:22:33,2025-11-05 09:22:33,Fechado
ISS-C02-P04-002845,C02-P04,C02-E0009,Feature,Media,2025-11-09 10:27:23,2025-11-15 10:27:23,Fechado
ISS-C02-P04-002846,C02-P04,C02-E0081,Debito Tecnico,Alta,2025-11-08 10:30:08,,Em Andamento
ISS-C02-P04-002847,C02-P04,C02-E0075,Debito Tecnico,Media,2025-11-17 09:20:36,2025-12-06 09:20:36,Fechado
ISS-C02-P04-002848,C02-P04,C02-E0022,Bug,Media,2025-11-01 13:25:41,2025-11-18 13:25:41,Fechado
ISS-C02-P04-002849,C02-P04,C02-E0029,Bug,Alta,2025-11-04 10:14:21,2025-12-05 10:14:21,Fechado
ISS-C02-P04-002850,C02-P04,C02-E0047,Bug,Baixa,2025-11-29 14:27:07,2026-01-05 14:27:07,Fechado
ISS-C02-P04-002851,C02-P04,C02-E0056,Feature,Media,2025-11-07 11:00:23,2025-12-06 11:00:23,Fechado
ISS-C02-P04-002852,C02-P04,C02-E0052,Debito Tecnico,Media,2025-11-10 08:29:12,2025-12-06 08:29:12,Fechado
ISS-C02-P04-002853,C02-P04,C02-E0074,Debito Tecnico,Critica,2025-11-16 15:06:53,,Em Andamento
ISS-C02-P04-002854,C02-P04,C02-E0120,Bug,Baixa,2025-11-12 20:22:47,2025-11-17 20:22:47,Fechado
ISS-C02-P04-002855,C02-P04,C02-E0021,Bug,Baixa,2025-11-13 12:39:47,,Em Andamento
ISS-C02-P04-002856,C02-P04,C02-E0070,Bug,Critica,2025-11-21 09:10:30,2025-11-23 09:10:30,Fechado
ISS-C02-P04-002857,C02-P04,C02-E0086,Bug,Baixa,2025-11-03 16:35:23,2025-11-07 16:35:23,Fechado
ISS-C02-P04-002858,C02-P04,C02-E0071,Feature,Baixa,2025-11-07 17:37:56,2025-11-19 17:37:56,Fechado
ISS-C02-P04-002859,C02-P04,C02-E0022,Bug,Media,2025-11-23 08:29:03,,Aberto
ISS-C02-P04-002860,C02-P04,C02-E0047,Bug,Media,2025-11-14 19:05:06,2025-12-10 19:05:06,Fechado
ISS-C02-P04-002861,C02-P04,C02-E0070,Bug,Baixa,2025-11-15 15:11:05,2025-11-19 15:11:05,Fechado
ISS-C02-P04-002862,C02-P04,C02-E0052,Debito Tecnico,Alta,2025-11-12 21:03:58,2025-12-09 21:03:58,Fechado
ISS-C02-P04-002863,C02-P04,C02-E0115,Debito Tecnico,Media,2025-11-10 13:12:28,,Em Andamento
ISS-C02-P04-002864,C02-P04,C02-E0040,Bug,Baixa,2025-12-25 12:03:48,2025-12-27 12:03:48,Fechado
ISS-C02-P04-002865,C02-P04,C02-E0033,Bug,Alta,2025-12-04 20:53:18,2025-12-22 20:53:18,Fechado
ISS-C02-P04-002866,C02-P04,C02-E0047,Bug,Media,2025-12-28 16:36:46,,Aberto
ISS-C02-P04-002867,C02-P04,C02-E0049,Debito Tecnico,Baixa,2025-12-22 14:41:09,2026-01-01 14:41:09,Fechado
ISS-C02-P04-002868,C02-P04,C02-E0004,Bug,Media,2025-12-02 13:48:39,,Aberto
ISS-C02-P04-002869,C02-P04,C02-E0074,Feature,Media,2025-12-13 07:35:20,,Em Andamento
ISS-C02-P04-002870,C02-P04,C02-E0082,Bug,Baixa,2025-12-05 19:42:43,,Aberto
ISS-C02-P04-002871,C02-P04,C02-E0028,Bug,Media,2025-12-19 13:49:11,,Em Andamento
ISS-C02-P04-002872,C02-P04,C02-E0040,Bug,Alta,2025-12-06 20:00:13,,Aberto
ISS-C02-P04-002873,C02-P04,C02-E0076,Bug,Media,2025-12-10 16:35:28,2025-12-31 16:35:28,Fechado
ISS-C02-P04-002874,C02-P04,C02-E0111,Bug,Media,2025-12-15 18:43:24,2026-01-15 18:43:24,Fechado
ISS-C02-P04-002875,C02-P04,C02-E0032,Bug,Media,2025-12-21 16:46:45,2026-01-07 16:46:45,Fechado
ISS-C02-P04-002876,C02-P04,C02-E0083,Bug,Baixa,2025-12-12 19:10:05,,Aberto
ISS-C02-P04-002877,C02-P04,C02-E0087,Bug,Alta,2026-01-09 21:17:59,,Em Andamento
ISS-C02-P04-002878,C02-P04,C02-E0047,Feature,Baixa,2026-01-10 18:57:50,,Em Andamento
ISS-C02-P04-002879,C02-P04,C02-E0015,Feature,Critica,2026-01-10 14:21:16,,Aberto
ISS-C02-P04-002880,C02-P04,C02-E0015,Debito Tecnico,Baixa,2026-01-01 08:59:41,2026-01-15 08:59:41,Fechado
ISS-C02-P04-002881,C02-P04,C02-E0074,Feature,Media,2026-01-11 12:56:59,2026-02-03 12:56:59,Fechado
ISS-C02-P04-002882,C02-P04,C02-E0033,Feature,Media,2026-01-29 20:20:07,2026-02-20 20:20:07,Fechado
ISS-C02-P04-002883,C02-P04,C02-E0053,Bug,Alta,2026-01-07 07:05:32,2026-01-28 07:05:32,Fechado
ISS-C02-P04-002884,C02-P04,C02-E0067,Bug,Media,2026-01-02 16:37:53,2026-01-14 16:37:53,Fechado
ISS-C02-P04-002885,C02-P04,C02-E0023,Bug,Baixa,2026-01-31 10:49:54,2026-02-23 10:49:54,Fechado
ISS-C02-P04-002886,C02-P04,C02-E0083,Feature,Baixa,2026-01-12 20:22:44,2026-02-09 20:22:44,Fechado
ISS-C02-P04-002887,C02-P04,C02-E0107,Debito Tecnico,Alta,2026-01-23 21:46:20,,Aberto
ISS-C02-P04-002888,C02-P04,C02-E0033,Debito Tecnico,Media,2026-01-31 09:48:52,2026-02-19 09:48:52,Fechado
ISS-C02-P04-002889,C02-P04,C02-E0092,Bug,Baixa,2026-01-15 09:30:03,,Em Andamento
ISS-C02-P04-002890,C02-P04,C02-E0081,Bug,Critica,2026-01-13 19:55:16,2026-01-22 19:55:16,Fechado
ISS-C02-P04-002891,C02-P04,C02-E0067,Bug,Media,2026-01-15 09:42:57,,Aberto
ISS-C02-P04-002892,C02-P04,C02-E0013,Bug,Baixa,2026-01-26 13:04:15,2026-03-04 13:04:15,Fechado
ISS-C02-P04-002893,C02-P04,C02-E0111,Feature,Baixa,2026-01-21 09:13:29,,Em Andamento
ISS-C02-P04-002894,C02-P04,C02-E0066,Bug,Media,2026-01-08 18:53:43,2026-01-18 18:53:43,Fechado
ISS-C02-P04-002895,C02-P04,C02-E0021,Bug,Baixa,2026-01-30 09:10:51,,Aberto
ISS-C02-P04-002896,C02-P04,C02-E0099,Chore,Baixa,2026-01-07 19:29:42,2026-02-15 19:29:42,Fechado
ISS-C02-P04-002897,C02-P04,C02-E0096,Debito Tecnico,Media,2026-01-12 15:11:50,2026-01-26 15:11:50,Fechado
ISS-C02-P04-002898,C02-P04,C02-E0032,Bug,Baixa,2026-01-15 11:35:21,2026-02-14 11:35:21,Fechado
ISS-C02-P04-002899,C02-P04,C02-E0120,Bug,Media,2026-01-13 13:47:10,,Em Andamento
ISS-C02-P04-002900,C02-P04,C02-E0083,Debito Tecnico,Alta,2026-01-13 14:27:49,2026-02-11 14:27:49,Fechado
ISS-C02-P04-002901,C02-P04,C02-E0075,Feature,Media,2026-01-05 16:35:07,,Aberto
ISS-C02-P04-002902,C02-P04,C02-E0034,Bug,Baixa,2026-01-27 21:23:27,2026-01-29 21:23:27,Fechado
ISS-C02-P04-002903,C02-P04,C02-E0051,Chore,Media,2026-02-25 14:53:57,2026-03-15 14:53:57,Fechado
ISS-C02-P04-002904,C02-P04,C02-E0063,Bug,Media,2026-02-17 14:36:50,2026-03-16 14:36:50,Fechado
ISS-C02-P04-002905,C02-P04,C02-E0056,Debito Tecnico,Baixa,2026-02-25 10:23:47,,Em Andamento
ISS-C02-P04-002906,C02-P04,C02-E0033,Debito Tecnico,Media,2026-02-27 15:32:54,2026-03-21 15:32:54,Fechado
ISS-C02-P04-002907,C02-P04,C02-E0022,Chore,Media,2026-02-09 20:55:34,2026-03-16 20:55:34,Fechado
ISS-C02-P04-002908,C02-P04,C02-E0030,Bug,Baixa,2026-02-24 07:02:38,2026-03-22 07:02:38,Fechado
ISS-C02-P04-002909,C02-P04,C02-E0106,Feature,Baixa,2026-02-07 12:51:34,,Aberto
ISS-C02-P04-002910,C02-P04,C02-E0063,Feature,Alta,2026-02-09 14:00:38,,Em Andamento
ISS-C02-P04-002911,C02-P04,C02-E0066,Bug,Alta,2026-02-10 16:31:41,2026-03-23 16:31:41,Fechado
ISS-C02-P04-002912,C02-P04,C02-E0063,Feature,Media,2026-02-06 13:30:30,,Em Andamento
ISS-C02-P04-002913,C02-P04,C02-E0051,Bug,Media,2026-02-12 18:07:28,2026-03-15 18:07:28,Fechado
ISS-C02-P04-002914,C02-P04,C02-E0096,Bug,Baixa,2026-02-21 18:34:03,,Aberto
ISS-C02-P04-002915,C02-P04,C02-E0049,Bug,Media,2026-02-18 20:35:15,,Em Andamento
ISS-C02-P04-002916,C02-P04,C02-E0060,Feature,Alta,2026-02-27 09:35:48,,Em Andamento
ISS-C02-P04-002917,C02-P04,C02-E0047,Chore,Baixa,2026-02-10 15:08:42,,Aberto
ISS-C02-P04-002918,C02-P04,C02-E0060,Debito Tecnico,Baixa,2026-02-05 09:42:08,2026-02-28 09:42:08,Fechado
ISS-C02-P04-002919,C02-P04,C02-E0099,Feature,Media,2026-02-09 21:10:59,,Aberto
ISS-C02-P04-002920,C02-P04,C02-E0075,Feature,Media,2026-02-07 19:42:32,2026-03-10 19:42:32,Fechado
ISS-C02-P04-002921,C02-P04,C02-E0028,Feature,Baixa,2026-02-19 12:56:20,2026-03-01 12:56:20,Fechado
ISS-C02-P04-002922,C02-P04,C02-E0012,Bug,Alta,2026-02-28 14:39:54,,Em Andamento
ISS-C02-P04-002923,C02-P04,C02-E0028,Bug,Baixa,2026-02-11 13:47:33,2026-03-23 13:47:33,Fechado
ISS-C02-P04-002924,C02-P04,C02-E0004,Feature,Alta,2026-02-04 08:26:34,2026-02-10 08:26:34,Fechado
ISS-C02-P04-002925,C02-P04,C02-E0005,Debito Tecnico,Media,2026-02-02 18:45:58,,Em Andamento
ISS-C02-P04-002926,C02-P04,C02-E0086,Bug,Baixa,2026-02-01 19:20:53,2026-03-15 19:20:53,Fechado
ISS-C02-P04-002927,C02-P04,C02-E0004,Bug,Alta,2026-02-10 15:51:37,2026-03-01 15:51:37,Fechado
ISS-C02-P04-002928,C02-P04,C02-E0066,Bug,Baixa,2026-02-13 14:37:19,,Aberto
ISS-C02-P04-002929,C02-P04,C02-E0065,Debito Tecnico,Media,2026-03-09 10:32:57,2026-03-19 10:32:57,Fechado
ISS-C02-P04-002930,C02-P04,C02-E0113,Debito Tecnico,Media,2026-03-23 14:26:54,2026-04-04 14:26:54,Fechado
ISS-C02-P04-002931,C02-P04,C02-E0089,Bug,Critica,2026-03-31 16:18:08,2026-04-12 16:18:08,Fechado
ISS-C02-P04-002932,C02-P04,C02-E0005,Debito Tecnico,Media,2026-03-10 11:15:52,,Em Andamento
ISS-C02-P04-002933,C02-P04,C02-E0097,Feature,Media,2026-03-03 19:02:20,,Aberto
ISS-C02-P04-002934,C02-P04,C02-E0107,Bug,Baixa,2026-03-27 18:54:04,,Em Andamento
ISS-C02-P04-002935,C02-P04,C02-E0053,Bug,Alta,2026-03-04 20:46:07,2026-03-28 20:46:07,Fechado
ISS-C02-P04-002936,C02-P04,C02-E0107,Bug,Media,2026-04-22 17:09:07,2026-06-03 17:09:07,Fechado
ISS-C02-P04-002937,C02-P04,C02-E0115,Feature,Critica,2026-04-29 19:26:09,2026-05-25 19:26:09,Fechado
ISS-C02-P04-002938,C02-P04,C02-E0024,Bug,Media,2026-04-10 18:46:21,2026-04-13 18:46:21,Fechado
ISS-C02-P04-002939,C02-P04,C02-E0074,Bug,Alta,2026-04-04 14:28:09,,Em Andamento
ISS-C02-P04-002940,C02-P04,C02-E0113,Bug,Media,2026-04-25 17:03:03,2026-05-25 17:03:03,Fechado
ISS-C02-P04-002941,C02-P04,C02-E0098,Feature,Media,2026-04-11 08:28:58,2026-05-10 08:28:58,Fechado
ISS-C02-P04-002942,C02-P04,C02-E0080,Feature,Baixa,2026-04-11 18:09:31,2026-05-19 18:09:31,Fechado
ISS-C02-P04-002943,C02-P04,C02-E0035,Feature,Alta,2026-04-24 13:09:50,2026-05-21 13:09:50,Fechado
ISS-C02-P04-002944,C02-P04,C02-E0014,Bug,Media,2026-04-04 07:12:22,2026-04-24 07:12:22,Fechado
ISS-C02-P04-002945,C02-P04,C02-E0099,Feature,Baixa,2026-04-14 08:27:32,2026-04-27 08:27:32,Fechado
ISS-C02-P04-002946,C02-P04,C02-E0060,Feature,Media,2026-04-21 18:48:34,2026-06-03 18:48:34,Fechado
ISS-C02-P04-002947,C02-P04,C02-E0008,Bug,Baixa,2026-04-17 13:04:59,2026-05-05 13:04:59,Fechado
ISS-C02-P04-002948,C02-P04,C02-E0076,Debito Tecnico,Alta,2026-05-17 20:01:40,,Em Andamento
ISS-C02-P04-002949,C02-P04,C02-E0086,Feature,Media,2026-05-19 12:48:21,,Em Andamento
ISS-C02-P04-002950,C02-P04,C02-E0034,Bug,Alta,2026-05-25 08:36:37,,Em Andamento
ISS-C02-P04-002951,C02-P04,C02-E0098,Feature,Alta,2026-05-25 16:45:43,,Em Andamento
ISS-C02-P04-002952,C02-P04,C02-E0043,Feature,Baixa,2026-05-19 12:13:23,2026-05-25 12:13:23,Fechado
ISS-C02-P04-002953,C02-P04,C02-E0113,Bug,Baixa,2026-05-17 17:33:06,2026-05-27 17:33:06,Fechado
ISS-C02-P04-002954,C02-P04,C02-E0083,Feature,Media,2026-05-10 08:19:04,2026-05-30 08:19:04,Fechado
ISS-C02-P04-002955,C02-P04,C02-E0119,Bug,Alta,2026-06-03 12:47:01,,Aberto
ISS-C02-P04-002956,C02-P04,C02-E0031,Feature,Alta,2026-06-09 08:32:07,,Aberto
ISS-C02-P04-002957,C02-P04,C02-E0015,Feature,Media,2026-06-28 17:43:38,,Aberto
ISS-C02-P04-002958,C02-P04,C02-E0033,Debito Tecnico,Media,2026-06-18 15:13:52,,Em Andamento
ISS-C02-P04-002959,C02-P04,C02-E0087,Feature,Alta,2026-06-26 08:03:12,2026-07-06 08:03:12,Fechado
ISS-C02-P04-002960,C02-P04,C02-E0049,Bug,Baixa,2026-06-06 14:17:53,,Aberto
ISS-C02-P04-002961,C02-P04,C02-E0055,Debito Tecnico,Critica,2026-06-27 15:54:30,2026-08-01 15:54:30,Fechado
ISS-C02-P04-002962,C02-P04,C02-E0119,Bug,Alta,2026-06-02 20:11:55,2026-06-17 20:11:55,Fechado
ISS-C02-P04-002963,C02-P04,C02-E0059,Bug,Media,2026-06-22 17:31:29,,Aberto
ISS-C02-P04-002964,C02-P04,C02-E0117,Debito Tecnico,Media,2026-07-25 08:37:56,2026-08-10 08:37:56,Fechado
ISS-C02-P04-002965,C02-P04,C02-E0034,Bug,Baixa,2026-07-07 17:49:56,2026-08-10 00:00:00,Fechado
ISS-C02-P04-002966,C02-P04,C02-E0051,Bug,Media,2026-07-26 13:18:36,2026-08-10 00:00:00,Fechado
ISS-C02-P04-002967,C02-P04,C02-E0035,Feature,Media,2026-07-24 09:24:37,2026-08-10 00:00:00,Fechado
ISS-C02-P05-002968,C02-P05,C02-E0094,Chore,Media,2026-03-17 14:42:35,2026-03-26 14:42:35,Fechado
ISS-C02-P05-002969,C02-P05,C02-E0081,Bug,Media,2026-03-23 15:43:42,,Em Andamento
ISS-C02-P05-002970,C02-P05,C02-E0070,Bug,Critica,2026-03-05 20:03:30,2026-03-20 20:03:30,Fechado
ISS-C02-P05-002971,C02-P05,C02-E0068,Feature,Baixa,2026-03-02 20:33:59,2026-04-08 20:33:59,Fechado
ISS-C02-P05-002972,C02-P05,C02-E0046,Feature,Baixa,2026-03-16 11:39:21,2026-04-25 11:39:21,Fechado
ISS-C02-P05-002973,C02-P05,C02-E0118,Feature,Media,2026-03-14 10:25:04,2026-03-18 10:25:04,Fechado
ISS-C02-P05-002974,C02-P05,C02-E0086,Bug,Alta,2026-03-17 14:23:37,2026-04-11 14:23:37,Fechado
ISS-C02-P05-002975,C02-P05,C02-E0006,Feature,Alta,2026-03-15 07:44:46,2026-04-02 07:44:46,Fechado
ISS-C02-P05-002976,C02-P05,C02-E0111,Chore,Alta,2026-03-21 08:14:21,,Aberto
ISS-C02-P05-002977,C02-P05,C02-E0057,Bug,Alta,2026-03-04 20:08:23,,Aberto
ISS-C02-P05-002978,C02-P05,C02-E0083,Feature,Media,2026-03-16 08:06:22,2026-04-08 08:06:22,Fechado
ISS-C02-P05-002979,C02-P05,C02-E0019,Debito Tecnico,Baixa,2026-03-19 18:47:34,,Aberto
ISS-C02-P05-002980,C02-P05,C02-E0014,Feature,Media,2026-03-07 21:33:31,2026-04-08 21:33:31,Fechado
ISS-C02-P05-002981,C02-P05,C02-E0084,Feature,Alta,2026-03-30 13:20:27,2026-04-10 13:20:27,Fechado
ISS-C02-P05-002982,C02-P05,C02-E0035,Bug,Media,2026-05-19 13:58:52,2026-06-21 13:58:52,Fechado
ISS-C02-P05-002983,C02-P05,C02-E0047,Feature,Baixa,2026-05-18 16:34:50,2026-06-23 16:34:50,Fechado
ISS-C02-P05-002984,C02-P05,C02-E0076,Bug,Media,2026-05-23 19:25:05,,Aberto
ISS-C02-P05-002985,C02-P05,C02-E0006,Bug,Media,2026-05-16 10:09:00,,Aberto
ISS-C02-P05-002986,C02-P05,C02-E0050,Bug,Media,2026-05-09 18:15:27,,Em Andamento
ISS-C02-P05-002987,C02-P05,C02-E0032,Debito Tecnico,Media,2026-05-14 16:59:45,2026-05-27 16:59:45,Fechado
ISS-C02-P05-002988,C02-P05,C02-E0113,Bug,Baixa,2026-05-18 18:24:03,2026-05-31 18:24:03,Fechado
ISS-C02-P05-002989,C02-P05,C02-E0096,Chore,Critica,2026-05-05 10:56:48,,Em Andamento
ISS-C02-P05-002990,C02-P05,C02-E0035,Debito Tecnico,Alta,2026-05-30 19:01:25,2026-06-18 19:01:25,Fechado
ISS-C02-P05-002991,C02-P05,C02-E0108,Bug,Media,2026-05-24 14:41:13,2026-05-29 14:41:13,Fechado
ISS-C02-P05-002992,C02-P05,C02-E0023,Feature,Baixa,2026-05-30 11:44:32,2026-06-01 11:44:32,Fechado
ISS-C02-P05-002993,C02-P05,C02-E0065,Bug,Critica,2026-05-20 16:37:33,2026-07-02 16:37:33,Fechado
ISS-C02-P05-002994,C02-P05,C02-E0084,Debito Tecnico,Media,2026-05-23 07:52:43,2026-05-27 07:52:43,Fechado
ISS-C02-P05-002995,C02-P05,C02-E0081,Bug,Media,2026-05-19 20:18:48,,Aberto
ISS-C02-P05-002996,C02-P05,C02-E0002,Feature,Baixa,2026-05-17 12:08:48,2026-06-08 12:08:48,Fechado
ISS-C02-P05-002997,C02-P05,C02-E0087,Bug,Baixa,2026-05-14 19:19:36,2026-05-16 19:19:36,Fechado
ISS-C02-P05-002998,C02-P05,C02-E0065,Feature,Alta,2026-05-23 21:34:46,,Aberto
ISS-C03-P01-002999,C03-P01,C03-E0035,Feature,Baixa,2025-07-22 09:55:06,,Aberto
ISS-C03-P01-003000,C03-P01,C03-E0027,Bug,Alta,2025-07-03 14:28:10,,Em Andamento
ISS-C03-P01-003001,C03-P01,C03-E0031,Debito Tecnico,Media,2025-07-21 12:16:35,,Em Andamento
ISS-C03-P01-003002,C03-P01,C03-E0015,Bug,Alta,2025-07-11 21:56:11,2025-07-24 21:56:11,Fechado
ISS-C03-P01-003003,C03-P01,C03-E0026,Feature,Alta,2025-07-09 08:16:51,,Aberto
ISS-C03-P01-003004,C03-P01,C03-E0027,Bug,Alta,2025-07-26 15:57:25,2025-08-29 15:57:25,Fechado
ISS-C03-P01-003005,C03-P01,C03-E0016,Feature,Baixa,2025-07-04 19:06:54,,Em Andamento
ISS-C03-P01-003006,C03-P01,C03-E0007,Bug,Critica,2025-07-10 17:36:02,2025-08-09 17:36:02,Fechado
ISS-C03-P01-003007,C03-P01,C03-E0027,Bug,Media,2025-12-25 17:31:18,2026-01-01 17:31:18,Fechado
ISS-C03-P01-003008,C03-P01,C03-E0021,Feature,Critica,2025-12-13 13:47:40,,Aberto
ISS-C03-P01-003009,C03-P01,C03-E0016,Feature,Media,2025-12-11 08:34:44,2026-01-24 08:34:44,Fechado
ISS-C03-P01-003010,C03-P01,C03-E0001,Bug,Media,2025-12-08 07:59:24,2025-12-22 07:59:24,Fechado
ISS-C03-P01-003011,C03-P01,C03-E0015,Bug,Alta,2025-12-15 19:57:01,2026-01-12 19:57:01,Fechado
ISS-C03-P01-003012,C03-P01,C03-E0029,Feature,Alta,2026-06-16 08:28:47,,Aberto
ISS-C03-P01-003013,C03-P01,C03-E0031,Feature,Media,2026-06-08 10:12:41,2026-06-23 10:12:41,Fechado
ISS-C03-P01-003014,C03-P01,C03-E0006,Debito Tecnico,Media,2026-06-19 11:37:27,,Aberto
ISS-C03-P01-003015,C03-P01,C03-E0002,Debito Tecnico,Media,2026-06-25 20:21:53,,Em Andamento
ISS-C03-P01-003016,C03-P01,C03-E0020,Bug,Baixa,2026-06-28 09:25:03,2026-07-30 09:25:03,Fechado
ISS-C03-P01-003017,C03-P01,C03-E0007,Bug,Media,2026-06-05 07:55:02,2026-06-23 07:55:02,Fechado
ISS-C03-P01-003018,C03-P01,C03-E0028,Chore,Baixa,2026-06-05 21:12:57,,Em Andamento
ISS-C03-P02-003019,C03-P02,C03-E0002,Bug,Critica,2026-04-07 17:33:46,2026-05-05 17:33:46,Fechado
ISS-C03-P02-003020,C03-P02,C03-E0013,Feature,Media,2026-04-29 15:14:08,2026-05-10 15:14:08,Fechado
ISS-C03-P02-003021,C03-P02,C03-E0016,Feature,Media,2026-04-24 17:33:58,2026-06-07 17:33:58,Fechado
ISS-C03-P02-003022,C03-P02,C03-E0023,Feature,Media,2026-04-27 20:45:30,2026-06-07 20:45:30,Fechado
ISS-C03-P02-003023,C03-P02,C03-E0013,Chore,Critica,2026-04-15 20:52:31,2026-05-09 20:52:31,Fechado
ISS-C03-P02-003024,C03-P02,C03-E0013,Feature,Alta,2026-04-11 08:13:07,2026-05-19 08:13:07,Fechado
ISS-C03-P02-003025,C03-P02,C03-E0035,Bug,Baixa,2026-04-26 12:57:08,2026-05-30 12:57:08,Fechado
ISS-C03-P02-003026,C03-P02,C03-E0009,Debito Tecnico,Alta,2026-04-18 10:27:08,2026-04-22 10:27:08,Fechado
ISS-C03-P02-003027,C03-P02,C03-E0002,Debito Tecnico,Baixa,2026-04-14 16:11:00,2026-05-04 16:11:00,Fechado
ISS-C03-P02-003028,C03-P02,C03-E0015,Debito Tecnico,Baixa,2026-04-14 17:18:48,2026-04-21 17:18:48,Fechado
ISS-C03-P02-003029,C03-P02,C03-E0035,Bug,Critica,2026-04-01 07:12:41,,Aberto
ISS-C03-P02-003030,C03-P02,C03-E0025,Feature,Baixa,2026-04-20 18:33:26,,Em Andamento
ISS-C03-P02-003031,C03-P02,C03-E0026,Chore,Baixa,2026-04-03 09:39:04,,Em Andamento
ISS-C03-P02-003032,C03-P02,C03-E0027,Feature,Media,2026-04-14 21:32:21,2026-05-26 21:32:21,Fechado
ISS-C03-P02-003033,C03-P02,C03-E0031,Bug,Media,2026-05-02 20:37:48,,Aberto
ISS-C03-P02-003034,C03-P02,C03-E0021,Feature,Baixa,2026-05-06 19:56:28,2026-06-15 19:56:28,Fechado
ISS-C03-P02-003035,C03-P02,C03-E0021,Chore,Media,2026-05-24 07:29:48,2026-06-25 07:29:48,Fechado
ISS-C03-P02-003036,C03-P02,C03-E0005,Debito Tecnico,Alta,2026-05-28 21:19:09,2026-06-17 21:19:09,Fechado
ISS-C03-P02-003037,C03-P02,C03-E0020,Chore,Media,2026-05-01 21:53:35,,Em Andamento
ISS-C03-P02-003038,C03-P02,C03-E0020,Chore,Critica,2026-05-18 21:24:14,,Em Andamento
ISS-C03-P02-003039,C03-P02,C03-E0001,Feature,Media,2026-05-09 15:38:43,2026-06-21 15:38:43,Fechado
ISS-C03-P02-003040,C03-P02,C03-E0029,Bug,Baixa,2026-05-24 19:31:03,2026-06-17 19:31:03,Fechado
ISS-C03-P02-003041,C03-P02,C03-E0020,Feature,Alta,2026-05-26 15:44:03,2026-06-07 15:44:03,Fechado
ISS-C03-P02-003042,C03-P02,C03-E0008,Bug,Alta,2026-06-01 15:51:45,2026-06-17 15:51:45,Fechado
ISS-C03-P02-003043,C03-P02,C03-E0009,Feature,Alta,2026-06-27 15:51:40,2026-08-07 15:51:40,Fechado
ISS-C03-P02-003044,C03-P02,C03-E0007,Feature,Baixa,2026-06-06 08:49:35,,Em Andamento
ISS-C03-P02-003045,C03-P02,C03-E0021,Feature,Media,2026-06-21 09:33:40,2026-07-27 09:33:40,Fechado
ISS-C03-P02-003046,C03-P02,C03-E0005,Bug,Media,2026-06-24 13:59:03,2026-06-26 13:59:03,Fechado
ISS-C03-P02-003047,C03-P02,C03-E0023,Feature,Alta,2026-06-04 16:10:39,,Em Andamento
ISS-C03-P02-003048,C03-P02,C03-E0021,Feature,Critica,2026-06-18 08:07:55,2026-07-02 08:07:55,Fechado
ISS-C03-P02-003049,C03-P02,C03-E0013,Bug,Media,2026-06-24 15:48:45,2026-07-27 15:48:45,Fechado
ISS-C03-P02-003050,C03-P02,C03-E0028,Debito Tecnico,Baixa,2026-06-27 07:39:32,2026-07-20 07:39:32,Fechado
ISS-C03-P02-003051,C03-P02,C03-E0001,Feature,Alta,2026-07-11 18:04:05,2026-07-19 18:04:05,Fechado
ISS-C03-P02-003052,C03-P02,C03-E0028,Debito Tecnico,Baixa,2026-07-15 21:31:39,,Em Andamento
ISS-C03-P02-003053,C03-P02,C03-E0026,Debito Tecnico,Baixa,2026-07-12 18:48:53,2026-07-19 18:48:53,Fechado
ISS-C03-P02-003054,C03-P02,C03-E0002,Chore,Media,2026-07-22 11:03:46,2026-08-05 11:03:46,Fechado
ISS-C03-P02-003055,C03-P02,C03-E0021,Bug,Media,2026-07-20 12:29:11,2026-07-29 12:29:11,Fechado
ISS-C04-P01-003056,C04-P01,C04-E0025,Feature,Media,2026-02-16 11:00:25,2026-04-02 11:00:25,Fechado
ISS-C04-P01-003057,C04-P01,C04-E0092,Feature,Alta,2026-02-21 20:26:50,2026-03-24 20:26:50,Fechado
ISS-C04-P01-003058,C04-P01,C04-E0087,Chore,Media,2026-02-18 11:07:25,2026-02-27 11:07:25,Fechado
ISS-C04-P01-003059,C04-P01,C04-E0075,Bug,Alta,2026-02-23 08:29:35,2026-04-02 08:29:35,Fechado
ISS-C04-P01-003060,C04-P01,C04-E0087,Bug,Baixa,2026-02-01 19:18:03,2026-02-22 19:18:03,Fechado
ISS-C04-P01-003061,C04-P01,C04-E0015,Feature,Baixa,2026-02-11 10:14:16,2026-03-23 10:14:16,Fechado
ISS-C04-P01-003062,C04-P01,C04-E0075,Bug,Alta,2026-02-14 11:51:54,,Em Andamento
ISS-C04-P01-003063,C04-P01,C04-E0077,Feature,Baixa,2026-02-02 11:52:46,2026-02-22 11:52:46,Fechado
ISS-C04-P01-003064,C04-P01,C04-E0029,Bug,Media,2026-02-15 15:12:11,,Aberto
ISS-C04-P01-003065,C04-P01,C04-E0067,Chore,Baixa,2026-02-21 21:47:51,2026-03-08 21:47:51,Fechado
ISS-C04-P01-003066,C04-P01,C04-E0066,Feature,Media,2026-02-18 21:41:51,2026-03-25 21:41:51,Fechado
ISS-C04-P01-003067,C04-P01,C04-E0015,Bug,Media,2026-02-18 18:18:50,,Aberto
ISS-C04-P01-003068,C04-P01,C04-E0106,Chore,Media,2026-02-09 12:50:55,2026-02-28 12:50:55,Fechado
ISS-C04-P01-003069,C04-P01,C04-E0077,Bug,Media,2026-02-02 16:31:11,2026-02-09 16:31:11,Fechado
ISS-C04-P01-003070,C04-P01,C04-E0075,Feature,Media,2026-02-15 11:35:33,2026-03-06 11:35:33,Fechado
ISS-C04-P01-003071,C04-P01,C04-E0056,Debito Tecnico,Media,2026-02-25 15:59:53,2026-03-09 15:59:53,Fechado
ISS-C04-P01-003072,C04-P01,C04-E0039,Bug,Alta,2026-02-17 16:48:31,2026-02-21 16:48:31,Fechado
ISS-C04-P01-003073,C04-P01,C04-E0086,Feature,Baixa,2026-02-10 11:40:26,,Em Andamento
ISS-C04-P01-003074,C04-P01,C04-E0011,Debito Tecnico,Media,2026-02-14 16:31:40,2026-03-05 16:31:40,Fechado
ISS-C04-P01-003075,C04-P01,C04-E0019,Feature,Baixa,2026-02-12 10:10:28,2026-02-21 10:10:28,Fechado
ISS-C04-P01-003076,C04-P01,C04-E0099,Feature,Baixa,2026-02-17 18:25:42,2026-03-19 18:25:42,Fechado
ISS-C04-P01-003077,C04-P01,C04-E0075,Feature,Media,2026-02-24 15:20:12,2026-03-10 15:20:12,Fechado
ISS-C04-P01-003078,C04-P01,C04-E0034,Feature,Baixa,2026-02-16 10:56:36,2026-03-11 10:56:36,Fechado
ISS-C04-P01-003079,C04-P01,C04-E0075,Feature,Media,2026-03-29 18:52:08,2026-04-27 18:52:08,Fechado
ISS-C04-P01-003080,C04-P01,C04-E0053,Bug,Media,2026-03-17 17:02:38,,Aberto
ISS-C04-P01-003081,C04-P01,C04-E0104,Debito Tecnico,Media,2026-03-17 21:49:31,,Aberto
ISS-C04-P01-003082,C04-P01,C04-E0078,Chore,Critica,2026-03-30 19:32:53,,Aberto
ISS-C04-P01-003083,C04-P01,C04-E0019,Bug,Baixa,2026-03-07 19:29:29,,Em Andamento
ISS-C04-P01-003084,C04-P01,C04-E0044,Chore,Alta,2026-03-11 10:26:46,,Em Andamento
ISS-C04-P01-003085,C04-P01,C04-E0077,Bug,Media,2026-03-27 19:05:00,2026-04-28 19:05:00,Fechado
ISS-C04-P01-003086,C04-P01,C04-E0027,Feature,Baixa,2026-03-25 18:25:19,,Em Andamento
ISS-C04-P01-003087,C04-P01,C04-E0076,Bug,Media,2026-03-06 20:08:27,2026-03-24 20:08:27,Fechado
ISS-C04-P01-003088,C04-P01,C04-E0072,Debito Tecnico,Media,2026-03-13 19:53:15,,Aberto
ISS-C04-P01-003089,C04-P01,C04-E0009,Bug,Media,2026-03-22 07:29:36,,Em Andamento
ISS-C04-P01-003090,C04-P01,C04-E0063,Bug,Alta,2026-03-20 14:02:14,2026-03-24 14:02:14,Fechado
ISS-C04-P01-003091,C04-P01,C04-E0058,Feature,Baixa,2026-03-29 16:16:08,,Aberto
ISS-C04-P01-003092,C04-P01,C04-E0083,Bug,Media,2026-03-19 07:24:55,,Aberto
ISS-C04-P01-003093,C04-P01,C04-E0003,Feature,Media,2026-03-01 16:18:09,2026-03-26 16:18:09,Fechado
ISS-C04-P01-003094,C04-P01,C04-E0072,Feature,Media,2026-03-07 17:42:26,2026-03-28 17:42:26,Fechado
ISS-C04-P01-003095,C04-P01,C04-E0033,Bug,Media,2026-03-29 08:53:54,2026-04-23 08:53:54,Fechado
ISS-C04-P01-003096,C04-P01,C04-E0038,Bug,Alta,2026-03-26 19:05:11,2026-04-05 19:05:11,Fechado
ISS-C04-P01-003097,C04-P01,C04-E0034,Bug,Media,2026-03-17 16:37:45,,Aberto
ISS-C04-P01-003098,C04-P01,C04-E0012,Bug,Baixa,2026-03-01 17:18:38,2026-03-30 17:18:38,Fechado
ISS-C04-P01-003099,C04-P01,C04-E0082,Chore,Critica,2026-04-12 18:49:10,2026-05-17 18:49:10,Fechado
ISS-C04-P01-003100,C04-P01,C04-E0032,Feature,Media,2026-04-06 20:46:42,,Aberto
ISS-C04-P01-003101,C04-P01,C04-E0030,Feature,Alta,2026-04-03 16:34:48,,Em Andamento
ISS-C04-P01-003102,C04-P01,C04-E0022,Bug,Alta,2026-04-05 20:25:57,,Em Andamento
ISS-C04-P01-003103,C04-P01,C04-E0089,Bug,Alta,2026-04-25 21:19:59,2026-05-15 21:19:59,Fechado
ISS-C04-P01-003104,C04-P01,C04-E0088,Bug,Media,2026-04-17 14:43:26,,Aberto
ISS-C04-P01-003105,C04-P01,C04-E0027,Debito Tecnico,Baixa,2026-04-27 18:47:43,,Em Andamento
ISS-C04-P01-003106,C04-P01,C04-E0018,Feature,Baixa,2026-04-11 12:35:26,2026-04-17 12:35:26,Fechado
ISS-C04-P01-003107,C04-P01,C04-E0106,Debito Tecnico,Media,2026-04-08 18:45:01,2026-04-24 18:45:01,Fechado
ISS-C04-P01-003108,C04-P01,C04-E0009,Bug,Baixa,2026-04-28 17:22:06,2026-06-09 17:22:06,Fechado
ISS-C04-P01-003109,C04-P01,C04-E0066,Bug,Media,2026-04-28 12:52:43,,Aberto
ISS-C04-P01-003110,C04-P01,C04-E0044,Bug,Media,2026-04-10 19:19:09,2026-04-12 19:19:09,Fechado
ISS-C04-P01-003111,C04-P01,C04-E0035,Bug,Media,2026-04-05 15:31:41,2026-04-10 15:31:41,Fechado
ISS-C04-P01-003112,C04-P01,C04-E0078,Bug,Alta,2026-05-21 09:10:42,2026-06-09 09:10:42,Fechado
ISS-C04-P01-003113,C04-P01,C04-E0035,Bug,Alta,2026-05-22 08:09:18,,Aberto
ISS-C04-P01-003114,C04-P01,C04-E0104,Bug,Media,2026-05-23 07:22:02,2026-06-22 07:22:02,Fechado
ISS-C04-P01-003115,C04-P01,C04-E0003,Feature,Alta,2026-05-06 09:23:31,2026-05-31 09:23:31,Fechado
ISS-C04-P01-003116,C04-P01,C04-E0005,Bug,Media,2026-05-21 08:14:09,2026-07-01 08:14:09,Fechado
ISS-C04-P01-003117,C04-P01,C04-E0092,Bug,Media,2026-05-05 15:55:25,2026-05-12 15:55:25,Fechado
ISS-C04-P01-003118,C04-P01,C04-E0066,Bug,Critica,2026-05-03 09:37:25,2026-05-13 09:37:25,Fechado
ISS-C04-P01-003119,C04-P01,C04-E0039,Bug,Media,2026-05-20 21:59:06,2026-05-22 21:59:06,Fechado
ISS-C04-P01-003120,C04-P01,C04-E0005,Debito Tecnico,Alta,2026-05-09 10:19:13,,Em Andamento
ISS-C04-P01-003121,C04-P01,C04-E0099,Feature,Baixa,2026-05-15 20:40:06,2026-05-17 20:40:06,Fechado
ISS-C04-P01-003122,C04-P01,C04-E0091,Debito Tecnico,Media,2026-05-28 16:45:35,,Aberto
ISS-C04-P01-003123,C04-P01,C04-E0063,Feature,Media,2026-05-26 15:33:28,,Aberto
ISS-C04-P01-003124,C04-P01,C04-E0023,Feature,Alta,2026-05-08 17:06:53,2026-06-12 17:06:53,Fechado
ISS-C04-P01-003125,C04-P01,C04-E0026,Bug,Baixa,2026-05-08 19:50:38,,Em Andamento
ISS-C04-P01-003126,C04-P01,C04-E0044,Bug,Media,2026-05-05 13:56:09,2026-05-09 13:56:09,Fechado
ISS-C04-P01-003127,C04-P01,C04-E0038,Bug,Alta,2026-05-29 16:39:51,,Em Andamento
ISS-C04-P01-003128,C04-P01,C04-E0015,Feature,Baixa,2026-05-19 10:18:57,,Aberto
ISS-C04-P01-003129,C04-P01,C04-E0069,Debito Tecnico,Media,2026-05-21 11:21:43,2026-05-27 11:21:43,Fechado
ISS-C04-P01-003130,C04-P01,C04-E0054,Chore,Media,2026-05-04 16:31:55,2026-05-08 16:31:55,Fechado
ISS-C04-P01-003131,C04-P01,C04-E0055,Bug,Alta,2026-05-18 16:23:58,2026-05-30 16:23:58,Fechado
ISS-C04-P01-003132,C04-P01,C04-E0087,Feature,Alta,2026-06-09 18:05:32,2026-06-12 18:05:32,Fechado
ISS-C04-P01-003133,C04-P01,C04-E0052,Chore,Media,2026-06-07 17:25:37,,Em Andamento
ISS-C04-P01-003134,C04-P01,C04-E0030,Bug,Baixa,2026-06-05 14:09:36,2026-07-07 14:09:36,Fechado
ISS-C04-P01-003135,C04-P01,C04-E0038,Feature,Media,2026-06-19 10:29:09,2026-07-05 10:29:09,Fechado
ISS-C04-P01-003136,C04-P01,C04-E0076,Feature,Baixa,2026-06-03 18:09:16,2026-06-21 18:09:16,Fechado
ISS-C04-P01-003137,C04-P01,C04-E0099,Bug,Alta,2026-06-07 18:54:43,,Em Andamento
ISS-C04-P01-003138,C04-P01,C04-E0034,Bug,Baixa,2026-06-25 13:33:41,,Aberto
ISS-C04-P01-003139,C04-P01,C04-E0066,Chore,Baixa,2026-06-17 10:01:39,,Aberto
ISS-C04-P01-003140,C04-P01,C04-E0012,Bug,Media,2026-06-03 07:46:50,2026-07-12 07:46:50,Fechado
ISS-C04-P01-003141,C04-P01,C04-E0046,Feature,Media,2026-06-08 15:39:18,2026-06-15 15:39:18,Fechado
ISS-C04-P01-003142,C04-P01,C04-E0027,Bug,Alta,2026-06-08 14:20:23,2026-06-17 14:20:23,Fechado
ISS-C04-P01-003143,C04-P01,C04-E0046,Bug,Critica,2026-06-03 15:03:20,2026-07-06 15:03:20,Fechado
ISS-C04-P01-003144,C04-P01,C04-E0092,Bug,Media,2026-06-26 13:46:32,2026-07-02 13:46:32,Fechado
ISS-C04-P01-003145,C04-P01,C04-E0001,Bug,Media,2026-06-25 13:50:42,,Em Andamento
ISS-C04-P01-003146,C04-P01,C04-E0063,Feature,Media,2026-06-01 13:43:32,2026-06-10 13:43:32,Fechado
ISS-C04-P01-003147,C04-P01,C04-E0080,Bug,Baixa,2026-06-21 10:26:26,2026-07-08 10:26:26,Fechado
ISS-C04-P01-003148,C04-P01,C04-E0019,Bug,Alta,2026-06-21 11:39:25,2026-07-06 11:39:25,Fechado
ISS-C04-P01-003149,C04-P01,C04-E0036,Bug,Baixa,2026-06-12 16:59:33,,Aberto
ISS-C04-P01-003150,C04-P01,C04-E0022,Chore,Alta,2026-06-08 14:12:56,,Em Andamento
ISS-C04-P01-003151,C04-P01,C04-E0025,Bug,Baixa,2026-06-12 17:52:32,2026-07-24 17:52:32,Fechado
ISS-C04-P01-003152,C04-P01,C04-E0067,Bug,Alta,2026-06-06 21:10:13,2026-07-10 21:10:13,Fechado
ISS-C04-P01-003153,C04-P01,C04-E0088,Feature,Media,2026-06-13 20:30:16,,Aberto
ISS-C04-P01-003154,C04-P01,C04-E0076,Bug,Critica,2026-06-20 17:58:21,2026-07-26 17:58:21,Fechado
ISS-C04-P01-003155,C04-P01,C04-E0063,Debito Tecnico,Critica,2026-07-20 10:53:00,2026-07-28 10:53:00,Fechado
ISS-C04-P01-003156,C04-P01,C04-E0026,Bug,Alta,2026-07-14 09:15:41,,Aberto
ISS-C04-P01-003157,C04-P01,C04-E0055,Feature,Baixa,2026-07-12 10:19:27,2026-08-10 00:00:00,Fechado
ISS-C04-P01-003158,C04-P01,C04-E0012,Bug,Baixa,2026-07-07 15:39:04,,Em Andamento
ISS-C04-P01-003159,C04-P01,C04-E0082,Feature,Baixa,2026-07-20 14:40:10,2026-08-10 00:00:00,Fechado
ISS-C04-P01-003160,C04-P01,C04-E0080,Bug,Alta,2026-07-23 10:50:31,2026-08-10 00:00:00,Fechado
ISS-C04-P01-003161,C04-P01,C04-E0030,Feature,Media,2026-07-07 07:10:09,2026-08-09 07:10:09,Fechado
ISS-C04-P01-003162,C04-P01,C04-E0104,Feature,Media,2026-07-23 17:31:04,,Aberto
ISS-C04-P01-003163,C04-P01,C04-E0093,Feature,Baixa,2026-07-01 18:16:28,2026-07-21 18:16:28,Fechado
ISS-C04-P01-003164,C04-P01,C04-E0063,Feature,Critica,2026-07-23 13:21:00,2026-08-10 00:00:00,Fechado
ISS-C04-P01-003165,C04-P01,C04-E0055,Bug,Baixa,2026-07-24 12:36:57,2026-07-30 12:36:57,Fechado
ISS-C04-P01-003166,C04-P01,C04-E0015,Feature,Media,2026-07-10 10:09:40,,Em Andamento
ISS-C04-P01-003167,C04-P01,C04-E0014,Bug,Baixa,2026-07-04 16:21:23,2026-08-08 16:21:23,Fechado
ISS-C04-P01-003168,C04-P01,C04-E0038,Debito Tecnico,Media,2026-07-23 21:22:54,,Aberto
ISS-C04-P01-003169,C04-P01,C04-E0044,Feature,Media,2026-07-12 16:41:54,2026-08-01 16:41:54,Fechado
ISS-C04-P01-003170,C04-P01,C04-E0001,Debito Tecnico,Media,2026-07-20 16:48:54,2026-08-10 00:00:00,Fechado
ISS-C04-P02-003171,C04-P02,C04-E0072,Debito Tecnico,Alta,2026-05-16 21:59:52,,Aberto
ISS-C04-P02-003172,C04-P02,C04-E0011,Debito Tecnico,Alta,2026-05-24 19:49:31,2026-06-17 19:49:31,Fechado
ISS-C04-P02-003173,C04-P02,C04-E0063,Debito Tecnico,Baixa,2026-05-19 07:24:45,2026-05-29 07:24:45,Fechado
ISS-C04-P02-003174,C04-P02,C04-E0058,Bug,Alta,2026-05-28 10:09:04,2026-07-04 10:09:04,Fechado
ISS-C04-P02-003175,C04-P02,C04-E0103,Debito Tecnico,Baixa,2026-05-02 12:41:07,,Em Andamento
ISS-C04-P02-003176,C04-P02,C04-E0002,Chore,Baixa,2026-05-12 09:31:40,2026-06-23 09:31:40,Fechado
ISS-C04-P02-003177,C04-P02,C04-E0091,Bug,Baixa,2026-05-28 16:38:20,,Aberto
ISS-C04-P02-003178,C04-P02,C04-E0002,Debito Tecnico,Alta,2026-05-30 11:20:48,,Em Andamento
ISS-C04-P02-003179,C04-P02,C04-E0005,Bug,Baixa,2026-05-06 09:43:37,2026-06-01 09:43:37,Fechado
ISS-C04-P02-003180,C04-P02,C04-E0030,Feature,Baixa,2026-05-17 07:08:50,2026-06-22 07:08:50,Fechado
ISS-C04-P02-003181,C04-P02,C04-E0053,Debito Tecnico,Media,2026-05-21 13:51:58,,Em Andamento
ISS-C04-P02-003182,C04-P02,C04-E0044,Feature,Critica,2026-05-20 15:52:22,2026-05-21 15:52:22,Fechado
ISS-C04-P02-003183,C04-P02,C04-E0038,Feature,Alta,2026-05-04 11:12:47,2026-05-19 11:12:47,Fechado
ISS-C04-P02-003184,C04-P02,C04-E0056,Bug,Media,2026-05-17 15:15:56,,Aberto
ISS-C04-P02-003185,C04-P02,C04-E0026,Bug,Baixa,2026-05-30 07:01:59,,Em Andamento
ISS-C04-P02-003186,C04-P02,C04-E0033,Bug,Media,2026-06-18 16:42:45,2026-06-21 16:42:45,Fechado
ISS-C04-P02-003187,C04-P02,C04-E0051,Bug,Media,2026-06-08 07:13:44,2026-06-11 07:13:44,Fechado
ISS-C04-P02-003188,C04-P02,C04-E0044,Chore,Baixa,2026-06-18 21:11:53,2026-07-23 21:11:53,Fechado
ISS-C04-P02-003189,C04-P02,C04-E0078,Bug,Media,2026-06-09 13:39:29,2026-07-16 13:39:29,Fechado
ISS-C04-P02-003190,C04-P02,C04-E0052,Bug,Baixa,2026-06-16 13:11:53,2026-07-24 13:11:53,Fechado
ISS-C04-P02-003191,C04-P02,C04-E0075,Bug,Media,2026-06-17 13:50:40,,Aberto
ISS-C04-P02-003192,C04-P02,C04-E0027,Feature,Baixa,2026-06-12 10:57:50,2026-06-20 10:57:50,Fechado
ISS-C04-P02-003193,C04-P02,C04-E0038,Debito Tecnico,Baixa,2026-06-08 10:56:27,,Aberto
ISS-C04-P02-003194,C04-P02,C04-E0098,Bug,Critica,2026-06-11 16:24:44,2026-06-22 16:24:44,Fechado
ISS-C04-P02-003195,C04-P02,C04-E0012,Chore,Alta,2026-06-30 19:27:36,2026-07-27 19:27:36,Fechado
ISS-C04-P02-003196,C04-P02,C04-E0088,Bug,Media,2026-06-28 11:17:55,2026-08-01 11:17:55,Fechado
ISS-C04-P02-003197,C04-P02,C04-E0098,Feature,Media,2026-06-07 08:48:07,,Em Andamento
ISS-C04-P02-003198,C04-P02,C04-E0006,Bug,Baixa,2026-06-01 17:56:20,,Aberto
ISS-C04-P02-003199,C04-P02,C04-E0001,Feature,Media,2026-06-26 21:40:12,,Em Andamento
ISS-C04-P02-003200,C04-P02,C04-E0054,Bug,Media,2026-06-13 12:34:17,2026-07-28 12:34:17,Fechado
ISS-C04-P02-003201,C04-P02,C04-E0067,Bug,Media,2026-06-17 07:00:40,2026-06-21 07:00:40,Fechado
ISS-C04-P02-003202,C04-P02,C04-E0099,Bug,Baixa,2026-07-27 18:08:11,2026-08-10 00:00:00,Fechado
ISS-C04-P02-003203,C04-P02,C04-E0096,Feature,Media,2026-07-31 08:39:15,2026-08-10 00:00:00,Fechado
ISS-C04-P02-003204,C04-P02,C04-E0053,Chore,Media,2026-07-06 07:35:26,,Em Andamento
ISS-C04-P02-003205,C04-P02,C04-E0083,Bug,Media,2026-07-29 13:01:03,2026-08-10 00:00:00,Fechado
ISS-C04-P02-003206,C04-P02,C04-E0006,Chore,Media,2026-07-26 13:48:56,2026-08-10 00:00:00,Fechado
ISS-C04-P02-003207,C04-P02,C04-E0037,Chore,Critica,2026-07-24 14:43:08,2026-07-30 14:43:08,Fechado
ISS-C04-P02-003208,C04-P02,C04-E0091,Bug,Alta,2026-07-17 15:17:45,2026-08-10 00:00:00,Fechado
ISS-C04-P02-003209,C04-P02,C04-E0053,Bug,Alta,2026-07-07 14:26:26,,Em Andamento
ISS-C04-P02-003210,C04-P02,C04-E0005,Feature,Baixa,2026-07-08 21:46:53,,Em Andamento
ISS-C04-P02-003211,C04-P02,C04-E0055,Bug,Media,2026-07-03 21:53:06,2026-08-07 21:53:06,Fechado
ISS-C04-P02-003212,C04-P02,C04-E0073,Debito Tecnico,Baixa,2026-07-09 14:26:57,,Em Andamento
ISS-C04-P02-003213,C04-P02,C04-E0026,Chore,Baixa,2026-07-10 10:34:05,2026-07-13 10:34:05,Fechado
ISS-C04-P02-003214,C04-P02,C04-E0096,Feature,Baixa,2026-07-22 13:39:05,,Em Andamento
ISS-C04-P02-003215,C04-P02,C04-E0073,Debito Tecnico,Media,2026-07-06 17:38:13,2026-07-24 17:38:13,Fechado
ISS-C04-P02-003216,C04-P02,C04-E0091,Chore,Baixa,2026-07-01 09:11:34,2026-08-10 00:00:00,Fechado
ISS-C04-P02-003217,C04-P02,C04-E0078,Bug,Media,2026-07-09 21:01:17,2026-08-10 00:00:00,Fechado
ISS-C04-P02-003218,C04-P02,C04-E0001,Debito Tecnico,Baixa,2026-07-15 19:52:12,,Em Andamento
ISS-C04-P02-003219,C04-P02,C04-E0032,Debito Tecnico,Media,2026-07-08 19:53:56,2026-08-06 19:53:56,Fechado
ISS-C04-P02-003220,C04-P02,C04-E0039,Feature,Baixa,2026-07-11 12:59:44,2026-07-30 12:59:44,Fechado
ISS-C04-P02-003221,C04-P02,C04-E0078,Feature,Media,2026-07-14 21:28:08,2026-08-10 00:00:00,Fechado
ISS-C04-P02-003222,C04-P02,C04-E0019,Bug,Media,2026-07-08 11:09:23,,Em Andamento
ISS-C04-P02-003223,C04-P02,C04-E0083,Bug,Alta,2026-07-02 20:31:22,,Aberto
ISS-C04-P02-003224,C04-P02,C04-E0005,Bug,Media,2026-07-19 15:17:21,,Aberto
ISS-C04-P02-003225,C04-P02,C04-E0051,Feature,Baixa,2026-07-18 07:44:29,,Em Andamento
ISS-C04-P02-003226,C04-P02,C04-E0088,Feature,Media,2026-07-22 07:16:56,2026-08-10 00:00:00,Fechado
ISS-C04-P02-003227,C04-P02,C04-E0098,Bug,Media,2026-07-12 19:14:14,2026-07-24 19:14:14,Fechado
ISS-C04-P02-003228,C04-P02,C04-E0082,Bug,Alta,2026-07-02 17:31:11,2026-07-17 17:31:11,Fechado
ISS-C04-P02-003229,C04-P02,C04-E0080,Debito Tecnico,Critica,2026-07-23 16:15:47,,Aberto
ISS-C04-P02-003230,C04-P02,C04-E0036,Feature,Media,2026-07-02 12:27:04,2026-08-07 12:27:04,Fechado
ISS-C04-P02-003231,C04-P02,C04-E0019,Debito Tecnico,Media,2026-07-14 15:09:32,,Aberto
ISS-C05-P01-003232,C05-P01,C05-E0001,Debito Tecnico,Baixa,2025-06-19 14:59:38,2025-07-22 14:59:38,Fechado
ISS-C05-P01-003233,C05-P01,C05-E0023,Feature,Media,2025-06-19 12:32:13,2025-07-16 12:32:13,Fechado
ISS-C05-P01-003234,C05-P01,C05-E0019,Bug,Alta,2025-06-13 17:11:24,,Aberto
ISS-C05-P01-003235,C05-P01,C05-E0011,Debito Tecnico,Media,2025-06-29 13:57:06,,Em Andamento
ISS-C05-P01-003236,C05-P01,C05-E0010,Feature,Media,2025-06-09 17:25:42,,Aberto
ISS-C05-P01-003237,C05-P01,C05-E0006,Chore,Media,2025-06-11 20:17:54,,Em Andamento
ISS-C05-P01-003238,C05-P01,C05-E0016,Bug,Alta,2025-07-22 09:01:02,,Aberto
ISS-C05-P01-003239,C05-P01,C05-E0016,Debito Tecnico,Media,2025-07-19 18:09:33,,Aberto
ISS-C05-P01-003240,C05-P01,C05-E0008,Feature,Media,2025-07-02 09:06:12,,Em Andamento
ISS-C05-P01-003241,C05-P01,C05-E0011,Feature,Media,2025-07-26 15:45:18,2025-08-09 15:45:18,Fechado
ISS-C05-P01-003242,C05-P01,C05-E0020,Bug,Media,2025-07-17 11:12:46,2025-08-16 11:12:46,Fechado
ISS-C05-P01-003243,C05-P01,C05-E0007,Bug,Media,2025-07-13 19:29:35,,Aberto
ISS-C05-P01-003244,C05-P01,C05-E0017,Feature,Baixa,2025-07-21 20:27:20,,Em Andamento
ISS-C05-P01-003245,C05-P01,C05-E0024,Debito Tecnico,Media,2025-07-10 16:30:46,,Em Andamento
ISS-C05-P01-003246,C05-P01,C05-E0017,Bug,Alta,2025-07-07 09:52:02,2025-07-20 09:52:02,Fechado
ISS-C05-P01-003247,C05-P01,C05-E0006,Feature,Media,2025-08-29 09:09:51,,Aberto
ISS-C05-P01-003248,C05-P01,C05-E0024,Bug,Media,2025-08-26 11:28:41,2025-09-28 11:28:41,Fechado
ISS-C05-P01-003249,C05-P01,C05-E0009,Chore,Media,2025-09-14 21:02:05,2025-09-29 21:02:05,Fechado
ISS-C05-P01-003250,C05-P01,C05-E0007,Debito Tecnico,Baixa,2025-09-13 14:19:34,2025-10-28 14:19:34,Fechado
ISS-C05-P01-003251,C05-P01,C05-E0005,Debito Tecnico,Media,2025-09-10 09:21:06,2025-09-30 09:21:06,Fechado
ISS-C05-P01-003252,C05-P01,C05-E0019,Bug,Baixa,2025-09-18 12:07:39,2025-10-07 12:07:39,Fechado
ISS-C05-P01-003253,C05-P01,C05-E0001,Bug,Critica,2025-09-01 17:07:27,,Em Andamento
ISS-C05-P01-003254,C05-P01,C05-E0010,Bug,Baixa,2025-09-19 10:38:26,,Aberto
ISS-C05-P01-003255,C05-P01,C05-E0003,Bug,Baixa,2025-10-13 10:06:42,2025-11-09 10:06:42,Fechado
ISS-C05-P01-003256,C05-P01,C05-E0024,Debito Tecnico,Baixa,2025-10-05 09:38:03,,Em Andamento
ISS-C05-P01-003257,C05-P01,C05-E0020,Bug,Baixa,2025-10-14 19:06:12,,Aberto
ISS-C05-P01-003258,C05-P01,C05-E0011,Feature,Media,2025-10-06 13:35:24,,Em Andamento
ISS-C05-P01-003259,C05-P01,C05-E0012,Feature,Media,2025-11-15 07:22:07,,Em Andamento
ISS-C05-P01-003260,C05-P01,C05-E0026,Chore,Alta,2025-11-26 17:37:10,2025-12-10 17:37:10,Fechado
ISS-C05-P01-003261,C05-P01,C05-E0009,Bug,Media,2025-11-17 14:33:20,2025-11-29 14:33:20,Fechado
ISS-C05-P01-003262,C05-P01,C05-E0019,Feature,Baixa,2025-11-17 11:11:02,2025-11-21 11:11:02,Fechado
ISS-C05-P01-003263,C05-P01,C05-E0023,Bug,Media,2025-11-09 08:45:37,2025-11-28 08:45:37,Fechado
ISS-C05-P01-003264,C05-P01,C05-E0012,Debito Tecnico,Critica,2025-11-10 09:25:11,2025-12-20 09:25:11,Fechado
ISS-C05-P01-003265,C05-P01,C05-E0012,Feature,Alta,2025-11-17 10:44:08,2025-11-25 10:44:08,Fechado
ISS-C05-P01-003266,C05-P01,C05-E0010,Feature,Baixa,2025-11-08 14:49:36,2025-11-14 14:49:36,Fechado
ISS-C05-P01-003267,C05-P01,C05-E0009,Debito Tecnico,Critica,2025-11-27 21:08:41,,Aberto
ISS-C05-P01-003268,C05-P01,C05-E0012,Feature,Baixa,2025-12-03 21:53:48,2026-01-06 21:53:48,Fechado
ISS-C05-P01-003269,C05-P01,C05-E0017,Feature,Baixa,2025-12-26 18:31:01,2026-01-03 18:31:01,Fechado
ISS-C05-P01-003270,C05-P01,C05-E0005,Debito Tecnico,Alta,2025-12-26 18:22:24,2025-12-27 18:22:24,Fechado
ISS-C05-P01-003271,C05-P01,C05-E0007,Debito Tecnico,Alta,2026-01-31 09:06:01,2026-02-26 09:06:01,Fechado
ISS-C05-P01-003272,C05-P01,C05-E0023,Feature,Alta,2026-01-31 18:14:14,2026-02-14 18:14:14,Fechado
ISS-C05-P01-003273,C05-P01,C05-E0019,Feature,Baixa,2026-01-23 17:45:57,2026-02-19 17:45:57,Fechado
ISS-C05-P01-003274,C05-P01,C05-E0024,Bug,Baixa,2026-02-24 18:10:54,2026-03-09 18:10:54,Fechado
ISS-C05-P01-003275,C05-P01,C05-E0003,Feature,Media,2026-02-03 08:26:07,2026-02-15 08:26:07,Fechado
ISS-C05-P01-003276,C05-P01,C05-E0019,Feature,Alta,2026-02-04 14:27:52,2026-03-02 14:27:52,Fechado
ISS-C05-P01-003277,C05-P01,C05-E0026,Feature,Alta,2026-03-14 09:37:23,,Aberto
ISS-C05-P01-003278,C05-P01,C05-E0001,Debito Tecnico,Media,2026-03-31 17:57:07,2026-05-14 17:57:07,Fechado
ISS-C05-P01-003279,C05-P01,C05-E0010,Feature,Alta,2026-03-12 07:46:28,2026-03-31 07:46:28,Fechado
ISS-C05-P01-003280,C05-P01,C05-E0012,Bug,Media,2026-03-15 09:55:42,2026-03-16 09:55:42,Fechado
ISS-C05-P01-003281,C05-P01,C05-E0012,Feature,Media,2026-03-31 13:09:57,2026-05-05 13:09:57,Fechado
ISS-C05-P01-003282,C05-P01,C05-E0010,Bug,Alta,2026-03-11 08:28:09,,Aberto
ISS-C05-P01-003283,C05-P01,C05-E0006,Feature,Baixa,2026-03-13 07:01:13,,Em Andamento
ISS-C05-P01-003284,C05-P01,C05-E0023,Feature,Alta,2026-04-02 16:55:36,2026-04-23 16:55:36,Fechado
ISS-C05-P01-003285,C05-P01,C05-E0008,Bug,Media,2026-05-27 08:20:19,2026-07-06 08:20:19,Fechado
ISS-C05-P01-003286,C05-P01,C05-E0023,Debito Tecnico,Media,2026-05-02 12:08:29,2026-05-03 12:08:29,Fechado
ISS-C05-P01-003287,C05-P01,C05-E0007,Feature,Alta,2026-05-02 20:22:50,,Aberto
ISS-C05-P01-003288,C05-P01,C05-E0010,Bug,Alta,2026-05-11 09:33:19,2026-05-17 09:33:19,Fechado
ISS-C05-P01-003289,C05-P01,C05-E0007,Feature,Media,2026-05-14 07:16:24,,Aberto
ISS-C05-P01-003290,C05-P01,C05-E0001,Chore,Media,2026-05-01 18:03:08,,Em Andamento
ISS-C05-P01-003291,C05-P01,C05-E0005,Chore,Alta,2026-06-11 14:03:25,,Aberto
ISS-C05-P01-003292,C05-P01,C05-E0010,Debito Tecnico,Baixa,2026-06-17 16:36:26,2026-06-27 16:36:26,Fechado
ISS-C05-P01-003293,C05-P01,C05-E0012,Bug,Media,2026-06-25 15:11:03,2026-07-28 15:11:03,Fechado
ISS-C05-P01-003294,C05-P01,C05-E0010,Feature,Baixa,2026-06-27 19:35:39,2026-07-31 19:35:39,Fechado
ISS-C05-P01-003295,C05-P01,C05-E0009,Feature,Media,2026-06-10 07:46:59,2026-06-29 07:46:59,Fechado
ISS-C05-P01-003296,C05-P01,C05-E0024,Debito Tecnico,Alta,2026-06-04 14:35:59,2026-06-11 14:35:59,Fechado
ISS-C05-P01-003297,C05-P01,C05-E0012,Bug,Media,2026-06-03 10:08:14,,Em Andamento
ISS-C05-P01-003298,C05-P01,C05-E0008,Bug,Critica,2026-06-05 09:04:10,2026-07-17 09:04:10,Fechado
ISS-C05-P01-003299,C05-P01,C05-E0023,Bug,Media,2026-06-02 08:50:59,2026-06-22 08:50:59,Fechado
ISS-C05-P01-003300,C05-P01,C05-E0009,Bug,Baixa,2026-06-03 21:55:56,2026-06-18 21:55:56,Fechado
ISS-C05-P01-003301,C05-P01,C05-E0026,Feature,Baixa,2026-06-19 14:15:55,,Em Andamento
ISS-C05-P01-003302,C05-P01,C05-E0008,Debito Tecnico,Critica,2026-07-09 08:49:48,,Aberto
ISS-C05-P01-003303,C05-P01,C05-E0019,Bug,Baixa,2026-07-06 09:06:14,,Aberto
ISS-C05-P01-003304,C05-P01,C05-E0020,Feature,Baixa,2026-07-26 18:46:46,,Em Andamento
ISS-C05-P01-003305,C05-P01,C05-E0005,Bug,Baixa,2026-07-04 10:35:27,2026-07-23 10:35:27,Fechado
ISS-C05-P01-003306,C05-P01,C05-E0006,Debito Tecnico,Baixa,2026-07-15 17:58:49,2026-07-21 17:58:49,Fechado
ISS-C05-P02-003307,C05-P02,C05-E0010,Bug,Media,2026-04-19 18:26:16,,Em Andamento
ISS-C05-P02-003308,C05-P02,C05-E0026,Chore,Critica,2026-04-10 10:22:42,,Em Andamento
ISS-C05-P02-003309,C05-P02,C05-E0016,Bug,Baixa,2026-04-04 07:59:34,2026-04-30 07:59:34,Fechado
ISS-C05-P02-003310,C05-P02,C05-E0009,Debito Tecnico,Baixa,2026-04-18 17:10:23,,Em Andamento
ISS-C05-P02-003311,C05-P02,C05-E0010,Chore,Baixa,2026-04-10 13:45:37,,Aberto
ISS-C05-P02-003312,C05-P02,C05-E0001,Bug,Alta,2026-04-16 20:26:29,2026-04-20 20:26:29,Fechado
ISS-C05-P02-003313,C05-P02,C05-E0006,Bug,Baixa,2026-04-30 18:42:35,2026-05-05 18:42:35,Fechado
ISS-C05-P02-003314,C05-P02,C05-E0019,Debito Tecnico,Media,2026-04-30 11:15:49,,Aberto
ISS-C05-P02-003315,C05-P02,C05-E0026,Chore,Alta,2026-04-08 16:31:05,2026-05-23 16:31:05,Fechado
ISS-C05-P02-003316,C05-P02,C05-E0007,Bug,Media,2026-06-12 10:39:14,2026-07-09 10:39:14,Fechado
ISS-C05-P02-003317,C05-P02,C05-E0024,Bug,Baixa,2026-06-03 16:16:59,,Em Andamento
ISS-C05-P02-003318,C05-P02,C05-E0003,Feature,Baixa,2026-06-05 20:51:47,,Aberto
ISS-C05-P02-003319,C05-P02,C05-E0020,Chore,Media,2026-06-23 13:55:52,2026-07-08 13:55:52,Fechado
ISS-C05-P02-003320,C05-P02,C05-E0012,Debito Tecnico,Alta,2026-06-14 08:02:47,2026-07-22 08:02:47,Fechado
ISS-C05-P02-003321,C05-P02,C05-E0008,Feature,Media,2026-06-11 20:30:29,,Aberto
ISS-C05-P02-003322,C05-P02,C05-E0019,Bug,Baixa,2026-06-15 17:53:51,,Em Andamento
ISS-C05-P02-003323,C05-P02,C05-E0020,Feature,Media,2026-06-27 13:12:02,,Aberto
ISS-C05-P02-003324,C05-P02,C05-E0011,Debito Tecnico,Media,2026-07-07 14:54:32,,Aberto
ISS-C05-P02-003325,C05-P02,C05-E0005,Feature,Critica,2026-07-29 10:47:09,2026-08-10 00:00:00,Fechado
ISS-C05-P02-003326,C05-P02,C05-E0023,Feature,Media,2026-07-31 12:29:45,2026-08-10 00:00:00,Fechado
ISS-C05-P02-003327,C05-P02,C05-E0010,Bug,Critica,2026-07-25 08:55:48,,Aberto
ISS-C05-P02-003328,C05-P02,C05-E0024,Debito Tecnico,Alta,2026-07-20 17:17:22,,Em Andamento
ISS-C05-P02-003329,C05-P02,C05-E0009,Feature,Baixa,2026-07-15 15:43:41,,Aberto
ISS-C05-P02-003330,C05-P02,C05-E0006,Feature,Alta,2026-07-29 18:24:24,,Em Andamento
ISS-C05-P02-003331,C05-P02,C05-E0003,Bug,Alta,2026-07-14 18:51:32,,Em Andamento
ISS-C05-P02-003332,C05-P02,C05-E0010,Debito Tecnico,Alta,2026-07-27 15:37:58,2026-08-10 00:00:00,Fechado
ISS-C05-P02-003333,C05-P02,C05-E0023,Chore,Alta,2026-07-07 18:03:28,2026-08-10 00:00:00,Fechado
ISS-C05-P02-003334,C05-P02,C05-E0007,Feature,Baixa,2026-07-18 20:42:57,2026-08-06 20:42:57,Fechado
ISS-C05-P03-003335,C05-P03,C05-E0009,Debito Tecnico,Baixa,2025-06-26 17:01:19,2025-08-07 17:01:19,Fechado
ISS-C05-P03-003336,C05-P03,C05-E0026,Debito Tecnico,Alta,2025-06-10 11:29:46,2025-07-02 11:29:46,Fechado
ISS-C05-P03-003337,C05-P03,C05-E0003,Feature,Alta,2025-06-17 18:53:49,,Em Andamento
ISS-C05-P03-003338,C05-P03,C05-E0023,Feature,Baixa,2025-07-31 10:07:49,,Em Andamento
ISS-C05-P03-003339,C05-P03,C05-E0008,Bug,Baixa,2025-07-31 20:17:55,2025-08-11 20:17:55,Fechado
ISS-C05-P03-003340,C05-P03,C05-E0008,Feature,Alta,2025-07-29 16:05:29,2025-09-01 16:05:29,Fechado
ISS-C05-P03-003341,C05-P03,C05-E0005,Bug,Critica,2025-07-20 11:17:32,,Aberto
ISS-C05-P03-003342,C05-P03,C05-E0009,Debito Tecnico,Media,2025-07-05 13:08:25,2025-08-01 13:08:25,Fechado
ISS-C05-P03-003343,C05-P03,C05-E0003,Bug,Baixa,2025-07-20 15:14:14,,Aberto
ISS-C05-P03-003344,C05-P03,C05-E0024,Feature,Media,2025-07-10 15:37:07,2025-08-16 15:37:07,Fechado
ISS-C05-P03-003345,C05-P03,C05-E0001,Debito Tecnico,Critica,2025-08-20 18:03:07,2025-09-06 18:03:07,Fechado
ISS-C05-P03-003346,C05-P03,C05-E0005,Feature,Alta,2025-08-16 20:21:37,,Em Andamento
ISS-C05-P03-003347,C05-P03,C05-E0020,Feature,Alta,2025-08-08 11:23:28,2025-09-05 11:23:28,Fechado
ISS-C05-P03-003348,C05-P03,C05-E0012,Bug,Media,2025-08-08 14:16:40,2025-09-18 14:16:40,Fechado
ISS-C05-P03-003349,C05-P03,C05-E0011,Feature,Alta,2025-09-27 13:58:12,,Em Andamento
ISS-C05-P03-003350,C05-P03,C05-E0003,Debito Tecnico,Alta,2025-10-03 18:58:39,2025-11-02 18:58:39,Fechado
ISS-C05-P03-003351,C05-P03,C05-E0019,Feature,Media,2025-10-20 09:27:10,,Aberto
ISS-C05-P03-003352,C05-P03,C05-E0012,Feature,Media,2025-10-17 15:32:42,2025-11-30 15:32:42,Fechado
ISS-C05-P03-003353,C05-P03,C05-E0020,Feature,Alta,2025-10-05 09:17:12,2025-10-07 09:17:12,Fechado
ISS-C05-P03-003354,C05-P03,C05-E0010,Debito Tecnico,Media,2025-10-05 21:57:08,,Aberto
ISS-C05-P03-003355,C05-P03,C05-E0006,Feature,Media,2025-10-02 09:12:16,2025-10-19 09:12:16,Fechado
ISS-C05-P03-003356,C05-P03,C05-E0023,Debito Tecnico,Alta,2025-10-23 11:39:21,2025-10-27 11:39:21,Fechado
ISS-C05-P03-003357,C05-P03,C05-E0007,Bug,Media,2025-10-14 13:58:00,2025-11-25 13:58:00,Fechado
ISS-C05-P03-003358,C05-P03,C05-E0003,Feature,Media,2025-10-04 18:25:46,2025-11-03 18:25:46,Fechado
ISS-C05-P03-003359,C05-P03,C05-E0006,Chore,Media,2025-10-09 11:02:04,2025-10-28 11:02:04,Fechado
ISS-C05-P03-003360,C05-P03,C05-E0005,Bug,Media,2025-10-16 12:50:18,2025-11-18 12:50:18,Fechado
ISS-C05-P03-003361,C05-P03,C05-E0023,Feature,Media,2025-11-10 19:44:08,,Em Andamento
ISS-C05-P03-003362,C05-P03,C05-E0012,Chore,Media,2025-11-28 20:01:47,2026-01-01 20:01:47,Fechado
ISS-C05-P03-003363,C05-P03,C05-E0005,Chore,Media,2025-11-01 15:58:31,2025-11-24 15:58:31,Fechado
ISS-C05-P03-003364,C05-P03,C05-E0005,Feature,Media,2025-11-10 10:35:49,,Em Andamento
ISS-C05-P03-003365,C05-P03,C05-E0023,Bug,Critica,2025-11-24 10:51:07,2025-12-09 10:51:07,Fechado
ISS-C05-P03-003366,C05-P03,C05-E0010,Debito Tecnico,Baixa,2025-12-19 18:19:40,2025-12-23 18:19:40,Fechado
ISS-C05-P03-003367,C05-P03,C05-E0024,Bug,Media,2025-12-05 14:23:24,,Aberto
ISS-C05-P03-003368,C05-P03,C05-E0020,Debito Tecnico,Alta,2026-01-26 12:33:19,2026-02-12 12:33:19,Fechado
ISS-C05-P03-003369,C05-P03,C05-E0012,Bug,Media,2026-01-11 17:42:32,,Em Andamento
ISS-C05-P03-003370,C05-P03,C05-E0006,Bug,Media,2026-01-19 13:43:52,2026-01-20 13:43:52,Fechado
ISS-C05-P03-003371,C05-P03,C05-E0019,Bug,Media,2026-01-24 17:49:19,2026-03-10 17:49:19,Fechado
ISS-C05-P03-003372,C05-P03,C05-E0011,Chore,Media,2026-01-09 14:05:11,,Em Andamento
ISS-C05-P03-003373,C05-P03,C05-E0020,Bug,Media,2026-01-27 15:32:22,2026-02-19 15:32:22,Fechado
ISS-C05-P03-003374,C05-P03,C05-E0019,Feature,Baixa,2026-01-11 21:47:40,,Aberto
ISS-C05-P03-003375,C05-P03,C05-E0010,Bug,Critica,2026-01-02 09:23:21,2026-01-30 09:23:21,Fechado
ISS-C05-P03-003376,C05-P03,C05-E0006,Chore,Media,2026-01-19 10:42:44,2026-01-24 10:42:44,Fechado
ISS-C05-P03-003377,C05-P03,C05-E0011,Chore,Media,2026-02-25 14:43:31,2026-04-11 14:43:31,Fechado
ISS-C05-P03-003378,C05-P03,C05-E0017,Feature,Alta,2026-02-03 20:44:27,2026-02-28 20:44:27,Fechado
ISS-C05-P03-003379,C05-P03,C05-E0005,Bug,Baixa,2026-02-28 15:52:02,,Em Andamento
ISS-C05-P03-003380,C05-P03,C05-E0005,Debito Tecnico,Baixa,2026-02-05 07:39:11,2026-03-18 07:39:11,Fechado
ISS-C05-P03-003381,C05-P03,C05-E0020,Feature,Baixa,2026-02-01 17:13:09,2026-02-08 17:13:09,Fechado
ISS-C05-P03-003382,C05-P03,C05-E0003,Bug,Baixa,2026-03-28 08:14:22,,Em Andamento
ISS-C05-P03-003383,C05-P03,C05-E0020,Bug,Alta,2026-04-10 08:34:25,,Aberto
ISS-C05-P03-003384,C05-P03,C05-E0001,Debito Tecnico,Media,2026-04-24 14:45:54,2026-05-19 14:45:54,Fechado
ISS-C05-P03-003385,C05-P03,C05-E0017,Bug,Baixa,2026-04-30 09:51:10,,Em Andamento
ISS-C05-P03-003386,C05-P03,C05-E0010,Bug,Media,2026-04-17 12:01:31,2026-05-29 12:01:31,Fechado
ISS-C05-P03-003387,C05-P03,C05-E0009,Feature,Media,2026-04-18 08:54:25,,Em Andamento
ISS-C05-P03-003388,C05-P03,C05-E0012,Feature,Critica,2026-04-27 09:57:19,2026-05-05 09:57:19,Fechado
ISS-C05-P03-003389,C05-P03,C05-E0001,Feature,Alta,2026-04-02 10:12:27,,Aberto
ISS-C05-P03-003390,C05-P03,C05-E0016,Bug,Media,2026-04-25 16:08:48,,Em Andamento
ISS-C05-P03-003391,C05-P03,C05-E0007,Chore,Baixa,2026-04-08 16:06:24,2026-04-11 16:06:24,Fechado
ISS-C05-P03-003392,C05-P03,C05-E0024,Bug,Baixa,2026-05-09 14:31:23,2026-05-29 14:31:23,Fechado
ISS-C05-P03-003393,C05-P03,C05-E0007,Feature,Baixa,2026-05-02 18:53:46,2026-06-08 18:53:46,Fechado
ISS-C05-P03-003394,C05-P03,C05-E0019,Bug,Media,2026-05-02 07:58:33,2026-05-17 07:58:33,Fechado
ISS-C05-P03-003395,C05-P03,C05-E0007,Chore,Media,2026-05-29 14:06:58,2026-07-12 14:06:58,Fechado
ISS-C05-P03-003396,C05-P03,C05-E0026,Feature,Baixa,2026-05-28 19:01:05,2026-07-11 19:01:05,Fechado
ISS-C05-P03-003397,C05-P03,C05-E0024,Bug,Baixa,2026-05-24 17:15:48,,Em Andamento
ISS-C05-P03-003398,C05-P03,C05-E0001,Bug,Media,2026-06-02 18:53:08,2026-06-04 18:53:08,Fechado
ISS-C05-P03-003399,C05-P03,C05-E0009,Feature,Baixa,2026-06-25 19:01:50,,Em Andamento
ISS-C05-P03-003400,C05-P03,C05-E0007,Debito Tecnico,Alta,2026-06-13 15:16:54,,Aberto
ISS-C05-P03-003401,C05-P03,C05-E0009,Chore,Critica,2026-06-18 10:32:47,2026-07-17 10:32:47,Fechado
ISS-C05-P03-003402,C05-P03,C05-E0003,Feature,Baixa,2026-06-14 14:25:30,,Aberto
ISS-C05-P03-003403,C05-P03,C05-E0006,Bug,Alta,2026-06-29 11:08:22,2026-07-02 11:08:22,Fechado
ISS-C05-P03-003404,C05-P03,C05-E0019,Feature,Alta,2026-07-30 20:58:16,2026-08-06 20:58:16,Fechado
ISS-C05-P03-003405,C05-P03,C05-E0010,Debito Tecnico,Baixa,2026-07-09 20:17:10,2026-07-29 20:17:10,Fechado
ISS-C05-P04-003406,C05-P04,C05-E0020,Bug,Media,2025-12-28 20:16:51,,Aberto
ISS-C05-P04-003407,C05-P04,C05-E0026,Feature,Media,2025-12-15 08:08:14,,Aberto
ISS-C05-P04-003408,C05-P04,C05-E0020,Feature,Alta,2025-12-23 11:38:05,2026-01-01 11:38:05,Fechado
ISS-C05-P04-003409,C05-P04,C05-E0008,Feature,Media,2025-12-05 12:27:14,,Aberto
ISS-C05-P04-003410,C05-P04,C05-E0024,Bug,Baixa,2025-12-03 10:46:31,2025-12-28 10:46:31,Fechado
ISS-C05-P04-003411,C05-P04,C05-E0009,Bug,Baixa,2025-12-10 08:32:32,,Aberto
ISS-C05-P04-003412,C05-P04,C05-E0019,Chore,Media,2025-12-26 18:58:32,2026-01-17 18:58:32,Fechado
ISS-C05-P04-003413,C05-P04,C05-E0005,Bug,Baixa,2025-12-25 20:28:44,2026-01-01 20:28:44,Fechado
ISS-C05-P04-003414,C05-P04,C05-E0008,Bug,Media,2026-01-17 20:23:27,2026-01-24 20:23:27,Fechado
ISS-C05-P04-003415,C05-P04,C05-E0023,Feature,Media,2026-01-22 16:48:08,,Em Andamento
ISS-C05-P04-003416,C05-P04,C05-E0020,Chore,Critica,2026-01-04 19:31:53,2026-01-06 19:31:53,Fechado
ISS-C05-P04-003417,C05-P04,C05-E0007,Feature,Baixa,2026-02-10 16:35:58,2026-03-24 16:35:58,Fechado
ISS-C05-P04-003418,C05-P04,C05-E0024,Chore,Media,2026-02-08 10:26:31,,Aberto
ISS-C05-P04-003419,C05-P04,C05-E0011,Debito Tecnico,Critica,2026-02-05 07:33:41,,Em Andamento
ISS-C05-P04-003420,C05-P04,C05-E0019,Debito Tecnico,Alta,2026-02-08 10:01:49,2026-03-08 10:01:49,Fechado
ISS-C05-P04-003421,C05-P04,C05-E0005,Feature,Critica,2026-02-14 20:59:14,,Aberto
ISS-C05-P04-003422,C05-P04,C05-E0009,Chore,Alta,2026-02-22 14:21:25,,Aberto
ISS-C05-P04-003423,C05-P04,C05-E0016,Debito Tecnico,Media,2026-03-16 20:08:29,,Aberto
ISS-C05-P04-003424,C05-P04,C05-E0010,Debito Tecnico,Alta,2026-03-16 09:14:43,,Em Andamento
ISS-C05-P04-003425,C05-P04,C05-E0011,Feature,Alta,2026-03-21 08:50:57,2026-04-17 08:50:57,Fechado
ISS-C05-P04-003426,C05-P04,C05-E0005,Bug,Media,2026-03-20 19:03:40,,Aberto
ISS-C05-P04-003427,C05-P04,C05-E0001,Bug,Media,2026-03-12 14:58:30,,Em Andamento
ISS-C05-P04-003428,C05-P04,C05-E0017,Bug,Media,2026-03-17 13:53:26,,Em Andamento
ISS-C05-P04-003429,C05-P04,C05-E0019,Feature,Media,2026-03-23 11:58:42,2026-04-04 11:58:42,Fechado
ISS-C05-P04-003430,C05-P04,C05-E0011,Chore,Media,2026-03-04 10:26:24,2026-04-16 10:26:24,Fechado
ISS-C05-P04-003431,C05-P04,C05-E0008,Feature,Media,2026-03-13 10:19:53,2026-04-11 10:19:53,Fechado
ISS-C05-P04-003432,C05-P04,C05-E0017,Debito Tecnico,Media,2026-04-08 14:42:33,2026-05-14 14:42:33,Fechado
ISS-C05-P04-003433,C05-P04,C05-E0026,Bug,Media,2026-04-02 18:14:38,2026-04-21 18:14:38,Fechado
ISS-C05-P04-003434,C05-P04,C05-E0020,Debito Tecnico,Baixa,2026-04-04 08:43:44,2026-04-29 08:43:44,Fechado
ISS-C05-P04-003435,C05-P04,C05-E0020,Feature,Alta,2026-04-08 18:06:11,2026-05-03 18:06:11,Fechado
ISS-C05-P04-003436,C05-P04,C05-E0026,Bug,Media,2026-04-05 21:07:48,2026-05-16 21:07:48,Fechado
ISS-C05-P04-003437,C05-P04,C05-E0012,Bug,Media,2026-04-01 12:44:35,2026-05-05 12:44:35,Fechado
ISS-C05-P04-003438,C05-P04,C05-E0019,Feature,Baixa,2026-05-08 13:59:01,2026-06-13 13:59:01,Fechado
ISS-C05-P04-003439,C05-P04,C05-E0007,Bug,Media,2026-05-31 11:57:06,2026-07-08 11:57:06,Fechado
ISS-C05-P04-003440,C05-P04,C05-E0007,Feature,Alta,2026-05-17 17:49:12,2026-05-21 17:49:12,Fechado
ISS-C05-P04-003441,C05-P04,C05-E0007,Feature,Media,2026-05-05 12:55:59,,Em Andamento
ISS-C05-P04-003442,C05-P04,C05-E0009,Bug,Media,2026-05-04 20:07:01,,Em Andamento
ISS-C05-P04-003443,C05-P04,C05-E0012,Feature,Baixa,2026-05-16 07:40:42,2026-06-28 07:40:42,Fechado
ISS-C05-P04-003444,C05-P04,C05-E0016,Bug,Media,2026-05-21 09:25:37,,Aberto
ISS-C05-P04-003445,C05-P04,C05-E0005,Feature,Media,2026-05-13 11:18:41,,Em Andamento
ISS-C05-P04-003446,C05-P04,C05-E0001,Feature,Baixa,2026-05-31 11:27:13,2026-06-26 11:27:13,Fechado
ISS-C05-P04-003447,C05-P04,C05-E0009,Chore,Alta,2026-05-03 16:35:05,,Em Andamento
ISS-C05-P04-003448,C05-P04,C05-E0008,Chore,Baixa,2026-05-22 17:34:11,2026-06-24 17:34:11,Fechado
ISS-C05-P04-003449,C05-P04,C05-E0012,Debito Tecnico,Media,2026-05-22 08:07:14,2026-06-04 08:07:14,Fechado
ISS-C05-P04-003450,C05-P04,C05-E0010,Feature,Alta,2026-06-26 18:18:00,2026-07-26 18:18:00,Fechado
ISS-C05-P04-003451,C05-P04,C05-E0001,Bug,Baixa,2026-06-11 17:52:06,2026-07-09 17:52:06,Fechado
ISS-C05-P04-003452,C05-P04,C05-E0019,Debito Tecnico,Media,2026-06-08 11:13:15,,Aberto
ISS-C05-P04-003453,C05-P04,C05-E0011,Debito Tecnico,Baixa,2026-06-08 09:36:47,2026-07-08 09:36:47,Fechado
ISS-C05-P04-003454,C05-P04,C05-E0006,Debito Tecnico,Baixa,2026-06-15 18:39:27,2026-07-26 18:39:27,Fechado
ISS-C05-P04-003455,C05-P04,C05-E0003,Feature,Media,2026-07-17 18:22:31,2026-08-04 18:22:31,Fechado
