pull_request_id,project_id,employee_id,created_at,merged_at,status,files_changed,additions,deletions,review_count
PR-C01-P01-000001,C01-P01,C01-E0023,2025-06-22 18:46:50,2025-06-24 03:46:50,Merged,7,55,56,0.0
PR-C01-P01-000002,C01-P01,C01-E0048,2025-06-18 08:39:26,2025-06-19 06:39:26,Merged,7,41,60,0.0
PR-C01-P01-000003,C01-P01,C01-E0296,2025-06-28 07:04:18,2025-06-28 22:04:18,Merged,5,34,36,0.0
PR-C01-P01-000004,C01-P01,C01-E0006,2025-06-25 18:03:53,2025-06-25 22:03:53,Merged,9,25,54,1.0
PR-C01-P01-000005,C01-P01,C01-E0180,2025-06-04 11:24:55,2025-06-08 10:24:55,Merged,11,168,44,0.0
PR-C01-P01-000006,C01-P01,C01-E0185,2025-06-06 17:48:04,,Fechado sem merge,9,201,14,3.0
PR-C01-P01-000007,C01-P01,C01-E0083,2025-06-12 17:07:44,2025-06-15 08:07:44,Merged,2,92,13,1.0
PR-C01-P01-000008,C01-P01,C01-E0048,2025-06-23 14:44:00,,Fechado sem merge,3,155,72,1.0
PR-C01-P01-000009,C01-P01,C01-E0222,2025-06-08 17:35:52,,Aberto,1,245,2,3.0
PR-C01-P01-000010,C01-P01,C01-E0060,2025-06-02 07:45:49,2025-06-04 01:45:49,Merged,10,60,31,2.0
PR-C01-P01-000011,C01-P01,C01-E0222,2025-06-05 09:07:38,2025-06-06 01:07:38,Merged,2,209,32,2.0
PR-C01-P01-000012,C01-P01,C01-E0059,2025-06-25 12:30:19,2025-06-27 02:30:19,Merged,1,78,24,
PR-C01-P01-000013,C01-P01,C01-E0143,2025-06-09 13:05:50,2025-06-09 14:05:50,Merged,3,153,31,1.0
PR-C01-P01-000014,C01-P01,C01-E0354,2025-06-24 21:45:17,2025-06-28 09:45:17,Merged,6,22,61,1.0
PR-C01-P01-000015,C01-P01,C01-E0132,2025-06-02 10:17:44,2025-06-05 09:17:44,Merged,5,43,93,0.0
PR-C01-P01-000016,C01-P01,C01-E0028,2025-06-05 18:39:55,2025-06-05 23:39:55,Merged,3,83,7,1.0
PR-C01-P01-000017,C01-P01,C01-E0001,2025-06-09 09:28:28,2025-06-13 00:28:28,Merged,4,71,43,2.0
PR-C01-P01-000018,C01-P01,C01-E0251,2025-06-18 18:19:39,2025-06-19 20:19:39,Merged,5,74,61,1.0
PR-C01-P01-000019,C01-P01,C01-E0041,2025-06-09 10:37:44,2025-06-10 19:37:44,Merged,4,56,26,2.0
PR-C01-P01-000020,C01-P01,C01-E0142,2025-06-28 18:10:49,2025-07-02 06:10:49,Merged,6,38,57,0.0
PR-C01-P01-000021,C01-P01,C01-E0223,2025-06-18 18:57:19,2025-06-18 22:57:19,Merged,12,59,13,2.0
PR-C01-P01-000022,C01-P01,C01-E0118,2025-06-06 10:58:53,2025-06-08 23:58:53,Merged,6,120,25,2.0
PR-C01-P01-000023,C01-P01,C01-E0045,2025-06-27 19:18:44,2025-06-29 13:18:44,Merged,4,57,4,1.0
PR-C01-P01-000024,C01-P01,C01-E0333,2025-06-10 16:59:54,2025-06-13 04:59:54,Merged,1,77,73,1.0
PR-C01-P01-000025,C01-P01,C01-E0032,2025-06-30 16:32:44,,Aberto,1,63,17,0.0
PR-C01-P01-000026,C01-P01,C01-E0085,2025-06-25 14:15:47,,Fechado sem merge,8,92,63,3.0
PR-C01-P01-000027,C01-P01,C01-E0167,2025-06-03 15:29:29,2025-06-07 06:29:29,Merged,1,211,12,
PR-C01-P01-000028,C01-P01,C01-E0209,2025-06-04 20:49:44,,Fechado sem merge,3,161,31,0.0
PR-C01-P01-000029,C01-P01,C01-E0196,2025-06-03 08:15:33,2025-06-06 12:15:33,Merged,3,82,53,3.0
PR-C01-P01-000030,C01-P01,C01-E0041,2025-06-13 19:39:50,2025-06-14 08:39:50,Merged,7,101,47,3.0
PR-C01-P01-000031,C01-P01,C01-E0311,2025-06-07 17:54:28,2025-06-09 00:54:28,Merged,1,34,81,1.0
PR-C01-P01-000032,C01-P01,C01-E0329,2025-06-02 16:35:03,,Aberto,12,77,53,2.0
PR-C01-P01-000033,C01-P01,C01-E0016,2025-06-03 12:22:05,2025-06-05 13:22:05,Merged,5,45,34,2.0
PR-C01-P01-000034,C01-P01,C01-E0222,2025-06-06 12:38:43,,Aberto,5,46,37,1.0
PR-C01-P01-000035,C01-P01,C01-E0078,2025-06-11 12:10:38,,Aberto,4,54,28,0.0
PR-C01-P01-000036,C01-P01,C01-E0350,2025-06-28 16:38:32,2025-06-29 22:38:32,Merged,4,39,41,2.0
PR-C01-P01-000037,C01-P01,C01-E0154,2025-06-22 16:52:44,2025-06-23 02:52:44,Merged,4,54,41,2.0
PR-C01-P01-000038,C01-P01,C01-E0085,2025-06-25 17:07:11,,Aberto,2,27,37,2.0
PR-C01-P01-000039,C01-P01,C01-E0139,2025-06-16 09:19:24,2025-06-18 17:19:24,Merged,1,68,47,
PR-C01-P01-000040,C01-P01,C01-E0137,2025-06-20 08:21:18,2025-06-23 21:21:18,Merged,4,83,90,0.0
PR-C01-P01-000041,C01-P01,C01-E0251,2025-06-24 10:45:47,,Aberto,7,145,77,2.0
PR-C01-P01-000042,C01-P01,C01-E0256,2025-06-10 09:01:55,2025-06-12 07:01:55,Merged,1,39,16,3.0
PR-C01-P01-000043,C01-P01,C01-E0289,2025-06-17 17:29:59,2025-06-19 23:29:59,Merged,3,45,73,3.0
PR-C01-P01-000044,C01-P01,C01-E0263,2025-06-14 09:31:32,2025-06-17 16:31:32,Merged,1,99,23,1.0
PR-C01-P01-000045,C01-P01,C01-E0358,2025-06-29 21:53:42,,Aberto,10,26,96,2.0
PR-C01-P01-000046,C01-P01,C01-E0311,2025-06-17 09:34:44,2025-06-18 07:34:44,Merged,2,51,70,3.0
PR-C01-P01-000047,C01-P01,C01-E0083,2025-06-24 17:05:45,2025-06-28 01:05:45,Merged,1,53,44,1.0
PR-C01-P01-000048,C01-P01,C01-E0255,2025-06-10 11:46:58,,Fechado sem merge,9,78,45,2.0
PR-C01-P01-000049,C01-P01,C01-E0358,2025-06-11 20:00:04,2025-06-12 17:00:04,Merged,3,96,9,
PR-C01-P01-000050,C01-P01,C01-E0284,2025-06-19 11:50:57,,Fechado sem merge,3,45,47,2.0
PR-C01-P01-000051,C01-P01,C01-E0167,2025-06-02 21:32:29,2025-06-04 11:32:29,Merged,9,141,14,2.0
PR-C01-P01-000052,C01-P01,C01-E0238,2025-06-25 12:02:01,2025-06-25 21:02:01,Merged,7,89,16,1.0
PR-C01-P01-000053,C01-P01,C01-E0031,2025-06-15 19:11:37,,Fechado sem merge,10,11,41,2.0
PR-C01-P01-000054,C01-P01,C01-E0024,2025-06-25 16:28:10,2025-06-25 17:28:10,Merged,4,166,9,2.0
PR-C01-P01-000055,C01-P01,C01-E0196,2025-06-20 21:55:52,2025-06-23 09:55:52,Merged,3,22,54,
PR-C01-P01-000056,C01-P01,C01-E0111,2025-06-17 09:26:58,2025-06-18 04:26:58,Merged,2,48,54,2.0
PR-C01-P01-000057,C01-P01,C01-E0275,2025-06-16 17:53:38,,Fechado sem merge,2,159,148,1.0
PR-C01-P01-000058,C01-P01,C01-E0149,2025-06-20 20:31:58,2025-06-22 04:31:58,Merged,2,243,55,3.0
PR-C01-P01-000059,C01-P01,C01-E0254,2025-06-23 09:30:48,,Fechado sem merge,4,79,48,1.0
PR-C01-P01-000060,C01-P01,C01-E0260,2025-07-26 16:35:21,2025-07-27 11:35:21,Merged,6,31,19,1.0
PR-C01-P01-000061,C01-P01,C01-E0020,2025-07-17 12:24:12,2025-07-20 03:24:12,Merged,14,21,30,2.0
PR-C01-P01-000062,C01-P01,C01-E0222,2025-07-12 10:31:44,2025-07-13 05:31:44,Merged,1,146,40,3.0
PR-C01-P01-000063,C01-P01,C01-E0285,2025-07-12 12:09:55,2025-07-15 01:09:55,Merged,1,106,18,3.0
PR-C01-P01-000064,C01-P01,C01-E0152,2025-07-04 17:09:56,2025-07-07 09:09:56,Merged,7,20,82,1.0
PR-C01-P01-000065,C01-P01,C01-E0357,2025-07-28 18:30:37,2025-07-29 08:30:37,Merged,4,79,81,3.0
PR-C01-P01-000066,C01-P01,C01-E0276,2025-07-29 08:38:47,2025-08-01 16:38:47,Merged,3,50,42,2.0
PR-C01-P01-000067,C01-P01,C01-E0136,2025-07-26 21:58:39,,Fechado sem merge,9,56,41,1.0
PR-C01-P01-000068,C01-P01,C01-E0344,2025-07-20 18:08:57,2025-07-24 00:08:57,Merged,10,43,59,1.0
PR-C01-P01-000069,C01-P01,C01-E0143,2025-07-23 14:38:32,2025-07-24 01:38:32,Merged,16,55,70,1.0
PR-C01-P01-000070,C01-P01,C01-E0103,2025-07-17 10:33:46,2025-07-18 16:33:46,Merged,3,79,8,2.0
PR-C01-P01-000071,C01-P01,C01-E0350,2025-07-12 18:44:13,2025-07-15 22:44:13,Merged,5,149,10,1.0
PR-C01-P01-000072,C01-P01,C01-E0288,2025-07-23 18:27:13,,Aberto,8,107,34,1.0
PR-C01-P01-000073,C01-P01,C01-E0107,2025-07-04 18:50:48,2025-07-06 23:50:48,Merged,2,75,35,0.0
PR-C01-P01-000074,C01-P01,C01-E0233,2025-07-02 13:50:00,2025-07-06 10:50:00,Merged,1,31,5,3.0
PR-C01-P01-000075,C01-P01,C01-E0237,2025-07-06 19:14:39,2025-07-07 09:14:39,Merged,1,123,30,1.0
PR-C01-P01-000076,C01-P01,C01-E0289,2025-07-11 11:39:15,2025-07-14 05:39:15,Merged,10,99,70,1.0
PR-C01-P01-000077,C01-P01,C01-E0209,2025-07-19 09:54:30,,Fechado sem merge,6,22,35,1.0
PR-C01-P01-000078,C01-P01,C01-E0282,2025-07-24 12:54:11,,Fechado sem merge,11,9,63,0.0
PR-C01-P01-000079,C01-P01,C01-E0011,2025-07-03 07:36:26,2025-07-05 09:36:26,Merged,2,115,26,2.0
PR-C01-P01-000080,C01-P01,C01-E0275,2025-07-24 21:47:02,2025-07-27 08:47:02,Merged,2,63,167,3.0
PR-C01-P01-000081,C01-P01,C01-E0041,2025-07-23 11:46:51,2025-07-26 03:46:51,Merged,1,22,17,1.0
PR-C01-P01-000082,C01-P01,C01-E0205,2025-07-07 14:07:10,,Aberto,11,16,22,2.0
PR-C01-P01-000083,C01-P01,C01-E0031,2025-07-09 20:01:46,2025-07-11 07:01:46,Merged,3,33,48,2.0
PR-C01-P01-000084,C01-P01,C01-E0134,2025-07-01 19:53:05,,Fechado sem merge,2,21,43,3.0
PR-C01-P01-000085,C01-P01,C01-E0143,2025-07-14 07:38:42,,Aberto,10,66,23,1.0
PR-C01-P01-000086,C01-P01,C01-E0292,2025-07-27 08:23:49,,Aberto,20,6,11,1.0
PR-C01-P01-000087,C01-P01,C01-E0196,2025-07-28 11:37:57,2025-07-30 14:37:57,Merged,11,94,11,1.0
PR-C01-P01-000088,C01-P01,C01-E0182,2025-07-09 10:11:46,2025-07-10 09:11:46,Merged,10,45,40,2.0
PR-C01-P01-000089,C01-P01,C01-E0059,2025-07-14 19:47:06,,Aberto,3,43,65,3.0
PR-C01-P01-000090,C01-P01,C01-E0017,2025-07-17 08:26:22,2025-07-18 00:26:22,Merged,8,118,7,2.0
PR-C01-P01-000091,C01-P01,C01-E0188,2025-07-31 07:44:17,,Aberto,2,147,46,3.0
PR-C01-P01-000092,C01-P01,C01-E0176,2025-07-03 10:59:29,2025-07-05 09:59:29,Merged,3,15,15,0.0
PR-C01-P01-000093,C01-P01,C01-E0301,2025-07-22 11:33:35,2025-07-26 07:33:35,Merged,3,129,7,3.0
PR-C01-P01-000094,C01-P01,C01-E0024,2025-07-14 19:06:03,,Aberto,2,19,12,1.0
PR-C01-P01-000095,C01-P01,C01-E0301,2025-07-19 18:46:08,2025-07-22 06:46:08,Merged,3,99,76,3.0
PR-C01-P01-000096,C01-P01,C01-E0020,2025-07-29 11:04:51,2025-07-31 09:04:51,Merged,3,54,65,3.0
PR-C01-P01-000097,C01-P01,C01-E0078,2025-07-01 11:20:29,,Fechado sem merge,8,25,9,2.0
PR-C01-P01-000098,C01-P01,C01-E0333,2025-07-25 10:48:33,,Aberto,6,90,4,2.0
PR-C01-P01-000099,C01-P01,C01-E0342,2025-07-29 09:48:50,2025-08-02 00:48:50,Merged,18,35,29,2.0
PR-C01-P01-000100,C01-P01,C01-E0287,2025-07-01 16:09:10,2025-07-05 08:09:10,Merged,2,135,39,0.0
PR-C01-P01-000101,C01-P01,C01-E0298,2025-07-24 20:54:40,,Aberto,6,153,69,1.0
PR-C01-P01-000102,C01-P01,C01-E0107,2025-07-16 14:29:45,,Aberto,12,159,11,3.0
PR-C01-P01-000103,C01-P01,C01-E0286,2025-07-26 09:32:47,,Aberto,1,32,88,1.0
PR-C01-P01-000104,C01-P01,C01-E0098,2025-07-09 11:49:44,2025-07-13 06:49:44,Merged,1,122,16,0.0
PR-C01-P01-000105,C01-P01,C01-E0086,2025-07-02 21:20:03,2025-07-03 16:20:03,Merged,13,97,34,1.0
PR-C01-P01-000106,C01-P01,C01-E0300,2025-07-01 14:43:42,,Aberto,2,102,87,2.0
PR-C01-P01-000107,C01-P01,C01-E0214,2025-07-13 13:12:58,2025-07-15 04:12:58,Merged,7,127,60,2.0
PR-C01-P01-000108,C01-P01,C01-E0009,2025-07-04 09:10:03,,Aberto,1,50,40,1.0
PR-C01-P01-000109,C01-P01,C01-E0336,2025-07-18 13:40:39,2025-07-20 03:40:39,Merged,7,206,0,2.0
PR-C01-P01-000110,C01-P01,C01-E0168,2025-07-06 20:07:07,2025-07-10 05:07:07,Merged,3,81,43,3.0
PR-C01-P01-000111,C01-P01,C01-E0328,2025-07-15 14:10:10,2025-07-17 14:10:10,Merged,3,41,24,3.0
PR-C01-P01-000112,C01-P01,C01-E0136,2025-07-14 15:54:17,2025-07-16 05:54:17,Merged,1,18,34,1.0
PR-C01-P01-000113,C01-P01,C01-E0028,2025-07-16 18:23:51,2025-07-17 13:23:51,Merged,5,69,20,1.0
PR-C01-P01-000114,C01-P01,C01-E0016,2025-07-13 16:14:33,,Aberto,7,111,50,1.0
PR-C01-P01-000115,C01-P01,C01-E0015,2025-07-25 20:06:42,2025-07-27 14:06:42,Merged,10,18,3,3.0
PR-C01-P01-000116,C01-P01,C01-E0289,2025-07-10 17:50:50,2025-07-14 12:50:50,Merged,3,28,13,
PR-C01-P01-000117,C01-P01,C01-E0288,2025-07-17 07:47:30,,Aberto,6,107,23,3.0
PR-C01-P01-000118,C01-P01,C01-E0015,2025-07-10 08:16:32,2025-07-13 08:16:32,Merged,4,63,13,2.0
PR-C01-P01-000119,C01-P01,C01-E0299,2025-07-09 20:39:28,2025-07-11 22:39:28,Merged,3,77,50,0.0
PR-C01-P01-000120,C01-P01,C01-E0207,2025-07-17 21:27:55,2025-07-21 17:27:55,Merged,2,33,12,2.0
PR-C01-P01-000121,C01-P01,C01-E0030,2025-07-26 09:20:44,2025-07-28 11:20:44,Merged,15,206,32,1.0
PR-C01-P01-000122,C01-P01,C01-E0047,2025-07-18 11:55:19,2025-07-20 23:55:19,Merged,1,88,5,1.0
PR-C01-P01-000123,C01-P01,C01-E0145,2025-07-31 07:03:56,,Aberto,4,155,45,1.0
PR-C01-P01-000124,C01-P01,C01-E0061,2025-07-16 16:37:02,,Aberto,10,18,53,0.0
PR-C01-P01-000125,C01-P01,C01-E0045,2025-07-06 21:47:31,2025-07-10 21:47:31,Merged,1,216,38,1.0
PR-C01-P01-000126,C01-P01,C01-E0101,2025-07-20 14:18:46,2025-07-24 13:18:46,Merged,3,39,42,2.0
PR-C01-P01-000127,C01-P01,C01-E0342,2025-07-09 07:52:04,2025-07-10 12:52:04,Merged,1,35,33,1.0
PR-C01-P01-000128,C01-P01,C01-E0178,2025-07-16 08:10:37,2025-07-17 00:10:37,Merged,1,35,77,1.0
PR-C01-P01-000129,C01-P01,C01-E0040,2025-07-01 09:05:00,2025-07-01 23:05:00,Merged,9,47,70,1.0
PR-C01-P01-000130,C01-P01,C01-E0294,2025-08-20 14:32:20,2025-08-22 11:32:20,Merged,8,155,17,1.0
PR-C01-P01-000131,C01-P01,C01-E0134,2025-08-01 19:13:35,2025-08-05 18:13:35,Merged,2,31,20,0.0
PR-C01-P01-000132,C01-P01,C01-E0060,2025-08-21 07:13:56,2025-08-23 07:13:56,Merged,7,110,40,3.0
PR-C01-P01-000133,C01-P01,C01-E0345,2025-08-10 09:06:05,2025-08-10 17:06:05,Merged,3,99,14,2.0
PR-C01-P01-000134,C01-P01,C01-E0350,2025-08-25 15:23:52,,Fechado sem merge,1,49,92,1.0
PR-C01-P01-000135,C01-P01,C01-E0361,2025-08-22 15:58:37,2025-08-23 01:58:37,Merged,12,102,11,3.0
PR-C01-P01-000136,C01-P01,C01-E0032,2025-08-20 08:48:56,2025-08-21 07:48:56,Merged,8,17,26,0.0
PR-C01-P01-000137,C01-P01,C01-E0311,2025-08-21 13:18:51,2025-08-21 17:18:51,Merged,3,77,50,0.0
PR-C01-P01-000138,C01-P01,C01-E0078,2025-08-18 11:33:54,2025-08-19 04:33:54,Merged,6,91,32,3.0
PR-C01-P01-000139,C01-P01,C01-E0283,2025-08-01 21:17:19,2025-08-02 23:17:19,Merged,4,43,17,1.0
PR-C01-P01-000140,C01-P01,C01-E0072,2025-08-04 21:13:03,2025-08-07 20:13:03,Merged,3,85,3,2.0
PR-C01-P01-000141,C01-P01,C01-E0164,2025-08-11 15:02:41,2025-08-14 04:02:41,Merged,2,130,28,3.0
PR-C01-P01-000142,C01-P01,C01-E0234,2025-08-23 20:42:10,2025-08-27 13:42:10,Merged,3,41,84,2.0
PR-C01-P01-000143,C01-P01,C01-E0334,2025-08-25 12:57:31,2025-08-25 13:57:31,Merged,1,64,8,2.0
PR-C01-P01-000144,C01-P01,C01-E0143,2025-08-03 10:18:25,2025-08-07 06:18:25,Merged,1,32,25,1.0
PR-C01-P01-000145,C01-P01,C01-E0333,2025-08-30 15:44:06,2025-08-31 09:44:06,Merged,3,95,30,1.0
PR-C01-P01-000146,C01-P01,C01-E0307,2025-08-02 14:45:40,2025-08-06 11:45:40,Merged,2,83,41,1.0
PR-C01-P01-000147,C01-P01,C01-E0049,2025-08-13 18:54:18,2025-08-14 15:54:18,Merged,7,67,15,2.0
PR-C01-P01-000148,C01-P01,C01-E0307,2025-08-05 20:29:31,2025-08-09 02:29:31,Merged,5,33,8,2.0
PR-C01-P01-000149,C01-P01,C01-E0149,2025-08-27 11:46:37,2025-08-30 18:46:37,Merged,8,116,30,1.0
PR-C01-P01-000150,C01-P01,C01-E0154,2025-08-14 16:32:14,2025-08-17 03:32:14,Merged,7,67,35,3.0
PR-C01-P01-000151,C01-P01,C01-E0217,2025-08-17 11:15:30,2025-08-20 10:15:30,Merged,6,190,20,2.0
PR-C01-P01-000152,C01-P01,C01-E0357,2025-08-22 08:33:47,,Aberto,9,27,2,1.0
PR-C01-P01-000153,C01-P01,C01-E0333,2025-08-09 20:58:20,2025-08-10 11:58:20,Merged,2,142,20,
PR-C01-P01-000154,C01-P01,C01-E0319,2025-08-27 20:50:36,2025-08-28 06:50:36,Merged,4,116,18,2.0
PR-C01-P01-000155,C01-P01,C01-E0168,2025-08-23 18:15:07,2025-08-24 09:15:07,Merged,13,115,36,0.0
PR-C01-P01-000156,C01-P01,C01-E0300,2025-08-05 11:01:23,2025-08-06 11:01:23,Merged,4,232,12,1.0
PR-C01-P01-000157,C01-P01,C01-E0164,2025-08-27 11:48:17,,Fechado sem merge,3,192,43,1.0
PR-C01-P01-000158,C01-P01,C01-E0340,2025-08-23 11:16:38,2025-08-25 15:16:38,Merged,6,141,103,1.0
PR-C01-P01-000159,C01-P01,C01-E0172,2025-08-28 11:31:02,2025-08-30 03:31:02,Merged,10,33,42,1.0
PR-C01-P01-000160,C01-P01,C01-E0014,2025-08-08 15:25:30,2025-08-11 05:25:30,Merged,8,11,45,1.0
PR-C01-P01-000161,C01-P01,C01-E0150,2025-08-26 19:46:53,,Aberto,4,30,24,2.0
PR-C01-P01-000162,C01-P01,C01-E0149,2025-08-20 07:45:20,2025-08-20 22:45:20,Merged,2,195,71,2.0
PR-C01-P01-000163,C01-P01,C01-E0195,2025-08-09 20:02:59,2025-08-10 01:02:59,Merged,2,137,16,0.0
PR-C01-P01-000164,C01-P01,C01-E0150,2025-08-24 20:55:29,2025-08-26 21:55:29,Merged,2,22,19,2.0
PR-C01-P01-000165,C01-P01,C01-E0048,2025-08-19 07:05:34,2025-08-23 04:05:34,Merged,22,122,54,1.0
PR-C01-P01-000166,C01-P01,C01-E0106,2025-08-07 13:59:35,2025-08-08 19:59:35,Merged,4,33,23,2.0
PR-C01-P01-000167,C01-P01,C01-E0065,2025-08-13 08:17:43,2025-08-17 05:17:43,Merged,7,147,58,2.0
PR-C01-P01-000168,C01-P01,C01-E0328,2025-08-09 19:05:22,2025-08-10 01:05:22,Merged,3,66,22,1.0
PR-C01-P01-000169,C01-P01,C01-E0178,2025-08-06 15:17:55,2025-08-06 19:17:55,Merged,4,69,20,1.0
PR-C01-P01-000170,C01-P01,C01-E0360,2025-08-03 21:47:46,2025-08-06 08:47:46,Merged,3,68,93,2.0
PR-C01-P01-000171,C01-P01,C01-E0327,2025-08-01 08:37:57,,Fechado sem merge,3,90,115,1.0
PR-C01-P01-000172,C01-P01,C01-E0153,2025-08-12 15:58:25,2025-08-14 00:58:25,Merged,3,43,18,3.0
PR-C01-P01-000173,C01-P01,C01-E0178,2025-08-31 18:43:58,2025-09-04 14:43:58,Merged,13,124,21,0.0
PR-C01-P01-000174,C01-P01,C01-E0348,2025-08-23 08:26:59,2025-08-27 05:26:59,Merged,1,107,12,1.0
PR-C01-P01-000175,C01-P01,C01-E0123,2025-08-18 17:21:00,2025-08-21 02:21:00,Merged,4,25,1,1.0
PR-C01-P01-000176,C01-P01,C01-E0344,2025-08-02 21:16:30,2025-08-04 06:16:30,Merged,11,68,79,0.0
PR-C01-P01-000177,C01-P01,C01-E0313,2025-08-27 09:26:29,2025-08-28 02:26:29,Merged,2,157,33,
PR-C01-P01-000178,C01-P01,C01-E0283,2025-08-20 11:34:09,2025-08-22 18:34:09,Merged,14,47,26,1.0
PR-C01-P01-000179,C01-P01,C01-E0349,2025-09-07 09:24:50,2025-09-10 20:24:50,Merged,10,92,33,1.0
PR-C01-P01-000180,C01-P01,C01-E0153,2025-09-14 16:27:30,,Aberto,9,21,45,3.0
PR-C01-P01-000181,C01-P01,C01-E0350,2025-09-26 21:36:19,2025-09-28 23:36:19,Merged,3,80,27,2.0
PR-C01-P01-000182,C01-P01,C01-E0190,2025-09-04 15:12:53,,Fechado sem merge,1,13,16,2.0
PR-C01-P01-000183,C01-P01,C01-E0086,2025-09-10 21:50:52,2025-09-13 09:50:52,Merged,2,51,35,2.0
PR-C01-P01-000184,C01-P01,C01-E0360,2025-09-04 14:03:07,2025-09-06 00:03:07,Merged,9,90,38,0.0
PR-C01-P01-000185,C01-P01,C01-E0180,2025-09-09 20:12:53,2025-09-12 01:12:53,Merged,3,110,104,1.0
PR-C01-P01-000186,C01-P01,C01-E0259,2025-09-13 15:29:53,2025-09-17 12:29:53,Merged,3,27,55,1.0
PR-C01-P01-000187,C01-P01,C01-E0234,2025-09-24 08:44:15,2025-09-26 08:44:15,Merged,2,82,17,1.0
PR-C01-P01-000188,C01-P01,C01-E0094,2025-09-10 14:37:07,2025-09-11 22:37:07,Merged,5,279,52,3.0
PR-C01-P01-000189,C01-P01,C01-E0252,2025-09-07 17:21:58,2025-09-09 09:21:58,Merged,17,55,38,2.0
PR-C01-P01-000190,C01-P01,C01-E0255,2025-09-12 10:53:44,2025-09-15 08:53:44,Merged,2,53,10,
PR-C01-P01-000191,C01-P01,C01-E0016,2025-09-08 14:14:07,2025-09-10 03:14:07,Merged,2,113,29,3.0
PR-C01-P01-000192,C01-P01,C01-E0064,2025-09-16 19:00:14,2025-09-20 14:00:14,Merged,4,92,37,1.0
PR-C01-P01-000193,C01-P01,C01-E0007,2025-09-26 11:42:49,2025-09-29 03:42:49,Merged,3,55,55,1.0
PR-C01-P01-000194,C01-P01,C01-E0259,2025-09-16 09:23:48,2025-09-17 12:23:48,Merged,9,204,22,2.0
PR-C01-P01-000195,C01-P01,C01-E0342,2025-09-11 18:06:16,2025-09-13 09:06:16,Merged,5,64,65,2.0
PR-C01-P01-000196,C01-P01,C01-E0060,2025-09-03 11:13:56,2025-09-06 11:13:56,Merged,9,249,113,3.0
PR-C01-P01-000197,C01-P01,C01-E0245,2025-09-03 16:43:38,,Aberto,10,124,36,0.0
PR-C01-P01-000198,C01-P01,C01-E0300,2025-09-04 10:28:34,2025-09-05 15:28:34,Merged,2,21,51,0.0
PR-C01-P01-000199,C01-P01,C01-E0066,2025-09-05 07:53:29,2025-09-05 12:53:29,Merged,11,50,94,0.0
PR-C01-P01-000200,C01-P01,C01-E0289,2025-09-09 08:54:58,2025-09-10 07:54:58,Merged,5,112,41,3.0
PR-C01-P01-000201,C01-P01,C01-E0001,2025-09-10 11:55:59,,Fechado sem merge,5,12,17,1.0
PR-C01-P01-000202,C01-P01,C01-E0247,2025-09-07 16:31:55,,Aberto,1,1,78,3.0
PR-C01-P01-000203,C01-P01,C01-E0017,2025-09-30 20:15:23,,Aberto,3,224,4,1.0
PR-C01-P01-000204,C01-P01,C01-E0169,2025-09-08 10:33:18,,Fechado sem merge,5,87,47,0.0
PR-C01-P01-000205,C01-P01,C01-E0244,2025-09-24 20:26:10,2025-09-25 05:26:10,Merged,4,69,12,2.0
PR-C01-P01-000206,C01-P01,C01-E0123,2025-09-30 09:38:23,2025-10-01 07:38:23,Merged,8,70,26,1.0
PR-C01-P01-000207,C01-P01,C01-E0301,2025-09-12 19:35:21,2025-09-13 02:35:21,Merged,5,21,90,3.0
PR-C01-P01-000208,C01-P01,C01-E0091,2025-09-28 10:54:08,2025-10-01 14:54:08,Merged,13,180,10,1.0
PR-C01-P01-000209,C01-P01,C01-E0224,2025-09-30 13:37:32,,Fechado sem merge,2,23,59,0.0
PR-C01-P01-000210,C01-P01,C01-E0361,2025-09-13 15:20:20,,Aberto,3,90,51,0.0
PR-C01-P01-000211,C01-P01,C01-E0005,2025-09-11 18:05:43,,Fechado sem merge,1,137,3,3.0
PR-C01-P01-000212,C01-P01,C01-E0302,2025-09-21 15:16:25,2025-09-25 02:16:25,Merged,1,91,22,1.0
PR-C01-P01-000213,C01-P01,C01-E0064,2025-09-27 11:04:35,2025-09-28 09:04:35,Merged,5,76,42,1.0
PR-C01-P01-000214,C01-P01,C01-E0209,2025-09-25 07:02:56,2025-09-26 01:02:56,Merged,7,38,14,1.0
PR-C01-P01-000215,C01-P01,C01-E0004,2025-09-02 13:36:12,2025-09-04 21:36:12,Merged,6,7,59,3.0
PR-C01-P01-000216,C01-P01,C01-E0020,2025-09-12 10:51:38,2025-09-13 22:51:38,Merged,3,19,0,1.0
PR-C01-P01-000217,C01-P01,C01-E0329,2025-09-21 09:54:55,,Fechado sem merge,8,164,45,0.0
PR-C01-P01-000218,C01-P01,C01-E0301,2025-09-23 07:07:22,2025-09-23 12:07:22,Merged,1,80,46,1.0
PR-C01-P01-000219,C01-P01,C01-E0086,2025-09-03 16:37:51,,Fechado sem merge,3,83,47,3.0
PR-C01-P01-000220,C01-P01,C01-E0057,2025-09-12 10:55:09,2025-09-14 14:55:09,Merged,5,102,74,1.0
PR-C01-P01-000221,C01-P01,C01-E0062,2025-09-26 17:47:09,,Fechado sem merge,8,90,38,2.0
PR-C01-P01-000222,C01-P01,C01-E0073,2025-09-05 14:51:38,2025-09-06 23:51:38,Merged,2,94,46,0.0
PR-C01-P01-000223,C01-P01,C01-E0189,2025-09-08 20:52:41,2025-09-11 12:52:41,Merged,5,25,1,1.0
PR-C01-P01-000224,C01-P01,C01-E0182,2025-09-27 17:31:15,,Aberto,3,137,67,1.0
PR-C01-P01-000225,C01-P01,C01-E0125,2025-09-22 18:33:38,,Aberto,1,11,36,1.0
PR-C01-P01-000226,C01-P01,C01-E0112,2025-09-16 20:05:13,2025-09-19 07:05:13,Merged,1,30,9,1.0
PR-C01-P01-000227,C01-P01,C01-E0308,2025-09-12 07:08:36,2025-09-14 03:08:36,Merged,2,41,26,0.0
PR-C01-P01-000228,C01-P01,C01-E0254,2025-10-06 10:17:40,2025-10-07 03:17:40,Merged,14,104,65,3.0
PR-C01-P01-000229,C01-P01,C01-E0223,2025-10-05 18:00:43,2025-10-08 16:00:43,Merged,1,40,0,1.0
PR-C01-P01-000230,C01-P01,C01-E0146,2025-10-01 15:13:37,,Fechado sem merge,11,13,61,1.0
PR-C01-P01-000231,C01-P01,C01-E0045,2025-10-21 20:00:42,2025-10-25 00:00:42,Merged,5,99,68,2.0
PR-C01-P01-000232,C01-P01,C01-E0134,2025-10-27 11:51:12,,Aberto,8,55,99,0.0
PR-C01-P01-000233,C01-P01,C01-E0234,2025-10-28 12:44:02,2025-10-30 16:44:02,Merged,6,29,95,2.0
PR-C01-P01-000234,C01-P01,C01-E0101,2025-10-12 20:40:01,2025-10-14 02:40:01,Merged,3,28,45,1.0
PR-C01-P01-000235,C01-P01,C01-E0185,2025-10-27 19:27:39,2025-10-31 07:27:39,Merged,4,97,42,1.0
PR-C01-P01-000236,C01-P01,C01-E0203,2025-10-03 16:43:49,,Aberto,6,72,92,3.0
PR-C01-P01-000237,C01-P01,C01-E0079,2025-10-10 12:22:49,2025-10-11 16:22:49,Merged,3,123,15,3.0
PR-C01-P01-000238,C01-P01,C01-E0041,2025-10-21 13:30:25,,Aberto,10,54,8,1.0
PR-C01-P01-000239,C01-P01,C01-E0124,2025-10-13 11:17:27,,Aberto,8,75,111,1.0
PR-C01-P01-000240,C01-P01,C01-E0033,2025-10-26 10:58:07,2025-10-26 20:58:07,Merged,1,79,55,2.0
PR-C01-P01-000241,C01-P01,C01-E0295,2025-10-01 09:02:16,2025-10-04 22:02:16,Merged,5,94,37,2.0
PR-C01-P01-000242,C01-P01,C01-E0064,2025-10-26 15:29:42,2025-10-30 10:29:42,Merged,1,16,78,
PR-C01-P01-000243,C01-P01,C01-E0006,2025-10-15 12:29:48,2025-10-17 09:29:48,Merged,5,57,88,2.0
PR-C01-P01-000244,C01-P01,C01-E0344,2025-10-11 16:10:21,2025-10-14 11:10:21,Merged,2,16,53,2.0
PR-C01-P01-000245,C01-P01,C01-E0156,2025-10-29 14:44:15,2025-11-02 01:44:15,Merged,2,58,79,2.0
PR-C01-P01-000246,C01-P01,C01-E0252,2025-10-29 11:03:02,2025-10-31 11:03:02,Merged,5,97,104,1.0
PR-C01-P01-000247,C01-P01,C01-E0259,2025-10-22 19:48:02,2025-10-26 09:48:02,Merged,11,26,37,1.0
PR-C01-P01-000248,C01-P01,C01-E0020,2025-10-12 14:51:03,2025-10-16 14:51:03,Merged,2,115,38,0.0
PR-C01-P01-000249,C01-P01,C01-E0146,2025-10-31 13:57:32,2025-11-01 11:57:32,Merged,7,15,21,3.0
PR-C01-P01-000250,C01-P01,C01-E0224,2025-10-04 18:15:45,2025-10-05 06:15:45,Merged,4,152,241,3.0
PR-C01-P01-000251,C01-P01,C01-E0169,2025-10-10 13:36:53,2025-10-13 19:36:53,Merged,10,43,41,0.0
PR-C01-P01-000252,C01-P01,C01-E0205,2025-10-01 07:43:46,2025-10-02 23:43:46,Merged,2,62,13,2.0
PR-C01-P01-000253,C01-P01,C01-E0350,2025-10-07 17:16:39,2025-10-11 13:16:39,Merged,1,105,42,2.0
PR-C01-P01-000254,C01-P01,C01-E0085,2025-10-25 21:06:48,,Aberto,1,87,26,2.0
PR-C01-P01-000255,C01-P01,C01-E0226,2025-10-27 16:57:25,,Fechado sem merge,2,30,48,
PR-C01-P01-000256,C01-P01,C01-E0259,2025-10-27 08:20:48,2025-10-28 13:20:48,Merged,8,35,13,2.0
PR-C01-P01-000257,C01-P01,C01-E0027,2025-10-09 21:56:39,2025-10-12 00:56:39,Merged,7,52,27,1.0
PR-C01-P01-000258,C01-P01,C01-E0299,2025-10-28 21:38:15,2025-10-31 20:38:15,Merged,6,107,27,3.0
PR-C01-P01-000259,C01-P01,C01-E0033,2025-10-09 17:18:38,,Aberto,7,122,75,3.0
PR-C01-P01-000260,C01-P01,C01-E0153,2025-10-04 18:39:30,2025-10-08 13:39:30,Merged,5,44,0,3.0
PR-C01-P01-000261,C01-P01,C01-E0191,2025-10-27 19:08:19,2025-10-28 17:08:19,Merged,1,16,6,3.0
PR-C01-P01-000262,C01-P01,C01-E0308,2025-10-17 17:20:18,2025-10-18 19:20:18,Merged,1,54,2,2.0
PR-C01-P01-000263,C01-P01,C01-E0235,2025-10-04 14:51:01,2025-10-05 02:51:01,Merged,9,55,70,0.0
PR-C01-P01-000264,C01-P01,C01-E0298,2025-10-10 16:28:34,2025-10-13 23:28:34,Merged,12,86,45,2.0
PR-C01-P01-000265,C01-P01,C01-E0295,2025-10-15 11:58:49,2025-10-15 18:58:49,Merged,3,129,16,2.0
PR-C01-P01-000266,C01-P01,C01-E0091,2025-10-31 09:34:19,,Fechado sem merge,11,16,9,3.0
PR-C01-P01-000267,C01-P01,C01-E0001,2025-10-29 12:50:53,2025-11-02 00:50:53,Merged,11,98,11,0.0
PR-C01-P01-000268,C01-P01,C01-E0291,2025-10-27 12:46:32,,Fechado sem merge,3,56,64,0.0
PR-C01-P01-000269,C01-P01,C01-E0302,2025-10-14 21:29:47,2025-10-17 23:29:47,Merged,1,153,11,
PR-C01-P01-000270,C01-P01,C01-E0176,2025-10-31 18:38:12,,Aberto,1,154,15,
PR-C01-P01-000271,C01-P01,C01-E0191,2025-10-15 10:19:26,2025-10-17 05:19:26,Merged,6,155,3,2.0
PR-C01-P01-000272,C01-P01,C01-E0149,2025-10-28 09:36:44,2025-10-28 20:36:44,Merged,1,124,20,2.0
PR-C01-P01-000273,C01-P01,C01-E0017,2025-10-21 21:29:53,2025-10-23 05:29:53,Merged,9,148,31,2.0
PR-C01-P01-000274,C01-P01,C01-E0317,2025-10-27 07:30:51,2025-10-30 20:30:51,Merged,2,49,53,2.0
PR-C01-P01-000275,C01-P01,C01-E0029,2025-10-14 11:24:10,2025-10-17 19:24:10,Merged,8,70,13,1.0
PR-C01-P01-000276,C01-P01,C01-E0255,2025-10-08 07:44:38,2025-10-11 21:44:38,Merged,1,18,23,2.0
PR-C01-P01-000277,C01-P01,C01-E0150,2025-10-17 11:15:58,2025-10-19 05:15:58,Merged,14,82,64,2.0
PR-C01-P01-000278,C01-P01,C01-E0307,2025-10-26 20:36:22,2025-10-29 18:36:22,Merged,10,71,10,3.0
PR-C01-P01-000279,C01-P01,C01-E0080,2025-10-20 20:47:40,2025-10-21 19:47:40,Merged,1,60,48,1.0
PR-C01-P01-000280,C01-P01,C01-E0336,2025-10-29 13:09:45,2025-10-30 00:09:45,Merged,12,100,109,2.0
PR-C01-P01-000281,C01-P01,C01-E0152,2025-10-12 09:49:02,,Fechado sem merge,13,42,44,1.0
PR-C01-P01-000282,C01-P01,C01-E0112,2025-10-14 08:23:00,2025-10-18 07:23:00,Merged,3,16,13,2.0
PR-C01-P01-000283,C01-P01,C01-E0282,2025-10-19 11:34:55,2025-10-22 02:34:55,Merged,1,103,26,1.0
PR-C01-P01-000284,C01-P01,C01-E0030,2025-10-14 20:23:19,2025-10-15 04:23:19,Merged,1,61,71,2.0
PR-C01-P01-000285,C01-P01,C01-E0226,2025-10-26 19:17:09,2025-10-27 05:17:09,Merged,8,179,40,1.0
PR-C01-P01-000286,C01-P01,C01-E0330,2025-11-04 14:17:18,,Fechado sem merge,13,90,38,1.0
PR-C01-P01-000287,C01-P01,C01-E0137,2025-11-30 20:22:05,2025-12-03 07:22:05,Merged,7,69,14,2.0
PR-C01-P01-000288,C01-P01,C01-E0207,2025-11-04 18:47:54,2025-11-05 21:47:54,Merged,2,103,66,0.0
PR-C01-P01-000289,C01-P01,C01-E0269,2025-11-17 15:46:39,,Fechado sem merge,1,94,20,3.0
PR-C01-P01-000290,C01-P01,C01-E0101,2025-11-30 11:40:31,,Fechado sem merge,3,90,64,0.0
PR-C01-P01-000291,C01-P01,C01-E0295,2025-11-06 19:18:55,2025-11-10 18:18:55,Merged,14,123,46,3.0
PR-C01-P01-000292,C01-P01,C01-E0061,2025-11-03 07:42:19,2025-11-06 21:42:19,Merged,10,40,15,1.0
PR-C01-P01-000293,C01-P01,C01-E0180,2025-11-03 11:49:49,,Fechado sem merge,1,35,60,1.0
PR-C01-P01-000294,C01-P01,C01-E0232,2025-11-20 20:55:48,2025-11-21 23:55:48,Merged,3,48,8,1.0
PR-C01-P01-000295,C01-P01,C01-E0205,2025-11-09 07:17:57,2025-11-09 20:17:57,Merged,2,53,1,1.0
PR-C01-P01-000296,C01-P01,C01-E0185,2025-11-26 11:35:11,,Aberto,2,68,7,2.0
PR-C01-P01-000297,C01-P01,C01-E0149,2025-11-07 07:01:02,2025-11-08 08:01:02,Merged,5,77,19,0.0
PR-C01-P01-000298,C01-P01,C01-E0047,2025-11-04 18:28:30,,Aberto,3,87,9,
PR-C01-P01-000299,C01-P01,C01-E0078,2025-11-29 07:07:14,,Aberto,2,17,2,2.0
PR-C01-P01-000300,C01-P01,C01-E0342,2025-11-08 08:40:20,2025-11-10 01:40:20,Merged,8,100,15,2.0
PR-C01-P01-000301,C01-P01,C01-E0047,2025-11-12 20:00:58,2025-11-13 23:00:58,Merged,5,12,5,2.0
PR-C01-P01-000302,C01-P01,C01-E0118,2025-11-03 15:13:13,,Fechado sem merge,6,152,8,2.0
PR-C01-P01-000303,C01-P01,C01-E0295,2025-11-24 19:58:41,,Aberto,1,85,47,2.0
PR-C01-P01-000304,C01-P01,C01-E0134,2025-11-21 21:40:18,2025-11-23 16:40:18,Merged,8,60,34,
PR-C01-P01-000305,C01-P01,C01-E0148,2025-11-22 17:57:26,2025-11-24 03:57:26,Merged,2,18,41,0.0
PR-C01-P01-000306,C01-P01,C01-E0059,2025-11-12 18:19:45,2025-11-15 23:19:45,Merged,3,42,62,1.0
PR-C01-P01-000307,C01-P01,C01-E0214,2025-11-01 10:21:31,2025-11-05 03:21:31,Merged,7,62,52,3.0
PR-C01-P01-000308,C01-P01,C01-E0065,2025-11-23 16:31:29,2025-11-25 06:31:29,Merged,6,124,73,3.0
PR-C01-P01-000309,C01-P01,C01-E0144,2025-11-16 19:18:34,,Aberto,6,131,48,0.0
PR-C01-P01-000310,C01-P01,C01-E0339,2025-11-08 13:50:21,2025-11-10 15:50:21,Merged,2,27,21,2.0
PR-C01-P01-000311,C01-P01,C01-E0001,2025-11-30 18:12:30,2025-12-02 03:12:30,Merged,1,45,72,2.0
PR-C01-P01-000312,C01-P01,C01-E0252,2025-11-29 11:22:31,2025-12-02 00:22:31,Merged,7,71,33,3.0
PR-C01-P01-000313,C01-P01,C01-E0040,2025-11-03 19:39:32,2025-11-07 09:39:32,Merged,4,23,20,2.0
PR-C01-P01-000314,C01-P01,C01-E0346,2025-11-18 18:30:44,2025-11-20 13:30:44,Merged,7,21,61,0.0
PR-C01-P01-000315,C01-P01,C01-E0032,2025-11-23 08:32:15,2025-11-27 05:32:15,Merged,1,81,36,0.0
PR-C01-P01-000316,C01-P01,C01-E0286,2025-11-24 18:29:57,2025-11-25 05:29:57,Merged,4,213,26,1.0
PR-C01-P01-000317,C01-P01,C01-E0110,2025-11-20 13:11:29,2025-11-24 01:11:29,Merged,4,76,29,0.0
PR-C01-P01-000318,C01-P01,C01-E0329,2025-11-01 10:23:52,2025-11-05 09:23:52,Merged,6,112,14,2.0
PR-C01-P01-000319,C01-P01,C01-E0107,2025-11-16 20:47:45,2025-11-17 01:47:45,Merged,2,39,39,2.0
PR-C01-P01-000320,C01-P01,C01-E0041,2025-11-22 15:43:07,2025-11-25 11:43:07,Merged,10,66,53,2.0
PR-C01-P01-000321,C01-P01,C01-E0062,2025-11-01 07:09:04,,Aberto,10,71,11,1.0
PR-C01-P01-000322,C01-P01,C01-E0207,2025-11-28 18:32:58,,Fechado sem merge,15,99,7,0.0
PR-C01-P01-000323,C01-P01,C01-E0143,2025-11-23 13:33:07,2025-11-25 19:33:07,Merged,2,16,4,1.0
PR-C01-P01-000324,C01-P01,C01-E0263,2025-11-07 07:55:46,2025-11-08 21:55:46,Merged,5,58,35,2.0
PR-C01-P01-000325,C01-P01,C01-E0324,2025-11-24 07:39:21,2025-11-25 09:39:21,Merged,7,32,34,1.0
PR-C01-P01-000326,C01-P01,C01-E0205,2025-11-26 16:32:04,2025-11-29 20:32:04,Merged,5,97,5,1.0
PR-C01-P01-000327,C01-P01,C01-E0346,2025-11-05 13:30:04,,Aberto,4,33,33,3.0
PR-C01-P01-000328,C01-P01,C01-E0085,2025-11-12 08:53:35,2025-11-15 15:53:35,Merged,11,55,32,2.0
PR-C01-P01-000329,C01-P01,C01-E0067,2025-11-09 17:09:13,2025-11-13 13:09:13,Merged,3,45,17,1.0
PR-C01-P01-000330,C01-P01,C01-E0349,2025-11-27 18:54:50,2025-11-30 11:54:50,Merged,9,94,30,1.0
PR-C01-P01-000331,C01-P01,C01-E0299,2025-11-22 20:39:44,2025-11-24 18:39:44,Merged,13,130,3,2.0
PR-C01-P01-000332,C01-P01,C01-E0030,2025-11-20 21:17:59,2025-11-23 17:17:59,Merged,6,97,9,
PR-C01-P01-000333,C01-P01,C01-E0178,2025-11-15 11:06:56,,Aberto,5,32,58,0.0
PR-C01-P01-000334,C01-P01,C01-E0125,2025-11-27 17:01:26,2025-11-30 14:01:26,Merged,8,35,57,1.0
PR-C01-P01-000335,C01-P01,C01-E0045,2025-11-06 11:29:34,2025-11-09 15:29:34,Merged,10,57,10,2.0
PR-C01-P01-000336,C01-P01,C01-E0202,2025-11-09 20:48:38,2025-11-12 07:48:38,Merged,1,5,13,0.0
PR-C01-P01-000337,C01-P01,C01-E0275,2025-11-03 10:36:17,2025-11-06 23:36:17,Merged,1,30,1,1.0
PR-C01-P01-000338,C01-P01,C01-E0310,2025-11-07 09:47:30,,Aberto,1,36,6,
PR-C01-P01-000339,C01-P01,C01-E0180,2025-11-11 13:02:38,2025-11-12 04:02:38,Merged,1,86,1,1.0
PR-C01-P01-000340,C01-P01,C01-E0299,2025-11-22 10:51:42,2025-11-24 20:51:42,Merged,8,131,18,1.0
PR-C01-P01-000341,C01-P01,C01-E0134,2025-11-22 18:18:22,,Fechado sem merge,1,14,35,1.0
PR-C01-P01-000342,C01-P01,C01-E0334,2025-11-01 07:44:14,,Fechado sem merge,3,111,23,3.0
PR-C01-P01-000343,C01-P01,C01-E0182,2025-11-07 13:53:34,2025-11-08 22:53:34,Merged,1,60,9,0.0
PR-C01-P01-000344,C01-P01,C01-E0188,2025-11-04 10:27:19,2025-11-06 20:27:19,Merged,3,65,55,2.0
PR-C01-P01-000345,C01-P01,C01-E0006,2025-11-21 10:07:26,2025-11-21 13:07:26,Merged,3,14,17,1.0
PR-C01-P01-000346,C01-P01,C01-E0296,2025-11-24 19:43:10,,Aberto,2,118,12,1.0
PR-C01-P01-000347,C01-P01,C01-E0195,2025-11-02 18:37:09,2025-11-04 03:37:09,Merged,3,109,41,0.0
PR-C01-P01-000348,C01-P01,C01-E0098,2025-11-11 20:30:05,,Aberto,2,102,105,0.0
PR-C01-P01-000349,C01-P01,C01-E0335,2025-11-18 15:57:22,2025-11-21 06:57:22,Merged,1,46,19,0.0
PR-C01-P01-000350,C01-P01,C01-E0111,2025-12-18 15:39:52,2025-12-19 04:39:52,Merged,10,28,27,2.0
PR-C01-P01-000351,C01-P01,C01-E0172,2025-12-31 12:43:03,,Aberto,2,124,17,2.0
PR-C01-P01-000352,C01-P01,C01-E0094,2025-12-11 10:34:51,,Aberto,6,161,14,2.0
PR-C01-P01-000353,C01-P01,C01-E0099,2025-12-24 19:03:07,,Fechado sem merge,1,79,69,1.0
PR-C01-P01-000354,C01-P01,C01-E0336,2025-12-11 17:38:20,,Aberto,5,22,27,1.0
PR-C01-P01-000355,C01-P01,C01-E0143,2025-12-14 10:17:48,2025-12-17 16:17:48,Merged,5,66,45,
PR-C01-P01-000356,C01-P01,C01-E0217,2025-12-04 09:18:36,2025-12-07 03:18:36,Merged,3,36,14,3.0
PR-C01-P01-000357,C01-P01,C01-E0090,2025-12-18 13:55:23,2025-12-21 05:55:23,Merged,12,18,8,0.0
PR-C01-P01-000358,C01-P01,C01-E0339,2025-12-18 12:18:10,2025-12-18 15:18:10,Merged,3,24,23,2.0
PR-C01-P01-000359,C01-P01,C01-E0106,2025-12-20 11:01:44,2025-12-20 12:01:44,Merged,4,41,6,1.0
PR-C01-P01-000360,C01-P01,C01-E0334,2025-12-08 13:27:59,,Aberto,3,61,14,2.0
PR-C01-P01-000361,C01-P01,C01-E0142,2025-12-24 11:04:10,2025-12-26 01:04:10,Merged,1,114,10,2.0
PR-C01-P01-000362,C01-P01,C01-E0311,2025-12-05 15:37:31,2025-12-07 16:37:31,Merged,10,52,40,1.0
PR-C01-P01-000363,C01-P01,C01-E0091,2025-12-09 17:06:05,2025-12-12 05:06:05,Merged,14,145,4,
PR-C01-P01-000364,C01-P01,C01-E0006,2025-12-20 16:18:18,,Fechado sem merge,6,46,34,3.0
PR-C01-P01-000365,C01-P01,C01-E0058,2025-12-05 11:35:24,2025-12-08 10:35:24,Merged,1,136,20,1.0
PR-C01-P01-000366,C01-P01,C01-E0333,2025-12-15 20:47:23,2025-12-17 01:47:23,Merged,4,27,38,2.0
PR-C01-P01-000367,C01-P01,C01-E0023,2025-12-07 18:40:54,2025-12-08 19:40:54,Merged,12,99,50,1.0
PR-C01-P01-000368,C01-P01,C01-E0061,2025-12-15 09:06:34,2025-12-16 11:06:34,Merged,4,10,54,3.0
PR-C01-P01-000369,C01-P01,C01-E0296,2025-12-27 09:38:17,,Fechado sem merge,4,50,35,2.0
PR-C01-P01-000370,C01-P01,C01-E0057,2025-12-08 08:53:17,2025-12-09 20:53:17,Merged,11,38,27,2.0
PR-C01-P01-000371,C01-P01,C01-E0336,2025-12-11 11:12:06,2025-12-12 13:12:06,Merged,1,112,17,0.0
PR-C01-P01-000372,C01-P01,C01-E0178,2025-12-20 12:06:51,,Fechado sem merge,4,77,2,0.0
PR-C01-P01-000373,C01-P01,C01-E0355,2025-12-08 13:09:49,2025-12-10 23:09:49,Merged,10,56,17,2.0
PR-C01-P01-000374,C01-P01,C01-E0091,2025-12-19 21:40:27,,Fechado sem merge,11,133,13,3.0
PR-C01-P01-000375,C01-P01,C01-E0327,2025-12-20 18:52:22,,Fechado sem merge,5,181,47,3.0
PR-C01-P01-000376,C01-P01,C01-E0240,2025-12-23 08:26:27,,Fechado sem merge,7,78,7,2.0
PR-C01-P01-000377,C01-P01,C01-E0339,2025-12-10 20:48:32,2025-12-10 21:48:32,Merged,3,118,1,
PR-C01-P01-000378,C01-P01,C01-E0027,2025-12-23 17:36:54,2025-12-26 16:36:54,Merged,9,82,35,2.0
PR-C01-P01-000379,C01-P01,C01-E0225,2025-12-23 14:27:04,2025-12-25 22:27:04,Merged,1,27,7,0.0
PR-C01-P01-000380,C01-P01,C01-E0318,2025-12-27 18:13:37,2025-12-30 17:13:37,Merged,20,103,28,2.0
PR-C01-P01-000381,C01-P01,C01-E0276,2025-12-31 17:24:46,2026-01-02 18:24:46,Merged,2,47,53,2.0
PR-C01-P01-000382,C01-P01,C01-E0182,2025-12-31 17:19:18,,Fechado sem merge,3,95,13,1.0
PR-C01-P01-000383,C01-P01,C01-E0029,2025-12-19 20:02:51,2025-12-20 13:02:51,Merged,13,68,126,1.0
PR-C01-P01-000384,C01-P01,C01-E0245,2025-12-27 14:21:33,,Aberto,3,117,31,2.0
PR-C01-P01-000385,C01-P01,C01-E0299,2025-12-06 12:00:52,2025-12-08 16:00:52,Merged,12,33,137,0.0
PR-C01-P01-000386,C01-P01,C01-E0131,2025-12-27 17:24:04,2025-12-30 20:24:04,Merged,14,21,52,2.0
PR-C01-P01-000387,C01-P01,C01-E0176,2025-12-22 09:33:51,2025-12-24 22:33:51,Merged,1,39,19,3.0
PR-C01-P01-000388,C01-P01,C01-E0153,2025-12-20 16:44:27,2025-12-23 05:44:27,Merged,5,40,49,3.0
PR-C01-P01-000389,C01-P01,C01-E0001,2025-12-25 19:28:07,2025-12-26 19:28:07,Merged,3,3,81,0.0
PR-C01-P01-000390,C01-P01,C01-E0154,2025-12-11 14:19:49,2025-12-13 08:19:49,Merged,1,22,15,1.0
PR-C01-P01-000391,C01-P01,C01-E0226,2025-12-23 21:58:44,2025-12-25 07:58:44,Merged,8,48,74,0.0
PR-C01-P01-000392,C01-P01,C01-E0168,2025-12-04 10:08:10,,Aberto,3,83,71,0.0
PR-C01-P01-000393,C01-P01,C01-E0156,2025-12-21 20:55:34,,Fechado sem merge,10,95,27,0.0
PR-C01-P01-000394,C01-P01,C01-E0275,2025-12-15 12:22:11,2025-12-17 08:22:11,Merged,4,39,12,2.0
PR-C01-P01-000395,C01-P01,C01-E0109,2025-12-22 08:29:44,2025-12-24 13:29:44,Merged,17,128,22,0.0
PR-C01-P01-000396,C01-P01,C01-E0146,2025-12-23 10:11:58,,Fechado sem merge,1,166,58,1.0
PR-C01-P01-000397,C01-P01,C01-E0090,2025-12-04 16:35:51,,Aberto,4,34,22,2.0
PR-C01-P01-000398,C01-P01,C01-E0295,2025-12-06 07:23:18,,Aberto,6,49,71,0.0
PR-C01-P01-000399,C01-P01,C01-E0191,2025-12-25 08:24:20,2025-12-28 21:24:20,Merged,9,41,67,2.0
PR-C01-P01-000400,C01-P01,C01-E0107,2026-01-24 11:38:14,2026-01-27 04:38:14,Merged,6,52,12,1.0
PR-C01-P01-000401,C01-P01,C01-E0357,2026-01-04 07:08:49,,Aberto,1,90,27,0.0
PR-C01-P01-000402,C01-P01,C01-E0009,2026-01-21 12:48:39,2026-01-23 21:48:39,Merged,9,108,13,2.0
PR-C01-P01-000403,C01-P01,C01-E0020,2026-01-03 20:00:10,,Fechado sem merge,8,72,116,3.0
PR-C01-P01-000404,C01-P01,C01-E0335,2026-01-28 18:56:22,,Aberto,13,4,10,2.0
PR-C01-P01-000405,C01-P01,C01-E0205,2026-01-12 15:01:16,2026-01-14 23:01:16,Merged,3,63,17,1.0
PR-C01-P01-000406,C01-P01,C01-E0150,2026-01-02 20:31:32,2026-01-04 04:31:32,Merged,1,62,53,1.0
PR-C01-P01-000407,C01-P01,C01-E0060,2026-01-13 18:40:06,2026-01-17 09:40:06,Merged,15,74,36,0.0
PR-C01-P01-000408,C01-P01,C01-E0344,2026-01-15 21:54:15,2026-01-18 01:54:15,Merged,13,40,10,1.0
PR-C01-P01-000409,C01-P01,C01-E0080,2026-01-17 07:17:54,,Fechado sem merge,6,109,45,2.0
PR-C01-P01-000410,C01-P01,C01-E0041,2026-01-14 07:19:00,,Fechado sem merge,13,29,38,3.0
PR-C01-P01-000411,C01-P01,C01-E0145,2026-01-15 17:01:59,2026-01-19 04:01:59,Merged,7,58,61,2.0
PR-C01-P01-000412,C01-P01,C01-E0041,2026-01-11 20:08:37,2026-01-15 20:08:37,Merged,1,9,58,3.0
PR-C01-P01-000413,C01-P01,C01-E0174,2026-01-02 10:40:31,2026-01-02 17:40:31,Merged,1,199,29,2.0
PR-C01-P01-000414,C01-P01,C01-E0049,2026-01-08 17:23:26,2026-01-10 13:23:26,Merged,13,94,96,1.0
PR-C01-P01-000415,C01-P01,C01-E0041,2026-01-09 09:12:00,2026-01-12 02:12:00,Merged,14,36,21,1.0
PR-C01-P01-000416,C01-P01,C01-E0101,2026-01-04 17:26:20,2026-01-06 12:26:20,Merged,3,73,29,3.0
PR-C01-P01-000417,C01-P01,C01-E0335,2026-01-30 12:15:12,2026-01-31 03:15:12,Merged,9,34,187,2.0
PR-C01-P01-000418,C01-P01,C01-E0096,2026-01-10 19:49:50,2026-01-12 07:49:50,Merged,2,67,135,1.0
PR-C01-P01-000419,C01-P01,C01-E0211,2026-01-11 08:35:14,2026-01-15 06:35:14,Merged,2,54,20,1.0
PR-C01-P01-000420,C01-P01,C01-E0327,2026-01-19 11:37:30,2026-01-22 03:37:30,Merged,3,56,9,
PR-C01-P01-000421,C01-P01,C01-E0146,2026-01-26 11:22:59,2026-01-27 14:22:59,Merged,8,87,17,2.0
PR-C01-P01-000422,C01-P01,C01-E0067,2026-01-15 20:12:58,2026-01-19 18:12:58,Merged,4,34,39,3.0
PR-C01-P01-000423,C01-P01,C01-E0307,2026-01-28 14:14:05,2026-01-30 04:14:05,Merged,3,111,76,2.0
PR-C01-P01-000424,C01-P01,C01-E0363,2026-01-27 20:40:52,2026-01-29 22:40:52,Merged,4,20,8,2.0
PR-C01-P01-000425,C01-P01,C01-E0144,2026-01-19 13:23:24,2026-01-23 08:23:24,Merged,3,57,41,3.0
PR-C01-P01-000426,C01-P01,C01-E0307,2026-01-01 18:19:28,2026-01-04 20:19:28,Merged,3,20,13,2.0
PR-C01-P01-000427,C01-P01,C01-E0261,2026-01-05 07:11:11,,Aberto,10,180,15,2.0
PR-C01-P01-000428,C01-P01,C01-E0137,2026-01-20 07:19:11,,Aberto,4,89,102,3.0
PR-C01-P01-000429,C01-P01,C01-E0167,2026-01-18 15:53:47,,Fechado sem merge,4,15,19,3.0
PR-C01-P01-000430,C01-P01,C01-E0042,2026-01-20 18:25:03,2026-01-23 08:25:03,Merged,4,40,28,2.0
PR-C01-P01-000431,C01-P01,C01-E0173,2026-01-25 14:52:28,2026-01-25 19:52:28,Merged,4,121,23,3.0
PR-C01-P01-000432,C01-P01,C01-E0147,2026-01-12 17:12:23,2026-01-12 19:12:23,Merged,3,92,117,2.0
PR-C01-P01-000433,C01-P01,C01-E0136,2026-01-24 14:19:45,2026-01-27 20:19:45,Merged,8,95,1,1.0
PR-C01-P01-000434,C01-P01,C01-E0270,2026-01-26 18:07:05,2026-01-29 23:07:05,Merged,1,148,61,2.0
PR-C01-P01-000435,C01-P01,C01-E0159,2026-01-11 08:28:45,2026-01-11 15:28:45,Merged,1,23,8,2.0
PR-C01-P01-000436,C01-P01,C01-E0333,2026-01-23 18:53:55,2026-01-24 19:53:55,Merged,5,115,40,2.0
PR-C01-P01-000437,C01-P01,C01-E0150,2026-01-26 17:52:58,2026-01-28 19:52:58,Merged,4,10,23,2.0
PR-C01-P01-000438,C01-P01,C01-E0181,2026-01-26 08:54:46,2026-01-28 17:54:46,Merged,5,95,36,0.0
PR-C01-P01-000439,C01-P01,C01-E0343,2026-01-18 15:05:24,,Aberto,15,21,17,1.0
PR-C01-P01-000440,C01-P01,C01-E0300,2026-01-24 11:42:11,2026-01-25 23:42:11,Merged,7,51,54,2.0
PR-C01-P01-000441,C01-P01,C01-E0275,2026-01-19 10:08:20,,Aberto,4,62,7,1.0
PR-C01-P01-000442,C01-P01,C01-E0154,2026-01-21 18:31:55,2026-01-24 23:31:55,Merged,4,60,29,2.0
PR-C01-P01-000443,C01-P01,C01-E0124,2026-01-10 10:12:59,2026-01-13 19:12:59,Merged,3,76,31,1.0
PR-C01-P01-000444,C01-P01,C01-E0255,2026-01-25 11:28:48,2026-01-28 03:28:48,Merged,1,80,19,1.0
PR-C01-P01-000445,C01-P01,C01-E0237,2026-01-31 20:10:25,,Aberto,5,114,5,2.0
PR-C01-P01-000446,C01-P01,C01-E0144,2026-01-21 08:17:21,2026-01-24 07:17:21,Merged,1,110,4,2.0
PR-C01-P01-000447,C01-P01,C01-E0355,2026-01-20 07:49:19,,Fechado sem merge,1,80,17,2.0
PR-C01-P01-000448,C01-P01,C01-E0235,2026-01-23 13:02:24,,Aberto,2,33,12,0.0
PR-C01-P01-000449,C01-P01,C01-E0190,2026-01-28 13:46:07,2026-01-29 12:46:07,Merged,3,15,5,2.0
PR-C01-P01-000450,C01-P01,C01-E0302,2026-01-05 10:41:14,2026-01-07 14:41:14,Merged,11,137,6,2.0
PR-C01-P01-000451,C01-P01,C01-E0149,2026-01-17 08:16:49,2026-01-18 00:16:49,Merged,5,11,34,2.0
PR-C01-P01-000452,C01-P01,C01-E0094,2026-01-07 20:00:40,,Aberto,10,9,14,1.0
PR-C01-P01-000453,C01-P01,C01-E0335,2026-01-27 21:06:19,2026-01-30 09:06:19,Merged,2,45,54,3.0
PR-C01-P01-000454,C01-P01,C01-E0172,2026-01-09 11:49:05,2026-01-12 16:49:05,Merged,11,20,75,2.0
PR-C01-P01-000455,C01-P01,C01-E0214,2026-01-25 14:34:37,2026-01-26 09:34:37,Merged,1,43,0,
PR-C01-P01-000456,C01-P01,C01-E0027,2026-01-12 19:05:48,,Aberto,10,58,42,2.0
PR-C01-P01-000457,C01-P01,C01-E0237,2026-01-18 13:40:18,,Fechado sem merge,9,47,69,2.0
PR-C01-P01-000458,C01-P01,C01-E0144,2026-01-11 17:19:23,2026-01-13 01:19:23,Merged,5,4,80,0.0
PR-C01-P01-000459,C01-P01,C01-E0225,2026-01-22 18:41:59,2026-01-26 13:41:59,Merged,10,97,29,0.0
PR-C01-P01-000460,C01-P01,C01-E0196,2026-01-11 17:10:43,2026-01-12 21:10:43,Merged,13,41,42,2.0
PR-C01-P01-000461,C01-P01,C01-E0313,2026-01-15 20:59:20,2026-01-18 11:59:20,Merged,7,43,51,2.0
PR-C01-P01-000462,C01-P01,C01-E0111,2026-01-10 20:23:36,2026-01-13 12:23:36,Merged,1,163,120,0.0
PR-C01-P01-000463,C01-P01,C01-E0256,2026-01-25 12:47:31,2026-01-29 09:47:31,Merged,1,180,25,0.0
PR-C01-P01-000464,C01-P01,C01-E0283,2026-01-12 15:09:50,2026-01-15 02:09:50,Merged,2,28,23,0.0
PR-C01-P01-000465,C01-P01,C01-E0238,2026-01-25 07:40:35,2026-01-28 19:40:35,Merged,5,26,85,1.0
PR-C01-P01-000466,C01-P01,C01-E0098,2026-01-16 09:29:39,,Aberto,8,50,22,1.0
PR-C01-P01-000467,C01-P01,C01-E0328,2026-01-30 16:15:36,2026-02-01 05:15:36,Merged,3,70,8,1.0
PR-C01-P01-000468,C01-P01,C01-E0195,2026-01-30 17:03:00,2026-02-01 08:03:00,Merged,4,117,17,3.0
PR-C01-P01-000469,C01-P01,C01-E0153,2026-01-20 12:44:30,2026-01-22 08:44:30,Merged,5,27,6,0.0
PR-C01-P01-000470,C01-P01,C01-E0328,2026-01-10 15:40:53,2026-01-10 23:40:53,Merged,3,75,21,1.0
PR-C01-P01-000471,C01-P01,C01-E0312,2026-01-22 12:06:33,2026-01-24 22:06:33,Merged,15,30,61,2.0
PR-C01-P01-000472,C01-P01,C01-E0350,2026-01-01 12:53:54,2026-01-01 21:53:54,Merged,3,52,61,2.0
PR-C01-P01-000473,C01-P01,C01-E0232,2026-01-19 14:39:16,2026-01-21 04:39:16,Merged,7,106,21,2.0
PR-C01-P01-000474,C01-P01,C01-E0062,2026-01-15 17:19:43,2026-01-16 18:19:43,Merged,5,140,47,3.0
PR-C01-P01-000475,C01-P01,C01-E0276,2026-02-14 13:51:22,2026-02-15 12:51:22,Merged,7,35,27,0.0
PR-C01-P01-000476,C01-P01,C01-E0178,2026-02-26 15:17:46,,Aberto,1,69,95,1.0
PR-C01-P01-000477,C01-P01,C01-E0301,2026-02-04 12:13:04,,Aberto,4,51,50,2.0
PR-C01-P01-000478,C01-P01,C01-E0226,2026-02-20 10:40:45,2026-02-22 12:40:45,Merged,1,27,0,2.0
PR-C01-P01-000479,C01-P01,C01-E0334,2026-02-05 19:37:58,2026-02-09 04:37:58,Merged,13,34,35,1.0
PR-C01-P01-000480,C01-P01,C01-E0136,2026-02-14 13:53:29,2026-02-16 23:53:29,Merged,10,35,5,2.0
PR-C01-P01-000481,C01-P01,C01-E0118,2026-02-14 14:00:57,,Fechado sem merge,10,59,30,2.0
PR-C01-P01-000482,C01-P01,C01-E0031,2026-02-26 09:58:16,2026-02-26 11:58:16,Merged,1,21,16,3.0
PR-C01-P01-000483,C01-P01,C01-E0027,2026-02-24 18:56:03,2026-02-26 17:56:03,Merged,3,247,13,1.0
PR-C01-P01-000484,C01-P01,C01-E0286,2026-02-13 15:40:35,2026-02-14 02:40:35,Merged,10,30,27,2.0
PR-C01-P01-000485,C01-P01,C01-E0097,2026-02-15 11:04:26,2026-02-18 19:04:26,Merged,8,110,10,1.0
PR-C01-P01-000486,C01-P01,C01-E0334,2026-02-04 08:05:45,2026-02-05 07:05:45,Merged,1,20,76,0.0
PR-C01-P01-000487,C01-P01,C01-E0017,2026-02-16 08:13:15,2026-02-16 13:13:15,Merged,5,21,33,2.0
PR-C01-P01-000488,C01-P01,C01-E0165,2026-02-10 18:37:19,2026-02-11 19:37:19,Merged,3,109,33,0.0
PR-C01-P01-000489,C01-P01,C01-E0165,2026-02-19 08:33:18,2026-02-19 23:33:18,Merged,10,8,4,2.0
PR-C01-P01-000490,C01-P01,C01-E0196,2026-02-26 09:37:38,2026-03-01 05:37:38,Merged,7,56,89,
PR-C01-P01-000491,C01-P01,C01-E0104,2026-02-15 13:45:46,2026-02-17 00:45:46,Merged,2,84,8,2.0
PR-C01-P01-000492,C01-P01,C01-E0240,2026-02-17 10:47:39,2026-02-18 16:47:39,Merged,3,94,11,3.0
PR-C01-P01-000493,C01-P01,C01-E0317,2026-02-15 15:31:16,2026-02-15 23:31:16,Merged,3,248,34,0.0
PR-C01-P01-000494,C01-P01,C01-E0069,2026-02-17 18:47:30,2026-02-20 07:47:30,Merged,3,116,25,3.0
PR-C01-P01-000495,C01-P01,C01-E0022,2026-02-01 15:19:54,2026-02-05 13:19:54,Merged,7,84,32,0.0
PR-C01-P01-000496,C01-P01,C01-E0009,2026-02-12 17:09:30,2026-02-14 21:09:30,Merged,20,54,10,0.0
PR-C01-P01-000497,C01-P01,C01-E0150,2026-02-12 09:21:37,2026-02-16 00:21:37,Merged,6,142,18,3.0
PR-C01-P01-000498,C01-P01,C01-E0211,2026-02-05 14:19:12,,Fechado sem merge,4,41,26,2.0
PR-C01-P01-000499,C01-P01,C01-E0223,2026-02-20 08:13:39,2026-02-21 12:13:39,Merged,1,84,17,0.0
PR-C01-P01-000500,C01-P01,C01-E0061,2026-02-17 18:52:12,,Aberto,7,96,38,3.0
PR-C01-P01-000501,C01-P01,C01-E0202,2026-02-24 09:33:26,2026-02-25 02:33:26,Merged,11,67,20,2.0
PR-C01-P01-000502,C01-P01,C01-E0118,2026-02-23 10:54:36,2026-02-24 08:54:36,Merged,14,87,18,1.0
PR-C01-P01-000503,C01-P01,C01-E0139,2026-02-28 15:41:09,2026-03-02 22:41:09,Merged,17,105,10,1.0
PR-C01-P01-000504,C01-P01,C01-E0023,2026-02-23 19:37:02,2026-02-25 02:37:02,Merged,8,19,6,3.0
PR-C01-P01-000505,C01-P01,C01-E0004,2026-02-08 14:07:56,2026-02-09 21:07:56,Merged,4,55,24,2.0
PR-C01-P01-000506,C01-P01,C01-E0206,2026-02-14 14:34:15,2026-02-15 23:34:15,Merged,2,79,24,2.0
PR-C01-P01-000507,C01-P01,C01-E0137,2026-02-04 20:49:39,2026-02-06 08:49:39,Merged,1,54,95,
PR-C01-P01-000508,C01-P01,C01-E0308,2026-02-26 13:24:09,,Fechado sem merge,5,75,45,3.0
PR-C01-P01-000509,C01-P01,C01-E0355,2026-02-25 16:56:26,2026-02-28 02:56:26,Merged,5,53,38,1.0
PR-C01-P01-000510,C01-P01,C01-E0078,2026-02-09 11:53:28,,Fechado sem merge,3,160,7,1.0
PR-C01-P01-000511,C01-P01,C01-E0058,2026-02-26 09:17:21,,Fechado sem merge,4,26,0,1.0
PR-C01-P01-000512,C01-P01,C01-E0134,2026-02-27 17:52:47,2026-03-02 08:52:47,Merged,3,319,25,1.0
PR-C01-P01-000513,C01-P01,C01-E0285,2026-02-08 10:30:38,2026-02-09 21:30:38,Merged,11,68,11,1.0
PR-C01-P01-000514,C01-P01,C01-E0339,2026-02-02 17:05:42,2026-02-04 13:05:42,Merged,3,60,9,2.0
PR-C01-P01-000515,C01-P01,C01-E0043,2026-02-12 07:38:30,,Fechado sem merge,4,96,21,2.0
PR-C01-P01-000516,C01-P01,C01-E0139,2026-02-20 19:39:38,,Fechado sem merge,2,122,59,2.0
PR-C01-P01-000517,C01-P01,C01-E0146,2026-02-08 19:20:54,2026-02-11 03:20:54,Merged,1,114,26,2.0
PR-C01-P01-000518,C01-P01,C01-E0344,2026-02-13 15:27:30,2026-02-17 01:27:30,Merged,2,47,47,2.0
PR-C01-P01-000519,C01-P01,C01-E0112,2026-02-06 16:50:23,2026-02-07 06:50:23,Merged,9,139,37,1.0
PR-C01-P01-000520,C01-P01,C01-E0112,2026-02-20 07:55:34,2026-02-23 09:55:34,Merged,4,60,0,2.0
PR-C01-P01-000521,C01-P01,C01-E0172,2026-02-18 08:34:05,,Fechado sem merge,8,89,21,1.0
PR-C01-P01-000522,C01-P01,C01-E0032,2026-02-16 19:06:11,2026-02-18 03:06:11,Merged,7,86,35,0.0
PR-C01-P01-000523,C01-P01,C01-E0263,2026-02-14 20:10:32,2026-02-18 04:10:32,Merged,12,181,10,2.0
PR-C01-P01-000524,C01-P01,C01-E0126,2026-02-09 09:28:56,2026-02-10 01:28:56,Merged,6,41,6,0.0
PR-C01-P01-000525,C01-P01,C01-E0224,2026-02-25 07:14:00,2026-02-25 13:14:00,Merged,3,70,16,1.0
PR-C01-P01-000526,C01-P01,C01-E0341,2026-02-17 20:30:58,2026-02-18 08:30:58,Merged,1,311,38,2.0
PR-C01-P01-000527,C01-P01,C01-E0144,2026-02-09 16:00:49,,Aberto,16,30,14,1.0
PR-C01-P01-000528,C01-P01,C01-E0269,2026-02-20 18:47:30,2026-02-23 18:47:30,Merged,7,47,51,2.0
PR-C01-P01-000529,C01-P01,C01-E0124,2026-02-25 13:48:34,2026-02-28 23:48:34,Merged,8,86,51,2.0
PR-C01-P01-000530,C01-P01,C01-E0139,2026-02-04 16:36:30,2026-02-07 21:36:30,Merged,5,124,48,2.0
PR-C01-P01-000531,C01-P01,C01-E0125,2026-02-10 20:42:58,2026-02-14 12:42:58,Merged,1,98,6,2.0
PR-C01-P01-000532,C01-P01,C01-E0299,2026-02-24 08:52:40,2026-02-27 19:52:40,Merged,11,29,66,2.0
PR-C01-P01-000533,C01-P01,C01-E0120,2026-02-13 18:52:34,,Fechado sem merge,6,41,27,0.0
PR-C01-P01-000534,C01-P01,C01-E0291,2026-03-01 10:45:02,,Fechado sem merge,9,26,64,2.0
PR-C01-P01-000535,C01-P01,C01-E0170,2026-03-06 11:34:21,2026-03-09 18:34:21,Merged,2,35,65,0.0
PR-C01-P01-000536,C01-P01,C01-E0126,2026-03-30 19:08:05,2026-04-03 12:08:05,Merged,5,24,101,0.0
PR-C01-P01-000537,C01-P01,C01-E0150,2026-03-19 13:25:57,2026-03-22 20:25:57,Merged,2,145,12,3.0
PR-C01-P01-000538,C01-P01,C01-E0349,2026-03-28 16:12:23,2026-04-01 00:12:23,Merged,3,73,9,3.0
PR-C01-P01-000539,C01-P01,C01-E0132,2026-03-02 08:51:00,,Fechado sem merge,1,115,49,2.0
PR-C01-P01-000540,C01-P01,C01-E0252,2026-03-11 12:55:33,2026-03-13 07:55:33,Merged,5,79,69,2.0
PR-C01-P01-000541,C01-P01,C01-E0101,2026-03-21 21:41:44,2026-03-25 17:41:44,Merged,5,84,33,2.0
PR-C01-P01-000542,C01-P01,C01-E0301,2026-03-22 17:39:18,2026-03-25 12:39:18,Merged,4,29,13,3.0
PR-C01-P01-000543,C01-P01,C01-E0130,2026-03-15 14:04:22,2026-03-17 06:04:22,Merged,5,58,12,3.0
PR-C01-P01-000544,C01-P01,C01-E0302,2026-03-24 16:04:05,2026-03-26 10:04:05,Merged,3,38,36,1.0
PR-C01-P01-000545,C01-P01,C01-E0334,2026-03-09 15:09:09,2026-03-11 03:09:09,Merged,7,95,9,1.0
PR-C01-P01-000546,C01-P01,C01-E0030,2026-03-05 13:00:58,2026-03-05 20:00:58,Merged,9,99,15,1.0
PR-C01-P01-000547,C01-P01,C01-E0290,2026-03-06 19:02:36,2026-03-10 16:02:36,Merged,19,55,107,2.0
PR-C01-P01-000548,C01-P01,C01-E0259,2026-03-28 19:30:56,2026-04-01 09:30:56,Merged,5,184,19,1.0
PR-C01-P01-000549,C01-P01,C01-E0284,2026-03-29 20:35:17,2026-03-30 21:35:17,Merged,4,49,82,0.0
PR-C01-P01-000550,C01-P01,C01-E0123,2026-03-27 16:10:36,,Aberto,7,93,33,1.0
PR-C01-P01-000551,C01-P01,C01-E0125,2026-03-17 10:02:30,,Fechado sem merge,9,84,12,1.0
PR-C01-P01-000552,C01-P01,C01-E0057,2026-03-06 09:47:23,,Fechado sem merge,4,82,6,2.0
PR-C01-P01-000553,C01-P01,C01-E0329,2026-03-08 20:26:03,2026-03-12 16:26:03,Merged,6,23,38,0.0
PR-C01-P01-000554,C01-P01,C01-E0319,2026-03-05 11:09:57,2026-03-07 18:09:57,Merged,3,66,75,1.0
PR-C01-P01-000555,C01-P01,C01-E0037,2026-03-27 15:08:45,2026-03-28 05:08:45,Merged,5,157,34,3.0
PR-C01-P01-000556,C01-P01,C01-E0299,2026-03-26 09:08:59,2026-03-29 10:08:59,Merged,6,20,2,1.0
PR-C01-P01-000557,C01-P01,C01-E0180,2026-03-26 10:09:39,2026-03-28 11:09:39,Merged,1,111,47,3.0
PR-C01-P01-000558,C01-P01,C01-E0091,2026-03-12 10:55:37,,Aberto,4,47,37,1.0
PR-C01-P01-000559,C01-P01,C01-E0317,2026-03-10 16:28:48,2026-03-12 10:28:48,Merged,3,90,41,2.0
PR-C01-P01-000560,C01-P01,C01-E0300,2026-03-24 07:15:14,,Aberto,3,225,15,0.0
PR-C01-P01-000561,C01-P01,C01-E0190,2026-03-05 11:01:13,2026-03-08 08:01:13,Merged,1,112,11,2.0
PR-C01-P01-000562,C01-P01,C01-E0050,2026-03-13 20:32:51,2026-03-15 03:32:51,Merged,6,9,46,3.0
PR-C01-P01-000563,C01-P01,C01-E0225,2026-03-09 18:30:04,,Aberto,6,17,10,2.0
PR-C01-P01-000564,C01-P01,C01-E0007,2026-03-06 12:24:55,,Aberto,5,57,22,0.0
PR-C01-P01-000565,C01-P01,C01-E0123,2026-03-18 19:05:59,2026-03-22 10:05:59,Merged,4,16,16,1.0
PR-C01-P01-000566,C01-P01,C01-E0106,2026-03-31 07:56:30,2026-04-01 02:56:30,Merged,1,32,31,1.0
PR-C01-P01-000567,C01-P01,C01-E0240,2026-03-30 14:18:02,2026-04-03 07:18:02,Merged,7,72,10,0.0
PR-C01-P01-000568,C01-P01,C01-E0301,2026-03-07 12:24:39,2026-03-07 23:24:39,Merged,3,248,165,2.0
PR-C01-P01-000569,C01-P01,C01-E0174,2026-03-05 16:25:59,2026-03-08 02:25:59,Merged,3,55,9,0.0
PR-C01-P01-000570,C01-P01,C01-E0343,2026-03-15 13:59:37,2026-03-19 11:59:37,Merged,7,55,0,0.0
PR-C01-P01-000571,C01-P01,C01-E0206,2026-03-23 20:58:19,2026-03-24 01:58:19,Merged,5,63,12,1.0
PR-C01-P01-000572,C01-P01,C01-E0346,2026-03-07 07:47:12,,Aberto,4,21,27,3.0
PR-C01-P01-000573,C01-P01,C01-E0016,2026-03-07 20:07:35,2026-03-08 08:07:35,Merged,6,26,28,3.0
PR-C01-P01-000574,C01-P01,C01-E0178,2026-03-11 10:25:45,2026-03-11 15:25:45,Merged,2,82,9,2.0
PR-C01-P01-000575,C01-P01,C01-E0079,2026-03-22 13:11:46,2026-03-26 00:11:46,Merged,3,46,44,2.0
PR-C01-P01-000576,C01-P01,C01-E0252,2026-03-05 14:28:22,2026-03-09 14:28:22,Merged,4,89,11,2.0
PR-C01-P01-000577,C01-P01,C01-E0233,2026-03-23 19:02:18,,Aberto,1,35,18,2.0
PR-C01-P01-000578,C01-P01,C01-E0320,2026-03-03 12:36:35,2026-03-07 06:36:35,Merged,5,39,37,2.0
PR-C01-P01-000579,C01-P01,C01-E0259,2026-03-14 18:30:29,,Aberto,5,77,40,1.0
PR-C01-P01-000580,C01-P01,C01-E0331,2026-03-07 21:00:11,2026-03-11 00:00:11,Merged,5,62,4,
PR-C01-P01-000581,C01-P01,C01-E0125,2026-03-29 10:10:37,,Aberto,1,187,92,2.0
PR-C01-P01-000582,C01-P01,C01-E0228,2026-03-25 10:05:42,,Fechado sem merge,2,113,27,1.0
PR-C01-P01-000583,C01-P01,C01-E0346,2026-03-17 17:00:19,2026-03-21 16:00:19,Merged,2,38,125,0.0
PR-C01-P01-000584,C01-P01,C01-E0287,2026-03-02 15:50:40,2026-03-03 07:50:40,Merged,6,19,60,2.0
PR-C01-P01-000585,C01-P01,C01-E0030,2026-03-19 08:12:30,2026-03-21 23:12:30,Merged,7,54,69,1.0
PR-C01-P01-000586,C01-P01,C01-E0143,2026-03-25 12:13:14,2026-03-26 23:13:14,Merged,3,73,37,3.0
PR-C01-P01-000587,C01-P01,C01-E0195,2026-03-16 10:12:49,,Aberto,6,111,26,1.0
PR-C01-P01-000588,C01-P01,C01-E0286,2026-03-30 17:07:59,2026-04-01 02:07:59,Merged,8,56,84,2.0
PR-C01-P01-000589,C01-P01,C01-E0285,2026-04-15 17:05:08,,Aberto,3,280,81,2.0
PR-C01-P01-000590,C01-P01,C01-E0342,2026-04-10 12:38:06,2026-04-12 10:38:06,Merged,21,40,7,0.0
PR-C01-P01-000591,C01-P01,C01-E0342,2026-04-16 19:10:22,2026-04-18 18:10:22,Merged,5,100,31,0.0
PR-C01-P01-000592,C01-P01,C01-E0178,2026-04-28 16:12:40,,Fechado sem merge,10,109,34,0.0
PR-C01-P01-000593,C01-P01,C01-E0024,2026-04-13 12:42:01,2026-04-17 11:42:01,Merged,3,85,35,
PR-C01-P01-000594,C01-P01,C01-E0286,2026-04-28 09:07:51,2026-05-02 05:07:51,Merged,3,88,12,0.0
PR-C01-P01-000595,C01-P01,C01-E0255,2026-04-06 15:31:33,2026-04-08 05:31:33,Merged,8,75,142,1.0
PR-C01-P01-000596,C01-P01,C01-E0335,2026-04-27 13:43:12,2026-04-30 21:43:12,Merged,5,35,25,2.0
PR-C01-P01-000597,C01-P01,C01-E0131,2026-04-27 20:00:32,,Fechado sem merge,7,71,21,1.0
PR-C01-P01-000598,C01-P01,C01-E0029,2026-04-12 15:56:23,2026-04-14 10:56:23,Merged,8,23,7,2.0
PR-C01-P01-000599,C01-P01,C01-E0343,2026-04-17 20:29:25,,Aberto,8,139,34,
PR-C01-P01-000600,C01-P01,C01-E0159,2026-04-25 21:10:59,2026-04-28 05:10:59,Merged,1,92,33,1.0
PR-C01-P01-000601,C01-P01,C01-E0276,2026-04-27 16:17:56,,Fechado sem merge,1,85,48,3.0
PR-C01-P01-000602,C01-P01,C01-E0217,2026-04-23 18:28:28,,Aberto,2,32,12,1.0
PR-C01-P01-000603,C01-P01,C01-E0191,2026-04-13 14:55:31,2026-04-17 03:55:31,Merged,1,32,41,1.0
PR-C01-P01-000604,C01-P01,C01-E0073,2026-04-25 11:05:30,2026-04-26 05:05:30,Merged,3,118,14,0.0
PR-C01-P01-000605,C01-P01,C01-E0173,2026-04-04 21:07:11,2026-04-04 23:07:11,Merged,9,119,7,1.0
PR-C01-P01-000606,C01-P01,C01-E0180,2026-04-23 12:40:28,2026-04-26 05:40:28,Merged,3,74,109,0.0
PR-C01-P01-000607,C01-P01,C01-E0022,2026-04-18 20:27:57,2026-04-21 23:27:57,Merged,1,86,37,1.0
PR-C01-P01-000608,C01-P01,C01-E0190,2026-04-27 21:11:48,2026-04-30 02:11:48,Merged,7,31,22,2.0
PR-C01-P01-000609,C01-P01,C01-E0159,2026-04-07 19:48:28,2026-04-08 12:48:28,Merged,6,53,15,1.0
PR-C01-P01-000610,C01-P01,C01-E0298,2026-04-03 08:12:09,,Aberto,7,26,23,2.0
PR-C01-P01-000611,C01-P01,C01-E0264,2026-04-17 07:13:36,2026-04-18 13:13:36,Merged,12,175,16,1.0
PR-C01-P01-000612,C01-P01,C01-E0345,2026-04-14 10:53:56,,Aberto,1,36,58,0.0
PR-C01-P01-000613,C01-P01,C01-E0344,2026-04-20 16:31:30,2026-04-21 11:31:30,Merged,4,87,52,1.0
PR-C01-P01-000614,C01-P01,C01-E0182,2026-04-07 20:56:42,2026-04-10 06:56:42,Merged,9,62,55,0.0
PR-C01-P01-000615,C01-P01,C01-E0286,2026-04-14 20:19:13,2026-04-17 23:19:13,Merged,5,270,41,2.0
PR-C01-P01-000616,C01-P01,C01-E0167,2026-04-20 15:53:54,2026-04-24 09:53:54,Merged,3,16,52,1.0
PR-C01-P01-000617,C01-P01,C01-E0209,2026-04-26 13:44:04,2026-04-28 23:44:04,Merged,7,26,33,3.0
PR-C01-P01-000618,C01-P01,C01-E0023,2026-04-10 16:34:55,,Aberto,2,177,60,2.0
PR-C01-P01-000619,C01-P01,C01-E0318,2026-04-12 17:57:52,2026-04-14 05:57:52,Merged,16,75,108,1.0
PR-C01-P01-000620,C01-P01,C01-E0041,2026-04-27 19:00:24,2026-04-29 13:00:24,Merged,12,116,68,2.0
PR-C01-P01-000621,C01-P01,C01-E0147,2026-04-11 14:52:47,2026-04-15 13:52:47,Merged,7,20,12,3.0
PR-C01-P01-000622,C01-P01,C01-E0205,2026-04-23 13:22:03,,Aberto,5,15,16,1.0
PR-C01-P01-000623,C01-P01,C01-E0327,2026-04-07 20:35:23,,Aberto,3,99,10,3.0
PR-C01-P01-000624,C01-P01,C01-E0024,2026-04-12 12:46:16,2026-04-15 22:46:16,Merged,5,30,53,1.0
PR-C01-P01-000625,C01-P01,C01-E0307,2026-04-14 17:33:08,2026-04-17 16:33:08,Merged,1,52,47,1.0
PR-C01-P01-000626,C01-P01,C01-E0247,2026-04-16 16:50:14,2026-04-20 03:50:14,Merged,5,150,18,1.0
PR-C01-P01-000627,C01-P01,C01-E0176,2026-04-15 08:19:22,2026-04-18 08:19:22,Merged,4,17,34,0.0
PR-C01-P01-000628,C01-P01,C01-E0021,2026-04-19 13:19:09,2026-04-22 10:19:09,Merged,5,33,2,3.0
PR-C01-P01-000629,C01-P01,C01-E0334,2026-04-22 18:32:43,2026-04-25 07:32:43,Merged,12,39,39,2.0
PR-C01-P01-000630,C01-P01,C01-E0234,2026-04-02 20:03:04,2026-04-03 21:03:04,Merged,3,200,29,2.0
PR-C01-P01-000631,C01-P01,C01-E0118,2026-04-03 15:13:25,2026-04-04 00:13:25,Merged,4,52,6,3.0
PR-C01-P01-000632,C01-P01,C01-E0024,2026-04-12 21:17:22,,Aberto,2,108,65,1.0
PR-C01-P01-000633,C01-P01,C01-E0336,2026-04-07 07:07:52,2026-04-10 11:07:52,Merged,2,22,19,2.0
PR-C01-P01-000634,C01-P01,C01-E0238,2026-04-14 17:09:56,2026-04-17 13:09:56,Merged,7,14,28,1.0
PR-C01-P01-000635,C01-P01,C01-E0237,2026-04-16 21:39:15,2026-04-18 05:39:15,Merged,3,68,43,1.0
PR-C01-P01-000636,C01-P01,C01-E0042,2026-04-16 09:38:19,2026-04-17 08:38:19,Merged,1,46,54,2.0
PR-C01-P01-000637,C01-P01,C01-E0062,2026-04-08 16:28:44,2026-04-09 01:28:44,Merged,4,34,12,2.0
PR-C01-P01-000638,C01-P01,C01-E0300,2026-04-23 15:43:42,2026-04-25 15:43:42,Merged,4,198,4,2.0
PR-C01-P01-000639,C01-P01,C01-E0031,2026-05-05 18:34:30,,Aberto,1,67,16,3.0
PR-C01-P01-000640,C01-P01,C01-E0133,2026-05-15 14:46:23,,Fechado sem merge,6,48,50,0.0
PR-C01-P01-000641,C01-P01,C01-E0169,2026-05-13 19:40:02,2026-05-13 23:40:02,Merged,1,33,2,0.0
PR-C01-P01-000642,C01-P01,C01-E0047,2026-05-27 21:48:43,2026-05-30 10:48:43,Merged,2,132,10,1.0
PR-C01-P01-000643,C01-P01,C01-E0021,2026-05-19 09:00:29,,Aberto,4,87,29,1.0
PR-C01-P01-000644,C01-P01,C01-E0330,2026-05-09 12:26:50,,Fechado sem merge,10,70,35,0.0
PR-C01-P01-000645,C01-P01,C01-E0032,2026-05-09 07:24:26,2026-05-10 13:24:26,Merged,4,63,59,3.0
PR-C01-P01-000646,C01-P01,C01-E0001,2026-05-06 13:06:14,2026-05-08 23:06:14,Merged,13,24,7,1.0
PR-C01-P01-000647,C01-P01,C01-E0033,2026-05-06 07:04:38,2026-05-07 04:04:38,Merged,11,106,27,2.0
PR-C01-P01-000648,C01-P01,C01-E0024,2026-05-16 08:52:02,2026-05-19 22:52:02,Merged,4,89,53,
PR-C01-P01-000649,C01-P01,C01-E0042,2026-05-06 11:09:58,,Aberto,7,108,28,1.0
PR-C01-P01-000650,C01-P01,C01-E0328,2026-05-29 16:10:28,2026-05-30 23:10:28,Merged,14,57,51,
PR-C01-P01-000651,C01-P01,C01-E0259,2026-05-06 13:19:06,2026-05-08 13:19:06,Merged,10,170,4,1.0
PR-C01-P01-000652,C01-P01,C01-E0363,2026-05-07 19:31:47,2026-05-07 23:31:47,Merged,5,23,48,2.0
PR-C01-P01-000653,C01-P01,C01-E0288,2026-05-10 21:00:45,2026-05-12 01:00:45,Merged,5,12,29,1.0
PR-C01-P01-000654,C01-P01,C01-E0335,2026-05-09 18:01:34,,Fechado sem merge,6,152,39,2.0
PR-C01-P01-000655,C01-P01,C01-E0263,2026-05-19 11:20:38,2026-05-19 18:20:38,Merged,2,309,13,2.0
PR-C01-P01-000656,C01-P01,C01-E0178,2026-05-16 09:35:16,2026-05-18 00:35:16,Merged,1,58,14,1.0
PR-C01-P01-000657,C01-P01,C01-E0344,2026-05-23 20:27:16,,Fechado sem merge,7,112,60,2.0
PR-C01-P01-000658,C01-P01,C01-E0269,2026-05-10 20:34:18,,Aberto,1,15,11,2.0
PR-C01-P01-000659,C01-P01,C01-E0125,2026-05-25 15:44:39,2026-05-28 10:44:39,Merged,1,271,16,1.0
PR-C01-P01-000660,C01-P01,C01-E0021,2026-05-19 20:58:15,,Aberto,5,56,23,1.0
PR-C01-P01-000661,C01-P01,C01-E0205,2026-05-25 17:47:15,,Aberto,4,123,9,3.0
PR-C01-P01-000662,C01-P01,C01-E0165,2026-05-27 18:52:12,2026-05-29 08:52:12,Merged,5,126,22,1.0
PR-C01-P01-000663,C01-P01,C01-E0120,2026-05-10 17:42:35,2026-05-12 09:42:35,Merged,3,65,10,
PR-C01-P01-000664,C01-P01,C01-E0298,2026-05-20 16:05:10,2026-05-21 11:05:10,Merged,14,74,16,3.0
PR-C01-P01-000665,C01-P01,C01-E0137,2026-05-09 07:07:56,2026-05-12 04:07:56,Merged,9,48,20,3.0
PR-C01-P01-000666,C01-P01,C01-E0294,2026-05-11 08:02:36,2026-05-13 17:02:36,Merged,1,72,32,2.0
PR-C01-P01-000667,C01-P01,C01-E0103,2026-05-20 21:45:38,2026-05-21 05:45:38,Merged,6,22,13,1.0
PR-C01-P01-000668,C01-P01,C01-E0104,2026-05-25 16:46:35,,Aberto,5,75,54,
PR-C01-P01-000669,C01-P01,C01-E0038,2026-05-19 20:38:44,,Aberto,4,35,6,0.0
PR-C01-P01-000670,C01-P01,C01-E0146,2026-05-03 21:55:08,2026-05-05 18:55:08,Merged,13,108,31,
PR-C01-P01-000671,C01-P01,C01-E0004,2026-05-20 21:52:20,2026-05-22 02:52:20,Merged,9,132,39,2.0
PR-C01-P01-000672,C01-P01,C01-E0206,2026-05-17 12:24:31,,Fechado sem merge,3,3,13,2.0
PR-C01-P01-000673,C01-P01,C01-E0224,2026-05-01 21:56:13,2026-05-04 12:56:13,Merged,8,22,29,0.0
PR-C01-P01-000674,C01-P01,C01-E0302,2026-05-11 18:59:04,2026-05-13 12:59:04,Merged,2,72,40,3.0
PR-C01-P01-000675,C01-P01,C01-E0354,2026-05-19 18:40:21,,Aberto,2,109,51,0.0
PR-C01-P01-000676,C01-P01,C01-E0284,2026-05-31 19:01:17,,Fechado sem merge,5,52,18,3.0
PR-C01-P01-000677,C01-P01,C01-E0188,2026-05-28 16:09:56,2026-05-31 11:09:56,Merged,4,46,67,2.0
PR-C01-P01-000678,C01-P01,C01-E0298,2026-05-11 07:13:02,2026-05-13 08:13:02,Merged,3,157,44,1.0
PR-C01-P01-000679,C01-P01,C01-E0295,2026-05-17 15:44:42,2026-05-18 12:44:42,Merged,2,37,44,3.0
PR-C01-P01-000680,C01-P01,C01-E0020,2026-05-01 14:10:02,,Aberto,1,61,51,2.0
PR-C01-P01-000681,C01-P01,C01-E0361,2026-05-23 08:44:21,2026-05-25 13:44:21,Merged,2,45,47,1.0
PR-C01-P01-000682,C01-P01,C01-E0195,2026-05-15 13:15:26,2026-05-16 17:15:26,Merged,3,116,43,1.0
PR-C01-P01-000683,C01-P01,C01-E0082,2026-05-26 07:07:23,,Aberto,7,46,23,1.0
PR-C01-P01-000684,C01-P01,C01-E0188,2026-05-02 13:21:17,2026-05-06 10:21:17,Merged,9,39,78,1.0
PR-C01-P01-000685,C01-P01,C01-E0237,2026-05-22 15:16:38,2026-05-23 13:16:38,Merged,5,55,61,0.0
PR-C01-P01-000686,C01-P01,C01-E0038,2026-05-15 13:18:06,2026-05-16 22:18:06,Merged,8,20,6,3.0
PR-C01-P01-000687,C01-P01,C01-E0169,2026-05-23 15:55:29,2026-05-24 01:55:29,Merged,10,18,42,1.0
PR-C01-P01-000688,C01-P01,C01-E0124,2026-05-07 20:49:18,2026-05-09 23:49:18,Merged,5,61,19,2.0
PR-C01-P01-000689,C01-P01,C01-E0172,2026-05-30 15:52:58,2026-06-01 14:52:58,Merged,2,41,36,1.0
PR-C01-P01-000690,C01-P01,C01-E0079,2026-05-12 11:24:42,2026-05-13 14:24:42,Merged,3,47,83,1.0
PR-C01-P01-000691,C01-P01,C01-E0178,2026-05-07 19:26:52,2026-05-08 18:26:52,Merged,1,50,61,3.0
PR-C01-P01-000692,C01-P01,C01-E0254,2026-05-27 21:05:42,2026-05-27 22:05:42,Merged,5,206,31,2.0
PR-C01-P01-000693,C01-P01,C01-E0185,2026-05-05 17:58:33,2026-05-07 20:58:33,Merged,4,124,33,1.0
PR-C01-P01-000694,C01-P01,C01-E0170,2026-05-06 16:39:05,2026-05-06 19:39:05,Merged,9,29,64,
PR-C01-P01-000695,C01-P01,C01-E0190,2026-05-18 08:54:10,2026-05-22 06:54:10,Merged,10,31,69,2.0
PR-C01-P01-000696,C01-P01,C01-E0269,2026-05-04 17:45:28,2026-05-08 02:45:28,Merged,3,70,26,1.0
PR-C01-P01-000697,C01-P01,C01-E0202,2026-05-10 15:34:28,2026-05-12 11:34:28,Merged,3,6,30,
PR-C01-P01-000698,C01-P01,C01-E0330,2026-05-16 18:16:35,2026-05-19 14:16:35,Merged,3,62,38,0.0
PR-C01-P01-000699,C01-P01,C01-E0065,2026-05-06 15:47:27,,Fechado sem merge,5,22,75,0.0
PR-C01-P01-000700,C01-P01,C01-E0252,2026-05-28 12:48:06,2026-05-29 17:48:06,Merged,6,14,12,2.0
PR-C01-P01-000701,C01-P01,C01-E0055,2026-05-14 16:18:03,,Fechado sem merge,2,86,12,2.0
PR-C01-P01-000702,C01-P01,C01-E0358,2026-05-07 13:05:10,2026-05-08 23:05:10,Merged,1,68,29,2.0
PR-C01-P01-000703,C01-P01,C01-E0333,2026-05-27 16:14:37,2026-05-29 12:14:37,Merged,6,162,27,3.0
PR-C01-P01-000704,C01-P01,C01-E0260,2026-05-14 09:01:19,,Fechado sem merge,1,61,3,0.0
PR-C01-P01-000705,C01-P01,C01-E0283,2026-06-16 10:50:04,2026-06-17 05:50:04,Merged,22,173,23,2.0
PR-C01-P01-000706,C01-P01,C01-E0350,2026-06-08 21:04:32,2026-06-10 04:04:32,Merged,14,3,27,3.0
PR-C01-P01-000707,C01-P01,C01-E0080,2026-06-19 08:43:12,2026-06-21 05:43:12,Merged,11,149,19,2.0
PR-C01-P01-000708,C01-P01,C01-E0264,2026-06-01 19:50:46,2026-06-04 20:50:46,Merged,7,34,67,1.0
PR-C01-P01-000709,C01-P01,C01-E0149,2026-06-21 11:23:55,2026-06-21 12:23:55,Merged,5,116,57,2.0
PR-C01-P01-000710,C01-P01,C01-E0111,2026-06-10 14:08:09,2026-06-12 13:08:09,Merged,15,77,4,2.0
PR-C01-P01-000711,C01-P01,C01-E0225,2026-06-01 11:57:18,2026-06-05 03:57:18,Merged,3,113,46,2.0
PR-C01-P01-000712,C01-P01,C01-E0173,2026-06-29 10:42:00,2026-07-01 07:42:00,Merged,10,140,21,2.0
PR-C01-P01-000713,C01-P01,C01-E0019,2026-06-11 09:09:55,2026-06-13 23:09:55,Merged,4,314,9,3.0
PR-C01-P01-000714,C01-P01,C01-E0321,2026-06-18 17:11:17,2026-06-21 10:11:17,Merged,6,41,11,1.0
PR-C01-P01-000715,C01-P01,C01-E0069,2026-06-19 18:23:07,2026-06-23 06:23:07,Merged,4,38,28,3.0
PR-C01-P01-000716,C01-P01,C01-E0232,2026-06-25 10:11:44,,Aberto,16,214,21,0.0
PR-C01-P01-000717,C01-P01,C01-E0150,2026-06-27 16:48:43,2026-06-30 20:48:43,Merged,4,57,16,2.0
PR-C01-P01-000718,C01-P01,C01-E0126,2026-06-06 19:19:46,,Aberto,1,91,9,1.0
PR-C01-P01-000719,C01-P01,C01-E0111,2026-06-16 09:10:34,2026-06-16 17:10:34,Merged,9,67,59,2.0
PR-C01-P01-000720,C01-P01,C01-E0038,2026-06-15 07:10:41,,Aberto,10,50,15,0.0
PR-C01-P01-000721,C01-P01,C01-E0129,2026-06-25 08:37:03,2026-06-29 06:37:03,Merged,8,99,22,3.0
PR-C01-P01-000722,C01-P01,C01-E0327,2026-06-09 20:35:55,2026-06-13 18:35:55,Merged,2,52,23,2.0
PR-C01-P01-000723,C01-P01,C01-E0283,2026-06-16 18:20:30,2026-06-19 22:20:30,Merged,2,145,14,2.0
PR-C01-P01-000724,C01-P01,C01-E0136,2026-06-11 13:05:53,2026-06-15 00:05:53,Merged,12,44,10,0.0
PR-C01-P01-000725,C01-P01,C01-E0235,2026-06-28 17:27:22,2026-06-28 22:27:22,Merged,8,52,19,0.0
PR-C01-P01-000726,C01-P01,C01-E0006,2026-06-09 08:19:17,2026-06-11 22:19:17,Merged,8,16,9,1.0
PR-C01-P01-000727,C01-P01,C01-E0023,2026-06-19 14:31:55,2026-06-23 08:31:55,Merged,6,86,8,2.0
PR-C01-P01-000728,C01-P01,C01-E0176,2026-06-12 08:51:05,,Aberto,1,46,24,0.0
PR-C01-P01-000729,C01-P01,C01-E0302,2026-06-04 15:00:06,2026-06-04 18:00:06,Merged,2,25,46,0.0
PR-C01-P01-000730,C01-P01,C01-E0146,2026-06-09 12:58:35,2026-06-11 13:58:35,Merged,2,44,22,1.0
PR-C01-P01-000731,C01-P01,C01-E0351,2026-06-11 14:30:29,2026-06-11 22:30:29,Merged,2,104,166,2.0
PR-C01-P01-000732,C01-P01,C01-E0131,2026-06-04 20:49:44,2026-06-07 12:49:44,Merged,1,30,34,2.0
PR-C01-P01-000733,C01-P01,C01-E0345,2026-06-21 07:55:38,,Aberto,2,108,99,1.0
PR-C01-P01-000734,C01-P01,C01-E0363,2026-06-11 12:23:26,2026-06-12 15:23:26,Merged,1,68,51,0.0
PR-C01-P01-000735,C01-P01,C01-E0030,2026-06-03 21:28:09,,Fechado sem merge,7,161,127,2.0
PR-C01-P01-000736,C01-P01,C01-E0307,2026-06-11 09:02:15,2026-06-13 18:02:15,Merged,12,164,5,2.0
PR-C01-P01-000737,C01-P01,C01-E0312,2026-06-27 21:57:02,2026-07-01 11:57:02,Merged,3,28,15,0.0
PR-C01-P01-000738,C01-P01,C01-E0125,2026-06-12 08:22:06,2026-06-15 16:22:06,Merged,1,97,49,1.0
PR-C01-P01-000739,C01-P01,C01-E0097,2026-06-19 15:25:45,2026-06-22 12:25:45,Merged,3,77,54,0.0
PR-C01-P01-000740,C01-P01,C01-E0030,2026-06-08 18:44:32,,Aberto,3,84,17,2.0
PR-C01-P01-000741,C01-P01,C01-E0110,2026-06-21 20:53:02,2026-06-21 22:53:02,Merged,5,136,90,2.0
PR-C01-P01-000742,C01-P01,C01-E0317,2026-06-11 21:46:39,2026-06-15 10:46:39,Merged,5,81,29,1.0
PR-C01-P01-000743,C01-P01,C01-E0112,2026-06-17 09:13:14,2026-06-20 05:13:14,Merged,2,115,47,3.0
PR-C01-P01-000744,C01-P01,C01-E0132,2026-06-29 08:47:28,2026-07-01 04:47:28,Merged,1,40,26,
PR-C01-P01-000745,C01-P01,C01-E0172,2026-06-03 17:15:48,,Aberto,8,40,31,
PR-C01-P01-000746,C01-P01,C01-E0133,2026-06-02 21:56:57,2026-06-05 13:56:57,Merged,3,14,12,3.0
PR-C01-P01-000747,C01-P01,C01-E0235,2026-06-13 12:14:35,2026-06-15 23:14:35,Merged,4,41,72,2.0
PR-C01-P01-000748,C01-P01,C01-E0058,2026-06-12 14:26:34,,Fechado sem merge,4,155,34,1.0
PR-C01-P01-000749,C01-P01,C01-E0313,2026-06-24 20:18:45,2026-06-25 01:18:45,Merged,3,82,7,2.0
PR-C01-P01-000750,C01-P01,C01-E0182,2026-06-12 13:07:32,2026-06-14 01:07:32,Merged,4,144,55,0.0
PR-C01-P01-000751,C01-P01,C01-E0110,2026-06-10 17:56:35,2026-06-13 20:56:35,Merged,4,59,44,2.0
PR-C01-P01-000752,C01-P01,C01-E0232,2026-06-11 19:35:38,2026-06-11 21:35:38,Merged,4,49,16,2.0
PR-C01-P01-000753,C01-P01,C01-E0334,2026-06-24 16:11:46,2026-06-25 05:11:46,Merged,4,4,19,2.0
PR-C01-P01-000754,C01-P01,C01-E0245,2026-06-13 10:34:45,,Aberto,7,24,32,3.0
PR-C01-P01-000755,C01-P01,C01-E0159,2026-06-05 10:02:59,2026-06-06 00:02:59,Merged,11,18,18,2.0
PR-C01-P01-000756,C01-P01,C01-E0331,2026-06-20 21:38:45,2026-06-23 20:38:45,Merged,6,33,2,3.0
PR-C01-P01-000757,C01-P01,C01-E0205,2026-06-03 17:47:01,,Fechado sem merge,3,42,77,1.0
PR-C01-P01-000758,C01-P01,C01-E0152,2026-06-19 20:54:22,2026-06-21 04:54:22,Merged,1,47,53,2.0
PR-C01-P01-000759,C01-P01,C01-E0331,2026-07-01 20:41:21,2026-07-05 08:41:21,Merged,13,137,8,0.0
PR-C01-P01-000760,C01-P01,C01-E0345,2026-07-29 19:36:06,2026-08-02 16:36:06,Merged,14,38,75,1.0
PR-C01-P01-000761,C01-P01,C01-E0019,2026-07-22 18:01:02,,Fechado sem merge,4,71,24,2.0
PR-C01-P01-000762,C01-P01,C01-E0270,2026-07-29 19:57:22,2026-08-01 10:57:22,Merged,7,18,46,2.0
PR-C01-P01-000763,C01-P01,C01-E0237,2026-07-17 10:55:49,2026-07-18 12:55:49,Merged,3,28,90,2.0
PR-C01-P01-000764,C01-P01,C01-E0174,2026-07-20 17:30:08,2026-07-24 04:30:08,Merged,19,82,75,
PR-C01-P01-000765,C01-P01,C01-E0139,2026-07-20 21:14:33,2026-07-24 01:14:33,Merged,10,57,8,0.0
PR-C01-P01-000766,C01-P01,C01-E0255,2026-07-12 13:08:34,2026-07-12 15:08:34,Merged,5,33,8,3.0
PR-C01-P01-000767,C01-P01,C01-E0217,2026-07-01 10:58:41,2026-07-03 12:58:41,Merged,1,56,9,1.0
PR-C01-P01-000768,C01-P01,C01-E0195,2026-07-03 18:06:34,2026-07-05 19:06:34,Merged,13,123,40,2.0
PR-C01-P01-000769,C01-P01,C01-E0156,2026-07-25 13:18:35,2026-07-26 12:18:35,Merged,7,86,48,2.0
PR-C01-P01-000770,C01-P01,C01-E0214,2026-07-31 13:59:13,,Aberto,1,49,120,1.0
PR-C01-P01-000771,C01-P01,C01-E0286,2026-07-09 20:12:07,2026-07-13 10:12:07,Merged,13,70,12,2.0
PR-C01-P01-000772,C01-P01,C01-E0255,2026-07-27 09:29:28,,Fechado sem merge,3,110,13,2.0
PR-C01-P01-000773,C01-P01,C01-E0062,2026-07-03 20:28:09,2026-07-06 01:28:09,Merged,2,61,9,2.0
PR-C01-P01-000774,C01-P01,C01-E0030,2026-07-25 17:36:51,2026-07-26 14:36:51,Merged,5,214,124,2.0
PR-C01-P01-000775,C01-P01,C01-E0020,2026-07-01 15:28:52,,Aberto,2,130,11,1.0
PR-C01-P01-000776,C01-P01,C01-E0152,2026-07-29 07:13:21,2026-07-30 14:13:21,Merged,1,123,155,1.0
PR-C01-P01-000777,C01-P01,C01-E0256,2026-07-02 16:31:13,2026-07-05 04:31:13,Merged,5,81,28,2.0
PR-C01-P01-000778,C01-P01,C01-E0139,2026-07-15 10:41:24,,Aberto,3,26,63,2.0
PR-C01-P01-000779,C01-P01,C01-E0139,2026-07-31 21:55:00,2026-08-04 00:55:00,Merged,2,130,32,0.0
PR-C01-P01-000780,C01-P01,C01-E0165,2026-07-19 12:24:17,2026-07-20 00:24:17,Merged,6,64,27,2.0
PR-C01-P01-000781,C01-P01,C01-E0269,2026-07-13 10:36:44,,Aberto,2,22,24,0.0
PR-C01-P01-000782,C01-P01,C01-E0361,2026-07-14 13:49:40,2026-07-15 03:49:40,Merged,8,12,15,3.0
PR-C01-P01-000783,C01-P01,C01-E0125,2026-07-12 08:41:00,2026-07-14 02:41:00,Merged,2,64,23,0.0
PR-C01-P01-000784,C01-P01,C01-E0254,2026-07-16 18:19:27,2026-07-20 15:19:27,Merged,2,96,8,1.0
PR-C01-P01-000785,C01-P01,C01-E0321,2026-07-28 14:13:34,2026-07-30 21:13:34,Merged,3,88,30,1.0
PR-C01-P01-000786,C01-P01,C01-E0237,2026-07-21 15:25:10,2026-07-24 06:25:10,Merged,5,28,21,0.0
PR-C01-P01-000787,C01-P01,C01-E0161,2026-07-01 07:58:22,2026-07-04 00:58:22,Merged,1,150,28,1.0
PR-C01-P01-000788,C01-P01,C01-E0099,2026-07-15 12:43:54,2026-07-15 20:43:54,Merged,4,37,84,1.0
PR-C01-P01-000789,C01-P01,C01-E0235,2026-07-17 13:52:34,2026-07-20 03:52:34,Merged,1,83,1,0.0
PR-C01-P01-000790,C01-P01,C01-E0001,2026-07-24 10:10:20,,Aberto,3,47,42,2.0
PR-C01-P01-000791,C01-P01,C01-E0360,2026-07-18 15:48:28,2026-07-19 10:48:28,Merged,4,118,88,1.0
PR-C01-P01-000792,C01-P01,C01-E0152,2026-07-16 17:13:47,2026-07-18 03:13:47,Merged,10,19,50,2.0
PR-C01-P01-000793,C01-P01,C01-E0327,2026-07-01 20:06:29,2026-07-03 01:06:29,Merged,5,96,17,1.0
PR-C01-P01-000794,C01-P01,C01-E0276,2026-07-16 09:02:06,2026-07-18 13:02:06,Merged,11,94,42,1.0
PR-C01-P01-000795,C01-P01,C01-E0164,2026-07-11 21:18:33,,Aberto,2,42,37,1.0
PR-C01-P01-000796,C01-P01,C01-E0169,2026-07-30 16:20:59,2026-08-03 11:20:59,Merged,7,30,108,
PR-C01-P01-000797,C01-P01,C01-E0261,2026-07-27 17:21:54,2026-07-28 21:21:54,Merged,11,87,35,0.0
PR-C01-P01-000798,C01-P01,C01-E0310,2026-07-30 09:25:22,2026-07-31 07:25:22,Merged,4,115,57,
PR-C01-P01-000799,C01-P01,C01-E0016,2026-07-31 19:51:30,2026-08-04 00:51:30,Merged,13,29,11,1.0
PR-C01-P01-000800,C01-P01,C01-E0313,2026-07-12 21:56:17,2026-07-16 09:56:17,Merged,6,96,16,1.0
PR-C01-P01-000801,C01-P01,C01-E0059,2026-07-13 14:07:54,2026-07-14 23:07:54,Merged,1,36,19,0.0
PR-C01-P01-000802,C01-P01,C01-E0110,2026-07-10 07:24:54,2026-07-12 22:24:54,Merged,10,44,4,2.0
PR-C01-P01-000803,C01-P01,C01-E0024,2026-07-03 19:51:13,,Fechado sem merge,5,17,1,0.0
PR-C01-P01-000804,C01-P01,C01-E0066,2026-07-20 17:12:41,2026-07-23 03:12:41,Merged,13,123,33,2.0
PR-C01-P01-000805,C01-P01,C01-E0024,2026-07-26 17:08:50,2026-07-27 19:08:50,Merged,4,142,19,3.0
PR-C01-P01-000806,C01-P01,C01-E0018,2026-07-02 13:55:55,,Aberto,1,120,29,0.0
PR-C01-P01-000807,C01-P01,C01-E0137,2026-07-17 21:22:06,2026-07-21 12:22:06,Merged,20,23,14,3.0
PR-C01-P01-000808,C01-P01,C01-E0101,2026-07-28 18:40:36,2026-07-29 14:40:36,Merged,9,57,11,1.0
PR-C01-P01-000809,C01-P01,C01-E0327,2026-07-28 13:13:28,2026-07-29 22:13:28,Merged,2,145,34,1.0
PR-C01-P01-000810,C01-P01,C01-E0363,2026-07-16 09:37:00,2026-07-16 22:37:00,Merged,1,81,7,1.0
PR-C01-P01-000811,C01-P01,C01-E0321,2026-07-01 07:56:00,2026-07-05 03:56:00,Merged,1,75,2,1.0
PR-C01-P01-000812,C01-P01,C01-E0023,2026-07-14 19:27:16,2026-07-17 01:27:16,Merged,4,142,73,3.0
PR-C01-P01-000813,C01-P01,C01-E0341,2026-07-24 15:36:58,2026-07-27 12:36:58,Merged,7,80,84,2.0
PR-C01-P01-000814,C01-P01,C01-E0210,2026-07-30 17:51:40,2026-07-31 08:51:40,Merged,14,122,27,2.0
PR-C01-P01-000815,C01-P01,C01-E0294,2026-07-26 13:12:16,2026-07-30 02:12:16,Merged,7,52,45,2.0
PR-C01-P01-000816,C01-P01,C01-E0165,2026-07-07 21:24:41,2026-07-10 09:24:41,Merged,3,137,73,2.0
PR-C01-P01-000817,C01-P01,C01-E0016,2026-07-26 08:16:15,2026-07-28 16:16:15,Merged,9,161,48,2.0
PR-C01-P01-000818,C01-P01,C01-E0065,2026-07-21 08:25:51,2026-07-24 08:25:51,Merged,2,34,9,2.0
PR-C01-P01-000819,C01-P01,C01-E0147,2026-07-16 21:11:04,2026-07-17 05:11:04,Merged,10,112,3,1.0
PR-C01-P02-000820,C01-P02,C01-E0170,2025-06-10 17:32:49,2025-06-14 14:32:49,Merged,1,196,26,2.0
PR-C01-P02-000821,C01-P02,C01-E0217,2025-06-04 12:00:39,2025-06-06 14:00:39,Merged,5,40,15,1.0
PR-C01-P02-000822,C01-P02,C01-E0331,2025-06-01 20:31:32,2025-06-05 05:31:32,Merged,5,26,38,
PR-C01-P02-000823,C01-P02,C01-E0341,2025-06-12 07:36:46,2025-06-16 03:36:46,Merged,6,73,69,2.0
PR-C01-P02-000824,C01-P02,C01-E0106,2025-06-18 19:05:39,2025-06-19 09:05:39,Merged,1,119,9,0.0
PR-C01-P02-000825,C01-P02,C01-E0025,2025-06-20 17:03:24,2025-06-21 01:03:24,Merged,9,58,8,1.0
PR-C01-P02-000826,C01-P02,C01-E0124,2025-06-09 16:54:20,,Fechado sem merge,3,41,43,1.0
PR-C01-P02-000827,C01-P02,C01-E0112,2025-06-06 11:56:07,,Aberto,7,20,53,1.0
PR-C01-P02-000828,C01-P02,C01-E0170,2025-06-02 09:00:54,,Aberto,9,62,35,1.0
PR-C01-P02-000829,C01-P02,C01-E0308,2025-06-05 14:42:58,2025-06-05 22:42:58,Merged,5,120,46,1.0
PR-C01-P02-000830,C01-P02,C01-E0216,2025-06-25 21:41:28,,Aberto,6,29,43,1.0
PR-C01-P02-000831,C01-P02,C01-E0234,2025-06-25 16:33:11,,Fechado sem merge,9,76,38,1.0
PR-C01-P02-000832,C01-P02,C01-E0090,2025-06-13 12:45:39,2025-06-17 10:45:39,Merged,9,45,130,1.0
PR-C01-P02-000833,C01-P02,C01-E0342,2025-06-12 12:50:12,2025-06-13 12:50:12,Merged,4,27,34,
PR-C01-P02-000834,C01-P02,C01-E0022,2025-06-04 16:00:02,2025-06-08 13:00:02,Merged,3,124,34,0.0
PR-C01-P02-000835,C01-P02,C01-E0235,2025-06-26 17:41:41,2025-06-28 15:41:41,Merged,6,56,58,1.0
PR-C01-P02-000836,C01-P02,C01-E0235,2025-06-05 21:30:21,2025-06-09 19:30:21,Merged,7,40,9,3.0
PR-C01-P02-000837,C01-P02,C01-E0118,2025-06-12 15:27:20,2025-06-15 17:27:20,Merged,1,42,3,2.0
PR-C01-P02-000838,C01-P02,C01-E0235,2025-06-05 20:22:05,2025-06-06 05:22:05,Merged,15,52,23,2.0
PR-C01-P02-000839,C01-P02,C01-E0159,2025-06-27 09:45:49,2025-06-30 03:45:49,Merged,2,21,45,1.0
PR-C01-P02-000840,C01-P02,C01-E0283,2025-06-03 09:34:38,2025-06-06 19:34:38,Merged,2,74,11,3.0
PR-C01-P02-000841,C01-P02,C01-E0156,2025-06-04 07:09:20,2025-06-07 00:09:20,Merged,1,97,19,2.0
PR-C01-P02-000842,C01-P02,C01-E0319,2025-06-16 08:42:16,,Aberto,16,40,36,0.0
PR-C01-P02-000843,C01-P02,C01-E0131,2025-06-30 19:37:03,,Fechado sem merge,6,14,29,2.0
PR-C01-P02-000844,C01-P02,C01-E0349,2025-06-06 11:46:12,2025-06-10 10:46:12,Merged,2,257,15,1.0
PR-C01-P02-000845,C01-P02,C01-E0016,2025-06-21 12:12:29,,Aberto,3,28,9,
PR-C01-P02-000846,C01-P02,C01-E0065,2025-06-14 12:50:10,2025-06-15 22:50:10,Merged,13,169,27,3.0
PR-C01-P02-000847,C01-P02,C01-E0346,2025-06-04 15:52:57,,Aberto,2,61,81,0.0
PR-C01-P02-000848,C01-P02,C01-E0005,2025-06-11 18:25:10,2025-06-12 12:25:10,Merged,5,23,24,3.0
PR-C01-P02-000849,C01-P02,C01-E0082,2025-06-24 21:45:14,2025-06-26 02:45:14,Merged,7,40,42,3.0
PR-C01-P02-000850,C01-P02,C01-E0238,2025-06-08 18:56:45,,Aberto,9,21,23,2.0
PR-C01-P02-000851,C01-P02,C01-E0313,2025-06-17 15:05:47,2025-06-18 07:05:47,Merged,7,42,24,0.0
PR-C01-P02-000852,C01-P02,C01-E0023,2025-06-16 14:00:52,2025-06-18 23:00:52,Merged,2,114,47,1.0
PR-C01-P02-000853,C01-P02,C01-E0009,2025-06-17 13:40:09,,Aberto,2,122,16,1.0
PR-C01-P02-000854,C01-P02,C01-E0182,2025-06-12 09:57:07,2025-06-16 07:57:07,Merged,5,20,56,3.0
PR-C01-P02-000855,C01-P02,C01-E0217,2025-06-17 10:41:26,2025-06-19 16:41:26,Merged,2,205,37,0.0
PR-C01-P02-000856,C01-P02,C01-E0343,2025-06-24 12:58:28,2025-06-27 20:58:28,Merged,8,58,2,
PR-C01-P02-000857,C01-P02,C01-E0228,2025-06-21 20:34:16,2025-06-22 00:34:16,Merged,11,48,14,2.0
PR-C01-P02-000858,C01-P02,C01-E0084,2025-06-28 12:27:16,2025-07-02 07:27:16,Merged,3,28,8,1.0
PR-C01-P02-000859,C01-P02,C01-E0099,2025-06-18 12:56:05,2025-06-20 17:56:05,Merged,2,113,7,3.0
PR-C01-P02-000860,C01-P02,C01-E0264,2025-06-15 09:24:57,,Aberto,12,94,32,1.0
PR-C01-P02-000861,C01-P02,C01-E0057,2025-06-20 17:03:23,2025-06-24 01:03:23,Merged,12,123,41,0.0
PR-C01-P02-000862,C01-P02,C01-E0263,2025-06-09 12:37:31,2025-06-11 12:37:31,Merged,3,96,13,0.0
PR-C01-P02-000863,C01-P02,C01-E0252,2025-06-06 17:36:50,2025-06-09 17:36:50,Merged,12,79,77,1.0
PR-C01-P02-000864,C01-P02,C01-E0028,2025-06-04 11:36:44,2025-06-06 14:36:44,Merged,7,77,65,0.0
PR-C01-P02-000865,C01-P02,C01-E0355,2025-06-16 21:43:30,2025-06-18 16:43:30,Merged,6,105,38,0.0
PR-C01-P02-000866,C01-P02,C01-E0015,2025-06-03 12:51:47,2025-06-05 17:51:47,Merged,7,19,37,0.0
PR-C01-P02-000867,C01-P02,C01-E0210,2025-06-13 13:48:45,2025-06-15 02:48:45,Merged,7,181,6,2.0
PR-C01-P02-000868,C01-P02,C01-E0205,2025-06-21 17:35:35,2025-06-22 05:35:35,Merged,1,73,51,3.0
PR-C01-P02-000869,C01-P02,C01-E0149,2025-06-15 19:33:51,,Fechado sem merge,7,310,32,2.0
PR-C01-P02-000870,C01-P02,C01-E0110,2025-06-23 07:19:08,2025-06-24 12:19:08,Merged,4,36,39,
PR-C01-P02-000871,C01-P02,C01-E0312,2025-06-26 13:33:13,2025-06-26 19:33:13,Merged,10,319,3,1.0
PR-C01-P02-000872,C01-P02,C01-E0030,2025-06-27 07:22:13,2025-06-28 13:22:13,Merged,6,154,88,2.0
PR-C01-P02-000873,C01-P02,C01-E0156,2025-06-30 13:56:16,2025-07-02 18:56:16,Merged,2,35,153,1.0
PR-C01-P02-000874,C01-P02,C01-E0125,2025-06-17 08:20:20,2025-06-19 04:20:20,Merged,5,157,7,0.0
PR-C01-P02-000875,C01-P02,C01-E0144,2025-06-22 13:32:14,2025-06-23 19:32:14,Merged,6,99,21,2.0
PR-C01-P02-000876,C01-P02,C01-E0260,2025-06-22 10:36:13,2025-06-23 09:36:13,Merged,2,85,82,1.0
PR-C01-P02-000877,C01-P02,C01-E0118,2025-06-04 09:30:08,2025-06-06 20:30:08,Merged,4,66,44,2.0
PR-C01-P02-000878,C01-P02,C01-E0047,2025-06-23 19:54:12,2025-06-24 15:54:12,Merged,8,115,49,1.0
PR-C01-P02-000879,C01-P02,C01-E0101,2025-06-08 15:32:15,2025-06-11 09:32:15,Merged,3,118,25,2.0
PR-C01-P02-000880,C01-P02,C01-E0096,2025-07-01 14:00:28,2025-07-03 13:00:28,Merged,3,104,23,1.0
PR-C01-P02-000881,C01-P02,C01-E0148,2025-07-08 16:16:36,2025-07-09 11:16:36,Merged,10,60,84,2.0
PR-C01-P02-000882,C01-P02,C01-E0336,2025-07-19 13:50:52,2025-07-20 17:50:52,Merged,5,54,21,1.0
PR-C01-P02-000883,C01-P02,C01-E0299,2025-07-07 11:27:23,2025-07-09 18:27:23,Merged,9,38,107,3.0
PR-C01-P02-000884,C01-P02,C01-E0001,2025-07-27 21:04:49,2025-07-31 00:04:49,Merged,3,70,40,0.0
PR-C01-P02-000885,C01-P02,C01-E0144,2025-07-22 16:34:12,2025-07-24 01:34:12,Merged,3,43,37,0.0
PR-C01-P02-000886,C01-P02,C01-E0312,2025-07-30 12:56:25,2025-07-31 19:56:25,Merged,4,71,59,2.0
PR-C01-P02-000887,C01-P02,C01-E0312,2025-07-23 20:29:03,2025-07-26 20:29:03,Merged,12,18,19,
PR-C01-P02-000888,C01-P02,C01-E0196,2025-07-14 12:27:38,2025-07-16 12:27:38,Merged,10,27,29,2.0
PR-C01-P02-000889,C01-P02,C01-E0125,2025-07-11 11:51:41,2025-07-13 19:51:41,Merged,6,42,1,2.0
PR-C01-P02-000890,C01-P02,C01-E0079,2025-07-17 17:42:54,2025-07-19 05:42:54,Merged,13,67,14,1.0
PR-C01-P02-000891,C01-P02,C01-E0225,2025-07-07 13:41:52,2025-07-07 14:41:52,Merged,2,157,52,2.0
PR-C01-P02-000892,C01-P02,C01-E0048,2025-07-25 21:20:52,2025-07-26 14:20:52,Merged,4,50,2,1.0
PR-C01-P02-000893,C01-P02,C01-E0118,2025-07-15 18:20:41,2025-07-17 10:20:41,Merged,6,243,49,1.0
PR-C01-P02-000894,C01-P02,C01-E0319,2025-07-31 12:57:25,2025-08-03 08:57:25,Merged,15,301,15,0.0
PR-C01-P02-000895,C01-P02,C01-E0133,2025-07-20 15:03:28,,Aberto,4,41,39,3.0
PR-C01-P02-000896,C01-P02,C01-E0043,2025-07-19 12:57:14,2025-07-19 15:57:14,Merged,1,31,77,1.0
PR-C01-P02-000897,C01-P02,C01-E0147,2025-07-31 08:33:46,2025-08-03 23:33:46,Merged,7,29,13,3.0
PR-C01-P02-000898,C01-P02,C01-E0261,2025-07-29 18:27:11,2025-07-31 02:27:11,Merged,1,42,12,1.0
PR-C01-P02-000899,C01-P02,C01-E0342,2025-07-09 14:03:19,2025-07-12 03:03:19,Merged,2,17,62,3.0
PR-C01-P02-000900,C01-P02,C01-E0343,2025-07-21 18:58:23,2025-07-23 21:58:23,Merged,11,56,25,1.0
PR-C01-P02-000901,C01-P02,C01-E0351,2025-07-10 12:58:25,2025-07-11 08:58:25,Merged,1,98,1,1.0
PR-C01-P02-000902,C01-P02,C01-E0148,2025-07-03 19:29:49,2025-07-06 16:29:49,Merged,3,34,52,1.0
PR-C01-P02-000903,C01-P02,C01-E0037,2025-07-29 10:29:32,2025-07-31 16:29:32,Merged,5,73,44,3.0
PR-C01-P02-000904,C01-P02,C01-E0059,2025-07-15 10:45:03,2025-07-18 21:45:03,Merged,10,169,11,2.0
PR-C01-P02-000905,C01-P02,C01-E0031,2025-07-05 11:11:39,,Fechado sem merge,2,27,54,2.0
PR-C01-P02-000906,C01-P02,C01-E0294,2025-07-10 13:18:21,,Aberto,8,62,28,3.0
PR-C01-P02-000907,C01-P02,C01-E0017,2025-07-22 13:46:02,2025-07-23 22:46:02,Merged,15,80,22,3.0
PR-C01-P02-000908,C01-P02,C01-E0111,2025-07-28 17:14:04,2025-07-31 14:14:04,Merged,3,66,19,1.0
PR-C01-P02-000909,C01-P02,C01-E0361,2025-07-22 16:43:30,2025-07-24 05:43:30,Merged,4,22,17,0.0
PR-C01-P02-000910,C01-P02,C01-E0319,2025-07-14 17:16:31,2025-07-15 12:16:31,Merged,8,19,30,0.0
PR-C01-P02-000911,C01-P02,C01-E0153,2025-07-22 21:24:30,2025-07-25 10:24:30,Merged,4,136,0,1.0
PR-C01-P02-000912,C01-P02,C01-E0134,2025-07-30 14:34:06,2025-07-30 21:34:06,Merged,1,127,65,3.0
PR-C01-P02-000913,C01-P02,C01-E0238,2025-07-31 18:54:26,2025-07-31 22:54:26,Merged,1,37,40,2.0
PR-C01-P02-000914,C01-P02,C01-E0084,2025-07-17 18:56:27,,Aberto,3,266,26,2.0
PR-C01-P02-000915,C01-P02,C01-E0287,2025-07-03 12:47:23,2025-07-07 07:47:23,Merged,6,30,14,1.0
PR-C01-P02-000916,C01-P02,C01-E0061,2025-07-07 18:47:02,2025-07-09 14:47:02,Merged,6,23,7,3.0
PR-C01-P02-000917,C01-P02,C01-E0125,2025-07-27 13:21:01,2025-07-29 20:21:01,Merged,26,45,44,1.0
PR-C01-P02-000918,C01-P02,C01-E0336,2025-07-26 20:43:02,2025-07-29 09:43:02,Merged,9,199,3,1.0
PR-C01-P02-000919,C01-P02,C01-E0264,2025-07-22 08:54:08,2025-07-24 05:54:08,Merged,6,69,10,1.0
PR-C01-P02-000920,C01-P02,C01-E0226,2025-07-16 19:56:27,2025-07-19 06:56:27,Merged,10,102,15,1.0
PR-C01-P02-000921,C01-P02,C01-E0214,2025-07-30 10:49:53,2025-08-02 05:49:53,Merged,5,66,7,1.0
PR-C01-P02-000922,C01-P02,C01-E0324,2025-07-02 13:21:46,,Aberto,3,72,42,2.0
PR-C01-P02-000923,C01-P02,C01-E0146,2025-07-04 19:40:41,2025-07-07 13:40:41,Merged,5,87,51,1.0
PR-C01-P02-000924,C01-P02,C01-E0006,2025-07-08 20:19:59,2025-07-11 14:19:59,Merged,5,81,28,3.0
PR-C01-P02-000925,C01-P02,C01-E0247,2025-07-15 07:51:42,2025-07-15 21:51:42,Merged,10,57,45,2.0
PR-C01-P02-000926,C01-P02,C01-E0091,2025-07-30 21:39:13,2025-07-31 04:39:13,Merged,4,81,53,2.0
PR-C01-P02-000927,C01-P02,C01-E0178,2025-07-22 19:57:00,2025-07-23 03:57:00,Merged,1,71,51,3.0
PR-C01-P02-000928,C01-P02,C01-E0330,2025-07-31 19:37:17,2025-08-01 23:37:17,Merged,5,50,70,0.0
PR-C01-P02-000929,C01-P02,C01-E0222,2025-07-31 16:50:21,2025-08-01 06:50:21,Merged,8,157,17,1.0
PR-C01-P02-000930,C01-P02,C01-E0276,2025-07-23 19:19:05,,Aberto,4,28,18,3.0
PR-C01-P02-000931,C01-P02,C01-E0180,2025-07-14 08:12:42,2025-07-15 16:12:42,Merged,7,15,46,1.0
PR-C01-P02-000932,C01-P02,C01-E0217,2025-07-28 18:07:46,,Aberto,1,28,29,2.0
PR-C01-P02-000933,C01-P02,C01-E0048,2025-07-29 07:21:36,2025-07-31 13:21:36,Merged,5,32,4,2.0
PR-C01-P02-000934,C01-P02,C01-E0104,2025-07-15 20:56:53,2025-07-18 06:56:53,Merged,14,70,15,3.0
PR-C01-P02-000935,C01-P02,C01-E0152,2025-07-06 18:53:26,2025-07-09 17:53:26,Merged,9,28,37,1.0
PR-C01-P02-000936,C01-P02,C01-E0030,2025-07-31 13:51:23,,Fechado sem merge,3,121,28,3.0
PR-C01-P02-000937,C01-P02,C01-E0118,2025-07-26 16:38:11,2025-07-27 11:38:11,Merged,3,69,33,3.0
PR-C01-P02-000938,C01-P02,C01-E0049,2025-07-28 11:02:47,2025-07-30 06:02:47,Merged,4,79,8,0.0
PR-C01-P02-000939,C01-P02,C01-E0132,2025-07-01 20:36:32,2025-07-04 06:36:32,Merged,1,36,23,1.0
PR-C01-P02-000940,C01-P02,C01-E0084,2025-07-09 09:13:14,,Aberto,8,123,26,1.0
PR-C01-P02-000941,C01-P02,C01-E0174,2025-07-19 20:54:56,2025-07-21 01:54:56,Merged,9,140,35,1.0
PR-C01-P02-000942,C01-P02,C01-E0033,2025-07-20 16:56:30,2025-07-23 02:56:30,Merged,1,109,14,2.0
PR-C01-P02-000943,C01-P02,C01-E0303,2025-07-16 19:30:13,,Aberto,2,30,46,3.0
PR-C01-P02-000944,C01-P02,C01-E0310,2025-07-15 15:28:19,2025-07-17 23:28:19,Merged,1,29,26,3.0
PR-C01-P02-000945,C01-P02,C01-E0298,2025-07-13 12:36:40,2025-07-13 22:36:40,Merged,6,23,34,1.0
PR-C01-P02-000946,C01-P02,C01-E0291,2025-08-02 14:22:50,2025-08-03 15:22:50,Merged,3,95,35,3.0
PR-C01-P02-000947,C01-P02,C01-E0214,2025-08-31 20:44:04,,Aberto,5,102,13,3.0
PR-C01-P02-000948,C01-P02,C01-E0154,2025-08-05 20:50:22,2025-08-07 13:50:22,Merged,5,91,52,1.0
PR-C01-P02-000949,C01-P02,C01-E0289,2025-08-15 20:44:28,,Aberto,3,68,27,2.0
PR-C01-P02-000950,C01-P02,C01-E0299,2025-08-15 09:40:09,2025-08-17 04:40:09,Merged,5,20,33,2.0
PR-C01-P02-000951,C01-P02,C01-E0159,2025-08-27 15:18:40,,Aberto,3,46,188,0.0
PR-C01-P02-000952,C01-P02,C01-E0301,2025-08-19 13:20:26,2025-08-23 06:20:26,Merged,1,32,11,1.0
PR-C01-P02-000953,C01-P02,C01-E0061,2025-08-14 15:36:54,2025-08-16 00:36:54,Merged,1,63,17,1.0
PR-C01-P02-000954,C01-P02,C01-E0164,2025-08-20 10:38:30,2025-08-23 04:38:30,Merged,8,95,2,
PR-C01-P02-000955,C01-P02,C01-E0196,2025-08-03 07:12:03,2025-08-05 22:12:03,Merged,1,59,14,2.0
PR-C01-P02-000956,C01-P02,C01-E0173,2025-08-11 15:00:37,2025-08-12 00:00:37,Merged,4,29,22,3.0
PR-C01-P02-000957,C01-P02,C01-E0032,2025-08-11 10:07:08,,Aberto,9,29,5,
PR-C01-P02-000958,C01-P02,C01-E0030,2025-08-19 07:59:55,2025-08-22 21:59:55,Merged,1,163,11,3.0
PR-C01-P02-000959,C01-P02,C01-E0180,2025-08-01 09:59:18,,Fechado sem merge,7,36,25,3.0
PR-C01-P02-000960,C01-P02,C01-E0318,2025-08-11 15:31:24,2025-08-11 18:31:24,Merged,3,19,2,1.0
PR-C01-P02-000961,C01-P02,C01-E0174,2025-08-05 16:52:53,2025-08-07 21:52:53,Merged,2,36,5,0.0
PR-C01-P02-000962,C01-P02,C01-E0104,2025-08-31 14:54:55,2025-09-03 07:54:55,Merged,2,8,36,2.0
PR-C01-P02-000963,C01-P02,C01-E0161,2025-08-09 07:06:33,,Aberto,1,113,9,3.0
PR-C01-P02-000964,C01-P02,C01-E0182,2025-08-09 11:11:45,2025-08-10 05:11:45,Merged,5,66,22,2.0
PR-C01-P02-000965,C01-P02,C01-E0072,2025-08-17 18:25:32,2025-08-19 06:25:32,Merged,12,18,10,1.0
PR-C01-P02-000966,C01-P02,C01-E0264,2025-08-16 16:25:55,2025-08-19 04:25:55,Merged,4,32,5,0.0
PR-C01-P02-000967,C01-P02,C01-E0358,2025-08-30 11:48:16,2025-08-31 17:48:16,Merged,5,13,105,1.0
PR-C01-P02-000968,C01-P02,C01-E0090,2025-08-25 08:48:46,2025-08-26 06:48:46,Merged,3,59,7,2.0
PR-C01-P02-000969,C01-P02,C01-E0152,2025-08-21 10:30:31,,Aberto,4,10,36,0.0
PR-C01-P02-000970,C01-P02,C01-E0064,2025-08-02 10:18:20,,Fechado sem merge,4,377,65,2.0
PR-C01-P02-000971,C01-P02,C01-E0084,2025-08-13 18:28:25,2025-08-16 02:28:25,Merged,3,112,6,1.0
PR-C01-P02-000972,C01-P02,C01-E0038,2025-08-14 18:09:40,,Aberto,1,7,30,3.0
PR-C01-P02-000973,C01-P02,C01-E0120,2025-08-07 21:27:44,2025-08-10 19:27:44,Merged,6,25,36,1.0
PR-C01-P02-000974,C01-P02,C01-E0132,2025-08-12 07:25:36,,Aberto,4,26,11,1.0
PR-C01-P02-000975,C01-P02,C01-E0150,2025-08-06 18:30:12,2025-08-09 17:30:12,Merged,6,13,19,2.0
PR-C01-P02-000976,C01-P02,C01-E0251,2025-08-29 10:25:27,,Fechado sem merge,10,20,14,2.0
PR-C01-P02-000977,C01-P02,C01-E0275,2025-08-11 09:15:32,,Aberto,5,27,20,1.0
PR-C01-P02-000978,C01-P02,C01-E0148,2025-08-30 12:23:50,2025-09-01 20:23:50,Merged,3,34,15,0.0
PR-C01-P02-000979,C01-P02,C01-E0147,2025-08-23 18:11:18,2025-08-23 22:11:18,Merged,1,186,54,1.0
PR-C01-P02-000980,C01-P02,C01-E0091,2025-08-19 12:50:59,2025-08-19 14:50:59,Merged,9,59,24,2.0
PR-C01-P02-000981,C01-P02,C01-E0057,2025-08-01 19:20:42,2025-08-05 03:20:42,Merged,8,97,132,2.0
PR-C01-P02-000982,C01-P02,C01-E0041,2025-08-12 18:16:56,2025-08-14 13:16:56,Merged,3,97,34,1.0
PR-C01-P02-000983,C01-P02,C01-E0284,2025-08-20 15:14:13,2025-08-22 00:14:13,Merged,7,113,126,
PR-C01-P02-000984,C01-P02,C01-E0006,2025-08-30 07:48:49,2025-09-01 23:48:49,Merged,2,7,34,3.0
PR-C01-P02-000985,C01-P02,C01-E0083,2025-08-04 19:44:47,2025-08-07 16:44:47,Merged,8,55,6,3.0
PR-C01-P02-000986,C01-P02,C01-E0126,2025-08-18 20:15:15,2025-08-21 21:15:15,Merged,6,19,42,3.0
PR-C01-P02-000987,C01-P02,C01-E0285,2025-08-17 07:48:44,,Aberto,4,72,13,3.0
PR-C01-P02-000988,C01-P02,C01-E0224,2025-08-15 10:14:20,,Fechado sem merge,2,17,45,1.0
PR-C01-P02-000989,C01-P02,C01-E0033,2025-08-30 17:25:09,2025-09-01 15:25:09,Merged,3,62,64,0.0
PR-C01-P02-000990,C01-P02,C01-E0361,2025-08-26 15:58:43,,Aberto,4,9,21,3.0
PR-C01-P02-000991,C01-P02,C01-E0079,2025-08-19 15:23:49,,Aberto,7,51,49,2.0
PR-C01-P02-000992,C01-P02,C01-E0101,2025-08-11 17:51:38,2025-08-12 18:51:38,Merged,3,112,45,2.0
PR-C01-P02-000993,C01-P02,C01-E0164,2025-08-03 15:23:24,2025-08-05 08:23:24,Merged,7,97,27,3.0
PR-C01-P02-000994,C01-P02,C01-E0159,2025-08-15 11:01:45,2025-08-16 09:01:45,Merged,5,52,68,3.0
PR-C01-P02-000995,C01-P02,C01-E0252,2025-08-19 20:30:47,,Aberto,9,10,25,1.0
PR-C01-P02-000996,C01-P02,C01-E0057,2025-08-31 15:05:12,2025-09-03 06:05:12,Merged,6,65,142,0.0
PR-C01-P02-000997,C01-P02,C01-E0344,2025-08-30 10:59:37,2025-09-03 10:59:37,Merged,7,41,27,2.0
PR-C01-P02-000998,C01-P02,C01-E0211,2025-08-13 11:42:03,2025-08-15 04:42:03,Merged,3,25,3,2.0
PR-C01-P02-000999,C01-P02,C01-E0340,2025-08-30 21:39:31,2025-09-01 14:39:31,Merged,6,49,24,3.0
PR-C01-P02-001000,C01-P02,C01-E0104,2025-08-19 10:30:43,2025-08-21 14:30:43,Merged,3,61,15,0.0
PR-C01-P02-001001,C01-P02,C01-E0014,2025-08-20 16:45:45,2025-08-21 08:45:45,Merged,3,27,130,0.0
PR-C01-P02-001002,C01-P02,C01-E0341,2025-08-07 12:43:50,2025-08-11 09:43:50,Merged,3,117,39,0.0
PR-C01-P02-001003,C01-P02,C01-E0234,2025-08-19 20:07:38,,Aberto,6,65,20,2.0
PR-C01-P02-001004,C01-P02,C01-E0149,2025-08-10 19:42:50,2025-08-13 06:42:50,Merged,7,48,7,1.0
PR-C01-P02-001005,C01-P02,C01-E0106,2025-08-06 21:29:49,2025-08-09 13:29:49,Merged,4,68,6,1.0
PR-C01-P02-001006,C01-P02,C01-E0023,2025-08-25 13:58:38,,Aberto,4,42,46,1.0
PR-C01-P02-001007,C01-P02,C01-E0196,2025-08-31 20:36:11,2025-09-02 22:36:11,Merged,8,27,15,2.0
PR-C01-P02-001008,C01-P02,C01-E0291,2025-08-02 16:39:58,2025-08-05 06:39:58,Merged,10,36,27,
PR-C01-P02-001009,C01-P02,C01-E0350,2025-08-23 10:54:41,2025-08-25 01:54:41,Merged,3,60,69,
PR-C01-P02-001010,C01-P02,C01-E0019,2025-08-25 15:29:01,2025-08-25 19:29:01,Merged,4,82,25,2.0
PR-C01-P02-001011,C01-P02,C01-E0097,2025-08-21 15:28:17,2025-08-24 08:28:17,Merged,3,133,11,1.0
PR-C01-P02-001012,C01-P02,C01-E0078,2025-08-14 07:40:05,,Aberto,2,6,20,2.0
PR-C01-P02-001013,C01-P02,C01-E0011,2025-08-06 07:40:41,2025-08-06 10:40:41,Merged,1,105,24,1.0
PR-C01-P02-001014,C01-P02,C01-E0139,2025-08-01 18:48:36,2025-08-03 14:48:36,Merged,1,183,6,0.0
PR-C01-P02-001015,C01-P02,C01-E0110,2025-08-14 16:01:16,2025-08-16 06:01:16,Merged,1,62,13,0.0
PR-C01-P02-001016,C01-P02,C01-E0001,2025-08-07 18:33:15,2025-08-07 22:33:15,Merged,7,57,34,0.0
PR-C01-P02-001017,C01-P02,C01-E0269,2025-08-15 10:02:38,2025-08-15 20:02:38,Merged,4,32,65,2.0
PR-C01-P02-001018,C01-P02,C01-E0144,2025-08-31 13:47:56,2025-08-31 22:47:56,Merged,3,43,5,3.0
PR-C01-P02-001019,C01-P02,C01-E0264,2025-08-19 16:33:52,,Fechado sem merge,6,10,65,3.0
PR-C01-P02-001020,C01-P02,C01-E0252,2025-09-08 13:42:59,2025-09-10 17:42:59,Merged,7,65,7,1.0
PR-C01-P02-001021,C01-P02,C01-E0291,2025-09-25 07:05:26,,Aberto,1,233,116,1.0
PR-C01-P02-001022,C01-P02,C01-E0331,2025-09-01 15:43:40,2025-09-02 23:43:40,Merged,11,79,32,3.0
PR-C01-P02-001023,C01-P02,C01-E0103,2025-09-17 13:11:35,,Fechado sem merge,1,39,0,1.0
PR-C01-P02-001024,C01-P02,C01-E0348,2025-09-02 20:21:00,2025-09-03 16:21:00,Merged,4,61,4,3.0
PR-C01-P02-001025,C01-P02,C01-E0079,2025-09-30 08:22:45,2025-10-02 02:22:45,Merged,2,39,44,0.0
PR-C01-P02-001026,C01-P02,C01-E0296,2025-09-05 08:22:48,,Aberto,6,77,13,3.0
PR-C01-P02-001027,C01-P02,C01-E0025,2025-09-30 09:09:43,,Aberto,9,65,2,
PR-C01-P02-001028,C01-P02,C01-E0341,2025-09-25 13:21:20,2025-09-27 15:21:20,Merged,6,158,18,2.0
PR-C01-P02-001029,C01-P02,C01-E0224,2025-09-12 19:12:27,,Fechado sem merge,1,19,112,2.0
PR-C01-P02-001030,C01-P02,C01-E0101,2025-09-13 14:04:24,2025-09-16 10:04:24,Merged,14,39,6,1.0
PR-C01-P02-001031,C01-P02,C01-E0290,2025-09-16 21:03:18,2025-09-20 15:03:18,Merged,9,124,32,1.0
PR-C01-P02-001032,C01-P02,C01-E0237,2025-09-28 11:37:42,2025-10-01 19:37:42,Merged,6,85,62,2.0
PR-C01-P02-001033,C01-P02,C01-E0099,2025-09-03 10:08:10,2025-09-05 09:08:10,Merged,7,19,13,2.0
PR-C01-P02-001034,C01-P02,C01-E0047,2025-09-25 10:38:19,2025-09-26 13:38:19,Merged,1,41,5,2.0
PR-C01-P02-001035,C01-P02,C01-E0130,2025-09-11 14:19:06,2025-09-12 12:19:06,Merged,3,61,4,1.0
PR-C01-P02-001036,C01-P02,C01-E0341,2025-09-15 14:11:16,2025-09-16 15:11:16,Merged,5,113,41,1.0
PR-C01-P02-001037,C01-P02,C01-E0289,2025-09-12 17:42:42,2025-09-16 15:42:42,Merged,2,81,32,3.0
PR-C01-P02-001038,C01-P02,C01-E0358,2025-09-16 13:58:14,2025-09-18 11:58:14,Merged,9,60,14,2.0
PR-C01-P02-001039,C01-P02,C01-E0050,2025-09-24 15:55:50,,Fechado sem merge,10,145,17,0.0
PR-C01-P02-001040,C01-P02,C01-E0298,2025-09-18 09:41:56,2025-09-19 02:41:56,Merged,8,72,41,
PR-C01-P02-001041,C01-P02,C01-E0099,2025-09-13 16:26:03,2025-09-15 09:26:03,Merged,11,38,34,1.0
PR-C01-P02-001042,C01-P02,C01-E0335,2025-09-29 08:38:25,2025-10-01 20:38:25,Merged,2,111,8,1.0
PR-C01-P02-001043,C01-P02,C01-E0061,2025-09-20 07:02:22,2025-09-22 10:02:22,Merged,7,109,27,0.0
PR-C01-P02-001044,C01-P02,C01-E0339,2025-09-10 16:34:31,2025-09-11 10:34:31,Merged,5,226,82,1.0
PR-C01-P02-001045,C01-P02,C01-E0132,2025-09-26 07:28:08,,Fechado sem merge,12,99,5,1.0
PR-C01-P02-001046,C01-P02,C01-E0285,2025-09-15 18:19:53,2025-09-18 11:19:53,Merged,2,74,7,2.0
PR-C01-P02-001047,C01-P02,C01-E0223,2025-09-14 10:41:12,2025-09-17 07:41:12,Merged,2,55,5,2.0
PR-C01-P02-001048,C01-P02,C01-E0142,2025-09-16 08:45:15,2025-09-17 17:45:15,Merged,10,115,74,1.0
PR-C01-P02-001049,C01-P02,C01-E0189,2025-09-17 11:23:55,2025-09-19 11:23:55,Merged,1,57,10,1.0
PR-C01-P02-001050,C01-P02,C01-E0134,2025-09-25 18:14:40,,Fechado sem merge,4,11,131,3.0
PR-C01-P02-001051,C01-P02,C01-E0078,2025-09-01 11:18:16,2025-09-01 16:18:16,Merged,4,45,13,2.0
PR-C01-P02-001052,C01-P02,C01-E0129,2025-09-09 16:24:39,2025-09-13 04:24:39,Merged,6,57,1,0.0
PR-C01-P02-001053,C01-P02,C01-E0123,2025-09-06 14:53:07,2025-09-08 17:53:07,Merged,2,15,12,3.0
PR-C01-P02-001054,C01-P02,C01-E0172,2025-09-12 15:26:40,2025-09-16 03:26:40,Merged,2,12,84,1.0
PR-C01-P02-001055,C01-P02,C01-E0079,2025-09-09 08:25:19,2025-09-11 22:25:19,Merged,1,55,50,1.0
PR-C01-P02-001056,C01-P02,C01-E0295,2025-09-25 08:55:21,2025-09-25 19:55:21,Merged,1,191,16,2.0
PR-C01-P02-001057,C01-P02,C01-E0320,2025-09-16 18:07:08,2025-09-16 20:07:08,Merged,7,35,44,2.0
PR-C01-P02-001058,C01-P02,C01-E0168,2025-09-03 13:29:32,,Fechado sem merge,2,30,27,1.0
PR-C01-P02-001059,C01-P02,C01-E0311,2025-09-20 19:29:40,,Aberto,4,131,30,1.0
PR-C01-P02-001060,C01-P02,C01-E0168,2025-09-14 08:43:43,2025-09-15 00:43:43,Merged,5,140,11,2.0
PR-C01-P02-001061,C01-P02,C01-E0190,2025-09-02 11:45:42,2025-09-05 02:45:42,Merged,1,161,124,1.0
PR-C01-P02-001062,C01-P02,C01-E0142,2025-09-05 19:52:55,,Aberto,2,22,34,3.0
PR-C01-P02-001063,C01-P02,C01-E0001,2025-09-01 15:56:25,2025-09-02 14:56:25,Merged,1,196,5,2.0
PR-C01-P02-001064,C01-P02,C01-E0086,2025-09-20 16:02:26,2025-09-22 22:02:26,Merged,5,65,18,1.0
PR-C01-P02-001065,C01-P02,C01-E0147,2025-09-24 20:31:25,2025-09-25 12:31:25,Merged,7,108,19,0.0
PR-C01-P02-001066,C01-P02,C01-E0065,2025-09-26 08:43:16,2025-09-30 06:43:16,Merged,2,43,13,2.0
PR-C01-P02-001067,C01-P02,C01-E0222,2025-09-10 14:47:19,2025-09-13 22:47:19,Merged,4,79,40,1.0
PR-C01-P02-001068,C01-P02,C01-E0006,2025-09-16 09:43:05,2025-09-20 08:43:05,Merged,7,64,6,1.0
PR-C01-P02-001069,C01-P02,C01-E0226,2025-09-20 08:44:08,2025-09-22 08:44:08,Merged,7,165,46,1.0
PR-C01-P02-001070,C01-P02,C01-E0357,2025-09-29 19:41:58,2025-10-01 02:41:58,Merged,3,129,26,1.0
PR-C01-P02-001071,C01-P02,C01-E0126,2025-09-26 14:32:56,2025-09-28 06:32:56,Merged,5,96,6,1.0
PR-C01-P02-001072,C01-P02,C01-E0196,2025-09-05 14:23:40,2025-09-06 13:23:40,Merged,1,253,58,2.0
PR-C01-P02-001073,C01-P02,C01-E0143,2025-10-14 13:18:09,2025-10-17 03:18:09,Merged,6,43,19,1.0
PR-C01-P02-001074,C01-P02,C01-E0159,2025-10-08 13:39:14,2025-10-08 22:39:14,Merged,3,49,9,2.0
PR-C01-P02-001075,C01-P02,C01-E0049,2025-10-27 21:09:15,2025-10-31 10:09:15,Merged,4,66,62,2.0
PR-C01-P02-001076,C01-P02,C01-E0339,2025-10-18 12:49:21,2025-10-18 13:49:21,Merged,1,100,25,
PR-C01-P02-001077,C01-P02,C01-E0169,2025-10-12 19:49:35,2025-10-13 16:49:35,Merged,8,63,24,2.0
PR-C01-P02-001078,C01-P02,C01-E0082,2025-10-14 16:48:56,2025-10-17 16:48:56,Merged,11,50,0,0.0
PR-C01-P02-001079,C01-P02,C01-E0244,2025-10-30 16:27:03,,Fechado sem merge,11,77,107,0.0
PR-C01-P02-001080,C01-P02,C01-E0284,2025-10-16 20:54:45,2025-10-18 12:54:45,Merged,8,82,6,2.0
PR-C01-P02-001081,C01-P02,C01-E0225,2025-10-15 20:02:59,2025-10-16 12:02:59,Merged,6,58,100,1.0
PR-C01-P02-001082,C01-P02,C01-E0355,2025-10-24 16:52:38,2025-10-25 11:52:38,Merged,5,11,18,2.0
PR-C01-P02-001083,C01-P02,C01-E0228,2025-10-09 14:31:32,,Fechado sem merge,3,15,25,1.0
PR-C01-P02-001084,C01-P02,C01-E0206,2025-10-29 16:03:23,,Fechado sem merge,8,11,5,3.0
PR-C01-P02-001085,C01-P02,C01-E0109,2025-10-23 21:19:07,2025-10-26 15:19:07,Merged,6,69,63,1.0
PR-C01-P02-001086,C01-P02,C01-E0038,2025-10-13 17:39:16,,Fechado sem merge,1,14,45,0.0
PR-C01-P02-001087,C01-P02,C01-E0182,2025-10-02 21:23:41,2025-10-05 00:23:41,Merged,1,43,84,2.0
PR-C01-P02-001088,C01-P02,C01-E0064,2025-10-05 17:57:24,2025-10-08 13:57:24,Merged,2,88,36,
PR-C01-P02-001089,C01-P02,C01-E0225,2025-10-22 20:35:14,2025-10-23 12:35:14,Merged,12,140,29,3.0
PR-C01-P02-001090,C01-P02,C01-E0146,2025-10-03 19:28:03,,Fechado sem merge,20,94,76,2.0
PR-C01-P02-001091,C01-P02,C01-E0143,2025-10-27 19:32:48,2025-10-29 17:32:48,Merged,1,75,57,3.0
PR-C01-P02-001092,C01-P02,C01-E0300,2025-10-10 17:45:53,2025-10-12 07:45:53,Merged,11,165,115,2.0
PR-C01-P02-001093,C01-P02,C01-E0137,2025-10-07 18:15:58,2025-10-10 12:15:58,Merged,1,44,12,1.0
PR-C01-P02-001094,C01-P02,C01-E0233,2025-10-03 20:53:12,2025-10-07 06:53:12,Merged,3,110,105,0.0
PR-C01-P02-001095,C01-P02,C01-E0185,2025-10-16 16:21:47,2025-10-19 13:21:47,Merged,5,34,26,0.0
PR-C01-P02-001096,C01-P02,C01-E0318,2025-10-11 15:31:57,2025-10-13 06:31:57,Merged,1,119,26,0.0
PR-C01-P02-001097,C01-P02,C01-E0045,2025-10-10 16:37:03,,Fechado sem merge,4,123,34,1.0
PR-C01-P02-001098,C01-P02,C01-E0180,2025-10-21 13:52:22,2025-10-25 05:52:22,Merged,2,115,116,0.0
PR-C01-P02-001099,C01-P02,C01-E0358,2025-10-12 07:18:38,,Fechado sem merge,2,43,65,2.0
PR-C01-P02-001100,C01-P02,C01-E0154,2025-10-25 20:12:12,2025-10-28 11:12:12,Merged,13,105,23,0.0
PR-C01-P02-001101,C01-P02,C01-E0106,2025-10-25 09:13:19,,Fechado sem merge,3,193,61,0.0
PR-C01-P02-001102,C01-P02,C01-E0107,2025-10-17 09:38:42,2025-10-18 14:38:42,Merged,3,114,36,2.0
PR-C01-P02-001103,C01-P02,C01-E0202,2025-10-08 17:19:49,,Fechado sem merge,13,206,33,1.0
PR-C01-P02-001104,C01-P02,C01-E0341,2025-10-08 19:04:16,2025-10-12 12:04:16,Merged,2,113,33,1.0
PR-C01-P02-001105,C01-P02,C01-E0065,2025-10-20 19:08:51,2025-10-21 13:08:51,Merged,5,122,75,2.0
PR-C01-P02-001106,C01-P02,C01-E0031,2025-10-22 07:48:17,2025-10-23 07:48:17,Merged,2,31,49,1.0
PR-C01-P02-001107,C01-P02,C01-E0167,2025-10-16 17:46:20,2025-10-18 12:46:20,Merged,4,8,90,3.0
PR-C01-P02-001108,C01-P02,C01-E0289,2025-10-06 13:20:11,2025-10-07 07:20:11,Merged,6,64,24,3.0
PR-C01-P02-001109,C01-P02,C01-E0290,2025-10-18 14:56:23,2025-10-20 14:56:23,Merged,17,179,2,1.0
PR-C01-P02-001110,C01-P02,C01-E0167,2025-10-27 21:42:36,,Fechado sem merge,1,49,98,1.0
PR-C01-P02-001111,C01-P02,C01-E0285,2025-10-08 15:26:09,,Aberto,6,130,32,0.0
PR-C01-P02-001112,C01-P02,C01-E0244,2025-10-04 18:19:55,2025-10-07 18:19:55,Merged,16,38,8,2.0
PR-C01-P02-001113,C01-P02,C01-E0041,2025-10-28 08:35:42,,Fechado sem merge,3,39,71,0.0
PR-C01-P02-001114,C01-P02,C01-E0292,2025-10-08 10:47:07,2025-10-08 12:47:07,Merged,1,25,8,0.0
PR-C01-P02-001115,C01-P02,C01-E0205,2025-10-06 21:13:50,2025-10-09 14:13:50,Merged,4,32,29,1.0
PR-C01-P02-001116,C01-P02,C01-E0059,2025-10-29 08:48:27,2025-10-31 01:48:27,Merged,12,45,33,2.0
PR-C01-P02-001117,C01-P02,C01-E0178,2025-10-01 10:15:51,,Fechado sem merge,1,14,5,
PR-C01-P02-001118,C01-P02,C01-E0276,2025-10-05 21:22:02,,Aberto,11,40,7,3.0
PR-C01-P02-001119,C01-P02,C01-E0174,2025-10-26 16:13:27,,Aberto,5,118,133,2.0
PR-C01-P02-001120,C01-P02,C01-E0019,2025-10-27 11:30:45,2025-10-29 23:30:45,Merged,7,171,11,3.0
PR-C01-P02-001121,C01-P02,C01-E0344,2025-10-14 20:56:50,2025-10-17 18:56:50,Merged,2,52,24,1.0
PR-C01-P02-001122,C01-P02,C01-E0263,2025-10-01 15:10:52,2025-10-05 09:10:52,Merged,11,65,47,1.0
PR-C01-P02-001123,C01-P02,C01-E0270,2025-10-09 07:24:47,2025-10-10 05:24:47,Merged,5,29,79,1.0
PR-C01-P02-001124,C01-P02,C01-E0110,2025-10-25 13:47:33,,Fechado sem merge,13,89,19,1.0
PR-C01-P02-001125,C01-P02,C01-E0335,2025-10-20 13:56:50,,Aberto,4,310,78,1.0
PR-C01-P02-001126,C01-P02,C01-E0320,2025-10-09 07:31:48,2025-10-09 09:31:48,Merged,7,18,9,2.0
PR-C01-P02-001127,C01-P02,C01-E0161,2025-10-17 12:19:42,,Aberto,15,102,27,1.0
PR-C01-P02-001128,C01-P02,C01-E0182,2025-10-03 08:52:32,2025-10-06 02:52:32,Merged,5,27,21,0.0
PR-C01-P02-001129,C01-P02,C01-E0004,2025-10-26 15:13:30,,Fechado sem merge,1,58,158,3.0
PR-C01-P02-001130,C01-P02,C01-E0037,2025-10-19 12:39:14,2025-10-22 03:39:14,Merged,13,9,34,1.0
PR-C01-P02-001131,C01-P02,C01-E0226,2025-11-29 08:06:26,2025-11-30 04:06:26,Merged,1,48,73,2.0
PR-C01-P02-001132,C01-P02,C01-E0327,2025-11-11 11:13:52,2025-11-11 20:13:52,Merged,5,106,37,0.0
PR-C01-P02-001133,C01-P02,C01-E0330,2025-11-22 12:31:35,2025-11-23 16:31:35,Merged,4,24,30,0.0
PR-C01-P02-001134,C01-P02,C01-E0299,2025-11-30 07:11:27,,Aberto,2,83,71,2.0
PR-C01-P02-001135,C01-P02,C01-E0169,2025-11-08 08:59:31,2025-11-11 08:59:31,Merged,4,39,27,0.0
PR-C01-P02-001136,C01-P02,C01-E0099,2025-11-30 21:26:42,2025-12-01 07:26:42,Merged,3,44,15,0.0
PR-C01-P02-001137,C01-P02,C01-E0084,2025-11-01 12:37:40,2025-11-03 14:37:40,Merged,9,22,33,1.0
PR-C01-P02-001138,C01-P02,C01-E0029,2025-11-01 09:10:18,2025-11-02 11:10:18,Merged,7,45,41,2.0
PR-C01-P02-001139,C01-P02,C01-E0276,2025-11-02 11:39:01,2025-11-03 06:39:01,Merged,5,42,11,3.0
PR-C01-P02-001140,C01-P02,C01-E0004,2025-11-07 11:52:51,2025-11-09 18:52:51,Merged,3,47,84,2.0
PR-C01-P02-001141,C01-P02,C01-E0011,2025-11-18 08:40:40,,Fechado sem merge,6,51,39,1.0
PR-C01-P02-001142,C01-P02,C01-E0072,2025-11-21 08:47:36,2025-11-25 00:47:36,Merged,2,46,6,2.0
PR-C01-P02-001143,C01-P02,C01-E0216,2025-11-09 12:04:11,2025-11-10 17:04:11,Merged,2,99,2,1.0
PR-C01-P02-001144,C01-P02,C01-E0057,2025-11-22 15:32:47,2025-11-24 00:32:47,Merged,3,22,29,0.0
PR-C01-P02-001145,C01-P02,C01-E0269,2025-11-11 10:36:58,2025-11-14 14:36:58,Merged,1,42,31,1.0
PR-C01-P02-001146,C01-P02,C01-E0188,2025-11-05 16:52:54,2025-11-07 15:52:54,Merged,8,169,37,3.0
PR-C01-P02-001147,C01-P02,C01-E0011,2025-11-17 17:32:09,2025-11-17 20:32:09,Merged,4,69,69,3.0
PR-C01-P02-001148,C01-P02,C01-E0244,2025-11-28 19:39:02,2025-12-02 11:39:02,Merged,6,222,27,
PR-C01-P02-001149,C01-P02,C01-E0195,2025-11-22 17:03:56,,Aberto,1,7,17,1.0
PR-C01-P02-001150,C01-P02,C01-E0085,2025-11-22 13:43:16,,Aberto,12,76,59,3.0
PR-C01-P02-001151,C01-P02,C01-E0066,2025-11-10 17:47:41,2025-11-13 13:47:41,Merged,1,30,73,1.0
PR-C01-P02-001152,C01-P02,C01-E0011,2025-11-10 10:36:12,2025-11-14 08:36:12,Merged,8,195,9,1.0
PR-C01-P02-001153,C01-P02,C01-E0167,2025-11-16 14:08:37,2025-11-19 04:08:37,Merged,3,97,59,2.0
PR-C01-P02-001154,C01-P02,C01-E0083,2025-11-04 21:46:52,,Aberto,8,22,36,2.0
PR-C01-P02-001155,C01-P02,C01-E0292,2025-11-14 10:23:23,,Fechado sem merge,5,117,66,2.0
PR-C01-P02-001156,C01-P02,C01-E0156,2025-11-07 11:18:58,2025-11-07 20:18:58,Merged,11,121,60,3.0
PR-C01-P02-001157,C01-P02,C01-E0189,2025-11-24 20:38:03,,Fechado sem merge,6,56,56,1.0
PR-C01-P02-001158,C01-P02,C01-E0099,2025-11-23 14:53:10,2025-11-23 15:53:10,Merged,3,47,2,2.0
PR-C01-P02-001159,C01-P02,C01-E0300,2025-11-05 14:05:19,2025-11-08 23:05:19,Merged,2,149,81,1.0
PR-C01-P02-001160,C01-P02,C01-E0357,2025-11-01 21:56:24,2025-11-02 23:56:24,Merged,3,142,100,1.0
PR-C01-P02-001161,C01-P02,C01-E0059,2025-11-13 11:35:38,2025-11-14 12:35:38,Merged,1,43,45,3.0
PR-C01-P02-001162,C01-P02,C01-E0027,2025-11-26 08:35:42,2025-11-29 14:35:42,Merged,1,137,9,2.0
PR-C01-P02-001163,C01-P02,C01-E0124,2025-11-15 15:57:51,2025-11-16 21:57:51,Merged,5,52,4,2.0
PR-C01-P02-001164,C01-P02,C01-E0146,2025-11-12 19:52:02,2025-11-14 01:52:02,Merged,14,94,5,0.0
PR-C01-P02-001165,C01-P02,C01-E0043,2025-11-07 10:27:18,2025-11-09 11:27:18,Merged,12,87,81,1.0
PR-C01-P02-001166,C01-P02,C01-E0111,2025-11-11 16:51:35,2025-11-14 19:51:35,Merged,2,112,36,3.0
PR-C01-P02-001167,C01-P02,C01-E0294,2025-11-18 20:26:56,,Aberto,8,90,31,2.0
PR-C01-P02-001168,C01-P02,C01-E0017,2025-11-12 20:59:51,,Aberto,3,177,38,1.0
PR-C01-P02-001169,C01-P02,C01-E0101,2025-11-18 12:32:06,2025-11-21 12:32:06,Merged,2,140,19,0.0
PR-C01-P02-001170,C01-P02,C01-E0079,2025-11-08 07:36:00,2025-11-11 15:36:00,Merged,14,188,8,1.0
PR-C01-P02-001171,C01-P02,C01-E0167,2025-11-07 21:14:12,,Fechado sem merge,5,125,129,1.0
PR-C01-P02-001172,C01-P02,C01-E0006,2025-11-17 10:55:10,2025-11-17 21:55:10,Merged,5,68,83,2.0
PR-C01-P02-001173,C01-P02,C01-E0351,2025-11-09 14:27:49,2025-11-10 23:27:49,Merged,5,100,25,1.0
PR-C01-P02-001174,C01-P02,C01-E0038,2025-11-20 14:56:43,2025-11-22 08:56:43,Merged,5,60,15,3.0
PR-C01-P02-001175,C01-P02,C01-E0123,2025-11-11 14:56:58,,Aberto,7,73,64,2.0
PR-C01-P02-001176,C01-P02,C01-E0336,2025-11-28 13:02:48,2025-11-30 22:02:48,Merged,9,38,54,1.0
PR-C01-P02-001177,C01-P02,C01-E0080,2025-11-10 17:14:01,,Fechado sem merge,4,76,19,0.0
PR-C01-P02-001178,C01-P02,C01-E0252,2025-11-10 17:01:51,2025-11-14 05:01:51,Merged,6,63,2,0.0
PR-C01-P02-001179,C01-P02,C01-E0296,2025-11-11 19:44:13,,Fechado sem merge,13,46,58,0.0
PR-C01-P02-001180,C01-P02,C01-E0104,2025-11-27 20:25:13,2025-11-30 08:25:13,Merged,7,18,47,0.0
PR-C01-P02-001181,C01-P02,C01-E0031,2025-11-04 08:47:29,,Aberto,3,60,9,
PR-C01-P02-001182,C01-P02,C01-E0170,2025-11-02 18:56:23,,Aberto,7,59,5,0.0
PR-C01-P02-001183,C01-P02,C01-E0334,2025-11-01 07:40:12,,Aberto,1,17,30,3.0
PR-C01-P02-001184,C01-P02,C01-E0132,2025-11-26 19:28:05,,Fechado sem merge,7,7,16,
PR-C01-P02-001185,C01-P02,C01-E0047,2025-11-22 20:26:21,,Aberto,2,128,91,2.0
PR-C01-P02-001186,C01-P02,C01-E0294,2025-11-16 18:17:40,2025-11-17 06:17:40,Merged,8,112,18,1.0
PR-C01-P02-001187,C01-P02,C01-E0206,2025-11-25 12:13:24,2025-11-26 08:13:24,Merged,4,108,31,2.0
PR-C01-P02-001188,C01-P02,C01-E0106,2025-11-11 19:01:34,2025-11-14 10:01:34,Merged,3,103,116,1.0
PR-C01-P02-001189,C01-P02,C01-E0080,2025-11-24 10:51:58,2025-11-24 15:51:58,Merged,3,21,51,1.0
PR-C01-P02-001190,C01-P02,C01-E0042,2025-11-14 11:45:02,2025-11-16 02:45:02,Merged,7,148,54,2.0
PR-C01-P02-001191,C01-P02,C01-E0333,2025-11-21 16:55:21,2025-11-23 17:55:21,Merged,4,44,132,1.0
PR-C01-P02-001192,C01-P02,C01-E0176,2025-11-05 18:12:32,2025-11-06 07:12:32,Merged,1,90,60,3.0
PR-C01-P02-001193,C01-P02,C01-E0298,2025-11-16 19:44:24,2025-11-19 19:44:24,Merged,3,80,69,3.0
PR-C01-P02-001194,C01-P02,C01-E0107,2025-11-04 10:27:03,,Aberto,9,2,18,2.0
PR-C01-P02-001195,C01-P02,C01-E0067,2025-11-12 08:21:07,2025-11-16 00:21:07,Merged,14,129,38,2.0
PR-C01-P02-001196,C01-P02,C01-E0025,2025-12-09 15:10:26,2025-12-12 06:10:26,Merged,2,40,42,2.0
PR-C01-P02-001197,C01-P02,C01-E0327,2025-12-01 14:01:10,,Aberto,2,368,45,1.0
PR-C01-P02-001198,C01-P02,C01-E0047,2025-12-01 18:19:18,,Aberto,5,145,11,2.0
PR-C01-P02-001199,C01-P02,C01-E0159,2025-12-19 08:39:59,,Aberto,9,156,96,3.0
PR-C01-P02-001200,C01-P02,C01-E0189,2025-12-21 16:29:01,2025-12-24 05:29:01,Merged,18,30,11,1.0
PR-C01-P02-001201,C01-P02,C01-E0072,2025-12-14 21:10:56,2025-12-17 14:10:56,Merged,1,58,3,2.0
PR-C01-P02-001202,C01-P02,C01-E0217,2025-12-12 09:33:33,2025-12-15 23:33:33,Merged,6,60,19,
PR-C01-P02-001203,C01-P02,C01-E0067,2025-12-04 14:11:51,2025-12-06 21:11:51,Merged,4,137,119,
PR-C01-P02-001204,C01-P02,C01-E0078,2025-12-20 07:01:09,2025-12-22 20:01:09,Merged,1,82,20,2.0
PR-C01-P02-001205,C01-P02,C01-E0237,2025-12-28 11:52:27,,Aberto,2,71,20,0.0
PR-C01-P02-001206,C01-P02,C01-E0153,2025-12-15 13:11:59,2025-12-16 20:11:59,Merged,7,178,83,3.0
PR-C01-P02-001207,C01-P02,C01-E0073,2025-12-05 11:16:48,2025-12-08 16:16:48,Merged,2,78,7,3.0
PR-C01-P02-001208,C01-P02,C01-E0170,2025-12-21 15:33:33,2025-12-23 17:33:33,Merged,5,68,3,1.0
PR-C01-P02-001209,C01-P02,C01-E0094,2025-12-29 14:08:39,2026-01-02 01:08:39,Merged,7,26,21,
PR-C01-P02-001210,C01-P02,C01-E0196,2025-12-25 10:08:59,,Fechado sem merge,6,44,185,
PR-C01-P02-001211,C01-P02,C01-E0090,2025-12-01 16:40:46,2025-12-04 01:40:46,Merged,6,19,44,2.0
PR-C01-P02-001212,C01-P02,C01-E0360,2025-12-07 15:20:35,2025-12-09 21:20:35,Merged,7,69,40,0.0
PR-C01-P02-001213,C01-P02,C01-E0228,2025-12-16 10:54:05,2025-12-17 15:54:05,Merged,1,79,20,2.0
PR-C01-P02-001214,C01-P02,C01-E0360,2025-12-17 10:18:53,2025-12-17 16:18:53,Merged,2,21,49,2.0
PR-C01-P02-001215,C01-P02,C01-E0101,2025-12-30 07:34:34,2026-01-03 05:34:34,Merged,8,29,22,3.0
PR-C01-P02-001216,C01-P02,C01-E0019,2025-12-05 20:22:05,2025-12-08 11:22:05,Merged,4,37,30,
PR-C01-P02-001217,C01-P02,C01-E0038,2025-12-02 21:50:16,2025-12-06 08:50:16,Merged,6,24,35,1.0
PR-C01-P02-001218,C01-P02,C01-E0072,2025-12-18 14:06:36,2025-12-20 23:06:36,Merged,9,224,103,0.0
PR-C01-P02-001219,C01-P02,C01-E0222,2025-12-02 10:59:31,2025-12-03 04:59:31,Merged,5,23,41,1.0
PR-C01-P02-001220,C01-P02,C01-E0238,2025-12-19 10:52:56,,Aberto,2,64,28,
PR-C01-P02-001221,C01-P02,C01-E0096,2025-12-31 11:31:56,,Aberto,5,68,53,0.0
PR-C01-P02-001222,C01-P02,C01-E0321,2025-12-13 11:55:59,,Aberto,12,52,4,1.0
PR-C01-P02-001223,C01-P02,C01-E0118,2025-12-04 09:33:01,,Fechado sem merge,7,45,94,0.0
PR-C01-P02-001224,C01-P02,C01-E0202,2025-12-13 11:01:39,2025-12-13 17:01:39,Merged,3,62,2,2.0
PR-C01-P02-001225,C01-P02,C01-E0216,2025-12-12 20:49:33,2025-12-15 08:49:33,Merged,4,52,27,0.0
PR-C01-P02-001226,C01-P02,C01-E0244,2025-12-08 17:11:32,2025-12-08 19:11:32,Merged,5,64,18,1.0
PR-C01-P02-001227,C01-P02,C01-E0361,2025-12-14 11:52:27,2025-12-15 15:52:27,Merged,14,35,55,3.0
PR-C01-P02-001228,C01-P02,C01-E0330,2025-12-24 12:41:37,2025-12-28 10:41:37,Merged,7,49,5,1.0
PR-C01-P02-001229,C01-P02,C01-E0191,2025-12-13 21:43:45,2025-12-14 12:43:45,Merged,2,57,8,0.0
PR-C01-P02-001230,C01-P02,C01-E0097,2025-12-11 21:39:57,,Aberto,20,30,24,1.0
PR-C01-P02-001231,C01-P02,C01-E0104,2025-12-17 13:04:51,2025-12-17 18:04:51,Merged,7,98,36,0.0
PR-C01-P02-001232,C01-P02,C01-E0363,2025-12-21 21:50:50,2025-12-25 03:50:50,Merged,2,52,15,
PR-C01-P02-001233,C01-P02,C01-E0330,2025-12-03 18:43:21,2025-12-05 12:43:21,Merged,7,84,13,3.0
PR-C01-P02-001234,C01-P02,C01-E0203,2025-12-05 07:21:17,2025-12-07 00:21:17,Merged,5,8,51,1.0
PR-C01-P02-001235,C01-P02,C01-E0099,2025-12-07 20:09:42,2025-12-11 05:09:42,Merged,4,121,18,0.0
PR-C01-P02-001236,C01-P02,C01-E0226,2025-12-16 12:24:17,,Aberto,8,10,15,
PR-C01-P02-001237,C01-P02,C01-E0134,2025-12-15 18:46:47,,Aberto,5,18,44,2.0
PR-C01-P02-001238,C01-P02,C01-E0360,2025-12-31 21:42:34,2026-01-04 03:42:34,Merged,6,65,28,1.0
PR-C01-P02-001239,C01-P02,C01-E0079,2025-12-25 08:18:04,2025-12-28 22:18:04,Merged,5,86,39,2.0
PR-C01-P02-001240,C01-P02,C01-E0099,2025-12-02 16:36:44,2025-12-04 22:36:44,Merged,2,112,115,2.0
PR-C01-P02-001241,C01-P02,C01-E0109,2025-12-18 15:41:23,,Aberto,4,102,25,0.0
PR-C01-P02-001242,C01-P02,C01-E0153,2025-12-23 08:38:58,2025-12-25 20:38:58,Merged,7,106,24,2.0
PR-C01-P02-001243,C01-P02,C01-E0050,2025-12-02 07:47:16,2025-12-03 17:47:16,Merged,1,112,9,1.0
PR-C01-P02-001244,C01-P02,C01-E0232,2025-12-20 13:29:25,,Aberto,4,98,26,3.0
PR-C01-P02-001245,C01-P02,C01-E0131,2025-12-06 19:12:23,2025-12-10 15:12:23,Merged,1,80,30,0.0
PR-C01-P02-001246,C01-P02,C01-E0007,2025-12-14 11:19:13,2025-12-15 15:19:13,Merged,13,70,23,1.0
PR-C01-P02-001247,C01-P02,C01-E0096,2025-12-15 08:16:44,2025-12-19 07:16:44,Merged,1,69,47,2.0
PR-C01-P02-001248,C01-P02,C01-E0144,2025-12-17 13:02:53,2025-12-20 00:02:53,Merged,5,339,23,1.0
PR-C01-P02-001249,C01-P02,C01-E0170,2026-01-03 21:13:37,2026-01-04 06:13:37,Merged,2,18,51,3.0
PR-C01-P02-001250,C01-P02,C01-E0020,2026-01-14 08:35:38,2026-01-15 15:35:38,Merged,5,178,7,1.0
PR-C01-P02-001251,C01-P02,C01-E0047,2026-01-18 08:07:10,2026-01-20 15:07:10,Merged,5,152,47,1.0
PR-C01-P02-001252,C01-P02,C01-E0020,2026-01-30 14:05:35,,Fechado sem merge,5,35,12,2.0
PR-C01-P02-001253,C01-P02,C01-E0152,2026-01-14 07:39:34,,Aberto,4,24,16,1.0
PR-C01-P02-001254,C01-P02,C01-E0016,2026-01-18 09:31:56,2026-01-22 05:31:56,Merged,2,41,24,3.0
PR-C01-P02-001255,C01-P02,C01-E0185,2026-01-12 12:06:05,2026-01-13 21:06:05,Merged,8,5,55,1.0
PR-C01-P02-001256,C01-P02,C01-E0111,2026-01-29 20:13:38,2026-02-02 11:13:38,Merged,9,157,24,1.0
PR-C01-P02-001257,C01-P02,C01-E0202,2026-01-17 20:40:28,2026-01-18 18:40:28,Merged,3,34,19,2.0
PR-C01-P02-001258,C01-P02,C01-E0147,2026-01-17 20:36:33,2026-01-18 16:36:33,Merged,9,46,21,2.0
PR-C01-P02-001259,C01-P02,C01-E0168,2026-01-03 16:43:52,2026-01-04 16:43:52,Merged,8,61,20,2.0
PR-C01-P02-001260,C01-P02,C01-E0233,2026-01-16 12:12:18,2026-01-18 08:12:18,Merged,4,109,38,2.0
PR-C01-P02-001261,C01-P02,C01-E0327,2026-01-05 18:49:06,,Aberto,7,18,34,2.0
PR-C01-P02-001262,C01-P02,C01-E0048,2026-01-09 11:44:34,2026-01-10 05:44:34,Merged,4,56,34,2.0
PR-C01-P02-001263,C01-P02,C01-E0168,2026-01-23 11:27:30,,Aberto,1,96,8,2.0
PR-C01-P02-001264,C01-P02,C01-E0196,2026-01-30 08:34:19,2026-01-30 20:34:19,Merged,1,221,29,3.0
PR-C01-P02-001265,C01-P02,C01-E0014,2026-01-06 07:51:19,2026-01-06 15:51:19,Merged,3,30,23,3.0
PR-C01-P02-001266,C01-P02,C01-E0235,2026-01-08 19:33:34,2026-01-08 20:33:34,Merged,14,126,27,3.0
PR-C01-P02-001267,C01-P02,C01-E0025,2026-01-14 10:45:36,2026-01-16 17:45:36,Merged,3,98,57,1.0
PR-C01-P02-001268,C01-P02,C01-E0023,2026-01-27 07:10:50,2026-01-27 12:10:50,Merged,10,24,47,2.0
PR-C01-P02-001269,C01-P02,C01-E0101,2026-01-05 18:53:03,2026-01-08 16:53:03,Merged,3,93,19,
PR-C01-P02-001270,C01-P02,C01-E0137,2026-01-25 15:20:12,2026-01-29 04:20:12,Merged,3,81,16,3.0
PR-C01-P02-001271,C01-P02,C01-E0294,2026-01-22 19:15:50,,Aberto,1,63,47,2.0
PR-C01-P02-001272,C01-P02,C01-E0011,2026-01-05 09:39:27,2026-01-07 10:39:27,Merged,4,53,15,2.0
PR-C01-P02-001273,C01-P02,C01-E0045,2026-01-31 10:18:29,2026-02-01 04:18:29,Merged,9,4,20,1.0
PR-C01-P02-001274,C01-P02,C01-E0190,2026-01-08 17:32:47,2026-01-11 05:32:47,Merged,6,45,17,0.0
PR-C01-P02-001275,C01-P02,C01-E0022,2026-01-28 14:59:59,,Fechado sem merge,7,53,13,3.0
PR-C01-P02-001276,C01-P02,C01-E0176,2026-01-18 16:32:04,2026-01-19 15:32:04,Merged,3,26,11,1.0
PR-C01-P02-001277,C01-P02,C01-E0025,2026-01-20 18:09:33,,Aberto,11,81,52,0.0
PR-C01-P02-001278,C01-P02,C01-E0097,2026-01-18 15:22:05,2026-01-18 17:22:05,Merged,6,65,9,0.0
PR-C01-P02-001279,C01-P02,C01-E0133,2026-01-09 12:00:46,2026-01-13 02:00:46,Merged,2,129,140,3.0
PR-C01-P02-001280,C01-P02,C01-E0319,2026-01-09 10:17:11,2026-01-12 20:17:11,Merged,8,198,5,2.0
PR-C01-P02-001281,C01-P02,C01-E0136,2026-01-20 10:42:46,2026-01-20 20:42:46,Merged,12,16,46,1.0
PR-C01-P02-001282,C01-P02,C01-E0331,2026-01-15 08:40:42,,Aberto,8,19,40,1.0
PR-C01-P02-001283,C01-P02,C01-E0144,2026-01-21 09:40:49,2026-01-21 23:40:49,Merged,4,15,43,1.0
PR-C01-P02-001284,C01-P02,C01-E0225,2026-01-19 10:57:37,2026-01-22 18:57:37,Merged,12,154,40,1.0
PR-C01-P02-001285,C01-P02,C01-E0321,2026-01-14 08:31:22,2026-01-17 23:31:22,Merged,3,91,7,3.0
PR-C01-P02-001286,C01-P02,C01-E0176,2026-01-11 10:46:19,2026-01-12 23:46:19,Merged,14,69,32,0.0
PR-C01-P02-001287,C01-P02,C01-E0307,2026-01-13 15:48:12,,Fechado sem merge,5,80,60,3.0
PR-C01-P02-001288,C01-P02,C01-E0086,2026-01-20 08:51:02,,Aberto,14,89,25,1.0
PR-C01-P02-001289,C01-P02,C01-E0324,2026-01-19 17:50:10,2026-01-22 12:50:10,Merged,6,61,30,1.0
PR-C01-P02-001290,C01-P02,C01-E0014,2026-01-03 08:51:35,2026-01-04 21:51:35,Merged,2,58,36,2.0
PR-C01-P02-001291,C01-P02,C01-E0237,2026-01-17 21:20:56,,Aberto,6,106,14,3.0
PR-C01-P02-001292,C01-P02,C01-E0042,2026-01-05 20:57:21,,Fechado sem merge,3,29,17,2.0
PR-C01-P02-001293,C01-P02,C01-E0050,2026-01-10 07:33:08,2026-01-11 07:33:08,Merged,1,107,29,2.0
PR-C01-P02-001294,C01-P02,C01-E0251,2026-01-31 09:49:47,2026-01-31 12:49:47,Merged,3,45,41,2.0
PR-C01-P02-001295,C01-P02,C01-E0109,2026-01-28 15:28:47,2026-01-30 00:28:47,Merged,6,48,79,3.0
PR-C01-P02-001296,C01-P02,C01-E0020,2026-01-03 15:20:38,2026-01-04 01:20:38,Merged,3,122,29,0.0
PR-C01-P02-001297,C01-P02,C01-E0065,2026-01-03 17:34:16,2026-01-05 12:34:16,Merged,2,128,115,3.0
PR-C01-P02-001298,C01-P02,C01-E0299,2026-01-31 09:56:00,2026-02-01 08:56:00,Merged,9,220,31,1.0
PR-C01-P02-001299,C01-P02,C01-E0130,2026-01-29 10:51:11,2026-01-30 00:51:11,Merged,6,52,34,
PR-C01-P02-001300,C01-P02,C01-E0181,2026-01-10 09:24:00,2026-01-11 10:24:00,Merged,4,113,72,
PR-C01-P02-001301,C01-P02,C01-E0173,2026-01-11 13:19:49,2026-01-13 11:19:49,Merged,2,20,105,2.0
PR-C01-P02-001302,C01-P02,C01-E0001,2026-01-02 21:51:17,2026-01-03 19:51:17,Merged,4,36,30,0.0
PR-C01-P02-001303,C01-P02,C01-E0254,2026-01-30 08:31:27,2026-01-31 09:31:27,Merged,8,53,14,2.0
PR-C01-P02-001304,C01-P02,C01-E0360,2026-01-29 16:44:28,2026-02-01 01:44:28,Merged,2,64,9,2.0
PR-C01-P02-001305,C01-P02,C01-E0275,2026-01-01 19:15:27,2026-01-03 23:15:27,Merged,1,44,34,2.0
PR-C01-P02-001306,C01-P02,C01-E0143,2026-02-17 07:02:49,2026-02-20 03:02:49,Merged,5,51,50,
PR-C01-P02-001307,C01-P02,C01-E0318,2026-02-08 19:37:37,2026-02-09 23:37:37,Merged,6,45,8,2.0
PR-C01-P02-001308,C01-P02,C01-E0055,2026-02-05 18:31:32,,Aberto,1,33,45,1.0
PR-C01-P02-001309,C01-P02,C01-E0294,2026-02-13 09:06:21,2026-02-16 17:06:21,Merged,3,122,7,2.0
PR-C01-P02-001310,C01-P02,C01-E0064,2026-02-16 16:11:52,2026-02-20 07:11:52,Merged,12,35,30,1.0
PR-C01-P02-001311,C01-P02,C01-E0350,2026-02-27 20:18:05,2026-03-03 16:18:05,Merged,1,13,98,
PR-C01-P02-001312,C01-P02,C01-E0206,2026-02-17 09:07:06,,Fechado sem merge,7,131,12,0.0
PR-C01-P02-001313,C01-P02,C01-E0345,2026-02-27 17:24:52,2026-03-02 16:24:52,Merged,13,53,10,0.0
PR-C01-P02-001314,C01-P02,C01-E0040,2026-02-24 18:07:24,,Fechado sem merge,1,29,22,1.0
PR-C01-P02-001315,C01-P02,C01-E0038,2026-02-21 17:50:59,2026-02-22 14:50:59,Merged,5,61,14,1.0
PR-C01-P02-001316,C01-P02,C01-E0261,2026-02-14 19:13:32,2026-02-15 19:13:32,Merged,8,123,14,1.0
PR-C01-P02-001317,C01-P02,C01-E0329,2026-02-25 17:40:48,,Fechado sem merge,2,132,59,0.0
PR-C01-P02-001318,C01-P02,C01-E0312,2026-02-10 07:06:05,,Aberto,11,77,54,3.0
PR-C01-P02-001319,C01-P02,C01-E0182,2026-02-06 17:16:00,2026-02-08 18:16:00,Merged,3,77,53,2.0
PR-C01-P02-001320,C01-P02,C01-E0145,2026-02-27 15:20:42,2026-03-01 07:20:42,Merged,1,10,30,2.0
PR-C01-P02-001321,C01-P02,C01-E0358,2026-02-18 18:23:40,2026-02-20 18:23:40,Merged,1,76,57,2.0
PR-C01-P02-001322,C01-P02,C01-E0069,2026-02-08 19:31:31,2026-02-12 11:31:31,Merged,8,48,17,
PR-C01-P02-001323,C01-P02,C01-E0190,2026-02-05 10:05:12,2026-02-08 04:05:12,Merged,6,31,56,2.0
PR-C01-P02-001324,C01-P02,C01-E0024,2026-02-07 07:12:39,2026-02-10 07:12:39,Merged,12,265,115,
PR-C01-P02-001325,C01-P02,C01-E0178,2026-02-23 20:30:33,2026-02-27 14:30:33,Merged,8,57,30,1.0
PR-C01-P02-001326,C01-P02,C01-E0073,2026-02-20 07:58:23,2026-02-21 04:58:23,Merged,5,126,24,2.0
PR-C01-P02-001327,C01-P02,C01-E0129,2026-02-26 10:09:54,2026-02-28 17:09:54,Merged,10,56,16,0.0
PR-C01-P02-001328,C01-P02,C01-E0067,2026-02-26 11:12:19,2026-02-28 17:12:19,Merged,4,177,13,0.0
PR-C01-P02-001329,C01-P02,C01-E0040,2026-02-15 08:22:42,2026-02-17 11:22:42,Merged,1,70,0,1.0
PR-C01-P02-001330,C01-P02,C01-E0168,2026-02-13 16:49:13,,Fechado sem merge,8,207,19,2.0
PR-C01-P02-001331,C01-P02,C01-E0014,2026-02-18 15:25:11,2026-02-18 21:25:11,Merged,5,62,46,0.0
PR-C01-P02-001332,C01-P02,C01-E0014,2026-02-23 13:58:54,2026-02-27 00:58:54,Merged,8,23,24,2.0
PR-C01-P02-001333,C01-P02,C01-E0282,2026-02-12 07:14:03,2026-02-15 19:14:03,Merged,17,56,64,0.0
PR-C01-P02-001334,C01-P02,C01-E0343,2026-02-13 18:51:11,2026-02-14 22:51:11,Merged,1,58,12,1.0
PR-C01-P02-001335,C01-P02,C01-E0050,2026-02-12 14:32:31,2026-02-14 08:32:31,Merged,4,46,16,2.0
PR-C01-P02-001336,C01-P02,C01-E0057,2026-02-08 19:42:10,2026-02-09 04:42:10,Merged,12,98,24,2.0
PR-C01-P02-001337,C01-P02,C01-E0058,2026-02-24 21:06:45,2026-02-25 03:06:45,Merged,4,59,39,1.0
PR-C01-P02-001338,C01-P02,C01-E0340,2026-02-03 09:59:27,2026-02-05 09:59:27,Merged,4,58,20,1.0
PR-C01-P02-001339,C01-P02,C01-E0061,2026-02-05 19:07:32,2026-02-07 21:07:32,Merged,5,23,43,1.0
PR-C01-P02-001340,C01-P02,C01-E0282,2026-02-05 12:12:38,,Aberto,2,28,17,0.0
PR-C01-P02-001341,C01-P02,C01-E0124,2026-02-07 07:48:16,2026-02-09 02:48:16,Merged,2,114,20,3.0
PR-C01-P02-001342,C01-P02,C01-E0340,2026-02-09 21:23:37,2026-02-12 07:23:37,Merged,2,87,83,
PR-C01-P02-001343,C01-P02,C01-E0210,2026-02-26 15:55:54,,Fechado sem merge,3,95,2,0.0
PR-C01-P02-001344,C01-P02,C01-E0040,2026-02-08 14:50:13,2026-02-09 10:50:13,Merged,4,38,1,2.0
PR-C01-P02-001345,C01-P02,C01-E0300,2026-02-17 15:22:25,,Fechado sem merge,2,119,74,2.0
PR-C01-P02-001346,C01-P02,C01-E0288,2026-02-10 08:28:53,2026-02-12 18:28:53,Merged,6,91,18,3.0
PR-C01-P02-001347,C01-P02,C01-E0082,2026-02-13 07:19:01,,Fechado sem merge,4,66,7,0.0
PR-C01-P02-001348,C01-P02,C01-E0165,2026-02-25 19:50:23,2026-02-26 11:50:23,Merged,10,30,46,2.0
PR-C01-P02-001349,C01-P02,C01-E0029,2026-02-08 13:53:23,,Aberto,11,57,56,1.0
PR-C01-P02-001350,C01-P02,C01-E0348,2026-02-15 12:50:25,2026-02-16 09:50:25,Merged,10,55,48,0.0
PR-C01-P02-001351,C01-P02,C01-E0112,2026-02-05 08:06:00,2026-02-05 21:06:00,Merged,4,127,14,2.0
PR-C01-P02-001352,C01-P02,C01-E0015,2026-02-04 20:48:39,2026-02-05 00:48:39,Merged,8,145,19,
PR-C01-P02-001353,C01-P02,C01-E0299,2026-02-27 09:17:31,2026-03-02 06:17:31,Merged,1,165,17,2.0
PR-C01-P02-001354,C01-P02,C01-E0228,2026-02-15 16:39:11,2026-02-17 07:39:11,Merged,11,61,68,1.0
PR-C01-P02-001355,C01-P02,C01-E0025,2026-02-09 15:43:04,,Fechado sem merge,3,83,40,0.0
PR-C01-P02-001356,C01-P02,C01-E0137,2026-02-19 16:52:48,,Aberto,3,92,10,0.0
PR-C01-P02-001357,C01-P02,C01-E0276,2026-02-20 16:44:26,,Aberto,1,13,33,0.0
PR-C01-P02-001358,C01-P02,C01-E0298,2026-02-26 14:46:18,2026-03-02 10:46:18,Merged,10,77,19,2.0
PR-C01-P02-001359,C01-P02,C01-E0354,2026-02-02 19:01:14,2026-02-04 20:01:14,Merged,7,84,21,1.0
PR-C01-P02-001360,C01-P02,C01-E0330,2026-02-22 10:38:53,2026-02-25 12:38:53,Merged,5,49,61,2.0
PR-C01-P02-001361,C01-P02,C01-E0015,2026-02-26 08:40:08,,Fechado sem merge,13,56,25,2.0
PR-C01-P02-001362,C01-P02,C01-E0172,2026-02-17 07:09:44,2026-02-20 17:09:44,Merged,17,3,18,1.0
PR-C01-P02-001363,C01-P02,C01-E0334,2026-02-10 17:01:48,2026-02-13 15:01:48,Merged,7,29,46,3.0
PR-C01-P02-001364,C01-P02,C01-E0078,2026-02-11 16:30:55,2026-02-13 17:30:55,Merged,1,41,19,2.0
PR-C01-P02-001365,C01-P02,C01-E0288,2026-02-20 15:32:00,2026-02-24 11:32:00,Merged,4,92,27,0.0
PR-C01-P02-001366,C01-P02,C01-E0172,2026-02-09 12:15:44,2026-02-09 16:15:44,Merged,4,101,41,2.0
PR-C01-P02-001367,C01-P02,C01-E0015,2026-02-23 20:19:57,2026-02-25 15:19:57,Merged,4,73,10,1.0
PR-C01-P02-001368,C01-P02,C01-E0137,2026-02-26 14:40:19,2026-03-01 20:40:19,Merged,1,53,47,1.0
PR-C01-P02-001369,C01-P02,C01-E0286,2026-02-25 07:32:09,2026-02-27 22:32:09,Merged,12,83,38,0.0
PR-C01-P02-001370,C01-P02,C01-E0055,2026-03-01 07:46:43,2026-03-05 05:46:43,Merged,8,90,52,3.0
PR-C01-P02-001371,C01-P02,C01-E0145,2026-03-18 11:46:24,2026-03-21 18:46:24,Merged,5,124,59,3.0
PR-C01-P02-001372,C01-P02,C01-E0312,2026-03-04 20:23:54,2026-03-06 07:23:54,Merged,2,88,77,1.0
PR-C01-P02-001373,C01-P02,C01-E0238,2026-03-02 20:59:59,2026-03-06 11:59:59,Merged,3,35,18,2.0
PR-C01-P02-001374,C01-P02,C01-E0345,2026-03-14 20:16:10,2026-03-15 11:16:10,Merged,4,73,43,0.0
PR-C01-P02-001375,C01-P02,C01-E0189,2026-03-30 15:46:26,,Fechado sem merge,10,69,61,2.0
PR-C01-P02-001376,C01-P02,C01-E0055,2026-03-19 21:15:46,2026-03-21 07:15:46,Merged,10,75,182,2.0
PR-C01-P02-001377,C01-P02,C01-E0292,2026-03-22 16:45:25,2026-03-25 19:45:25,Merged,10,158,18,0.0
PR-C01-P02-001378,C01-P02,C01-E0037,2026-03-11 20:20:53,2026-03-15 17:20:53,Merged,10,241,28,1.0
PR-C01-P02-001379,C01-P02,C01-E0024,2026-03-16 09:58:08,2026-03-17 01:58:08,Merged,7,83,25,2.0
PR-C01-P02-001380,C01-P02,C01-E0324,2026-03-12 07:25:27,2026-03-15 08:25:27,Merged,2,193,4,0.0
PR-C01-P02-001381,C01-P02,C01-E0319,2026-03-03 19:45:41,2026-03-05 09:45:41,Merged,5,82,9,3.0
PR-C01-P02-001382,C01-P02,C01-E0042,2026-03-08 14:07:43,2026-03-11 12:07:43,Merged,1,228,9,3.0
PR-C01-P02-001383,C01-P02,C01-E0042,2026-03-25 12:31:27,2026-03-27 04:31:27,Merged,5,43,92,1.0
PR-C01-P02-001384,C01-P02,C01-E0148,2026-03-28 15:28:34,,Fechado sem merge,10,12,29,0.0
PR-C01-P02-001385,C01-P02,C01-E0028,2026-03-01 20:44:19,2026-03-02 11:44:19,Merged,10,2,40,1.0
PR-C01-P02-001386,C01-P02,C01-E0350,2026-03-13 17:05:48,,Fechado sem merge,11,23,17,
PR-C01-P02-001387,C01-P02,C01-E0018,2026-03-03 19:55:40,2026-03-03 21:55:40,Merged,7,127,26,1.0
PR-C01-P02-001388,C01-P02,C01-E0245,2026-03-17 12:49:38,,Fechado sem merge,1,82,78,2.0
PR-C01-P02-001389,C01-P02,C01-E0073,2026-03-03 20:25:05,,Aberto,7,26,26,2.0
PR-C01-P02-001390,C01-P02,C01-E0308,2026-03-10 18:55:32,,Aberto,5,84,21,3.0
PR-C01-P02-001391,C01-P02,C01-E0130,2026-03-11 18:31:12,2026-03-14 18:31:12,Merged,8,50,83,1.0
PR-C01-P02-001392,C01-P02,C01-E0055,2026-03-05 20:13:03,2026-03-06 14:13:03,Merged,1,233,21,2.0
PR-C01-P02-001393,C01-P02,C01-E0033,2026-03-23 14:02:01,,Aberto,7,98,24,0.0
PR-C01-P02-001394,C01-P02,C01-E0302,2026-03-30 21:30:28,2026-04-03 12:30:28,Merged,4,193,6,2.0
PR-C01-P02-001395,C01-P02,C01-E0048,2026-03-23 08:36:33,2026-03-24 12:36:33,Merged,6,14,32,1.0
PR-C01-P02-001396,C01-P02,C01-E0283,2026-03-22 18:41:00,,Aberto,10,231,130,0.0
PR-C01-P02-001397,C01-P02,C01-E0298,2026-03-29 15:42:59,,Aberto,8,49,23,3.0
PR-C01-P02-001398,C01-P02,C01-E0150,2026-03-31 15:27:02,2026-04-03 07:27:02,Merged,3,17,93,1.0
PR-C01-P02-001399,C01-P02,C01-E0301,2026-03-09 09:03:27,2026-03-11 23:03:27,Merged,12,25,172,3.0
PR-C01-P02-001400,C01-P02,C01-E0023,2026-03-09 10:27:52,,Fechado sem merge,4,91,0,0.0
PR-C01-P02-001401,C01-P02,C01-E0291,2026-03-11 18:16:19,,Fechado sem merge,4,30,117,2.0
PR-C01-P02-001402,C01-P02,C01-E0224,2026-03-24 18:37:39,2026-03-25 13:37:39,Merged,4,45,40,3.0
PR-C01-P02-001403,C01-P02,C01-E0286,2026-03-08 17:09:59,,Fechado sem merge,5,180,135,2.0
PR-C01-P02-001404,C01-P02,C01-E0142,2026-03-18 14:39:43,2026-03-18 21:39:43,Merged,1,25,86,2.0
PR-C01-P02-001405,C01-P02,C01-E0131,2026-03-27 13:04:38,2026-03-31 06:04:38,Merged,3,141,22,2.0
PR-C01-P02-001406,C01-P02,C01-E0041,2026-03-15 11:33:56,2026-03-16 18:33:56,Merged,7,55,21,2.0
PR-C01-P02-001407,C01-P02,C01-E0023,2026-03-16 19:49:50,,Aberto,1,22,25,1.0
PR-C01-P02-001408,C01-P02,C01-E0007,2026-03-06 17:37:47,2026-03-07 10:37:47,Merged,1,89,3,1.0
PR-C01-P02-001409,C01-P02,C01-E0016,2026-03-04 19:12:38,2026-03-06 09:12:38,Merged,3,122,116,1.0
PR-C01-P02-001410,C01-P02,C01-E0225,2026-03-18 07:34:05,,Aberto,3,30,21,1.0
PR-C01-P02-001411,C01-P02,C01-E0006,2026-03-23 21:16:13,2026-03-25 09:16:13,Merged,9,56,9,2.0
PR-C01-P02-001412,C01-P02,C01-E0282,2026-03-14 11:23:55,2026-03-18 01:23:55,Merged,2,50,8,2.0
PR-C01-P02-001413,C01-P02,C01-E0303,2026-03-13 19:30:49,2026-03-14 21:30:49,Merged,2,45,61,2.0
PR-C01-P02-001414,C01-P02,C01-E0067,2026-03-10 17:41:07,2026-03-12 04:41:07,Merged,8,36,43,0.0
PR-C01-P02-001415,C01-P02,C01-E0061,2026-03-16 10:51:06,,Aberto,1,20,50,2.0
PR-C01-P02-001416,C01-P02,C01-E0097,2026-03-15 20:34:42,2026-03-17 22:34:42,Merged,8,71,57,2.0
PR-C01-P02-001417,C01-P02,C01-E0345,2026-03-07 14:54:01,2026-03-09 21:54:01,Merged,3,17,58,0.0
PR-C01-P02-001418,C01-P02,C01-E0283,2026-03-29 15:40:07,2026-04-02 01:40:07,Merged,2,185,28,1.0
PR-C01-P02-001419,C01-P02,C01-E0016,2026-03-26 08:26:21,2026-03-29 14:26:21,Merged,3,33,70,1.0
PR-C01-P02-001420,C01-P02,C01-E0080,2026-03-23 17:11:59,2026-03-26 02:11:59,Merged,5,187,50,3.0
PR-C01-P02-001421,C01-P02,C01-E0094,2026-03-03 10:44:13,2026-03-05 05:44:13,Merged,10,69,15,0.0
PR-C01-P02-001422,C01-P02,C01-E0312,2026-03-29 12:33:28,,Fechado sem merge,6,102,19,1.0
PR-C01-P02-001423,C01-P02,C01-E0247,2026-03-26 13:40:23,2026-03-29 09:40:23,Merged,1,217,18,0.0
PR-C01-P02-001424,C01-P02,C01-E0312,2026-03-11 10:10:01,2026-03-15 07:10:01,Merged,4,34,13,0.0
PR-C01-P02-001425,C01-P02,C01-E0354,2026-03-23 16:51:49,,Fechado sem merge,1,60,46,2.0
PR-C01-P02-001426,C01-P02,C01-E0285,2026-03-28 07:18:06,2026-03-30 05:18:06,Merged,1,72,41,0.0
PR-C01-P02-001427,C01-P02,C01-E0038,2026-03-30 09:34:29,2026-04-01 10:34:29,Merged,3,62,18,2.0
PR-C01-P02-001428,C01-P02,C01-E0106,2026-03-09 18:46:32,2026-03-11 00:46:32,Merged,5,18,10,1.0
PR-C01-P02-001429,C01-P02,C01-E0254,2026-03-08 09:12:14,2026-03-08 18:12:14,Merged,1,54,17,2.0
PR-C01-P02-001430,C01-P02,C01-E0346,2026-03-30 08:26:13,2026-04-01 05:26:13,Merged,2,44,39,3.0
PR-C01-P02-001431,C01-P02,C01-E0001,2026-03-23 20:13:33,2026-03-24 05:13:33,Merged,12,53,26,2.0
PR-C01-P02-001432,C01-P02,C01-E0232,2026-03-11 12:16:16,2026-03-12 22:16:16,Merged,7,151,11,
PR-C01-P02-001433,C01-P02,C01-E0112,2026-03-05 13:25:43,2026-03-06 18:25:43,Merged,23,184,41,2.0
PR-C01-P02-001434,C01-P02,C01-E0299,2026-03-22 15:05:58,2026-03-24 08:05:58,Merged,4,8,19,3.0
PR-C01-P02-001435,C01-P02,C01-E0129,2026-03-31 20:20:49,,Fechado sem merge,3,94,17,1.0
PR-C01-P02-001436,C01-P02,C01-E0015,2026-03-27 16:40:37,2026-03-28 07:40:37,Merged,5,42,23,3.0
PR-C01-P02-001437,C01-P02,C01-E0142,2026-03-05 15:03:40,2026-03-07 11:03:40,Merged,18,53,61,2.0
PR-C01-P02-001438,C01-P02,C01-E0057,2026-04-06 07:14:54,2026-04-06 22:14:54,Merged,4,92,33,3.0
PR-C01-P02-001439,C01-P02,C01-E0321,2026-04-10 18:12:41,,Fechado sem merge,7,60,31,1.0
PR-C01-P02-001440,C01-P02,C01-E0057,2026-04-19 20:41:14,2026-04-21 15:41:14,Merged,6,129,32,0.0
PR-C01-P02-001441,C01-P02,C01-E0007,2026-04-28 13:29:38,,Fechado sem merge,18,79,17,2.0
PR-C01-P02-001442,C01-P02,C01-E0308,2026-04-29 12:03:54,,Aberto,11,90,4,0.0
PR-C01-P02-001443,C01-P02,C01-E0014,2026-04-01 21:44:49,2026-04-02 11:44:49,Merged,4,4,49,1.0
PR-C01-P02-001444,C01-P02,C01-E0240,2026-04-21 15:36:53,,Aberto,1,57,10,1.0
PR-C01-P02-001445,C01-P02,C01-E0209,2026-04-21 10:58:27,2026-04-23 14:58:27,Merged,9,63,35,2.0
PR-C01-P02-001446,C01-P02,C01-E0058,2026-04-24 14:28:13,2026-04-27 03:28:13,Merged,10,48,50,2.0
PR-C01-P02-001447,C01-P02,C01-E0055,2026-04-23 09:33:01,2026-04-26 00:33:01,Merged,2,150,8,3.0
PR-C01-P02-001448,C01-P02,C01-E0156,2026-04-07 09:15:43,2026-04-10 21:15:43,Merged,2,91,88,0.0
PR-C01-P02-001449,C01-P02,C01-E0161,2026-04-29 12:29:26,2026-05-01 21:29:26,Merged,3,134,4,0.0
PR-C01-P02-001450,C01-P02,C01-E0270,2026-04-20 16:43:36,,Aberto,1,42,19,0.0
PR-C01-P02-001451,C01-P02,C01-E0357,2026-04-23 18:54:55,2026-04-24 12:54:55,Merged,11,87,13,3.0
PR-C01-P02-001452,C01-P02,C01-E0233,2026-04-26 21:12:42,2026-04-30 08:12:42,Merged,2,82,14,3.0
PR-C01-P02-001453,C01-P02,C01-E0048,2026-04-21 14:03:39,2026-04-23 06:03:39,Merged,4,111,24,2.0
PR-C01-P02-001454,C01-P02,C01-E0130,2026-04-29 09:10:17,2026-05-01 23:10:17,Merged,8,71,38,2.0
PR-C01-P02-001455,C01-P02,C01-E0014,2026-04-30 10:52:17,2026-05-04 00:52:17,Merged,4,59,29,2.0
PR-C01-P02-001456,C01-P02,C01-E0190,2026-04-26 16:24:24,2026-04-30 01:24:24,Merged,4,48,55,0.0
PR-C01-P02-001457,C01-P02,C01-E0254,2026-04-30 16:47:34,,Aberto,7,42,34,3.0
PR-C01-P02-001458,C01-P02,C01-E0339,2026-04-25 16:44:00,2026-04-28 06:44:00,Merged,4,1,18,
PR-C01-P02-001459,C01-P02,C01-E0148,2026-04-05 19:52:50,,Fechado sem merge,7,113,16,2.0
PR-C01-P02-001460,C01-P02,C01-E0289,2026-04-16 16:07:46,2026-04-17 10:07:46,Merged,7,30,38,1.0
PR-C01-P02-001461,C01-P02,C01-E0165,2026-04-09 17:47:39,2026-04-10 11:47:39,Merged,8,52,29,2.0
PR-C01-P02-001462,C01-P02,C01-E0335,2026-04-18 18:53:56,2026-04-22 18:53:56,Merged,1,24,63,3.0
PR-C01-P02-001463,C01-P02,C01-E0027,2026-04-16 10:10:03,2026-04-18 09:10:03,Merged,21,33,78,0.0
PR-C01-P02-001464,C01-P02,C01-E0237,2026-04-26 13:42:28,2026-04-29 04:42:28,Merged,5,91,30,2.0
PR-C01-P02-001465,C01-P02,C01-E0062,2026-04-24 18:45:34,,Fechado sem merge,15,117,39,2.0
PR-C01-P02-001466,C01-P02,C01-E0276,2026-04-11 12:23:00,2026-04-13 17:23:00,Merged,6,92,81,0.0
PR-C01-P02-001467,C01-P02,C01-E0152,2026-04-02 16:32:00,2026-04-03 23:32:00,Merged,3,32,30,1.0
PR-C01-P02-001468,C01-P02,C01-E0216,2026-04-26 18:22:26,2026-04-30 11:22:26,Merged,1,63,9,2.0
PR-C01-P02-001469,C01-P02,C01-E0237,2026-04-05 17:46:16,2026-04-05 20:46:16,Merged,2,145,49,1.0
PR-C01-P02-001470,C01-P02,C01-E0007,2026-04-07 10:06:54,,Aberto,7,66,5,0.0
PR-C01-P02-001471,C01-P02,C01-E0129,2026-04-19 07:31:38,2026-04-21 16:31:38,Merged,8,63,2,2.0
PR-C01-P02-001472,C01-P02,C01-E0284,2026-04-10 07:23:32,,Aberto,12,41,9,1.0
PR-C01-P02-001473,C01-P02,C01-E0335,2026-04-07 21:36:34,2026-04-11 20:36:34,Merged,1,125,28,2.0
PR-C01-P02-001474,C01-P02,C01-E0064,2026-04-21 13:30:59,,Aberto,7,32,38,1.0
PR-C01-P02-001475,C01-P02,C01-E0321,2026-04-01 17:45:53,,Aberto,7,27,26,3.0
PR-C01-P02-001476,C01-P02,C01-E0032,2026-04-21 17:52:09,2026-04-24 10:52:09,Merged,4,127,22,1.0
PR-C01-P02-001477,C01-P02,C01-E0096,2026-04-22 17:22:10,,Fechado sem merge,6,107,50,1.0
PR-C01-P02-001478,C01-P02,C01-E0045,2026-04-23 16:14:25,2026-04-25 11:14:25,Merged,2,75,51,0.0
PR-C01-P02-001479,C01-P02,C01-E0029,2026-04-11 10:28:58,2026-04-13 05:28:58,Merged,4,115,5,2.0
PR-C01-P02-001480,C01-P02,C01-E0276,2026-04-03 09:14:45,,Fechado sem merge,10,195,59,
PR-C01-P02-001481,C01-P02,C01-E0030,2026-04-13 14:34:52,,Fechado sem merge,7,116,16,1.0
PR-C01-P02-001482,C01-P02,C01-E0240,2026-04-08 13:06:30,2026-04-10 17:06:30,Merged,3,97,66,2.0
PR-C01-P02-001483,C01-P02,C01-E0310,2026-04-12 11:39:28,2026-04-12 14:39:28,Merged,2,157,6,2.0
PR-C01-P02-001484,C01-P02,C01-E0150,2026-04-12 19:27:26,2026-04-13 12:27:26,Merged,11,82,81,1.0
PR-C01-P02-001485,C01-P02,C01-E0216,2026-04-03 19:09:08,2026-04-05 18:09:08,Merged,14,175,48,2.0
PR-C01-P02-001486,C01-P02,C01-E0344,2026-04-20 15:35:29,2026-04-22 18:35:29,Merged,7,110,36,3.0
PR-C01-P02-001487,C01-P02,C01-E0244,2026-04-19 09:33:27,2026-04-20 07:33:27,Merged,1,159,18,2.0
PR-C01-P02-001488,C01-P02,C01-E0287,2026-04-01 14:13:14,2026-04-01 15:13:14,Merged,3,6,52,1.0
PR-C01-P02-001489,C01-P02,C01-E0015,2026-04-18 16:59:12,2026-04-20 14:59:12,Merged,7,29,17,0.0
PR-C01-P02-001490,C01-P02,C01-E0006,2026-04-19 12:07:20,,Aberto,5,51,16,2.0
PR-C01-P02-001491,C01-P02,C01-E0174,2026-04-01 14:49:04,2026-04-02 07:49:04,Merged,4,96,24,2.0
PR-C01-P02-001492,C01-P02,C01-E0024,2026-04-09 19:06:36,2026-04-11 20:06:36,Merged,22,118,29,1.0
PR-C01-P02-001493,C01-P02,C01-E0252,2026-04-26 21:36:19,2026-04-27 01:36:19,Merged,1,166,88,1.0
PR-C01-P02-001494,C01-P02,C01-E0147,2026-04-08 08:14:33,2026-04-09 14:14:33,Merged,9,31,4,2.0
PR-C01-P02-001495,C01-P02,C01-E0033,2026-04-13 13:17:35,2026-04-17 10:17:35,Merged,18,93,42,2.0
PR-C01-P02-001496,C01-P02,C01-E0154,2026-04-27 15:25:46,,Fechado sem merge,8,13,71,2.0
PR-C01-P02-001497,C01-P02,C01-E0298,2026-04-18 11:59:14,2026-04-20 23:59:14,Merged,6,120,62,0.0
PR-C01-P02-001498,C01-P02,C01-E0333,2026-04-28 08:04:29,,Fechado sem merge,16,184,14,2.0
PR-C01-P02-001499,C01-P02,C01-E0185,2026-04-08 16:42:44,2026-04-08 20:42:44,Merged,2,12,50,2.0
PR-C01-P02-001500,C01-P02,C01-E0100,2026-04-07 08:55:41,,Fechado sem merge,5,88,33,2.0
PR-C01-P02-001501,C01-P02,C01-E0181,2026-04-10 20:28:58,2026-04-11 01:28:58,Merged,6,34,26,2.0
PR-C01-P02-001502,C01-P02,C01-E0355,2026-04-19 20:48:05,,Aberto,2,22,16,1.0
PR-C01-P02-001503,C01-P02,C01-E0149,2026-04-13 10:30:27,2026-04-14 10:30:27,Merged,3,89,28,2.0
PR-C01-P02-001504,C01-P02,C01-E0032,2026-04-09 13:57:31,2026-04-10 15:57:31,Merged,8,56,4,2.0
PR-C01-P02-001505,C01-P02,C01-E0069,2026-04-27 14:40:11,2026-05-01 00:40:11,Merged,4,31,98,2.0
PR-C01-P02-001506,C01-P02,C01-E0142,2026-05-21 12:09:24,2026-05-24 00:09:24,Merged,1,170,8,2.0
PR-C01-P02-001507,C01-P02,C01-E0096,2026-05-25 10:37:44,2026-05-26 19:37:44,Merged,15,24,2,0.0
PR-C01-P02-001508,C01-P02,C01-E0147,2026-05-16 13:10:33,2026-05-18 01:10:33,Merged,6,45,32,2.0
PR-C01-P02-001509,C01-P02,C01-E0259,2026-05-31 07:50:30,,Fechado sem merge,3,114,33,
PR-C01-P02-001510,C01-P02,C01-E0264,2026-05-24 07:34:59,2026-05-24 10:34:59,Merged,1,53,58,2.0
PR-C01-P02-001511,C01-P02,C01-E0133,2026-05-08 07:12:45,2026-05-12 07:12:45,Merged,9,27,6,2.0
PR-C01-P02-001512,C01-P02,C01-E0067,2026-05-17 07:05:19,2026-05-17 10:05:19,Merged,4,50,25,
PR-C01-P02-001513,C01-P02,C01-E0209,2026-05-20 19:00:13,,Fechado sem merge,5,99,48,2.0
PR-C01-P02-001514,C01-P02,C01-E0354,2026-05-28 20:52:01,2026-05-29 03:52:01,Merged,1,205,57,1.0
PR-C01-P02-001515,C01-P02,C01-E0222,2026-05-11 19:57:08,2026-05-13 00:57:08,Merged,5,185,116,1.0
PR-C01-P02-001516,C01-P02,C01-E0126,2026-05-18 08:53:46,2026-05-18 11:53:46,Merged,10,57,46,2.0
PR-C01-P02-001517,C01-P02,C01-E0195,2026-05-22 17:20:08,,Aberto,8,83,16,2.0
PR-C01-P02-001518,C01-P02,C01-E0015,2026-05-29 13:33:50,2026-05-31 20:33:50,Merged,7,10,35,3.0
PR-C01-P02-001519,C01-P02,C01-E0190,2026-05-05 09:28:36,2026-05-09 09:28:36,Merged,2,63,22,3.0
PR-C01-P02-001520,C01-P02,C01-E0118,2026-05-31 14:02:06,2026-06-02 11:02:06,Merged,2,79,123,1.0
PR-C01-P02-001521,C01-P02,C01-E0350,2026-05-10 20:14:18,,Aberto,2,114,24,1.0
PR-C01-P02-001522,C01-P02,C01-E0351,2026-05-18 11:53:11,,Aberto,3,89,38,2.0
PR-C01-P02-001523,C01-P02,C01-E0109,2026-05-20 09:11:40,2026-05-22 03:11:40,Merged,3,60,62,1.0
PR-C01-P02-001524,C01-P02,C01-E0107,2026-05-02 07:23:48,2026-05-03 07:23:48,Merged,12,21,7,1.0
PR-C01-P02-001525,C01-P02,C01-E0324,2026-05-22 20:09:33,2026-05-25 02:09:33,Merged,10,60,35,
PR-C01-P02-001526,C01-P02,C01-E0019,2026-05-04 17:04:18,2026-05-05 18:04:18,Merged,9,20,157,2.0
PR-C01-P02-001527,C01-P02,C01-E0344,2026-05-29 10:19:21,2026-05-31 08:19:21,Merged,5,75,37,2.0
PR-C01-P02-001528,C01-P02,C01-E0245,2026-05-24 20:15:22,2026-05-27 07:15:22,Merged,3,179,1,0.0
PR-C01-P02-001529,C01-P02,C01-E0264,2026-05-12 19:08:05,2026-05-13 20:08:05,Merged,4,59,23,1.0
PR-C01-P02-001530,C01-P02,C01-E0123,2026-05-31 09:21:47,2026-05-31 22:21:47,Merged,3,43,47,2.0
PR-C01-P02-001531,C01-P02,C01-E0130,2026-05-29 13:36:13,2026-06-01 06:36:13,Merged,4,115,58,1.0
PR-C01-P02-001532,C01-P02,C01-E0298,2026-05-04 14:52:10,,Fechado sem merge,3,106,8,1.0
PR-C01-P02-001533,C01-P02,C01-E0154,2026-05-21 15:21:38,2026-05-24 04:21:38,Merged,2,141,16,
PR-C01-P02-001534,C01-P02,C01-E0050,2026-05-28 16:42:16,2026-05-31 00:42:16,Merged,21,37,14,1.0
PR-C01-P02-001535,C01-P02,C01-E0328,2026-05-20 15:44:32,,Aberto,3,199,4,1.0
PR-C01-P02-001536,C01-P02,C01-E0301,2026-05-10 14:17:47,2026-05-13 03:17:47,Merged,3,21,6,1.0
PR-C01-P02-001537,C01-P02,C01-E0150,2026-05-29 15:53:00,2026-06-01 19:53:00,Merged,4,116,56,1.0
PR-C01-P02-001538,C01-P02,C01-E0292,2026-05-24 20:17:29,2026-05-26 20:17:29,Merged,2,23,2,1.0
PR-C01-P02-001539,C01-P02,C01-E0319,2026-05-09 13:18:25,,Fechado sem merge,5,10,86,2.0
PR-C01-P02-001540,C01-P02,C01-E0085,2026-05-19 16:10:34,2026-05-20 16:10:34,Merged,1,37,20,1.0
PR-C01-P02-001541,C01-P02,C01-E0041,2026-05-14 13:10:50,2026-05-14 16:10:50,Merged,9,99,8,0.0
PR-C01-P02-001542,C01-P02,C01-E0040,2026-05-13 19:16:32,2026-05-17 05:16:32,Merged,5,171,0,2.0
PR-C01-P02-001543,C01-P02,C01-E0028,2026-05-06 07:47:24,2026-05-07 15:47:24,Merged,4,55,13,0.0
PR-C01-P02-001544,C01-P02,C01-E0233,2026-05-23 08:03:32,,Aberto,2,230,18,0.0
PR-C01-P02-001545,C01-P02,C01-E0263,2026-05-03 14:06:35,2026-05-05 05:06:35,Merged,1,140,39,0.0
PR-C01-P02-001546,C01-P02,C01-E0066,2026-05-24 20:43:44,2026-05-28 02:43:44,Merged,8,32,48,2.0
PR-C01-P02-001547,C01-P02,C01-E0228,2026-05-17 08:36:24,2026-05-18 01:36:24,Merged,8,41,56,2.0
PR-C01-P02-001548,C01-P02,C01-E0343,2026-05-26 08:16:24,2026-05-27 22:16:24,Merged,1,159,45,0.0
PR-C01-P02-001549,C01-P02,C01-E0142,2026-05-11 08:03:31,2026-05-15 03:03:31,Merged,5,80,34,1.0
PR-C01-P02-001550,C01-P02,C01-E0181,2026-05-02 13:54:19,2026-05-05 23:54:19,Merged,11,78,1,1.0
PR-C01-P02-001551,C01-P02,C01-E0331,2026-05-04 13:50:12,2026-05-06 23:50:12,Merged,1,3,37,1.0
PR-C01-P02-001552,C01-P02,C01-E0346,2026-05-05 20:30:25,2026-05-09 12:30:25,Merged,5,98,1,1.0
PR-C01-P02-001553,C01-P02,C01-E0043,2026-05-11 17:51:17,,Aberto,3,61,36,3.0
PR-C01-P02-001554,C01-P02,C01-E0290,2026-05-21 10:17:56,,Fechado sem merge,20,18,5,1.0
PR-C01-P02-001555,C01-P02,C01-E0318,2026-05-17 12:41:48,2026-05-18 11:41:48,Merged,10,16,155,3.0
PR-C01-P02-001556,C01-P02,C01-E0251,2026-05-18 10:48:16,2026-05-19 22:48:16,Merged,4,33,10,1.0
PR-C01-P02-001557,C01-P02,C01-E0211,2026-05-01 19:18:32,2026-05-02 07:18:32,Merged,2,43,39,
PR-C01-P02-001558,C01-P02,C01-E0168,2026-05-20 21:36:44,,Fechado sem merge,3,37,17,2.0
PR-C01-P02-001559,C01-P02,C01-E0167,2026-05-28 13:33:30,2026-05-29 15:33:30,Merged,16,59,55,3.0
PR-C01-P02-001560,C01-P02,C01-E0047,2026-05-29 13:45:44,2026-05-31 01:45:44,Merged,4,159,40,2.0
PR-C01-P02-001561,C01-P02,C01-E0263,2026-05-01 16:37:27,,Aberto,1,66,24,
PR-C01-P02-001562,C01-P02,C01-E0346,2026-05-12 07:52:43,2026-05-15 16:52:43,Merged,2,142,16,1.0
PR-C01-P02-001563,C01-P02,C01-E0334,2026-05-02 16:46:29,2026-05-06 09:46:29,Merged,2,29,54,2.0
PR-C01-P02-001564,C01-P02,C01-E0028,2026-06-25 16:35:52,,Aberto,5,19,70,1.0
PR-C01-P02-001565,C01-P02,C01-E0308,2026-06-02 13:52:43,2026-06-05 08:52:43,Merged,9,16,22,2.0
PR-C01-P02-001566,C01-P02,C01-E0073,2026-06-26 18:03:31,2026-06-28 18:03:31,Merged,5,133,73,2.0
PR-C01-P02-001567,C01-P02,C01-E0222,2026-06-04 18:59:51,2026-06-07 20:59:51,Merged,4,74,147,2.0
PR-C01-P02-001568,C01-P02,C01-E0282,2026-06-21 12:00:08,2026-06-25 12:00:08,Merged,1,17,24,3.0
PR-C01-P02-001569,C01-P02,C01-E0240,2026-06-07 17:00:42,2026-06-08 11:00:42,Merged,1,42,14,0.0
PR-C01-P02-001570,C01-P02,C01-E0312,2026-06-09 08:20:11,,Fechado sem merge,2,21,23,1.0
PR-C01-P02-001571,C01-P02,C01-E0189,2026-06-15 11:15:11,2026-06-19 08:15:11,Merged,2,112,69,1.0
PR-C01-P02-001572,C01-P02,C01-E0064,2026-06-01 16:52:17,,Fechado sem merge,5,235,9,2.0
PR-C01-P02-001573,C01-P02,C01-E0269,2026-06-21 16:36:48,2026-06-22 08:36:48,Merged,3,100,18,3.0
PR-C01-P02-001574,C01-P02,C01-E0091,2026-06-28 10:24:45,,Aberto,8,360,51,2.0
PR-C01-P02-001575,C01-P02,C01-E0232,2026-06-18 07:48:44,2026-06-18 23:48:44,Merged,4,51,3,
PR-C01-P02-001576,C01-P02,C01-E0342,2026-06-08 14:23:48,2026-06-10 23:23:48,Merged,1,46,8,3.0
PR-C01-P02-001577,C01-P02,C01-E0288,2026-06-10 09:00:24,,Fechado sem merge,5,169,68,2.0
PR-C01-P02-001578,C01-P02,C01-E0131,2026-06-19 12:15:42,2026-06-23 06:15:42,Merged,26,148,27,0.0
PR-C01-P02-001579,C01-P02,C01-E0041,2026-06-12 15:57:06,,Aberto,8,31,6,
PR-C01-P02-001580,C01-P02,C01-E0174,2026-06-04 16:55:07,2026-06-08 10:55:07,Merged,10,21,9,2.0
PR-C01-P02-001581,C01-P02,C01-E0180,2026-06-04 16:24:14,2026-06-06 07:24:14,Merged,2,179,21,1.0
PR-C01-P02-001582,C01-P02,C01-E0030,2026-06-24 12:28:10,2026-06-25 23:28:10,Merged,2,13,7,3.0
PR-C01-P02-001583,C01-P02,C01-E0055,2026-06-06 10:59:38,2026-06-09 12:59:38,Merged,6,75,70,1.0
PR-C01-P02-001584,C01-P02,C01-E0022,2026-06-17 12:58:26,2026-06-20 20:58:26,Merged,2,49,2,1.0
PR-C01-P02-001585,C01-P02,C01-E0147,2026-06-27 13:58:29,2026-06-30 07:58:29,Merged,1,191,15,3.0
PR-C01-P02-001586,C01-P02,C01-E0336,2026-06-15 20:54:18,2026-06-16 10:54:18,Merged,5,75,24,2.0
PR-C01-P02-001587,C01-P02,C01-E0086,2026-06-04 13:27:14,2026-06-05 05:27:14,Merged,3,15,54,2.0
PR-C01-P02-001588,C01-P02,C01-E0210,2026-06-26 16:23:53,2026-06-29 18:23:53,Merged,4,206,15,1.0
PR-C01-P02-001589,C01-P02,C01-E0031,2026-06-03 13:19:36,,Aberto,12,145,40,2.0
PR-C01-P02-001590,C01-P02,C01-E0023,2026-06-19 15:11:05,2026-06-22 11:11:05,Merged,8,65,43,1.0
PR-C01-P02-001591,C01-P02,C01-E0247,2026-06-28 19:24:55,2026-07-02 06:24:55,Merged,7,96,31,2.0
PR-C01-P02-001592,C01-P02,C01-E0202,2026-06-16 19:20:52,2026-06-17 01:20:52,Merged,2,129,26,3.0
PR-C01-P02-001593,C01-P02,C01-E0040,2026-06-26 12:20:26,2026-06-27 01:20:26,Merged,9,32,71,
PR-C01-P02-001594,C01-P02,C01-E0103,2026-06-08 17:13:59,2026-06-09 15:13:59,Merged,1,58,71,2.0
PR-C01-P02-001595,C01-P02,C01-E0061,2026-06-05 10:56:12,,Aberto,1,93,92,3.0
PR-C01-P02-001596,C01-P02,C01-E0251,2026-06-07 19:35:16,2026-06-08 14:35:16,Merged,13,148,8,0.0
PR-C01-P02-001597,C01-P02,C01-E0107,2026-06-14 14:15:55,2026-06-14 16:15:55,Merged,7,53,17,2.0
PR-C01-P02-001598,C01-P02,C01-E0233,2026-06-28 14:27:30,2026-07-01 12:27:30,Merged,5,246,29,1.0
PR-C01-P02-001599,C01-P02,C01-E0172,2026-06-07 12:16:23,,Aberto,4,46,58,0.0
PR-C01-P02-001600,C01-P02,C01-E0189,2026-06-01 21:27:32,2026-06-02 10:27:32,Merged,8,95,6,2.0
PR-C01-P02-001601,C01-P02,C01-E0294,2026-06-28 16:26:58,,Aberto,1,80,5,
PR-C01-P02-001602,C01-P02,C01-E0004,2026-06-12 21:19:09,2026-06-16 15:19:09,Merged,8,76,40,0.0
PR-C01-P02-001603,C01-P02,C01-E0206,2026-06-18 14:17:01,2026-06-20 18:17:01,Merged,7,42,99,3.0
PR-C01-P02-001604,C01-P02,C01-E0238,2026-06-02 17:36:47,2026-06-03 03:36:47,Merged,6,20,14,2.0
PR-C01-P02-001605,C01-P02,C01-E0164,2026-06-28 21:39:37,,Fechado sem merge,1,72,30,
PR-C01-P02-001606,C01-P02,C01-E0275,2026-06-01 08:07:47,2026-06-04 11:07:47,Merged,6,17,8,1.0
PR-C01-P02-001607,C01-P02,C01-E0040,2026-06-06 16:26:45,2026-06-07 20:26:45,Merged,8,264,48,0.0
PR-C01-P02-001608,C01-P02,C01-E0336,2026-06-23 15:54:48,,Aberto,4,11,48,2.0
PR-C01-P02-001609,C01-P02,C01-E0340,2026-06-16 08:29:50,,Fechado sem merge,5,121,8,0.0
PR-C01-P02-001610,C01-P02,C01-E0066,2026-06-03 08:42:11,2026-06-04 03:42:11,Merged,2,76,36,3.0
PR-C01-P02-001611,C01-P02,C01-E0317,2026-06-28 18:44:31,,Aberto,3,73,21,3.0
PR-C01-P02-001612,C01-P02,C01-E0292,2026-06-20 18:43:22,2026-06-22 07:43:22,Merged,2,29,3,1.0
PR-C01-P02-001613,C01-P02,C01-E0363,2026-06-04 19:25:57,2026-06-05 03:25:57,Merged,4,127,54,1.0
PR-C01-P02-001614,C01-P02,C01-E0086,2026-06-23 13:08:12,2026-06-26 03:08:12,Merged,6,51,72,0.0
PR-C01-P02-001615,C01-P02,C01-E0340,2026-06-08 12:47:10,2026-06-10 22:47:10,Merged,2,209,11,
PR-C01-P02-001616,C01-P02,C01-E0360,2026-06-29 16:51:43,,Aberto,6,44,6,2.0
PR-C01-P02-001617,C01-P02,C01-E0290,2026-06-23 15:39:07,2026-06-26 06:39:07,Merged,4,116,23,1.0
PR-C01-P02-001618,C01-P02,C01-E0123,2026-06-12 16:57:43,,Aberto,1,125,21,0.0
PR-C01-P02-001619,C01-P02,C01-E0312,2026-07-05 11:25:07,2026-07-06 09:25:07,Merged,4,17,52,2.0
PR-C01-P02-001620,C01-P02,C01-E0062,2026-07-07 14:28:21,2026-07-09 02:28:21,Merged,5,59,56,1.0
PR-C01-P02-001621,C01-P02,C01-E0168,2026-07-19 21:19:03,2026-07-19 22:19:03,Merged,16,153,6,1.0
PR-C01-P02-001622,C01-P02,C01-E0016,2026-07-18 17:15:26,2026-07-22 13:15:26,Merged,11,57,104,1.0
PR-C01-P02-001623,C01-P02,C01-E0040,2026-07-06 09:17:26,2026-07-10 07:17:26,Merged,2,176,99,1.0
PR-C01-P02-001624,C01-P02,C01-E0167,2026-07-18 07:09:31,2026-07-19 17:09:31,Merged,9,77,69,2.0
PR-C01-P02-001625,C01-P02,C01-E0107,2026-07-11 17:14:44,2026-07-15 02:14:44,Merged,15,65,6,2.0
PR-C01-P02-001626,C01-P02,C01-E0206,2026-07-01 18:43:05,,Aberto,3,153,55,0.0
PR-C01-P02-001627,C01-P02,C01-E0351,2026-07-18 07:52:08,,Aberto,5,20,29,2.0
PR-C01-P02-001628,C01-P02,C01-E0015,2026-07-21 20:18:57,2026-07-22 07:18:57,Merged,4,13,25,1.0
PR-C01-P02-001629,C01-P02,C01-E0287,2026-07-29 09:55:06,2026-08-01 17:55:06,Merged,5,40,6,3.0
PR-C01-P02-001630,C01-P02,C01-E0330,2026-07-14 10:43:11,,Aberto,13,124,28,1.0
PR-C01-P02-001631,C01-P02,C01-E0096,2026-07-09 20:41:50,2026-07-10 23:41:50,Merged,3,69,34,2.0
PR-C01-P02-001632,C01-P02,C01-E0252,2026-07-22 11:51:12,2026-07-23 18:51:12,Merged,4,23,9,1.0
PR-C01-P02-001633,C01-P02,C01-E0361,2026-07-01 18:39:11,2026-07-04 12:39:11,Merged,13,143,28,0.0
PR-C01-P02-001634,C01-P02,C01-E0059,2026-07-18 18:04:45,2026-07-22 11:04:45,Merged,18,200,11,3.0
PR-C01-P02-001635,C01-P02,C01-E0232,2026-07-08 16:36:18,2026-07-09 20:36:18,Merged,7,57,19,2.0
PR-C01-P02-001636,C01-P02,C01-E0132,2026-07-16 07:33:58,2026-07-17 23:33:58,Merged,4,65,100,2.0
PR-C01-P02-001637,C01-P02,C01-E0259,2026-07-21 19:40:34,2026-07-25 03:40:34,Merged,5,168,8,2.0
PR-C01-P02-001638,C01-P02,C01-E0225,2026-07-27 14:45:39,2026-07-28 14:45:39,Merged,3,164,48,
PR-C01-P02-001639,C01-P02,C01-E0252,2026-07-04 10:58:04,,Aberto,2,70,32,1.0
PR-C01-P02-001640,C01-P02,C01-E0346,2026-07-20 13:46:10,,Aberto,5,182,75,1.0
PR-C01-P02-001641,C01-P02,C01-E0202,2026-07-11 10:15:09,2026-07-14 08:15:09,Merged,13,27,26,1.0
PR-C01-P02-001642,C01-P02,C01-E0318,2026-07-19 13:48:29,2026-07-21 06:48:29,Merged,3,42,15,2.0
PR-C01-P02-001643,C01-P02,C01-E0259,2026-07-13 11:36:05,2026-07-16 19:36:05,Merged,8,66,7,2.0
PR-C01-P02-001644,C01-P02,C01-E0189,2026-07-30 16:51:58,2026-08-01 11:51:58,Merged,13,152,6,0.0
PR-C01-P02-001645,C01-P02,C01-E0148,2026-07-16 18:01:01,,Aberto,3,66,23,2.0
PR-C01-P02-001646,C01-P02,C01-E0357,2026-07-15 15:09:30,2026-07-19 05:09:30,Merged,5,86,39,1.0
PR-C01-P02-001647,C01-P02,C01-E0275,2026-07-10 12:03:47,2026-07-11 20:03:47,Merged,14,62,50,3.0
PR-C01-P02-001648,C01-P02,C01-E0144,2026-07-04 18:26:18,,Aberto,1,63,5,0.0
PR-C01-P02-001649,C01-P02,C01-E0341,2026-07-19 14:55:49,2026-07-21 15:55:49,Merged,5,293,44,2.0
PR-C01-P02-001650,C01-P02,C01-E0334,2026-07-12 09:17:28,2026-07-15 18:17:28,Merged,3,61,22,3.0
PR-C01-P02-001651,C01-P02,C01-E0343,2026-07-02 11:04:27,2026-07-02 23:04:27,Merged,8,49,49,2.0
PR-C01-P02-001652,C01-P02,C01-E0078,2026-07-16 17:27:40,2026-07-17 15:27:40,Merged,9,126,32,1.0
PR-C01-P02-001653,C01-P02,C01-E0083,2026-07-05 18:15:41,2026-07-09 08:15:41,Merged,3,62,21,2.0
PR-C01-P02-001654,C01-P02,C01-E0165,2026-07-12 11:10:30,,Fechado sem merge,17,149,8,2.0
PR-C01-P02-001655,C01-P02,C01-E0125,2026-07-16 12:50:29,2026-07-18 11:50:29,Merged,8,35,4,0.0
PR-C01-P02-001656,C01-P02,C01-E0019,2026-07-28 12:26:00,,Aberto,2,82,55,1.0
PR-C01-P02-001657,C01-P02,C01-E0207,2026-07-20 12:17:28,2026-07-23 19:17:28,Merged,2,98,35,1.0
PR-C01-P02-001658,C01-P02,C01-E0206,2026-07-24 19:40:28,2026-07-26 15:40:28,Merged,7,95,26,2.0
PR-C01-P02-001659,C01-P02,C01-E0276,2026-07-13 13:32:48,2026-07-16 12:32:48,Merged,8,52,42,3.0
PR-C01-P02-001660,C01-P02,C01-E0346,2026-07-04 16:45:11,2026-07-06 14:45:11,Merged,7,62,11,3.0
PR-C01-P02-001661,C01-P02,C01-E0288,2026-07-08 19:51:02,,Fechado sem merge,4,293,38,2.0
PR-C01-P02-001662,C01-P02,C01-E0205,2026-07-25 18:16:57,2026-07-26 18:16:57,Merged,1,21,136,0.0
PR-C01-P02-001663,C01-P02,C01-E0247,2026-07-29 08:45:37,2026-07-29 15:45:37,Merged,4,64,17,2.0
PR-C01-P02-001664,C01-P02,C01-E0149,2026-07-10 15:25:18,,Fechado sem merge,5,88,29,2.0
PR-C01-P02-001665,C01-P02,C01-E0361,2026-07-20 10:52:10,,Fechado sem merge,4,22,36,2.0
PR-C01-P02-001666,C01-P02,C01-E0030,2026-07-26 16:30:36,2026-07-29 13:30:36,Merged,1,131,129,1.0
PR-C01-P02-001667,C01-P02,C01-E0146,2026-07-27 09:16:35,2026-07-30 23:16:35,Merged,5,47,5,1.0
PR-C01-P02-001668,C01-P02,C01-E0244,2026-07-08 09:39:48,2026-07-11 05:39:48,Merged,1,245,76,2.0
PR-C01-P02-001669,C01-P02,C01-E0164,2026-07-31 09:13:27,2026-08-01 05:13:27,Merged,7,57,41,3.0
PR-C01-P02-001670,C01-P02,C01-E0331,2026-07-18 10:55:17,2026-07-20 13:55:17,Merged,4,130,72,2.0
PR-C01-P02-001671,C01-P02,C01-E0152,2026-07-24 16:15:39,2026-07-26 14:15:39,Merged,5,64,5,3.0
PR-C01-P02-001672,C01-P02,C01-E0188,2026-07-14 09:39:17,2026-07-15 23:39:17,Merged,8,156,53,1.0
PR-C01-P02-001673,C01-P02,C01-E0027,2026-07-20 10:56:11,,Aberto,1,89,19,2.0
PR-C01-P02-001674,C01-P02,C01-E0311,2026-07-23 21:50:41,,Fechado sem merge,2,70,120,2.0
PR-C01-P02-001675,C01-P02,C01-E0313,2026-07-18 21:57:16,,Aberto,1,216,71,1.0
PR-C01-P02-001676,C01-P02,C01-E0202,2026-07-28 09:40:43,2026-07-31 01:40:43,Merged,6,14,8,1.0
PR-C01-P02-001677,C01-P02,C01-E0195,2026-07-31 08:42:08,2026-08-01 07:42:08,Merged,4,30,127,3.0
PR-C01-P02-001678,C01-P02,C01-E0205,2026-07-21 21:43:23,,Aberto,11,67,70,2.0
PR-C01-P02-001679,C01-P02,C01-E0302,2026-07-04 10:23:12,2026-07-07 19:23:12,Merged,3,108,21,3.0
PR-C01-P02-001680,C01-P02,C01-E0343,2026-07-23 20:01:50,2026-07-25 12:01:50,Merged,9,90,57,2.0
PR-C01-P02-001681,C01-P02,C01-E0291,2026-07-09 16:33:49,,Aberto,5,55,23,3.0
PR-C01-P02-001682,C01-P02,C01-E0082,2026-07-08 21:59:01,,Aberto,16,133,54,0.0
PR-C01-P02-001683,C01-P02,C01-E0014,2026-07-08 16:32:03,2026-07-09 00:32:03,Merged,15,73,25,2.0
PR-C01-P02-001684,C01-P02,C01-E0327,2026-07-17 17:38:50,,Aberto,2,32,106,2.0
PR-C01-P02-001685,C01-P02,C01-E0040,2026-07-27 13:51:21,2026-07-31 08:51:21,Merged,9,139,32,0.0
PR-C01-P02-001686,C01-P02,C01-E0144,2026-07-18 12:12:13,2026-07-19 19:12:13,Merged,1,54,5,2.0
PR-C01-P02-001687,C01-P02,C01-E0022,2026-07-25 11:54:19,2026-07-27 01:54:19,Merged,8,138,54,2.0
PR-C01-P02-001688,C01-P02,C01-E0148,2026-07-25 21:32:55,,Aberto,5,21,3,2.0
PR-C01-P02-001689,C01-P02,C01-E0298,2026-07-24 18:33:13,2026-07-28 09:33:13,Merged,5,21,147,1.0
PR-C01-P02-001690,C01-P02,C01-E0168,2026-07-23 08:43:25,2026-07-24 01:43:25,Merged,7,18,50,3.0
PR-C01-P02-001691,C01-P02,C01-E0189,2026-07-22 07:28:19,,Aberto,7,44,47,2.0
PR-C01-P02-001692,C01-P02,C01-E0107,2026-07-21 10:10:13,,Fechado sem merge,4,107,18,0.0
PR-C01-P03-001693,C01-P03,C01-E0264,2025-10-16 11:58:17,,Fechado sem merge,1,131,16,1.0
PR-C01-P03-001694,C01-P03,C01-E0018,2025-10-18 17:28:08,2025-10-20 19:28:08,Merged,1,103,15,1.0
PR-C01-P03-001695,C01-P03,C01-E0031,2025-10-19 21:01:08,2025-10-20 09:01:08,Merged,7,68,5,2.0
PR-C01-P03-001696,C01-P03,C01-E0049,2025-10-07 15:48:31,,Aberto,4,39,14,3.0
PR-C01-P03-001697,C01-P03,C01-E0031,2025-10-09 11:50:29,,Aberto,2,25,8,1.0
PR-C01-P03-001698,C01-P03,C01-E0222,2025-10-15 08:16:11,2025-10-17 18:16:11,Merged,6,17,44,2.0
PR-C01-P03-001699,C01-P03,C01-E0101,2025-10-31 09:50:36,,Aberto,1,33,10,1.0
PR-C01-P03-001700,C01-P03,C01-E0149,2025-10-19 21:39:40,,Fechado sem merge,1,37,103,1.0
PR-C01-P03-001701,C01-P03,C01-E0082,2025-10-19 19:01:17,2025-10-22 15:01:17,Merged,18,42,41,2.0
PR-C01-P03-001702,C01-P03,C01-E0145,2025-10-14 18:19:36,2025-10-18 04:19:36,Merged,1,67,9,0.0
PR-C01-P03-001703,C01-P03,C01-E0307,2025-10-08 08:59:16,2025-10-12 05:59:16,Merged,2,60,40,2.0
PR-C01-P03-001704,C01-P03,C01-E0343,2025-10-22 14:17:28,,Aberto,12,37,37,0.0
PR-C01-P03-001705,C01-P03,C01-E0139,2025-10-07 09:26:35,2025-10-09 12:26:35,Merged,2,57,11,2.0
PR-C01-P03-001706,C01-P03,C01-E0069,2025-10-10 21:49:12,2025-10-14 10:49:12,Merged,12,38,41,2.0
PR-C01-P03-001707,C01-P03,C01-E0260,2025-10-04 13:49:10,2025-10-04 21:49:10,Merged,3,10,20,1.0
PR-C01-P03-001708,C01-P03,C01-E0164,2025-10-03 19:25:53,2025-10-04 06:25:53,Merged,1,85,22,
PR-C01-P03-001709,C01-P03,C01-E0103,2025-10-10 10:08:26,2025-10-11 06:08:26,Merged,9,35,109,3.0
PR-C01-P03-001710,C01-P03,C01-E0065,2025-10-19 10:57:52,,Aberto,10,44,39,2.0
PR-C01-P03-001711,C01-P03,C01-E0190,2025-10-03 21:50:29,2025-10-07 17:50:29,Merged,2,135,49,2.0
PR-C01-P03-001712,C01-P03,C01-E0346,2025-10-07 13:29:30,2025-10-10 04:29:30,Merged,7,170,52,1.0
PR-C01-P03-001713,C01-P03,C01-E0318,2025-10-19 20:49:59,2025-10-21 12:49:59,Merged,6,34,73,3.0
PR-C01-P03-001714,C01-P03,C01-E0240,2025-10-27 12:30:57,2025-10-30 01:30:57,Merged,6,13,70,2.0
PR-C01-P03-001715,C01-P03,C01-E0017,2025-10-26 15:18:40,2025-10-27 07:18:40,Merged,9,47,25,0.0
PR-C01-P03-001716,C01-P03,C01-E0307,2025-10-02 18:48:14,2025-10-04 15:48:14,Merged,5,83,110,3.0
PR-C01-P03-001717,C01-P03,C01-E0001,2025-10-14 08:58:23,2025-10-15 02:58:23,Merged,2,69,39,3.0
PR-C01-P03-001718,C01-P03,C01-E0137,2025-10-18 12:53:47,2025-10-18 14:53:47,Merged,6,47,74,0.0
PR-C01-P03-001719,C01-P03,C01-E0290,2025-10-01 17:32:24,2025-10-05 11:32:24,Merged,7,59,9,3.0
PR-C01-P03-001720,C01-P03,C01-E0150,2025-10-05 08:40:44,2025-10-07 23:40:44,Merged,7,47,31,1.0
PR-C01-P03-001721,C01-P03,C01-E0079,2025-10-07 19:10:53,2025-10-11 02:10:53,Merged,5,92,83,2.0
PR-C01-P03-001722,C01-P03,C01-E0031,2025-10-22 16:50:26,,Aberto,9,33,67,1.0
PR-C01-P03-001723,C01-P03,C01-E0254,2025-10-03 15:03:53,2025-10-04 05:03:53,Merged,1,137,41,2.0
PR-C01-P03-001724,C01-P03,C01-E0358,2025-10-30 17:21:43,,Aberto,6,98,28,1.0
PR-C01-P03-001725,C01-P03,C01-E0264,2025-10-29 18:59:32,2025-10-30 10:59:32,Merged,1,35,19,0.0
PR-C01-P03-001726,C01-P03,C01-E0143,2025-10-17 09:59:16,2025-10-17 23:59:16,Merged,1,16,4,1.0
PR-C01-P03-001727,C01-P03,C01-E0009,2025-10-29 20:36:23,,Aberto,3,224,47,2.0
PR-C01-P03-001728,C01-P03,C01-E0282,2025-10-03 14:01:15,2025-10-05 08:01:15,Merged,6,57,14,
PR-C01-P03-001729,C01-P03,C01-E0340,2025-10-15 19:12:38,2025-10-19 07:12:38,Merged,4,47,12,
PR-C01-P03-001730,C01-P03,C01-E0190,2025-10-09 20:23:14,,Fechado sem merge,4,18,18,2.0
PR-C01-P03-001731,C01-P03,C01-E0106,2025-10-20 10:36:39,2025-10-23 13:36:39,Merged,8,55,21,1.0
PR-C01-P03-001732,C01-P03,C01-E0132,2025-10-18 10:40:05,2025-10-20 08:40:05,Merged,1,126,42,2.0
PR-C01-P03-001733,C01-P03,C01-E0203,2025-10-14 21:08:35,2025-10-18 14:08:35,Merged,5,65,44,
PR-C01-P03-001734,C01-P03,C01-E0091,2025-10-09 15:19:33,,Aberto,1,69,7,2.0
PR-C01-P03-001735,C01-P03,C01-E0223,2025-10-30 11:04:17,2025-11-02 10:04:17,Merged,3,88,129,2.0
PR-C01-P03-001736,C01-P03,C01-E0320,2025-10-23 09:55:41,2025-10-24 21:55:41,Merged,3,63,9,0.0
PR-C01-P03-001737,C01-P03,C01-E0361,2025-10-30 08:31:59,,Aberto,6,48,11,2.0
PR-C01-P03-001738,C01-P03,C01-E0176,2025-10-21 20:16:22,2025-10-24 06:16:22,Merged,4,44,95,1.0
PR-C01-P03-001739,C01-P03,C01-E0090,2025-10-06 09:12:18,2025-10-08 22:12:18,Merged,2,24,38,2.0
PR-C01-P03-001740,C01-P03,C01-E0120,2025-10-22 14:54:12,,Aberto,11,238,5,0.0
PR-C01-P03-001741,C01-P03,C01-E0084,2025-10-22 12:20:21,2025-10-22 22:20:21,Merged,2,88,52,0.0
PR-C01-P03-001742,C01-P03,C01-E0153,2025-10-23 19:14:46,,Aberto,7,37,31,1.0
PR-C01-P03-001743,C01-P03,C01-E0130,2025-10-06 08:16:00,2025-10-08 04:16:00,Merged,9,32,34,0.0
PR-C01-P03-001744,C01-P03,C01-E0100,2025-10-23 10:07:44,2025-10-25 11:07:44,Merged,3,151,16,2.0
PR-C01-P03-001745,C01-P03,C01-E0232,2025-10-11 19:03:25,2025-10-15 02:03:25,Merged,11,60,14,2.0
PR-C01-P03-001746,C01-P03,C01-E0110,2025-10-14 08:14:57,2025-10-15 21:14:57,Merged,6,85,55,
PR-C01-P03-001747,C01-P03,C01-E0078,2025-10-10 12:45:59,2025-10-12 16:45:59,Merged,4,58,8,1.0
PR-C01-P03-001748,C01-P03,C01-E0041,2025-10-14 09:47:16,,Fechado sem merge,3,171,19,0.0
PR-C01-P03-001749,C01-P03,C01-E0059,2025-10-03 14:34:17,2025-10-05 19:34:17,Merged,1,84,72,
PR-C01-P03-001750,C01-P03,C01-E0126,2025-10-14 18:36:28,2025-10-17 01:36:28,Merged,12,33,12,2.0
PR-C01-P03-001751,C01-P03,C01-E0295,2025-10-16 12:37:06,2025-10-17 14:37:06,Merged,5,67,17,2.0
PR-C01-P03-001752,C01-P03,C01-E0185,2025-10-18 19:20:42,,Fechado sem merge,5,35,48,2.0
PR-C01-P03-001753,C01-P03,C01-E0216,2025-10-07 21:55:39,2025-10-11 16:55:39,Merged,5,135,37,1.0
PR-C01-P03-001754,C01-P03,C01-E0149,2025-10-18 10:08:44,2025-10-21 02:08:44,Merged,1,85,20,1.0
PR-C01-P03-001755,C01-P03,C01-E0143,2025-10-27 08:29:26,2025-10-30 11:29:26,Merged,1,11,20,1.0
PR-C01-P03-001756,C01-P03,C01-E0313,2025-10-13 20:32:04,2025-10-15 15:32:04,Merged,2,60,81,1.0
PR-C01-P03-001757,C01-P03,C01-E0145,2025-10-19 14:23:21,2025-10-21 20:23:21,Merged,2,137,1,1.0
PR-C01-P03-001758,C01-P03,C01-E0096,2025-10-15 07:04:30,2025-10-18 00:04:30,Merged,12,27,50,1.0
PR-C01-P03-001759,C01-P03,C01-E0007,2025-10-19 07:18:10,2025-10-20 10:18:10,Merged,5,219,39,0.0
PR-C01-P03-001760,C01-P03,C01-E0048,2025-11-10 07:56:11,2025-11-14 03:56:11,Merged,18,22,66,3.0
PR-C01-P03-001761,C01-P03,C01-E0082,2025-11-30 13:02:54,2025-12-03 21:02:54,Merged,8,41,10,1.0
PR-C01-P03-001762,C01-P03,C01-E0260,2025-11-19 16:23:13,2025-11-19 17:23:13,Merged,3,150,9,
PR-C01-P03-001763,C01-P03,C01-E0078,2025-11-02 14:34:23,2025-11-06 03:34:23,Merged,13,37,36,0.0
PR-C01-P03-001764,C01-P03,C01-E0152,2025-11-12 15:20:37,,Fechado sem merge,5,44,18,2.0
PR-C01-P03-001765,C01-P03,C01-E0260,2025-11-04 21:18:43,2025-11-08 06:18:43,Merged,2,33,35,1.0
PR-C01-P03-001766,C01-P03,C01-E0048,2025-11-11 21:58:50,,Fechado sem merge,4,253,51,1.0
PR-C01-P03-001767,C01-P03,C01-E0066,2025-11-17 08:36:38,2025-11-20 06:36:38,Merged,4,57,41,1.0
PR-C01-P03-001768,C01-P03,C01-E0327,2025-11-26 08:14:26,2025-11-28 22:14:26,Merged,1,44,49,
PR-C01-P03-001769,C01-P03,C01-E0321,2025-11-21 07:15:16,,Aberto,9,48,20,2.0
PR-C01-P03-001770,C01-P03,C01-E0030,2025-11-16 15:54:11,,Fechado sem merge,6,46,5,1.0
PR-C01-P03-001771,C01-P03,C01-E0025,2025-11-28 20:18:35,2025-12-01 09:18:35,Merged,1,140,14,0.0
PR-C01-P03-001772,C01-P03,C01-E0040,2025-11-05 20:09:23,2025-11-07 13:09:23,Merged,5,26,6,0.0
PR-C01-P03-001773,C01-P03,C01-E0176,2025-11-25 09:27:14,2025-11-26 05:27:14,Merged,5,336,39,1.0
PR-C01-P03-001774,C01-P03,C01-E0029,2025-11-02 21:12:38,2025-11-05 22:12:38,Merged,5,26,52,2.0
PR-C01-P03-001775,C01-P03,C01-E0210,2025-11-06 07:35:41,2025-11-09 13:35:41,Merged,6,199,142,2.0
PR-C01-P03-001776,C01-P03,C01-E0174,2025-11-23 18:36:01,2025-11-27 08:36:01,Merged,4,165,55,3.0
PR-C01-P03-001777,C01-P03,C01-E0228,2025-11-20 13:58:23,2025-11-21 13:58:23,Merged,12,63,128,2.0
PR-C01-P03-001778,C01-P03,C01-E0361,2025-11-01 18:17:47,2025-11-04 08:17:47,Merged,7,88,55,1.0
PR-C01-P03-001779,C01-P03,C01-E0024,2025-11-20 13:16:07,2025-11-21 05:16:07,Merged,8,173,13,1.0
PR-C01-P03-001780,C01-P03,C01-E0240,2025-11-20 13:22:16,2025-11-21 23:22:16,Merged,2,100,38,0.0
PR-C01-P03-001781,C01-P03,C01-E0019,2025-11-15 16:03:34,2025-11-15 18:03:34,Merged,2,92,74,1.0
PR-C01-P03-001782,C01-P03,C01-E0174,2025-11-05 09:41:25,2025-11-06 13:41:25,Merged,7,69,23,1.0
PR-C01-P03-001783,C01-P03,C01-E0350,2025-11-22 17:43:46,2025-11-24 10:43:46,Merged,19,108,26,2.0
PR-C01-P03-001784,C01-P03,C01-E0336,2025-11-01 21:35:26,,Fechado sem merge,7,58,26,1.0
PR-C01-P03-001785,C01-P03,C01-E0129,2025-11-23 18:14:38,2025-11-25 12:14:38,Merged,2,99,34,0.0
PR-C01-P03-001786,C01-P03,C01-E0159,2025-11-29 12:35:48,2025-12-02 02:35:48,Merged,22,91,1,2.0
PR-C01-P03-001787,C01-P03,C01-E0099,2025-11-14 12:21:45,2025-11-15 03:21:45,Merged,1,58,35,0.0
PR-C01-P03-001788,C01-P03,C01-E0137,2025-11-16 18:01:39,,Fechado sem merge,3,65,49,3.0
PR-C01-P03-001789,C01-P03,C01-E0217,2025-11-17 15:09:56,2025-11-17 21:09:56,Merged,6,212,25,3.0
PR-C01-P03-001790,C01-P03,C01-E0261,2025-11-04 16:50:01,2025-11-07 01:50:01,Merged,2,79,57,2.0
PR-C01-P03-001791,C01-P03,C01-E0169,2025-11-05 17:09:17,2025-11-09 00:09:17,Merged,2,66,69,2.0
PR-C01-P03-001792,C01-P03,C01-E0150,2025-11-16 14:07:08,2025-11-19 17:07:08,Merged,6,108,21,1.0
PR-C01-P03-001793,C01-P03,C01-E0139,2025-11-17 09:56:54,2025-11-18 07:56:54,Merged,5,93,65,
PR-C01-P03-001794,C01-P03,C01-E0161,2025-11-09 17:32:29,2025-11-12 03:32:29,Merged,1,35,16,2.0
PR-C01-P03-001795,C01-P03,C01-E0357,2025-11-05 09:30:47,,Aberto,6,152,35,1.0
PR-C01-P03-001796,C01-P03,C01-E0214,2025-11-09 07:56:01,2025-11-12 08:56:01,Merged,4,61,14,0.0
PR-C01-P03-001797,C01-P03,C01-E0357,2025-11-24 17:19:15,2025-11-25 10:19:15,Merged,5,287,23,3.0
PR-C01-P03-001798,C01-P03,C01-E0073,2025-11-19 14:43:08,,Aberto,9,76,37,2.0
PR-C01-P03-001799,C01-P03,C01-E0131,2025-11-21 13:17:33,,Aberto,6,115,43,1.0
PR-C01-P03-001800,C01-P03,C01-E0078,2025-11-01 09:08:35,,Fechado sem merge,11,85,72,
PR-C01-P03-001801,C01-P03,C01-E0351,2025-11-18 18:02:24,2025-11-20 10:02:24,Merged,8,115,7,1.0
PR-C01-P03-001802,C01-P03,C01-E0308,2025-11-22 12:19:39,2025-11-23 06:19:39,Merged,11,57,7,3.0
PR-C01-P03-001803,C01-P03,C01-E0329,2025-11-05 09:26:09,2025-11-07 05:26:09,Merged,5,18,77,2.0
PR-C01-P03-001804,C01-P03,C01-E0235,2025-11-23 15:48:09,2025-11-27 14:48:09,Merged,5,48,1,3.0
PR-C01-P03-001805,C01-P03,C01-E0082,2025-11-24 14:49:10,,Aberto,1,65,8,3.0
PR-C01-P03-001806,C01-P03,C01-E0191,2025-11-10 17:25:22,2025-11-12 00:25:22,Merged,10,85,49,2.0
PR-C01-P03-001807,C01-P03,C01-E0067,2025-11-04 07:10:52,2025-11-06 06:10:52,Merged,12,138,32,2.0
PR-C01-P03-001808,C01-P03,C01-E0255,2025-11-05 21:26:42,2025-11-08 10:26:42,Merged,3,42,19,1.0
PR-C01-P03-001809,C01-P03,C01-E0286,2025-11-26 09:51:58,2025-11-26 19:51:58,Merged,10,82,36,2.0
PR-C01-P03-001810,C01-P03,C01-E0228,2025-11-07 09:10:09,2025-11-11 08:10:09,Merged,2,53,18,2.0
PR-C01-P03-001811,C01-P03,C01-E0172,2025-11-10 08:12:50,,Fechado sem merge,7,14,5,1.0
PR-C01-P03-001812,C01-P03,C01-E0301,2025-11-30 18:21:39,2025-12-04 03:21:39,Merged,2,62,87,1.0
PR-C01-P03-001813,C01-P03,C01-E0094,2025-11-13 09:35:30,2025-11-14 01:35:30,Merged,3,42,20,3.0
PR-C01-P03-001814,C01-P03,C01-E0335,2025-11-18 15:57:30,2025-11-21 20:57:30,Merged,10,55,21,3.0
PR-C01-P03-001815,C01-P03,C01-E0055,2025-11-03 19:09:23,,Aberto,8,39,31,1.0
PR-C01-P03-001816,C01-P03,C01-E0313,2025-11-14 16:37:14,2025-11-16 09:37:14,Merged,6,85,44,0.0
PR-C01-P03-001817,C01-P03,C01-E0164,2025-11-11 09:51:00,2025-11-12 19:51:00,Merged,8,89,38,2.0
PR-C01-P03-001818,C01-P03,C01-E0016,2025-11-16 15:48:29,2025-11-18 18:48:29,Merged,1,95,9,2.0
PR-C01-P03-001819,C01-P03,C01-E0006,2025-11-08 16:41:48,2025-11-11 12:41:48,Merged,9,74,38,3.0
PR-C01-P03-001820,C01-P03,C01-E0264,2025-11-21 11:47:15,2025-11-22 22:47:15,Merged,4,55,68,1.0
PR-C01-P03-001821,C01-P03,C01-E0205,2025-11-07 16:20:42,,Aberto,6,98,85,0.0
PR-C01-P03-001822,C01-P03,C01-E0357,2025-11-27 21:26:45,2025-11-30 20:26:45,Merged,6,115,30,1.0
PR-C01-P03-001823,C01-P03,C01-E0060,2025-11-01 10:01:13,2025-11-03 11:01:13,Merged,3,40,5,0.0
PR-C01-P03-001824,C01-P03,C01-E0100,2025-11-19 20:05:35,2025-11-23 16:05:35,Merged,7,32,19,3.0
PR-C01-P03-001825,C01-P03,C01-E0083,2025-11-05 08:13:23,2025-11-06 19:13:23,Merged,8,77,86,2.0
PR-C01-P03-001826,C01-P03,C01-E0324,2025-11-03 13:11:23,2025-11-06 02:11:23,Merged,4,128,18,0.0
PR-C01-P03-001827,C01-P03,C01-E0189,2025-11-07 15:24:53,2025-11-08 02:24:53,Merged,2,41,31,0.0
PR-C01-P03-001828,C01-P03,C01-E0019,2025-12-16 17:38:06,2025-12-20 05:38:06,Merged,6,26,38,1.0
PR-C01-P03-001829,C01-P03,C01-E0295,2025-12-14 16:32:06,2025-12-15 17:32:06,Merged,7,63,28,1.0
PR-C01-P03-001830,C01-P03,C01-E0066,2025-12-15 08:32:44,2025-12-16 11:32:44,Merged,4,81,6,3.0
PR-C01-P03-001831,C01-P03,C01-E0291,2025-12-01 16:19:47,2025-12-03 07:19:47,Merged,10,21,30,3.0
PR-C01-P03-001832,C01-P03,C01-E0170,2025-12-18 15:08:08,,Aberto,2,100,112,2.0
PR-C01-P03-001833,C01-P03,C01-E0159,2025-12-25 08:32:59,2025-12-25 10:32:59,Merged,2,52,135,1.0
PR-C01-P03-001834,C01-P03,C01-E0069,2025-12-25 19:23:33,2025-12-28 15:23:33,Merged,14,56,60,2.0
PR-C01-P03-001835,C01-P03,C01-E0094,2025-12-31 13:35:03,2026-01-01 11:35:03,Merged,1,20,14,0.0
PR-C01-P03-001836,C01-P03,C01-E0245,2025-12-15 20:48:55,2025-12-19 17:48:55,Merged,8,208,116,1.0
PR-C01-P03-001837,C01-P03,C01-E0244,2025-12-15 09:24:47,2025-12-17 11:24:47,Merged,1,92,94,3.0
PR-C01-P03-001838,C01-P03,C01-E0346,2025-12-21 19:13:11,2025-12-22 11:13:11,Merged,8,39,8,2.0
PR-C01-P03-001839,C01-P03,C01-E0004,2025-12-12 11:23:24,2025-12-16 06:23:24,Merged,3,45,35,1.0
PR-C01-P03-001840,C01-P03,C01-E0019,2025-12-27 17:57:29,2025-12-29 23:57:29,Merged,8,13,28,1.0
PR-C01-P03-001841,C01-P03,C01-E0324,2025-12-25 17:42:54,2025-12-28 11:42:54,Merged,3,163,2,2.0
PR-C01-P03-001842,C01-P03,C01-E0299,2025-12-05 20:54:37,2025-12-07 05:54:37,Merged,7,123,40,2.0
PR-C01-P03-001843,C01-P03,C01-E0168,2025-12-28 12:08:14,,Aberto,3,20,77,2.0
PR-C01-P03-001844,C01-P03,C01-E0244,2025-12-04 08:54:41,2025-12-07 06:54:41,Merged,1,59,33,0.0
PR-C01-P03-001845,C01-P03,C01-E0027,2025-12-27 16:29:04,,Fechado sem merge,10,99,60,3.0
PR-C01-P03-001846,C01-P03,C01-E0238,2025-12-19 09:23:25,2025-12-19 16:23:25,Merged,7,200,28,2.0
PR-C01-P03-001847,C01-P03,C01-E0196,2025-12-24 10:03:29,2025-12-25 20:03:29,Merged,3,78,68,3.0
PR-C01-P03-001848,C01-P03,C01-E0024,2025-12-06 13:28:33,2025-12-06 18:28:33,Merged,5,74,36,0.0
PR-C01-P03-001849,C01-P03,C01-E0096,2025-12-21 21:04:20,2025-12-24 05:04:20,Merged,19,44,54,2.0
PR-C01-P03-001850,C01-P03,C01-E0233,2025-12-16 12:48:48,2025-12-16 20:48:48,Merged,8,26,61,1.0
PR-C01-P03-001851,C01-P03,C01-E0065,2025-12-24 13:31:49,,Fechado sem merge,3,88,40,2.0
PR-C01-P03-001852,C01-P03,C01-E0159,2025-12-12 21:30:04,2025-12-15 01:30:04,Merged,3,76,44,1.0
PR-C01-P03-001853,C01-P03,C01-E0154,2025-12-26 12:00:48,,Aberto,3,199,133,1.0
PR-C01-P03-001854,C01-P03,C01-E0028,2025-12-10 21:45:49,2025-12-14 03:45:49,Merged,4,68,26,1.0
PR-C01-P03-001855,C01-P03,C01-E0205,2025-12-27 16:31:21,2025-12-31 14:31:21,Merged,5,48,17,2.0
PR-C01-P03-001856,C01-P03,C01-E0182,2025-12-11 12:29:47,2025-12-15 01:29:47,Merged,5,53,45,2.0
PR-C01-P03-001857,C01-P03,C01-E0181,2025-12-26 15:29:06,2025-12-28 00:29:06,Merged,6,39,26,1.0
PR-C01-P03-001858,C01-P03,C01-E0016,2025-12-03 21:41:37,2025-12-04 11:41:37,Merged,3,34,3,3.0
PR-C01-P03-001859,C01-P03,C01-E0358,2025-12-31 16:29:28,2026-01-02 23:29:28,Merged,1,154,29,2.0
PR-C01-P03-001860,C01-P03,C01-E0055,2025-12-06 21:13:09,,Fechado sem merge,3,138,6,
PR-C01-P03-001861,C01-P03,C01-E0225,2025-12-23 08:34:23,2025-12-24 13:34:23,Merged,2,30,29,1.0
PR-C01-P03-001862,C01-P03,C01-E0099,2025-12-22 15:30:46,2025-12-26 05:30:46,Merged,5,46,35,0.0
PR-C01-P03-001863,C01-P03,C01-E0181,2025-12-14 14:49:47,,Aberto,3,84,113,1.0
PR-C01-P03-001864,C01-P03,C01-E0333,2025-12-19 12:59:18,2025-12-23 07:59:18,Merged,4,80,6,0.0
PR-C01-P03-001865,C01-P03,C01-E0244,2025-12-03 13:31:50,2025-12-05 11:31:50,Merged,12,61,36,1.0
PR-C01-P03-001866,C01-P03,C01-E0349,2025-12-04 14:14:25,2025-12-07 10:14:25,Merged,9,162,3,2.0
PR-C01-P03-001867,C01-P03,C01-E0349,2025-12-21 09:17:43,2025-12-22 21:17:43,Merged,7,61,25,0.0
PR-C01-P03-001868,C01-P03,C01-E0062,2025-12-01 07:22:28,2025-12-03 09:22:28,Merged,5,152,13,
PR-C01-P03-001869,C01-P03,C01-E0206,2025-12-02 12:30:50,2025-12-05 06:30:50,Merged,9,175,24,1.0
PR-C01-P03-001870,C01-P03,C01-E0086,2025-12-03 18:21:50,,Aberto,1,40,16,2.0
PR-C01-P03-001871,C01-P03,C01-E0091,2025-12-09 08:21:55,2025-12-09 15:21:55,Merged,9,68,6,2.0
PR-C01-P03-001872,C01-P03,C01-E0256,2025-12-16 09:50:01,2025-12-19 20:50:01,Merged,5,224,32,2.0
PR-C01-P03-001873,C01-P03,C01-E0317,2025-12-14 10:38:06,2025-12-18 00:38:06,Merged,8,24,78,1.0
PR-C01-P03-001874,C01-P03,C01-E0329,2025-12-29 17:59:50,2026-01-02 07:59:50,Merged,2,40,104,3.0
PR-C01-P03-001875,C01-P03,C01-E0080,2025-12-02 07:42:54,2025-12-03 13:42:54,Merged,2,82,16,3.0
PR-C01-P03-001876,C01-P03,C01-E0129,2025-12-23 19:26:52,,Fechado sem merge,7,71,33,3.0
PR-C01-P03-001877,C01-P03,C01-E0032,2025-12-05 11:32:26,,Aberto,5,66,51,2.0
PR-C01-P03-001878,C01-P03,C01-E0216,2025-12-15 18:10:42,,Fechado sem merge,12,38,7,2.0
PR-C01-P03-001879,C01-P03,C01-E0276,2025-12-09 14:12:43,2025-12-10 02:12:43,Merged,3,9,22,0.0
PR-C01-P03-001880,C01-P03,C01-E0073,2025-12-28 18:39:10,2025-12-30 18:39:10,Merged,1,81,89,2.0
PR-C01-P03-001881,C01-P03,C01-E0296,2025-12-18 16:04:39,2025-12-22 14:04:39,Merged,4,241,42,3.0
PR-C01-P03-001882,C01-P03,C01-E0196,2025-12-01 15:01:00,2025-12-01 22:01:00,Merged,2,8,50,1.0
PR-C01-P03-001883,C01-P03,C01-E0237,2025-12-02 14:08:06,2025-12-06 01:08:06,Merged,13,158,19,1.0
PR-C01-P03-001884,C01-P03,C01-E0001,2025-12-21 13:48:16,2025-12-23 08:48:16,Merged,3,37,55,0.0
PR-C01-P03-001885,C01-P03,C01-E0022,2025-12-03 19:35:06,2025-12-05 02:35:06,Merged,5,54,4,1.0
PR-C01-P03-001886,C01-P03,C01-E0214,2025-12-29 14:37:15,2026-01-01 11:37:15,Merged,7,40,41,1.0
PR-C01-P03-001887,C01-P03,C01-E0299,2026-01-13 11:14:56,2026-01-16 12:14:56,Merged,4,114,35,2.0
PR-C01-P03-001888,C01-P03,C01-E0321,2026-01-15 09:40:04,2026-01-15 12:40:04,Merged,12,77,9,1.0
PR-C01-P03-001889,C01-P03,C01-E0286,2026-01-17 14:37:28,,Aberto,3,13,17,2.0
PR-C01-P03-001890,C01-P03,C01-E0097,2026-01-31 20:49:51,2026-02-04 01:49:51,Merged,2,53,12,2.0
PR-C01-P03-001891,C01-P03,C01-E0228,2026-01-22 20:15:18,,Fechado sem merge,12,27,43,2.0
PR-C01-P03-001892,C01-P03,C01-E0363,2026-01-30 15:44:12,2026-02-01 07:44:12,Merged,3,32,34,1.0
PR-C01-P03-001893,C01-P03,C01-E0072,2026-01-11 14:10:34,2026-01-13 04:10:34,Merged,7,95,43,2.0
PR-C01-P03-001894,C01-P03,C01-E0180,2026-01-18 21:27:01,2026-01-22 16:27:01,Merged,6,40,70,0.0
PR-C01-P03-001895,C01-P03,C01-E0106,2026-01-11 12:38:10,2026-01-14 12:38:10,Merged,8,7,23,1.0
PR-C01-P03-001896,C01-P03,C01-E0073,2026-01-02 12:15:22,2026-01-04 11:15:22,Merged,6,77,84,1.0
PR-C01-P03-001897,C01-P03,C01-E0049,2026-01-01 09:54:25,,Fechado sem merge,1,91,14,1.0
PR-C01-P03-001898,C01-P03,C01-E0320,2026-01-04 11:47:34,2026-01-08 07:47:34,Merged,3,27,130,2.0
PR-C01-P03-001899,C01-P03,C01-E0111,2026-01-22 15:32:42,2026-01-26 04:32:42,Merged,4,64,35,3.0
PR-C01-P03-001900,C01-P03,C01-E0209,2026-01-10 19:58:51,2026-01-11 07:58:51,Merged,1,99,28,3.0
PR-C01-P03-001901,C01-P03,C01-E0030,2026-01-21 07:51:16,2026-01-22 18:51:16,Merged,5,68,44,0.0
PR-C01-P03-001902,C01-P03,C01-E0083,2026-01-06 21:16:53,2026-01-09 19:16:53,Merged,19,31,7,1.0
PR-C01-P03-001903,C01-P03,C01-E0217,2026-01-03 15:00:10,2026-01-05 07:00:10,Merged,9,62,30,3.0
PR-C01-P03-001904,C01-P03,C01-E0024,2026-01-31 15:05:52,,Aberto,7,93,4,2.0
PR-C01-P03-001905,C01-P03,C01-E0032,2026-01-22 15:49:06,,Fechado sem merge,3,116,28,1.0
PR-C01-P03-001906,C01-P03,C01-E0072,2026-01-24 18:38:30,2026-01-25 03:38:30,Merged,7,62,41,2.0
PR-C01-P03-001907,C01-P03,C01-E0011,2026-01-18 10:26:31,2026-01-20 03:26:31,Merged,3,134,59,3.0
PR-C01-P03-001908,C01-P03,C01-E0329,2026-01-13 20:32:46,,Fechado sem merge,8,221,43,1.0
PR-C01-P03-001909,C01-P03,C01-E0363,2026-01-24 13:46:35,2026-01-24 17:46:35,Merged,2,91,7,1.0
PR-C01-P03-001910,C01-P03,C01-E0340,2026-01-01 09:45:27,2026-01-02 11:45:27,Merged,1,8,70,2.0
PR-C01-P03-001911,C01-P03,C01-E0288,2026-01-16 09:23:43,2026-01-18 02:23:43,Merged,4,24,20,1.0
PR-C01-P03-001912,C01-P03,C01-E0078,2026-01-20 15:42:16,2026-01-22 04:42:16,Merged,5,66,66,3.0
PR-C01-P03-001913,C01-P03,C01-E0283,2026-01-29 08:51:32,2026-02-01 13:51:32,Merged,7,96,42,1.0
PR-C01-P03-001914,C01-P03,C01-E0014,2026-01-15 10:40:07,2026-01-16 19:40:07,Merged,6,130,20,1.0
PR-C01-P03-001915,C01-P03,C01-E0224,2026-01-28 15:44:35,2026-01-31 07:44:35,Merged,10,48,19,1.0
PR-C01-P03-001916,C01-P03,C01-E0144,2026-01-13 09:12:56,,Aberto,6,62,16,2.0
PR-C01-P03-001917,C01-P03,C01-E0147,2026-01-29 17:40:58,2026-01-30 23:40:58,Merged,1,152,59,3.0
PR-C01-P03-001918,C01-P03,C01-E0015,2026-01-19 17:18:28,2026-01-23 01:18:28,Merged,7,69,90,2.0
PR-C01-P03-001919,C01-P03,C01-E0251,2026-01-21 18:26:48,2026-01-24 16:26:48,Merged,2,69,38,2.0
PR-C01-P03-001920,C01-P03,C01-E0066,2026-01-09 12:43:01,2026-01-12 19:43:01,Merged,11,79,21,3.0
PR-C01-P03-001921,C01-P03,C01-E0203,2026-01-07 10:35:38,2026-01-10 16:35:38,Merged,3,88,31,2.0
PR-C01-P03-001922,C01-P03,C01-E0060,2026-01-16 16:04:15,2026-01-17 17:04:15,Merged,5,136,55,2.0
PR-C01-P03-001923,C01-P03,C01-E0282,2026-01-12 18:56:45,,Aberto,11,27,14,0.0
PR-C01-P03-001924,C01-P03,C01-E0137,2026-01-06 13:54:15,2026-01-09 10:54:15,Merged,4,116,19,3.0
PR-C01-P03-001925,C01-P03,C01-E0156,2026-01-17 15:40:51,,Fechado sem merge,10,55,43,2.0
PR-C01-P03-001926,C01-P03,C01-E0270,2026-01-21 09:29:02,2026-01-22 06:29:02,Merged,2,32,8,0.0
PR-C01-P03-001927,C01-P03,C01-E0057,2026-01-12 14:37:15,2026-01-16 02:37:15,Merged,6,6,6,2.0
PR-C01-P03-001928,C01-P03,C01-E0066,2026-01-24 14:54:13,2026-01-28 11:54:13,Merged,5,103,9,1.0
PR-C01-P03-001929,C01-P03,C01-E0358,2026-01-12 08:37:13,2026-01-12 15:37:13,Merged,5,67,25,1.0
PR-C01-P03-001930,C01-P03,C01-E0330,2026-01-02 10:10:58,2026-01-04 06:10:58,Merged,10,327,30,1.0
PR-C01-P03-001931,C01-P03,C01-E0238,2026-01-02 20:31:37,2026-01-05 05:31:37,Merged,1,170,10,
PR-C01-P03-001932,C01-P03,C01-E0298,2026-01-03 19:42:13,2026-01-04 00:42:13,Merged,8,21,103,2.0
PR-C01-P03-001933,C01-P03,C01-E0084,2026-01-22 19:11:45,,Aberto,1,20,79,1.0
PR-C01-P03-001934,C01-P03,C01-E0025,2026-01-27 16:15:20,,Fechado sem merge,4,156,21,2.0
PR-C01-P03-001935,C01-P03,C01-E0324,2026-01-23 13:21:03,2026-01-25 04:21:03,Merged,3,29,18,1.0
PR-C01-P03-001936,C01-P03,C01-E0143,2026-01-24 19:43:31,2026-01-28 09:43:31,Merged,5,67,27,2.0
PR-C01-P03-001937,C01-P03,C01-E0324,2026-01-13 18:45:07,2026-01-17 08:45:07,Merged,11,63,53,1.0
PR-C01-P03-001938,C01-P03,C01-E0307,2026-01-27 20:45:01,2026-01-31 02:45:01,Merged,2,84,25,0.0
PR-C01-P03-001939,C01-P03,C01-E0085,2026-01-08 16:27:44,2026-01-09 03:27:44,Merged,22,71,69,2.0
PR-C01-P03-001940,C01-P03,C01-E0020,2026-01-08 08:03:59,,Aberto,1,263,42,2.0
PR-C01-P03-001941,C01-P03,C01-E0009,2026-01-26 19:38:22,2026-01-28 15:38:22,Merged,7,50,17,2.0
PR-C01-P03-001942,C01-P03,C01-E0255,2026-01-15 15:33:21,2026-01-17 13:33:21,Merged,5,92,18,1.0
PR-C01-P03-001943,C01-P03,C01-E0269,2026-01-25 10:29:31,2026-01-27 12:29:31,Merged,1,75,31,2.0
PR-C01-P03-001944,C01-P03,C01-E0232,2026-02-22 09:33:39,2026-02-26 00:33:39,Merged,13,83,81,2.0
PR-C01-P03-001945,C01-P03,C01-E0123,2026-02-11 21:26:50,2026-02-12 04:26:50,Merged,10,101,29,2.0
PR-C01-P03-001946,C01-P03,C01-E0259,2026-02-02 11:35:20,2026-02-03 06:35:20,Merged,8,60,77,1.0
PR-C01-P03-001947,C01-P03,C01-E0004,2026-02-05 08:41:50,2026-02-05 10:41:50,Merged,7,150,167,3.0
PR-C01-P03-001948,C01-P03,C01-E0042,2026-02-24 14:21:02,2026-02-28 06:21:02,Merged,1,53,11,1.0
PR-C01-P03-001949,C01-P03,C01-E0154,2026-02-18 19:12:03,,Fechado sem merge,5,29,11,1.0
PR-C01-P03-001950,C01-P03,C01-E0148,2026-02-07 17:50:59,2026-02-10 04:50:59,Merged,5,110,26,0.0
PR-C01-P03-001951,C01-P03,C01-E0307,2026-02-21 14:39:11,,Aberto,5,17,25,1.0
PR-C01-P03-001952,C01-P03,C01-E0028,2026-02-06 07:32:42,,Aberto,11,43,19,1.0
PR-C01-P03-001953,C01-P03,C01-E0342,2026-02-25 19:20:30,2026-02-26 10:20:30,Merged,7,126,10,1.0
PR-C01-P03-001954,C01-P03,C01-E0282,2026-02-01 17:10:17,,Aberto,4,52,46,2.0
PR-C01-P03-001955,C01-P03,C01-E0031,2026-02-20 13:45:42,2026-02-21 14:45:42,Merged,3,46,22,1.0
PR-C01-P03-001956,C01-P03,C01-E0217,2026-02-02 20:45:30,2026-02-04 22:45:30,Merged,14,164,7,3.0
PR-C01-P03-001957,C01-P03,C01-E0123,2026-02-28 20:57:09,2026-03-03 03:57:09,Merged,3,26,1,0.0
PR-C01-P03-001958,C01-P03,C01-E0040,2026-02-13 09:29:06,2026-02-14 09:29:06,Merged,1,58,13,0.0
PR-C01-P03-001959,C01-P03,C01-E0328,2026-02-05 15:59:50,,Aberto,9,46,84,2.0
PR-C01-P03-001960,C01-P03,C01-E0164,2026-02-13 14:18:08,2026-02-17 11:18:08,Merged,8,49,30,2.0
PR-C01-P03-001961,C01-P03,C01-E0313,2026-02-01 19:36:57,2026-02-03 04:36:57,Merged,5,54,22,0.0
PR-C01-P03-001962,C01-P03,C01-E0284,2026-02-22 14:50:36,,Aberto,1,225,61,1.0
PR-C01-P03-001963,C01-P03,C01-E0112,2026-02-24 17:55:08,,Aberto,9,52,30,
PR-C01-P03-001964,C01-P03,C01-E0340,2026-02-10 19:16:43,2026-02-13 05:16:43,Merged,10,62,4,3.0
PR-C01-P03-001965,C01-P03,C01-E0254,2026-02-01 14:08:50,,Aberto,3,102,4,1.0
PR-C01-P03-001966,C01-P03,C01-E0109,2026-02-11 17:18:35,2026-02-15 09:18:35,Merged,2,86,61,1.0
PR-C01-P03-001967,C01-P03,C01-E0311,2026-02-24 17:34:57,2026-02-26 16:34:57,Merged,6,75,4,2.0
PR-C01-P03-001968,C01-P03,C01-E0041,2026-02-21 19:47:00,,Aberto,9,116,28,3.0
PR-C01-P03-001969,C01-P03,C01-E0084,2026-02-02 18:28:24,2026-02-03 17:28:24,Merged,7,185,26,2.0
PR-C01-P03-001970,C01-P03,C01-E0019,2026-02-08 21:23:20,2026-02-09 21:23:20,Merged,6,158,17,1.0
PR-C01-P03-001971,C01-P03,C01-E0103,2026-02-01 12:33:30,,Aberto,7,18,60,0.0
PR-C01-P03-001972,C01-P03,C01-E0098,2026-02-23 18:32:06,2026-02-27 07:32:06,Merged,6,39,22,1.0
PR-C01-P03-001973,C01-P03,C01-E0169,2026-02-28 11:59:36,2026-03-02 23:59:36,Merged,2,83,63,1.0
PR-C01-P03-001974,C01-P03,C01-E0358,2026-02-07 08:07:39,2026-02-08 20:07:39,Merged,3,22,107,1.0
PR-C01-P03-001975,C01-P03,C01-E0062,2026-02-12 21:20:09,2026-02-13 19:20:09,Merged,11,123,23,3.0
PR-C01-P03-001976,C01-P03,C01-E0064,2026-02-19 08:33:25,2026-02-22 03:33:25,Merged,3,105,26,1.0
PR-C01-P03-001977,C01-P03,C01-E0007,2026-02-08 15:25:12,,Aberto,3,36,61,1.0
PR-C01-P03-001978,C01-P03,C01-E0073,2026-02-23 10:23:50,2026-02-25 09:23:50,Merged,5,27,64,2.0
PR-C01-P03-001979,C01-P03,C01-E0137,2026-02-08 15:33:02,2026-02-10 22:33:02,Merged,4,58,12,2.0
PR-C01-P03-001980,C01-P03,C01-E0300,2026-02-03 18:27:51,2026-02-07 13:27:51,Merged,4,316,58,2.0
PR-C01-P03-001981,C01-P03,C01-E0311,2026-02-06 09:35:01,2026-02-08 10:35:01,Merged,2,65,58,0.0
PR-C01-P03-001982,C01-P03,C01-E0223,2026-02-25 21:18:52,,Aberto,22,129,21,2.0
PR-C01-P03-001983,C01-P03,C01-E0245,2026-02-19 19:48:14,2026-02-23 12:48:14,Merged,1,116,116,0.0
PR-C01-P03-001984,C01-P03,C01-E0174,2026-02-19 17:26:14,2026-02-22 04:26:14,Merged,1,62,78,2.0
PR-C01-P03-001985,C01-P03,C01-E0057,2026-02-27 07:34:20,2026-03-02 14:34:20,Merged,11,17,3,1.0
PR-C01-P03-001986,C01-P03,C01-E0311,2026-03-22 07:44:22,2026-03-24 15:44:22,Merged,4,243,77,1.0
PR-C01-P03-001987,C01-P03,C01-E0165,2026-03-23 12:05:03,,Aberto,7,128,23,1.0
PR-C01-P03-001988,C01-P03,C01-E0287,2026-03-04 13:25:00,,Aberto,6,90,27,1.0
PR-C01-P03-001989,C01-P03,C01-E0312,2026-03-31 08:59:39,2026-04-02 23:59:39,Merged,5,92,12,0.0
PR-C01-P03-001990,C01-P03,C01-E0339,2026-03-10 21:43:06,2026-03-14 15:43:06,Merged,5,106,28,2.0
PR-C01-P03-001991,C01-P03,C01-E0032,2026-03-07 12:42:13,2026-03-10 02:42:13,Merged,26,61,47,2.0
PR-C01-P03-001992,C01-P03,C01-E0188,2026-03-30 14:23:22,2026-04-02 11:23:22,Merged,5,15,8,0.0
PR-C01-P03-001993,C01-P03,C01-E0084,2026-03-18 17:42:05,2026-03-20 09:42:05,Merged,2,14,45,0.0
PR-C01-P03-001994,C01-P03,C01-E0240,2026-03-27 15:04:09,,Aberto,1,142,3,0.0
PR-C01-P03-001995,C01-P03,C01-E0190,2026-03-15 20:58:02,2026-03-18 05:58:02,Merged,6,40,38,3.0
PR-C01-P03-001996,C01-P03,C01-E0333,2026-03-19 12:05:57,2026-03-22 11:05:57,Merged,2,130,44,3.0
PR-C01-P03-001997,C01-P03,C01-E0090,2026-03-31 11:14:32,,Fechado sem merge,3,217,42,3.0
PR-C01-P03-001998,C01-P03,C01-E0238,2026-03-22 21:26:23,2026-03-26 21:26:23,Merged,6,29,7,3.0
PR-C01-P03-001999,C01-P03,C01-E0005,2026-03-17 20:08:09,,Aberto,1,36,26,2.0
PR-C01-P03-002000,C01-P03,C01-E0307,2026-03-22 16:15:43,,Fechado sem merge,5,35,76,3.0
PR-C01-P03-002001,C01-P03,C01-E0004,2026-03-28 09:00:22,2026-03-29 17:00:22,Merged,4,58,40,1.0
PR-C01-P03-002002,C01-P03,C01-E0028,2026-03-01 08:22:58,2026-03-04 04:22:58,Merged,5,27,38,1.0
PR-C01-P03-002003,C01-P03,C01-E0150,2026-03-20 10:10:17,2026-03-21 05:10:17,Merged,6,70,45,2.0
PR-C01-P03-002004,C01-P03,C01-E0307,2026-03-15 16:04:36,2026-03-18 22:04:36,Merged,7,54,14,3.0
PR-C01-P03-002005,C01-P03,C01-E0317,2026-03-23 08:55:58,2026-03-23 15:55:58,Merged,4,173,43,1.0
PR-C01-P03-002006,C01-P03,C01-E0288,2026-03-22 12:09:29,2026-03-23 15:09:29,Merged,2,56,69,2.0
PR-C01-P03-002007,C01-P03,C01-E0320,2026-03-06 08:10:27,,Aberto,6,38,18,1.0
PR-C01-P03-002008,C01-P03,C01-E0061,2026-03-09 20:03:46,2026-03-10 14:03:46,Merged,9,244,19,1.0
PR-C01-P03-002009,C01-P03,C01-E0342,2026-03-03 13:25:53,,Fechado sem merge,7,56,17,1.0
PR-C01-P03-002010,C01-P03,C01-E0085,2026-03-06 19:54:45,2026-03-10 10:54:45,Merged,3,110,75,2.0
PR-C01-P03-002011,C01-P03,C01-E0130,2026-03-12 12:19:55,2026-03-15 22:19:55,Merged,12,48,25,0.0
PR-C01-P03-002012,C01-P03,C01-E0170,2026-03-20 10:49:18,2026-03-20 20:49:18,Merged,14,46,67,1.0
PR-C01-P03-002013,C01-P03,C01-E0223,2026-03-24 17:59:46,2026-03-27 16:59:46,Merged,10,98,58,1.0
PR-C01-P03-002014,C01-P03,C01-E0009,2026-03-23 15:58:08,2026-03-25 05:58:08,Merged,15,19,12,1.0
PR-C01-P03-002015,C01-P03,C01-E0080,2026-03-13 17:47:02,2026-03-14 11:47:02,Merged,3,163,16,2.0
PR-C01-P03-002016,C01-P03,C01-E0302,2026-03-07 16:24:19,2026-03-10 00:24:19,Merged,2,141,34,1.0
PR-C01-P03-002017,C01-P03,C01-E0118,2026-03-03 07:03:15,2026-03-03 11:03:15,Merged,1,71,44,3.0
PR-C01-P03-002018,C01-P03,C01-E0079,2026-03-08 11:28:36,2026-03-09 00:28:36,Merged,9,58,36,1.0
PR-C01-P03-002019,C01-P03,C01-E0139,2026-03-03 10:53:28,2026-03-04 23:53:28,Merged,4,129,42,2.0
PR-C01-P03-002020,C01-P03,C01-E0256,2026-03-27 10:56:53,2026-03-30 15:56:53,Merged,10,216,38,0.0
PR-C01-P03-002021,C01-P03,C01-E0126,2026-03-22 07:34:10,2026-03-25 16:34:10,Merged,4,117,52,2.0
PR-C01-P03-002022,C01-P03,C01-E0066,2026-03-05 08:05:18,2026-03-06 14:05:18,Merged,2,55,14,2.0
PR-C01-P03-002023,C01-P03,C01-E0142,2026-03-11 11:54:31,,Fechado sem merge,4,86,134,2.0
PR-C01-P03-002024,C01-P03,C01-E0153,2026-03-10 14:45:19,2026-03-12 12:45:19,Merged,3,42,44,1.0
PR-C01-P03-002025,C01-P03,C01-E0085,2026-03-13 15:51:19,2026-03-15 12:51:19,Merged,5,101,68,3.0
PR-C01-P03-002026,C01-P03,C01-E0176,2026-03-11 13:37:32,2026-03-12 21:37:32,Merged,2,29,29,3.0
PR-C01-P03-002027,C01-P03,C01-E0209,2026-03-10 18:51:27,,Fechado sem merge,1,168,6,3.0
PR-C01-P03-002028,C01-P03,C01-E0223,2026-03-21 11:42:47,2026-03-22 02:42:47,Merged,2,93,49,2.0
PR-C01-P03-002029,C01-P03,C01-E0148,2026-03-14 18:06:15,2026-03-17 01:06:15,Merged,1,24,53,0.0
PR-C01-P03-002030,C01-P03,C01-E0283,2026-03-31 11:32:25,,Aberto,4,63,37,1.0
PR-C01-P03-002031,C01-P03,C01-E0317,2026-03-12 11:14:03,,Aberto,2,28,21,2.0
PR-C01-P03-002032,C01-P03,C01-E0358,2026-03-19 12:35:25,2026-03-20 09:35:25,Merged,2,30,13,2.0
PR-C01-P03-002033,C01-P03,C01-E0130,2026-03-04 18:06:33,2026-03-06 12:06:33,Merged,3,135,24,2.0
PR-C01-P03-002034,C01-P03,C01-E0043,2026-03-16 14:43:30,,Aberto,1,66,31,0.0
PR-C01-P03-002035,C01-P03,C01-E0018,2026-03-12 16:13:14,2026-03-15 09:13:14,Merged,4,99,29,3.0
PR-C01-P03-002036,C01-P03,C01-E0106,2026-03-31 18:49:40,,Fechado sem merge,2,36,15,2.0
PR-C01-P03-002037,C01-P03,C01-E0025,2026-03-05 07:06:03,2026-03-05 16:06:03,Merged,3,125,64,2.0
PR-C01-P03-002038,C01-P03,C01-E0031,2026-03-17 19:15:01,2026-03-18 00:15:01,Merged,1,44,7,1.0
PR-C01-P03-002039,C01-P03,C01-E0096,2026-03-21 20:54:07,2026-03-22 00:54:07,Merged,1,32,32,1.0
PR-C01-P03-002040,C01-P03,C01-E0033,2026-03-04 18:40:28,2026-03-06 02:40:28,Merged,2,64,7,
PR-C01-P03-002041,C01-P03,C01-E0358,2026-03-17 11:10:24,,Fechado sem merge,4,45,36,0.0
PR-C01-P03-002042,C01-P03,C01-E0067,2026-03-14 17:04:12,2026-03-16 23:04:12,Merged,8,53,21,2.0
PR-C01-P03-002043,C01-P03,C01-E0015,2026-03-25 07:22:11,2026-03-25 21:22:11,Merged,21,100,40,1.0
PR-C01-P03-002044,C01-P03,C01-E0285,2026-03-23 18:22:14,2026-03-24 16:22:14,Merged,1,74,14,0.0
PR-C01-P03-002045,C01-P03,C01-E0001,2026-03-29 19:59:34,2026-03-31 21:59:34,Merged,2,26,29,2.0
PR-C01-P03-002046,C01-P03,C01-E0090,2026-03-28 08:17:46,2026-03-31 20:17:46,Merged,1,41,4,1.0
PR-C01-P03-002047,C01-P03,C01-E0185,2026-03-25 10:44:15,2026-03-25 19:44:15,Merged,4,26,49,2.0
PR-C01-P03-002048,C01-P03,C01-E0301,2026-03-27 07:00:47,2026-03-28 00:00:47,Merged,8,99,59,3.0
PR-C01-P03-002049,C01-P03,C01-E0165,2026-03-05 20:24:40,,Aberto,3,10,24,3.0
PR-C01-P03-002050,C01-P03,C01-E0202,2026-03-03 18:11:47,2026-03-06 16:11:47,Merged,5,63,24,2.0
PR-C01-P03-002051,C01-P03,C01-E0129,2026-03-15 08:43:44,2026-03-19 08:43:44,Merged,2,218,74,
PR-C01-P03-002052,C01-P03,C01-E0086,2026-04-27 16:15:35,2026-04-30 09:15:35,Merged,5,137,30,2.0
PR-C01-P03-002053,C01-P03,C01-E0027,2026-04-21 16:34:52,2026-04-22 12:34:52,Merged,2,26,8,2.0
PR-C01-P03-002054,C01-P03,C01-E0090,2026-04-06 10:25:27,2026-04-09 20:25:27,Merged,8,32,99,1.0
PR-C01-P03-002055,C01-P03,C01-E0139,2026-04-12 21:55:07,2026-04-14 10:55:07,Merged,4,50,24,
PR-C01-P03-002056,C01-P03,C01-E0334,2026-04-25 09:48:13,2026-04-26 02:48:13,Merged,6,51,3,2.0
PR-C01-P03-002057,C01-P03,C01-E0185,2026-04-02 17:23:32,,Aberto,10,71,25,1.0
PR-C01-P03-002058,C01-P03,C01-E0244,2026-04-04 08:52:20,,Fechado sem merge,4,123,58,2.0
PR-C01-P03-002059,C01-P03,C01-E0350,2026-04-04 07:26:57,2026-04-04 10:26:57,Merged,1,70,9,
PR-C01-P03-002060,C01-P03,C01-E0016,2026-04-24 20:16:44,2026-04-26 17:16:44,Merged,5,39,6,0.0
PR-C01-P03-002061,C01-P03,C01-E0299,2026-04-19 13:58:56,,Fechado sem merge,1,23,61,0.0
PR-C01-P03-002062,C01-P03,C01-E0261,2026-04-04 07:47:54,2026-04-05 19:47:54,Merged,16,333,18,0.0
PR-C01-P03-002063,C01-P03,C01-E0057,2026-04-26 15:47:12,2026-04-29 16:47:12,Merged,8,63,13,2.0
PR-C01-P03-002064,C01-P03,C01-E0251,2026-04-05 13:50:45,,Aberto,11,130,104,2.0
PR-C01-P03-002065,C01-P03,C01-E0345,2026-04-13 08:03:23,2026-04-16 05:03:23,Merged,5,86,46,1.0
PR-C01-P03-002066,C01-P03,C01-E0066,2026-04-16 13:08:11,2026-04-17 15:08:11,Merged,3,110,55,2.0
PR-C01-P03-002067,C01-P03,C01-E0172,2026-04-17 08:48:10,2026-04-18 08:48:10,Merged,10,94,116,1.0
PR-C01-P03-002068,C01-P03,C01-E0342,2026-04-29 16:21:59,2026-05-02 15:21:59,Merged,3,172,55,3.0
PR-C01-P03-002069,C01-P03,C01-E0027,2026-04-23 20:28:49,2026-04-26 21:28:49,Merged,1,97,35,
PR-C01-P03-002070,C01-P03,C01-E0096,2026-04-03 14:47:31,2026-04-06 12:47:31,Merged,3,117,15,1.0
PR-C01-P03-002071,C01-P03,C01-E0210,2026-04-17 15:29:57,2026-04-20 16:29:57,Merged,3,152,15,3.0
PR-C01-P03-002072,C01-P03,C01-E0288,2026-04-18 08:31:24,2026-04-20 00:31:24,Merged,2,240,24,2.0
PR-C01-P03-002073,C01-P03,C01-E0064,2026-04-17 12:15:32,,Aberto,9,11,5,2.0
PR-C01-P03-002074,C01-P03,C01-E0042,2026-04-13 12:27:17,2026-04-16 05:27:17,Merged,3,91,113,0.0
PR-C01-P03-002075,C01-P03,C01-E0191,2026-04-19 20:32:04,2026-04-21 06:32:04,Merged,11,120,31,3.0
PR-C01-P03-002076,C01-P03,C01-E0298,2026-04-20 18:54:49,2026-04-22 16:54:49,Merged,1,100,5,1.0
PR-C01-P03-002077,C01-P03,C01-E0125,2026-04-03 16:38:41,2026-04-05 03:38:41,Merged,6,30,16,2.0
PR-C01-P03-002078,C01-P03,C01-E0244,2026-04-12 21:02:35,2026-04-16 17:02:35,Merged,5,13,89,2.0
PR-C01-P03-002079,C01-P03,C01-E0202,2026-04-29 13:57:21,2026-05-03 00:57:21,Merged,6,41,72,0.0
PR-C01-P03-002080,C01-P03,C01-E0294,2026-04-14 10:35:25,2026-04-15 12:35:25,Merged,4,88,50,3.0
PR-C01-P03-002081,C01-P03,C01-E0159,2026-04-03 19:38:37,2026-04-07 04:38:37,Merged,3,124,111,1.0
PR-C01-P03-002082,C01-P03,C01-E0228,2026-04-28 19:49:45,,Fechado sem merge,3,202,31,1.0
PR-C01-P03-002083,C01-P03,C01-E0032,2026-04-21 18:34:41,2026-04-24 15:34:41,Merged,4,37,19,1.0
PR-C01-P03-002084,C01-P03,C01-E0311,2026-04-04 11:48:40,2026-04-06 18:48:40,Merged,8,105,67,1.0
PR-C01-P03-002085,C01-P03,C01-E0284,2026-04-28 09:52:36,2026-05-02 07:52:36,Merged,1,58,39,3.0
PR-C01-P03-002086,C01-P03,C01-E0343,2026-04-15 12:47:54,2026-04-15 20:47:54,Merged,3,146,15,2.0
PR-C01-P03-002087,C01-P03,C01-E0148,2026-04-12 20:51:26,2026-04-15 18:51:26,Merged,4,39,19,2.0
PR-C01-P03-002088,C01-P03,C01-E0287,2026-04-14 18:28:38,2026-04-18 15:28:38,Merged,5,46,43,1.0
PR-C01-P03-002089,C01-P03,C01-E0313,2026-04-21 14:19:04,2026-04-22 12:19:04,Merged,6,72,5,1.0
PR-C01-P03-002090,C01-P03,C01-E0004,2026-04-09 07:55:01,2026-04-09 13:55:01,Merged,2,21,18,1.0
PR-C01-P03-002091,C01-P03,C01-E0085,2026-04-17 11:45:52,2026-04-19 23:45:52,Merged,5,47,16,1.0
PR-C01-P03-002092,C01-P03,C01-E0292,2026-04-04 13:41:32,2026-04-05 04:41:32,Merged,12,19,55,0.0
PR-C01-P03-002093,C01-P03,C01-E0302,2026-04-23 11:03:31,2026-04-24 22:03:31,Merged,1,78,10,1.0
PR-C01-P03-002094,C01-P03,C01-E0351,2026-04-28 13:06:38,,Fechado sem merge,12,68,7,2.0
PR-C01-P03-002095,C01-P03,C01-E0161,2026-04-11 21:08:41,2026-04-13 07:08:41,Merged,6,50,7,1.0
PR-C01-P03-002096,C01-P03,C01-E0094,2026-04-04 21:20:33,2026-04-08 15:20:33,Merged,13,181,5,2.0
PR-C01-P03-002097,C01-P03,C01-E0055,2026-04-10 07:47:25,2026-04-11 12:47:25,Merged,1,81,13,1.0
PR-C01-P03-002098,C01-P03,C01-E0307,2026-04-05 09:06:33,2026-04-06 01:06:33,Merged,2,73,99,3.0
PR-C01-P03-002099,C01-P03,C01-E0080,2026-04-10 14:10:25,2026-04-14 03:10:25,Merged,18,90,40,0.0
PR-C01-P03-002100,C01-P03,C01-E0275,2026-04-24 15:03:12,2026-04-27 01:03:12,Merged,4,66,46,1.0
PR-C01-P03-002101,C01-P03,C01-E0018,2026-04-03 10:01:57,2026-04-05 06:01:57,Merged,2,77,26,0.0
PR-C01-P03-002102,C01-P03,C01-E0020,2026-04-15 09:12:18,2026-04-16 15:12:18,Merged,4,18,83,1.0
PR-C01-P03-002103,C01-P03,C01-E0100,2026-04-15 20:05:04,2026-04-17 05:05:04,Merged,3,60,38,2.0
PR-C01-P03-002104,C01-P03,C01-E0020,2026-04-23 10:27:33,2026-04-24 11:27:33,Merged,8,50,36,3.0
PR-C01-P03-002105,C01-P03,C01-E0283,2026-04-28 10:06:59,2026-05-01 17:06:59,Merged,4,77,4,2.0
PR-C01-P03-002106,C01-P03,C01-E0106,2026-04-02 12:46:01,,Aberto,7,19,17,1.0
PR-C01-P03-002107,C01-P03,C01-E0251,2026-04-28 21:47:22,2026-04-30 16:47:22,Merged,14,242,9,2.0
PR-C01-P03-002108,C01-P03,C01-E0346,2026-04-06 15:25:48,2026-04-08 12:25:48,Merged,5,50,94,2.0
PR-C01-P03-002109,C01-P03,C01-E0327,2026-05-18 16:21:12,,Aberto,4,49,18,2.0
PR-C01-P03-002110,C01-P03,C01-E0181,2026-05-14 15:19:42,2026-05-16 12:19:42,Merged,5,20,2,1.0
PR-C01-P03-002111,C01-P03,C01-E0311,2026-05-27 12:32:06,2026-05-29 13:32:06,Merged,9,31,87,3.0
PR-C01-P03-002112,C01-P03,C01-E0217,2026-05-22 10:48:48,,Aberto,2,52,23,1.0
PR-C01-P03-002113,C01-P03,C01-E0232,2026-05-08 19:45:16,,Fechado sem merge,2,22,5,1.0
PR-C01-P03-002114,C01-P03,C01-E0295,2026-05-02 14:53:07,2026-05-04 10:53:07,Merged,3,40,28,1.0
PR-C01-P03-002115,C01-P03,C01-E0080,2026-05-08 15:41:26,,Fechado sem merge,1,197,5,2.0
PR-C01-P03-002116,C01-P03,C01-E0260,2026-05-17 17:58:29,,Aberto,1,160,91,2.0
PR-C01-P03-002117,C01-P03,C01-E0292,2026-05-29 08:30:50,,Fechado sem merge,8,20,6,2.0
PR-C01-P03-002118,C01-P03,C01-E0082,2026-05-29 10:19:53,,Fechado sem merge,6,75,36,1.0
PR-C01-P03-002119,C01-P03,C01-E0032,2026-05-27 18:59:35,2026-05-31 07:59:35,Merged,2,113,23,2.0
PR-C01-P03-002120,C01-P03,C01-E0185,2026-05-23 16:16:01,2026-05-26 23:16:01,Merged,4,228,21,1.0
PR-C01-P03-002121,C01-P03,C01-E0131,2026-05-06 10:00:45,2026-05-06 16:00:45,Merged,3,259,6,2.0
PR-C01-P03-002122,C01-P03,C01-E0233,2026-05-16 10:35:45,2026-05-17 20:35:45,Merged,9,84,0,2.0
PR-C01-P03-002123,C01-P03,C01-E0240,2026-05-16 08:25:28,,Fechado sem merge,1,12,10,3.0
PR-C01-P03-002124,C01-P03,C01-E0152,2026-05-01 11:12:28,2026-05-02 04:12:28,Merged,4,32,42,3.0
PR-C01-P03-002125,C01-P03,C01-E0206,2026-05-01 18:18:34,2026-05-05 07:18:34,Merged,2,64,4,3.0
PR-C01-P03-002126,C01-P03,C01-E0021,2026-05-13 10:49:41,,Fechado sem merge,3,80,73,2.0
PR-C01-P03-002127,C01-P03,C01-E0350,2026-05-02 17:01:57,,Fechado sem merge,7,42,28,3.0
PR-C01-P03-002128,C01-P03,C01-E0285,2026-05-08 20:44:31,2026-05-09 02:44:31,Merged,3,32,14,2.0
PR-C01-P03-002129,C01-P03,C01-E0099,2026-05-04 12:31:34,2026-05-06 12:31:34,Merged,2,84,29,2.0
PR-C01-P03-002130,C01-P03,C01-E0066,2026-05-24 14:41:22,2026-05-26 05:41:22,Merged,7,52,21,1.0
PR-C01-P03-002131,C01-P03,C01-E0269,2026-05-13 16:19:27,,Aberto,4,89,59,3.0
PR-C01-P03-002132,C01-P03,C01-E0346,2026-05-05 19:45:01,,Fechado sem merge,5,24,24,3.0
PR-C01-P03-002133,C01-P03,C01-E0064,2026-05-17 08:16:40,2026-05-19 22:16:40,Merged,5,44,78,3.0
PR-C01-P03-002134,C01-P03,C01-E0317,2026-05-15 10:39:09,2026-05-17 05:39:09,Merged,6,13,21,2.0
PR-C01-P03-002135,C01-P03,C01-E0146,2026-05-29 19:36:53,,Fechado sem merge,3,80,23,2.0
PR-C01-P03-002136,C01-P03,C01-E0037,2026-05-01 18:40:14,,Aberto,23,35,25,0.0
PR-C01-P03-002137,C01-P03,C01-E0276,2026-05-24 07:10:29,2026-05-28 01:10:29,Merged,3,59,10,3.0
PR-C01-P03-002138,C01-P03,C01-E0284,2026-05-03 13:29:20,2026-05-05 11:29:20,Merged,7,6,19,0.0
PR-C01-P03-002139,C01-P03,C01-E0244,2026-05-10 14:45:04,2026-05-10 17:45:04,Merged,6,51,36,3.0
PR-C01-P03-002140,C01-P03,C01-E0168,2026-05-14 09:02:01,2026-05-14 11:02:01,Merged,1,94,39,1.0
PR-C01-P03-002141,C01-P03,C01-E0159,2026-05-31 10:24:42,,Aberto,10,57,58,1.0
PR-C01-P03-002142,C01-P03,C01-E0285,2026-05-06 07:25:06,2026-05-06 22:25:06,Merged,2,122,6,
PR-C01-P03-002143,C01-P03,C01-E0083,2026-05-30 16:13:23,,Aberto,2,119,12,0.0
PR-C01-P03-002144,C01-P03,C01-E0045,2026-05-19 18:34:34,2026-05-22 08:34:34,Merged,11,28,40,0.0
PR-C01-P03-002145,C01-P03,C01-E0014,2026-05-22 07:05:04,,Fechado sem merge,7,161,5,2.0
PR-C01-P03-002146,C01-P03,C01-E0004,2026-05-23 18:36:58,,Aberto,4,1,2,2.0
PR-C01-P03-002147,C01-P03,C01-E0290,2026-05-02 15:02:53,,Fechado sem merge,8,71,31,3.0
PR-C01-P03-002148,C01-P03,C01-E0153,2026-05-03 15:18:33,,Aberto,4,223,7,1.0
PR-C01-P03-002149,C01-P03,C01-E0154,2026-05-20 20:58:32,2026-05-21 15:58:32,Merged,3,71,14,2.0
PR-C01-P03-002150,C01-P03,C01-E0025,2026-05-08 15:18:44,2026-05-11 12:18:44,Merged,6,12,29,2.0
PR-C01-P03-002151,C01-P03,C01-E0060,2026-05-14 07:54:41,2026-05-17 05:54:41,Merged,7,75,0,1.0
PR-C01-P03-002152,C01-P03,C01-E0261,2026-05-23 16:47:13,2026-05-24 20:47:13,Merged,3,205,36,2.0
PR-C01-P03-002153,C01-P03,C01-E0040,2026-05-02 11:58:23,2026-05-05 09:58:23,Merged,5,51,60,2.0
PR-C01-P03-002154,C01-P03,C01-E0085,2026-05-17 21:56:19,2026-05-21 15:56:19,Merged,4,144,48,2.0
PR-C01-P03-002155,C01-P03,C01-E0318,2026-05-19 19:26:16,2026-05-23 18:26:16,Merged,3,102,27,0.0
PR-C01-P03-002156,C01-P03,C01-E0232,2026-05-16 16:31:30,2026-05-18 11:31:30,Merged,13,37,44,
PR-C01-P03-002157,C01-P03,C01-E0058,2026-05-09 19:51:24,2026-05-12 06:51:24,Merged,8,182,61,1.0
PR-C01-P03-002158,C01-P03,C01-E0173,2026-05-24 07:42:18,2026-05-26 21:42:18,Merged,2,165,29,2.0
PR-C01-P03-002159,C01-P03,C01-E0096,2026-05-05 19:12:48,2026-05-08 12:12:48,Merged,8,27,101,3.0
PR-C01-P03-002160,C01-P03,C01-E0300,2026-05-20 10:05:23,2026-05-22 00:05:23,Merged,4,73,7,3.0
PR-C01-P03-002161,C01-P03,C01-E0247,2026-05-23 12:49:14,2026-05-26 07:49:14,Merged,4,11,106,1.0
PR-C01-P03-002162,C01-P03,C01-E0154,2026-05-22 12:13:42,2026-05-24 05:13:42,Merged,1,74,14,1.0
PR-C01-P03-002163,C01-P03,C01-E0042,2026-05-31 12:40:58,,Fechado sem merge,5,77,13,
PR-C01-P03-002164,C01-P03,C01-E0350,2026-05-16 07:53:56,2026-05-19 00:53:56,Merged,6,75,17,3.0
PR-C01-P03-002165,C01-P03,C01-E0159,2026-05-08 07:26:37,2026-05-11 14:26:37,Merged,3,47,28,1.0
PR-C01-P03-002166,C01-P03,C01-E0004,2026-06-09 08:10:54,2026-06-12 04:10:54,Merged,4,48,78,2.0
PR-C01-P03-002167,C01-P03,C01-E0090,2026-06-10 09:05:44,,Aberto,1,272,68,1.0
PR-C01-P03-002168,C01-P03,C01-E0303,2026-06-28 21:43:57,,Aberto,3,161,3,3.0
PR-C01-P03-002169,C01-P03,C01-E0011,2026-06-05 18:34:26,2026-06-09 09:34:26,Merged,6,122,8,1.0
PR-C01-P03-002170,C01-P03,C01-E0224,2026-06-03 12:08:31,2026-06-05 06:08:31,Merged,5,15,26,3.0
PR-C01-P03-002171,C01-P03,C01-E0289,2026-06-15 21:06:07,,Fechado sem merge,7,37,86,1.0
PR-C01-P03-002172,C01-P03,C01-E0062,2026-06-14 09:45:08,2026-06-16 11:45:08,Merged,4,106,150,2.0
PR-C01-P03-002173,C01-P03,C01-E0104,2026-06-07 07:14:03,2026-06-07 10:14:03,Merged,10,213,19,0.0
PR-C01-P03-002174,C01-P03,C01-E0104,2026-06-12 21:31:45,2026-06-13 00:31:45,Merged,9,48,5,2.0
PR-C01-P03-002175,C01-P03,C01-E0018,2026-06-28 15:29:35,2026-07-01 14:29:35,Merged,6,169,19,2.0
PR-C01-P03-002176,C01-P03,C01-E0340,2026-06-18 14:49:58,2026-06-21 14:49:58,Merged,4,243,24,1.0
PR-C01-P03-002177,C01-P03,C01-E0354,2026-06-09 21:47:25,,Fechado sem merge,18,107,14,2.0
PR-C01-P03-002178,C01-P03,C01-E0287,2026-06-11 18:27:08,2026-06-13 12:27:08,Merged,2,35,69,2.0
PR-C01-P03-002179,C01-P03,C01-E0137,2026-06-13 12:19:18,2026-06-14 21:19:18,Merged,8,55,31,3.0
PR-C01-P03-002180,C01-P03,C01-E0028,2026-06-07 20:23:59,2026-06-10 06:23:59,Merged,1,33,23,2.0
PR-C01-P03-002181,C01-P03,C01-E0346,2026-06-02 18:31:28,2026-06-03 04:31:28,Merged,1,22,9,0.0
PR-C01-P03-002182,C01-P03,C01-E0172,2026-06-18 07:00:09,2026-06-20 02:00:09,Merged,8,193,26,3.0
PR-C01-P03-002183,C01-P03,C01-E0207,2026-06-04 12:51:04,2026-06-06 19:51:04,Merged,2,23,30,2.0
PR-C01-P03-002184,C01-P03,C01-E0285,2026-06-09 19:33:15,2026-06-13 06:33:15,Merged,1,50,58,1.0
PR-C01-P03-002185,C01-P03,C01-E0223,2026-06-07 10:23:10,2026-06-08 13:23:10,Merged,3,67,79,2.0
PR-C01-P03-002186,C01-P03,C01-E0145,2026-06-06 11:10:06,2026-06-09 09:10:06,Merged,15,9,9,0.0
PR-C01-P03-002187,C01-P03,C01-E0283,2026-06-05 08:33:34,,Fechado sem merge,2,119,49,1.0
PR-C01-P03-002188,C01-P03,C01-E0190,2026-06-01 08:56:35,,Aberto,10,9,23,1.0
PR-C01-P03-002189,C01-P03,C01-E0298,2026-06-25 10:08:50,2026-06-26 11:08:50,Merged,5,74,31,1.0
PR-C01-P03-002190,C01-P03,C01-E0097,2026-06-06 09:52:17,,Aberto,7,49,12,1.0
PR-C01-P03-002191,C01-P03,C01-E0287,2026-06-12 11:58:40,2026-06-16 11:58:40,Merged,9,267,9,0.0
PR-C01-P03-002192,C01-P03,C01-E0106,2026-06-16 14:03:03,2026-06-20 11:03:03,Merged,3,17,12,2.0
PR-C01-P03-002193,C01-P03,C01-E0110,2026-06-06 20:19:32,,Fechado sem merge,4,63,27,1.0
PR-C01-P03-002194,C01-P03,C01-E0173,2026-06-16 19:16:30,2026-06-17 07:16:30,Merged,7,99,48,1.0
PR-C01-P03-002195,C01-P03,C01-E0202,2026-06-13 08:19:31,2026-06-13 15:19:31,Merged,9,115,115,1.0
PR-C01-P03-002196,C01-P03,C01-E0103,2026-06-24 17:18:29,2026-06-27 18:18:29,Merged,14,65,9,1.0
PR-C01-P03-002197,C01-P03,C01-E0331,2026-06-15 15:02:35,2026-06-17 10:02:35,Merged,7,54,30,1.0
PR-C01-P03-002198,C01-P03,C01-E0164,2026-06-18 11:17:01,,Fechado sem merge,11,123,22,1.0
PR-C01-P03-002199,C01-P03,C01-E0247,2026-06-05 18:59:56,2026-06-07 22:59:56,Merged,2,15,31,1.0
PR-C01-P03-002200,C01-P03,C01-E0343,2026-06-21 09:43:46,,Aberto,9,66,13,1.0
PR-C01-P03-002201,C01-P03,C01-E0346,2026-06-16 16:20:54,2026-06-20 02:20:54,Merged,5,113,69,1.0
PR-C01-P03-002202,C01-P03,C01-E0133,2026-06-11 16:30:17,2026-06-13 04:30:17,Merged,6,8,109,0.0
PR-C01-P03-002203,C01-P03,C01-E0161,2026-06-26 19:28:11,2026-06-30 09:28:11,Merged,5,57,75,1.0
PR-C01-P03-002204,C01-P03,C01-E0217,2026-06-08 17:07:45,2026-06-12 10:07:45,Merged,6,46,6,0.0
PR-C01-P03-002205,C01-P03,C01-E0363,2026-06-15 20:56:54,2026-06-18 08:56:54,Merged,3,42,10,1.0
PR-C01-P03-002206,C01-P03,C01-E0354,2026-06-25 19:24:32,2026-06-26 13:24:32,Merged,11,53,7,2.0
PR-C01-P03-002207,C01-P03,C01-E0090,2026-06-26 19:12:08,2026-06-29 20:12:08,Merged,3,15,109,2.0
PR-C01-P03-002208,C01-P03,C01-E0294,2026-06-11 17:55:30,2026-06-12 01:55:30,Merged,5,88,61,2.0
PR-C01-P03-002209,C01-P03,C01-E0065,2026-06-01 14:01:24,2026-06-02 03:01:24,Merged,11,22,20,1.0
PR-C01-P03-002210,C01-P03,C01-E0058,2026-06-30 07:49:58,2026-06-30 22:49:58,Merged,2,77,21,2.0
PR-C01-P03-002211,C01-P03,C01-E0185,2026-06-23 14:30:39,2026-06-26 14:30:39,Merged,5,49,19,0.0
PR-C01-P03-002212,C01-P03,C01-E0136,2026-06-22 17:38:43,2026-06-25 03:38:43,Merged,4,112,11,1.0
PR-C01-P03-002213,C01-P03,C01-E0066,2026-06-18 17:02:38,2026-06-19 07:02:38,Merged,4,75,30,1.0
PR-C01-P03-002214,C01-P03,C01-E0101,2026-06-04 18:14:48,2026-06-08 15:14:48,Merged,5,34,47,1.0
PR-C01-P03-002215,C01-P03,C01-E0061,2026-06-21 08:43:56,2026-06-24 08:43:56,Merged,1,77,10,
PR-C01-P03-002216,C01-P03,C01-E0059,2026-06-29 18:10:46,2026-07-03 10:10:46,Merged,4,32,8,2.0
PR-C01-P03-002217,C01-P03,C01-E0172,2026-06-21 08:37:52,2026-06-23 22:37:52,Merged,3,72,59,2.0
PR-C01-P03-002218,C01-P03,C01-E0360,2026-06-08 16:00:26,2026-06-08 21:00:26,Merged,6,36,114,2.0
PR-C01-P03-002219,C01-P03,C01-E0057,2026-06-05 14:09:28,2026-06-08 04:09:28,Merged,4,71,50,0.0
PR-C01-P03-002220,C01-P03,C01-E0295,2026-06-16 16:06:30,,Fechado sem merge,12,118,110,1.0
PR-C01-P03-002221,C01-P03,C01-E0299,2026-06-08 10:29:56,2026-06-08 23:29:56,Merged,2,75,12,1.0
PR-C01-P03-002222,C01-P03,C01-E0351,2026-06-24 11:02:48,2026-06-25 20:02:48,Merged,23,6,50,
PR-C01-P03-002223,C01-P03,C01-E0256,2026-06-27 18:23:18,2026-06-29 02:23:18,Merged,7,209,6,2.0
PR-C01-P03-002224,C01-P03,C01-E0251,2026-06-23 08:54:10,2026-06-24 18:54:10,Merged,4,198,28,1.0
PR-C01-P03-002225,C01-P03,C01-E0126,2026-06-26 18:16:53,2026-06-28 15:16:53,Merged,2,45,99,3.0
PR-C01-P03-002226,C01-P03,C01-E0269,2026-06-07 11:23:15,2026-06-08 04:23:15,Merged,3,168,87,2.0
PR-C01-P03-002227,C01-P03,C01-E0263,2026-06-19 09:29:17,2026-06-19 11:29:17,Merged,7,53,13,0.0
PR-C01-P03-002228,C01-P03,C01-E0308,2026-06-29 10:36:58,2026-06-29 20:36:58,Merged,2,13,20,3.0
PR-C01-P03-002229,C01-P03,C01-E0188,2026-06-01 19:22:21,,Fechado sem merge,5,196,78,2.0
PR-C01-P03-002230,C01-P03,C01-E0228,2026-07-25 15:25:48,2026-07-26 05:25:48,Merged,1,28,30,2.0
PR-C01-P03-002231,C01-P03,C01-E0244,2026-07-08 21:50:14,2026-07-10 16:50:14,Merged,6,15,47,2.0
PR-C01-P03-002232,C01-P03,C01-E0214,2026-07-14 14:53:50,2026-07-15 16:53:50,Merged,1,91,49,3.0
PR-C01-P03-002233,C01-P03,C01-E0185,2026-07-28 07:19:37,2026-07-30 05:19:37,Merged,2,48,69,2.0
PR-C01-P03-002234,C01-P03,C01-E0097,2026-07-22 15:34:58,,Fechado sem merge,6,121,62,0.0
PR-C01-P03-002235,C01-P03,C01-E0351,2026-07-21 07:08:02,2026-07-23 12:08:02,Merged,3,306,16,3.0
PR-C01-P03-002236,C01-P03,C01-E0111,2026-07-03 14:01:22,2026-07-04 20:01:22,Merged,7,154,17,3.0
PR-C01-P03-002237,C01-P03,C01-E0238,2026-07-07 11:17:35,2026-07-09 22:17:35,Merged,4,40,3,3.0
PR-C01-P03-002238,C01-P03,C01-E0111,2026-07-29 19:28:46,2026-07-29 20:28:46,Merged,9,66,5,1.0
PR-C01-P03-002239,C01-P03,C01-E0310,2026-07-19 17:30:14,2026-07-23 06:30:14,Merged,6,59,34,1.0
PR-C01-P03-002240,C01-P03,C01-E0348,2026-07-26 13:33:09,2026-07-27 00:33:09,Merged,3,271,21,
PR-C01-P03-002241,C01-P03,C01-E0152,2026-07-15 07:55:00,2026-07-18 17:55:00,Merged,1,17,3,1.0
PR-C01-P03-002242,C01-P03,C01-E0006,2026-07-11 07:55:36,2026-07-13 00:55:36,Merged,2,70,33,2.0
PR-C01-P03-002243,C01-P03,C01-E0345,2026-07-25 17:16:17,2026-07-26 17:16:17,Merged,3,95,101,2.0
PR-C01-P03-002244,C01-P03,C01-E0328,2026-07-18 20:53:52,2026-07-20 19:53:52,Merged,4,67,8,2.0
PR-C01-P03-002245,C01-P03,C01-E0069,2026-07-08 12:08:37,2026-07-09 01:08:37,Merged,5,99,110,2.0
PR-C01-P03-002246,C01-P03,C01-E0064,2026-07-06 15:27:34,2026-07-09 21:27:34,Merged,9,9,38,
PR-C01-P03-002247,C01-P03,C01-E0139,2026-07-26 14:41:27,2026-07-30 08:41:27,Merged,3,96,57,0.0
PR-C01-P03-002248,C01-P03,C01-E0210,2026-07-21 14:41:38,2026-07-24 03:41:38,Merged,3,26,33,0.0
PR-C01-P03-002249,C01-P03,C01-E0283,2026-07-15 16:22:34,2026-07-18 17:22:34,Merged,2,38,30,1.0
PR-C01-P03-002250,C01-P03,C01-E0133,2026-07-05 11:07:11,2026-07-08 22:07:11,Merged,11,43,110,
PR-C01-P03-002251,C01-P03,C01-E0064,2026-07-30 07:07:14,2026-07-30 08:07:14,Merged,12,23,29,1.0
PR-C01-P03-002252,C01-P03,C01-E0207,2026-07-17 15:28:25,2026-07-19 08:28:25,Merged,12,25,22,3.0
PR-C01-P03-002253,C01-P03,C01-E0022,2026-07-09 14:59:02,2026-07-09 22:59:02,Merged,3,51,22,3.0
PR-C01-P03-002254,C01-P03,C01-E0150,2026-07-17 14:20:08,2026-07-18 08:20:08,Merged,2,118,22,2.0
PR-C01-P03-002255,C01-P03,C01-E0067,2026-07-21 17:56:51,2026-07-24 20:56:51,Merged,4,209,54,1.0
PR-C01-P03-002256,C01-P03,C01-E0016,2026-07-18 13:35:38,2026-07-22 01:35:38,Merged,3,49,40,3.0
PR-C01-P03-002257,C01-P03,C01-E0245,2026-07-02 15:32:33,2026-07-05 01:32:33,Merged,5,266,22,2.0
PR-C01-P03-002258,C01-P03,C01-E0320,2026-07-02 20:46:06,,Aberto,11,61,4,0.0
PR-C01-P03-002259,C01-P03,C01-E0327,2026-07-10 09:52:08,2026-07-10 23:52:08,Merged,8,119,56,1.0
PR-C01-P03-002260,C01-P03,C01-E0118,2026-07-11 17:46:49,2026-07-14 17:46:49,Merged,1,28,66,0.0
PR-C01-P03-002261,C01-P03,C01-E0228,2026-07-13 21:21:37,2026-07-15 01:21:37,Merged,5,23,33,3.0
PR-C01-P03-002262,C01-P03,C01-E0020,2026-07-06 18:00:59,2026-07-09 04:00:59,Merged,2,69,28,2.0
PR-C01-P03-002263,C01-P03,C01-E0055,2026-07-10 17:02:31,2026-07-14 07:02:31,Merged,5,48,166,1.0
PR-C01-P03-002264,C01-P03,C01-E0065,2026-07-19 18:17:08,2026-07-21 13:17:08,Merged,7,66,67,0.0
PR-C01-P03-002265,C01-P03,C01-E0106,2026-07-04 18:15:24,2026-07-05 01:15:24,Merged,10,43,34,1.0
PR-C01-P03-002266,C01-P03,C01-E0014,2026-07-29 15:21:40,2026-07-30 15:21:40,Merged,3,135,60,1.0
PR-C01-P03-002267,C01-P03,C01-E0057,2026-07-27 10:08:58,2026-07-31 10:08:58,Merged,6,18,43,2.0
PR-C01-P03-002268,C01-P03,C01-E0182,2026-07-27 10:10:06,2026-07-30 07:10:06,Merged,5,120,66,2.0
PR-C01-P03-002269,C01-P03,C01-E0226,2026-07-06 11:34:15,2026-07-08 01:34:15,Merged,1,62,17,3.0
PR-C01-P03-002270,C01-P03,C01-E0228,2026-07-20 12:51:29,2026-07-23 00:51:29,Merged,8,122,31,1.0
PR-C01-P03-002271,C01-P03,C01-E0294,2026-07-28 10:44:12,2026-07-30 01:44:12,Merged,3,147,17,0.0
PR-C01-P03-002272,C01-P03,C01-E0111,2026-07-12 09:14:22,2026-07-15 18:14:22,Merged,1,68,39,1.0
PR-C01-P03-002273,C01-P03,C01-E0111,2026-07-26 20:43:58,2026-07-29 10:43:58,Merged,12,37,24,3.0
PR-C01-P03-002274,C01-P03,C01-E0178,2026-07-17 19:07:28,2026-07-20 13:07:28,Merged,11,50,65,0.0
PR-C01-P03-002275,C01-P03,C01-E0047,2026-07-14 14:24:23,2026-07-16 22:24:23,Merged,3,26,6,1.0
PR-C01-P03-002276,C01-P03,C01-E0205,2026-07-19 16:59:10,2026-07-23 09:59:10,Merged,4,12,5,3.0
PR-C01-P03-002277,C01-P03,C01-E0206,2026-07-30 11:08:08,2026-08-01 17:08:08,Merged,6,37,48,2.0
PR-C01-P03-002278,C01-P03,C01-E0336,2026-07-25 08:04:54,2026-07-27 13:04:54,Merged,11,230,37,1.0
PR-C01-P03-002279,C01-P03,C01-E0298,2026-07-22 20:30:02,2026-07-23 10:30:02,Merged,9,155,11,2.0
PR-C01-P03-002280,C01-P03,C01-E0156,2026-07-25 14:32:05,,Aberto,1,64,44,2.0
PR-C01-P03-002281,C01-P03,C01-E0042,2026-07-22 16:20:17,,Fechado sem merge,5,96,4,2.0
PR-C01-P03-002282,C01-P03,C01-E0282,2026-07-21 15:15:31,2026-07-24 23:15:31,Merged,2,19,39,2.0
PR-C01-P03-002283,C01-P03,C01-E0225,2026-07-18 13:30:40,2026-07-22 13:30:40,Merged,4,7,53,0.0
PR-C01-P03-002284,C01-P03,C01-E0245,2026-07-11 21:56:55,2026-07-14 17:56:55,Merged,2,37,11,2.0
PR-C01-P03-002285,C01-P03,C01-E0334,2026-07-12 10:15:04,2026-07-13 11:15:04,Merged,7,64,49,3.0
PR-C01-P03-002286,C01-P03,C01-E0190,2026-07-02 20:44:16,,Fechado sem merge,4,65,82,0.0
PR-C01-P03-002287,C01-P03,C01-E0109,2026-07-29 12:37:11,2026-08-01 09:37:11,Merged,2,96,3,1.0
PR-C01-P03-002288,C01-P03,C01-E0319,2026-07-18 08:07:33,2026-07-21 16:07:33,Merged,12,144,2,2.0
PR-C01-P03-002289,C01-P03,C01-E0146,2026-07-16 19:20:23,,Aberto,10,14,6,1.0
PR-C01-P03-002290,C01-P03,C01-E0355,2026-07-08 07:22:43,2026-07-09 16:22:43,Merged,5,158,3,1.0
PR-C01-P03-002291,C01-P03,C01-E0150,2026-07-28 16:36:36,2026-07-30 01:36:36,Merged,1,44,13,2.0
PR-C01-P03-002292,C01-P03,C01-E0341,2026-07-09 17:47:15,,Fechado sem merge,4,99,5,1.0
PR-C01-P03-002293,C01-P03,C01-E0040,2026-07-07 09:58:14,2026-07-10 19:58:14,Merged,1,61,120,2.0
PR-C01-P04-002294,C01-P04,C01-E0178,2025-08-19 17:18:14,2025-08-20 09:18:14,Merged,5,36,30,3.0
PR-C01-P04-002295,C01-P04,C01-E0130,2025-08-07 17:33:52,2025-08-08 20:33:52,Merged,6,75,45,2.0
PR-C01-P04-002296,C01-P04,C01-E0298,2025-08-29 15:59:20,2025-09-01 01:59:20,Merged,4,62,7,
PR-C01-P04-002297,C01-P04,C01-E0348,2025-08-08 19:22:52,2025-08-10 14:22:52,Merged,12,11,19,1.0
PR-C01-P04-002298,C01-P04,C01-E0147,2025-08-30 14:07:20,2025-09-02 07:07:20,Merged,14,88,6,2.0
PR-C01-P04-002299,C01-P04,C01-E0313,2025-08-22 07:35:48,2025-08-25 00:35:48,Merged,1,47,122,2.0
PR-C01-P04-002300,C01-P04,C01-E0025,2025-08-11 13:33:28,2025-08-15 13:33:28,Merged,1,30,11,3.0
PR-C01-P04-002301,C01-P04,C01-E0101,2025-08-14 21:05:14,,Aberto,7,74,15,3.0
PR-C01-P04-002302,C01-P04,C01-E0340,2025-08-03 13:18:14,,Fechado sem merge,4,18,33,1.0
PR-C01-P04-002303,C01-P04,C01-E0329,2025-08-24 07:29:05,2025-08-28 03:29:05,Merged,6,51,16,2.0
PR-C01-P04-002304,C01-P04,C01-E0232,2025-08-14 16:52:55,,Aberto,8,35,15,0.0
PR-C01-P04-002305,C01-P04,C01-E0130,2025-08-24 10:58:46,2025-08-28 04:58:46,Merged,7,65,33,3.0
PR-C01-P04-002306,C01-P04,C01-E0181,2025-08-17 15:16:47,2025-08-21 10:16:47,Merged,1,109,10,0.0
PR-C01-P04-002307,C01-P04,C01-E0061,2025-08-09 12:19:57,2025-08-10 17:19:57,Merged,2,45,55,1.0
PR-C01-P04-002308,C01-P04,C01-E0167,2025-08-06 16:39:06,2025-08-07 14:39:06,Merged,6,155,25,2.0
PR-C01-P04-002309,C01-P04,C01-E0062,2025-08-23 19:27:19,,Aberto,1,110,75,0.0
PR-C01-P04-002310,C01-P04,C01-E0033,2025-08-24 21:31:31,2025-08-27 09:31:31,Merged,2,59,22,1.0
PR-C01-P04-002311,C01-P04,C01-E0245,2025-08-13 12:57:37,2025-08-17 12:57:37,Merged,14,5,73,1.0
PR-C01-P04-002312,C01-P04,C01-E0073,2025-08-06 16:08:31,2025-08-09 11:08:31,Merged,7,26,15,1.0
PR-C01-P04-002313,C01-P04,C01-E0264,2025-08-14 17:18:54,,Aberto,4,42,16,2.0
PR-C01-P04-002314,C01-P04,C01-E0143,2025-08-07 15:28:20,,Aberto,7,22,17,1.0
PR-C01-P04-002315,C01-P04,C01-E0319,2025-08-16 12:34:05,,Aberto,7,160,54,2.0
PR-C01-P04-002316,C01-P04,C01-E0083,2025-08-12 16:07:06,,Fechado sem merge,3,50,122,2.0
PR-C01-P04-002317,C01-P04,C01-E0346,2025-08-22 18:42:21,2025-08-24 04:42:21,Merged,6,53,18,1.0
PR-C01-P04-002318,C01-P04,C01-E0153,2025-08-23 14:42:33,,Fechado sem merge,5,58,62,2.0
PR-C01-P04-002319,C01-P04,C01-E0174,2025-08-12 11:19:14,,Aberto,5,58,39,2.0
PR-C01-P04-002320,C01-P04,C01-E0180,2025-08-05 14:09:33,,Aberto,18,44,151,1.0
PR-C01-P04-002321,C01-P04,C01-E0289,2025-08-29 19:25:00,2025-08-31 23:25:00,Merged,9,30,47,3.0
PR-C01-P04-002322,C01-P04,C01-E0004,2025-08-07 08:09:32,2025-08-09 03:09:32,Merged,4,63,67,2.0
PR-C01-P04-002323,C01-P04,C01-E0159,2025-08-20 16:30:42,2025-08-24 03:30:42,Merged,6,17,16,1.0
PR-C01-P04-002324,C01-P04,C01-E0126,2025-08-16 19:24:30,2025-08-19 15:24:30,Merged,5,73,3,1.0
PR-C01-P04-002325,C01-P04,C01-E0169,2025-08-18 19:17:53,,Aberto,6,44,35,3.0
PR-C01-P04-002326,C01-P04,C01-E0261,2025-08-01 07:34:17,2025-08-03 10:34:17,Merged,1,48,27,2.0
PR-C01-P04-002327,C01-P04,C01-E0129,2025-08-02 21:22:36,2025-08-06 02:22:36,Merged,1,183,29,
PR-C01-P04-002328,C01-P04,C01-E0023,2025-08-26 15:50:04,2025-08-27 03:50:04,Merged,5,87,72,1.0
PR-C01-P04-002329,C01-P04,C01-E0311,2025-08-04 13:48:30,2025-08-06 11:48:30,Merged,4,51,8,2.0
PR-C01-P04-002330,C01-P04,C01-E0007,2025-08-04 15:43:26,2025-08-04 16:43:26,Merged,4,22,32,1.0
PR-C01-P04-002331,C01-P04,C01-E0205,2025-08-02 15:22:15,,Fechado sem merge,1,33,86,1.0
PR-C01-P04-002332,C01-P04,C01-E0024,2025-08-25 09:05:31,2025-08-25 15:05:31,Merged,2,54,36,1.0
PR-C01-P04-002333,C01-P04,C01-E0342,2025-08-17 21:42:10,,Fechado sem merge,7,84,14,1.0
PR-C01-P04-002334,C01-P04,C01-E0349,2025-08-21 17:59:24,,Aberto,1,200,37,1.0
PR-C01-P04-002335,C01-P04,C01-E0159,2025-08-26 20:51:40,,Fechado sem merge,8,86,47,0.0
PR-C01-P04-002336,C01-P04,C01-E0343,2025-08-04 10:01:06,,Aberto,10,40,49,0.0
PR-C01-P04-002337,C01-P04,C01-E0302,2025-11-05 08:38:08,2025-11-07 21:38:08,Merged,4,27,28,1.0
PR-C01-P04-002338,C01-P04,C01-E0014,2025-11-13 17:37:20,2025-11-15 01:37:20,Merged,6,13,48,1.0
PR-C01-P04-002339,C01-P04,C01-E0082,2025-11-16 15:07:33,2025-11-16 18:07:33,Merged,2,59,28,2.0
PR-C01-P04-002340,C01-P04,C01-E0038,2025-11-21 11:12:47,2025-11-24 16:12:47,Merged,8,124,13,2.0
PR-C01-P04-002341,C01-P04,C01-E0156,2025-11-01 10:06:19,2025-11-02 22:06:19,Merged,1,15,2,1.0
PR-C01-P04-002342,C01-P04,C01-E0148,2025-11-05 18:06:39,2025-11-06 16:06:39,Merged,1,20,26,1.0
PR-C01-P04-002343,C01-P04,C01-E0299,2025-11-11 08:21:21,2025-11-13 16:21:21,Merged,7,111,25,1.0
PR-C01-P04-002344,C01-P04,C01-E0111,2025-11-29 19:51:25,2025-12-01 05:51:25,Merged,3,53,2,1.0
PR-C01-P04-002345,C01-P04,C01-E0148,2025-11-11 16:25:44,2025-11-13 13:25:44,Merged,9,56,22,2.0
PR-C01-P04-002346,C01-P04,C01-E0276,2025-11-03 17:53:41,2025-11-06 19:53:41,Merged,4,77,103,2.0
PR-C01-P04-002347,C01-P04,C01-E0275,2025-11-13 20:39:36,2025-11-14 23:39:36,Merged,11,122,54,1.0
PR-C01-P04-002348,C01-P04,C01-E0301,2025-11-04 09:01:11,,Fechado sem merge,1,288,65,2.0
PR-C01-P04-002349,C01-P04,C01-E0049,2025-11-03 12:32:12,2025-11-05 12:32:12,Merged,6,49,98,1.0
PR-C01-P04-002350,C01-P04,C01-E0288,2025-11-04 15:57:30,,Fechado sem merge,4,245,37,3.0
PR-C01-P04-002351,C01-P04,C01-E0083,2025-11-17 10:27:51,2025-11-19 00:27:51,Merged,12,96,27,1.0
PR-C01-P04-002352,C01-P04,C01-E0282,2025-11-15 11:49:32,2025-11-15 20:49:32,Merged,3,194,29,2.0
PR-C01-P04-002353,C01-P04,C01-E0167,2025-11-20 11:12:10,2025-11-22 19:12:10,Merged,1,22,28,1.0
PR-C01-P04-002354,C01-P04,C01-E0263,2025-11-29 08:52:23,2025-12-02 15:52:23,Merged,4,45,30,1.0
PR-C01-P04-002355,C01-P04,C01-E0011,2025-11-15 13:50:55,2025-11-18 01:50:55,Merged,1,55,43,0.0
PR-C01-P04-002356,C01-P04,C01-E0045,2025-11-21 13:14:03,2025-11-21 20:14:03,Merged,2,33,4,2.0
PR-C01-P04-002357,C01-P04,C01-E0276,2025-11-29 07:16:49,,Aberto,7,86,22,1.0
PR-C01-P04-002358,C01-P04,C01-E0238,2025-11-01 18:41:14,,Fechado sem merge,12,90,12,2.0
PR-C01-P04-002359,C01-P04,C01-E0042,2025-11-02 07:50:22,2025-11-03 15:50:22,Merged,5,221,40,2.0
PR-C01-P04-002360,C01-P04,C01-E0154,2025-11-29 15:13:22,2025-12-02 19:13:22,Merged,2,160,30,2.0
PR-C01-P04-002361,C01-P04,C01-E0196,2025-11-28 09:40:27,2025-11-29 03:40:27,Merged,5,29,34,0.0
PR-C01-P04-002362,C01-P04,C01-E0299,2025-11-18 10:48:15,2025-11-20 03:48:15,Merged,2,45,51,1.0
PR-C01-P04-002363,C01-P04,C01-E0317,2025-11-20 11:44:31,2025-11-24 01:44:31,Merged,1,130,33,2.0
PR-C01-P04-002364,C01-P04,C01-E0011,2025-11-16 12:22:53,2025-11-19 13:22:53,Merged,4,48,1,2.0
PR-C01-P04-002365,C01-P04,C01-E0148,2025-11-11 20:35:49,2025-11-12 13:35:49,Merged,8,225,50,3.0
PR-C01-P04-002366,C01-P04,C01-E0031,2025-11-09 16:12:58,,Aberto,8,58,23,0.0
PR-C01-P04-002367,C01-P04,C01-E0129,2025-11-23 17:49:48,2025-11-24 09:49:48,Merged,5,59,30,3.0
PR-C01-P04-002368,C01-P04,C01-E0126,2025-11-25 19:15:06,,Aberto,11,63,3,
PR-C01-P04-002369,C01-P04,C01-E0148,2025-11-23 09:06:34,,Aberto,2,15,0,3.0
PR-C01-P04-002370,C01-P04,C01-E0058,2025-11-12 21:36:07,2025-11-13 14:36:07,Merged,6,83,36,2.0
PR-C01-P04-002371,C01-P04,C01-E0009,2025-11-06 18:41:21,,Fechado sem merge,1,92,27,3.0
PR-C01-P04-002372,C01-P04,C01-E0276,2025-11-13 21:36:11,2025-11-15 01:36:11,Merged,4,37,37,2.0
PR-C01-P04-002373,C01-P04,C01-E0048,2025-11-29 21:30:37,2025-11-30 10:30:37,Merged,2,93,9,
PR-C01-P04-002374,C01-P04,C01-E0045,2025-11-01 12:06:18,,Aberto,5,147,16,2.0
PR-C01-P04-002375,C01-P04,C01-E0159,2025-11-22 10:06:24,2025-11-22 19:06:24,Merged,2,211,14,2.0
PR-C01-P04-002376,C01-P04,C01-E0143,2025-11-24 11:56:08,2025-11-25 04:56:08,Merged,3,44,12,0.0
PR-C01-P04-002377,C01-P04,C01-E0094,2025-11-18 19:57:00,2025-11-19 12:57:00,Merged,14,56,82,1.0
PR-C01-P04-002378,C01-P04,C01-E0156,2025-11-22 13:46:57,2025-11-24 14:46:57,Merged,3,58,33,3.0
PR-C01-P04-002379,C01-P04,C01-E0096,2025-11-27 12:32:43,2025-11-28 07:32:43,Merged,1,32,32,3.0
PR-C01-P04-002380,C01-P04,C01-E0349,2025-11-25 10:59:14,,Fechado sem merge,6,119,23,1.0
PR-C01-P04-002381,C01-P04,C01-E0059,2025-11-10 17:09:49,2025-11-13 00:09:49,Merged,4,30,14,
PR-C01-P04-002382,C01-P04,C01-E0296,2025-11-12 20:43:45,2025-11-15 02:43:45,Merged,4,57,16,0.0
PR-C01-P04-002383,C01-P04,C01-E0298,2025-11-30 12:58:34,2025-12-02 20:58:34,Merged,13,77,17,1.0
PR-C01-P04-002384,C01-P04,C01-E0017,2025-11-11 18:52:13,2025-11-13 17:52:13,Merged,10,36,45,3.0
PR-C01-P04-002385,C01-P04,C01-E0164,2025-11-20 09:46:33,2025-11-22 22:46:33,Merged,5,122,62,2.0
PR-C01-P04-002386,C01-P04,C01-E0086,2025-11-19 12:37:57,2025-11-20 19:37:57,Merged,2,93,18,2.0
PR-C01-P04-002387,C01-P04,C01-E0082,2025-11-19 13:27:47,2025-11-19 16:27:47,Merged,7,47,42,1.0
PR-C01-P04-002388,C01-P04,C01-E0252,2025-11-10 21:18:05,2025-11-12 13:18:05,Merged,4,146,63,2.0
PR-C01-P04-002389,C01-P04,C01-E0361,2025-11-11 18:27:41,2025-11-14 06:27:41,Merged,10,78,14,2.0
PR-C01-P04-002390,C01-P04,C01-E0173,2025-11-04 14:22:38,,Aberto,1,35,63,1.0
PR-C01-P04-002391,C01-P04,C01-E0097,2025-11-08 14:11:48,2025-11-12 12:11:48,Merged,10,153,26,2.0
PR-C01-P04-002392,C01-P04,C01-E0302,2025-11-15 08:00:18,2025-11-16 16:00:18,Merged,1,17,26,0.0
PR-C01-P04-002393,C01-P04,C01-E0130,2025-11-26 15:47:42,2025-11-28 15:47:42,Merged,5,60,39,1.0
PR-C01-P04-002394,C01-P04,C01-E0005,2025-11-06 17:14:32,2025-11-09 15:14:32,Merged,3,126,65,3.0
PR-C01-P04-002395,C01-P04,C01-E0235,2025-11-13 09:57:52,2025-11-14 17:57:52,Merged,9,198,36,3.0
PR-C01-P04-002396,C01-P04,C01-E0033,2025-12-18 11:02:55,2025-12-19 02:02:55,Merged,4,192,2,1.0
PR-C01-P04-002397,C01-P04,C01-E0040,2025-12-19 10:41:45,2025-12-21 08:41:45,Merged,2,296,15,2.0
PR-C01-P04-002398,C01-P04,C01-E0202,2025-12-26 21:41:17,2025-12-28 04:41:17,Merged,1,33,66,3.0
PR-C01-P04-002399,C01-P04,C01-E0289,2025-12-06 14:50:45,2025-12-10 02:50:45,Merged,1,93,4,1.0
PR-C01-P04-002400,C01-P04,C01-E0112,2025-12-03 11:47:30,2025-12-05 15:47:30,Merged,3,13,116,3.0
PR-C01-P04-002401,C01-P04,C01-E0099,2025-12-15 12:57:12,2025-12-17 09:57:12,Merged,19,68,23,0.0
PR-C01-P04-002402,C01-P04,C01-E0349,2025-12-19 13:28:47,2025-12-21 09:28:47,Merged,3,110,102,1.0
PR-C01-P04-002403,C01-P04,C01-E0038,2025-12-22 12:51:04,2025-12-23 13:51:04,Merged,7,120,0,0.0
PR-C01-P04-002404,C01-P04,C01-E0228,2025-12-03 09:36:45,2025-12-04 11:36:45,Merged,5,78,5,2.0
PR-C01-P04-002405,C01-P04,C01-E0339,2025-12-14 19:00:55,2025-12-15 03:00:55,Merged,4,70,40,2.0
PR-C01-P04-002406,C01-P04,C01-E0330,2025-12-27 19:28:07,,Fechado sem merge,1,143,14,2.0
PR-C01-P04-002407,C01-P04,C01-E0091,2025-12-18 14:37:02,2025-12-18 21:37:02,Merged,1,29,85,1.0
PR-C01-P04-002408,C01-P04,C01-E0180,2025-12-21 14:59:51,2025-12-25 05:59:51,Merged,12,38,36,1.0
PR-C01-P04-002409,C01-P04,C01-E0259,2025-12-02 13:18:42,2025-12-05 03:18:42,Merged,1,9,42,2.0
PR-C01-P04-002410,C01-P04,C01-E0099,2025-12-10 07:46:41,2025-12-12 05:46:41,Merged,8,80,7,2.0
PR-C01-P04-002411,C01-P04,C01-E0232,2025-12-29 14:45:28,2025-12-31 07:45:28,Merged,4,105,110,0.0
PR-C01-P04-002412,C01-P04,C01-E0083,2025-12-25 12:35:45,2025-12-27 19:35:45,Merged,8,105,7,0.0
PR-C01-P04-002413,C01-P04,C01-E0344,2025-12-30 14:00:50,,Fechado sem merge,6,78,37,0.0
PR-C01-P04-002414,C01-P04,C01-E0045,2025-12-19 08:50:48,2025-12-20 10:50:48,Merged,10,31,2,0.0
PR-C01-P04-002415,C01-P04,C01-E0312,2025-12-03 12:12:33,2025-12-06 08:12:33,Merged,1,34,22,2.0
PR-C01-P04-002416,C01-P04,C01-E0330,2025-12-30 19:21:14,,Aberto,1,126,29,
PR-C01-P04-002417,C01-P04,C01-E0048,2025-12-18 18:45:50,2025-12-20 04:45:50,Merged,14,108,33,0.0
PR-C01-P04-002418,C01-P04,C01-E0203,2025-12-31 20:40:12,2026-01-02 05:40:12,Merged,14,79,3,2.0
PR-C01-P04-002419,C01-P04,C01-E0017,2025-12-19 11:35:52,2025-12-20 01:35:52,Merged,1,152,102,1.0
PR-C01-P04-002420,C01-P04,C01-E0067,2025-12-15 19:47:43,2025-12-17 22:47:43,Merged,8,74,29,1.0
PR-C01-P04-002421,C01-P04,C01-E0286,2025-12-23 13:21:41,2025-12-25 13:21:41,Merged,8,135,27,
PR-C01-P04-002422,C01-P04,C01-E0107,2025-12-30 07:56:21,2025-12-31 22:56:21,Merged,5,9,81,1.0
PR-C01-P04-002423,C01-P04,C01-E0027,2025-12-30 07:15:27,2026-01-03 07:15:27,Merged,3,88,46,1.0
PR-C01-P04-002424,C01-P04,C01-E0055,2025-12-17 14:46:11,,Fechado sem merge,3,145,47,0.0
PR-C01-P04-002425,C01-P04,C01-E0080,2025-12-12 12:52:09,2025-12-15 22:52:09,Merged,6,92,29,1.0
PR-C01-P04-002426,C01-P04,C01-E0065,2025-12-16 20:40:40,2025-12-20 03:40:40,Merged,3,22,10,2.0
PR-C01-P04-002427,C01-P04,C01-E0118,2025-12-05 09:52:28,2025-12-07 23:52:28,Merged,11,198,1,3.0
PR-C01-P04-002428,C01-P04,C01-E0209,2025-12-04 07:26:40,2025-12-06 23:26:40,Merged,1,38,73,1.0
PR-C01-P04-002429,C01-P04,C01-E0245,2025-12-10 19:22:12,2025-12-11 14:22:12,Merged,5,41,13,1.0
PR-C01-P04-002430,C01-P04,C01-E0237,2025-12-08 11:36:27,,Aberto,8,149,7,0.0
PR-C01-P04-002431,C01-P04,C01-E0342,2025-12-21 07:09:21,2025-12-22 12:09:21,Merged,5,119,31,2.0
PR-C01-P04-002432,C01-P04,C01-E0073,2025-12-21 18:11:32,2025-12-21 23:11:32,Merged,1,16,9,0.0
PR-C01-P04-002433,C01-P04,C01-E0206,2025-12-07 20:59:16,2025-12-08 04:59:16,Merged,10,105,96,0.0
PR-C01-P04-002434,C01-P04,C01-E0144,2025-12-04 20:24:35,2025-12-05 11:24:35,Merged,5,52,31,3.0
PR-C01-P04-002435,C01-P04,C01-E0339,2025-12-09 18:00:38,2025-12-12 14:00:38,Merged,6,64,12,1.0
PR-C01-P04-002436,C01-P04,C01-E0111,2025-12-09 11:47:53,2025-12-11 01:47:53,Merged,1,90,20,1.0
PR-C01-P04-002437,C01-P04,C01-E0131,2025-12-08 10:50:35,2025-12-08 15:50:35,Merged,4,49,74,2.0
PR-C01-P04-002438,C01-P04,C01-E0312,2025-12-29 15:51:50,,Aberto,5,55,36,1.0
PR-C01-P04-002439,C01-P04,C01-E0341,2025-12-01 08:26:36,,Aberto,1,45,8,0.0
PR-C01-P04-002440,C01-P04,C01-E0136,2025-12-20 15:30:12,,Aberto,14,123,12,0.0
PR-C01-P04-002441,C01-P04,C01-E0080,2025-12-06 19:14:02,2025-12-09 18:14:02,Merged,4,9,72,1.0
PR-C01-P04-002442,C01-P04,C01-E0264,2025-12-13 09:06:45,2025-12-14 22:06:45,Merged,4,39,4,0.0
PR-C01-P04-002443,C01-P04,C01-E0061,2025-12-01 08:29:35,2025-12-04 17:29:35,Merged,6,122,45,0.0
PR-C01-P04-002444,C01-P04,C01-E0181,2025-12-07 07:10:13,2025-12-10 16:10:13,Merged,1,130,73,3.0
PR-C01-P04-002445,C01-P04,C01-E0302,2025-12-07 10:00:33,2025-12-10 05:00:33,Merged,10,42,33,3.0
PR-C01-P04-002446,C01-P04,C01-E0224,2025-12-05 18:02:57,,Aberto,3,108,32,2.0
PR-C01-P04-002447,C01-P04,C01-E0260,2025-12-17 10:07:59,2025-12-20 03:07:59,Merged,1,115,3,0.0
PR-C01-P04-002448,C01-P04,C01-E0078,2025-12-24 09:12:20,2025-12-25 17:12:20,Merged,8,54,20,2.0
PR-C01-P04-002449,C01-P04,C01-E0283,2025-12-18 14:27:21,2025-12-21 02:27:21,Merged,4,93,45,1.0
PR-C01-P04-002450,C01-P04,C01-E0124,2025-12-23 11:32:48,,Aberto,12,52,44,3.0
PR-C01-P04-002451,C01-P04,C01-E0049,2025-12-04 07:58:09,2025-12-07 00:58:09,Merged,3,56,160,2.0
PR-C01-P04-002452,C01-P04,C01-E0082,2025-12-30 18:14:18,2025-12-30 19:14:18,Merged,5,47,45,1.0
PR-C01-P04-002453,C01-P04,C01-E0346,2025-12-09 12:11:06,2025-12-09 21:11:06,Merged,11,110,99,3.0
PR-C01-P04-002454,C01-P04,C01-E0016,2025-12-10 16:08:17,2025-12-11 11:08:17,Merged,1,46,46,1.0
PR-C01-P04-002455,C01-P04,C01-E0111,2025-12-24 19:19:08,,Aberto,5,22,10,1.0
PR-C01-P04-002456,C01-P04,C01-E0030,2025-12-20 14:55:23,,Fechado sem merge,4,45,54,1.0
PR-C01-P04-002457,C01-P04,C01-E0007,2025-12-27 13:25:24,,Fechado sem merge,1,66,67,2.0
PR-C01-P04-002458,C01-P04,C01-E0027,2025-12-21 08:54:54,2025-12-23 02:54:54,Merged,7,106,28,0.0
PR-C01-P04-002459,C01-P04,C01-E0247,2026-01-22 14:28:46,2026-01-26 08:28:46,Merged,1,13,58,2.0
PR-C01-P04-002460,C01-P04,C01-E0319,2026-01-02 19:10:20,2026-01-04 11:10:20,Merged,10,27,32,3.0
PR-C01-P04-002461,C01-P04,C01-E0084,2026-01-14 17:45:14,,Fechado sem merge,2,137,18,0.0
PR-C01-P04-002462,C01-P04,C01-E0061,2026-01-14 10:58:47,2026-01-15 08:58:47,Merged,5,187,7,2.0
PR-C01-P04-002463,C01-P04,C01-E0324,2026-01-23 15:41:11,,Aberto,3,29,46,3.0
PR-C01-P04-002464,C01-P04,C01-E0055,2026-01-12 12:25:59,2026-01-14 13:25:59,Merged,3,139,59,3.0
PR-C01-P04-002465,C01-P04,C01-E0118,2026-01-30 20:15:54,2026-02-03 12:15:54,Merged,10,86,45,1.0
PR-C01-P04-002466,C01-P04,C01-E0333,2026-01-29 20:29:21,2026-01-31 14:29:21,Merged,5,35,8,3.0
PR-C01-P04-002467,C01-P04,C01-E0150,2026-01-08 07:08:35,2026-01-10 17:08:35,Merged,8,61,5,0.0
PR-C01-P04-002468,C01-P04,C01-E0176,2026-01-13 16:00:04,2026-01-15 09:00:04,Merged,5,69,23,2.0
PR-C01-P04-002469,C01-P04,C01-E0059,2026-01-18 15:35:14,2026-01-18 19:35:14,Merged,9,83,16,1.0
PR-C01-P04-002470,C01-P04,C01-E0254,2026-01-02 21:04:53,2026-01-05 16:04:53,Merged,5,49,19,0.0
PR-C01-P04-002471,C01-P04,C01-E0235,2026-01-27 10:53:06,2026-01-28 18:53:06,Merged,11,57,116,1.0
PR-C01-P04-002472,C01-P04,C01-E0045,2026-01-16 08:11:41,,Aberto,10,30,48,0.0
PR-C01-P04-002473,C01-P04,C01-E0287,2026-01-04 15:16:05,,Fechado sem merge,6,73,105,3.0
PR-C01-P04-002474,C01-P04,C01-E0189,2026-01-17 10:05:27,,Fechado sem merge,4,32,35,3.0
PR-C01-P04-002475,C01-P04,C01-E0019,2026-01-24 10:42:35,2026-01-27 07:42:35,Merged,8,83,27,1.0
PR-C01-P04-002476,C01-P04,C01-E0256,2026-01-09 13:50:48,2026-01-12 22:50:48,Merged,6,50,16,1.0
PR-C01-P04-002477,C01-P04,C01-E0363,2026-01-24 17:08:54,2026-01-27 18:08:54,Merged,4,74,1,2.0
PR-C01-P04-002478,C01-P04,C01-E0311,2026-01-07 20:48:57,2026-01-09 13:48:57,Merged,9,62,14,
PR-C01-P04-002479,C01-P04,C01-E0333,2026-01-21 08:02:55,2026-01-23 20:02:55,Merged,2,79,53,1.0
PR-C01-P04-002480,C01-P04,C01-E0090,2026-01-23 11:13:25,2026-01-26 13:13:25,Merged,3,53,8,
PR-C01-P04-002481,C01-P04,C01-E0018,2026-01-20 17:54:30,,Fechado sem merge,3,183,51,2.0
PR-C01-P04-002482,C01-P04,C01-E0210,2026-01-01 21:52:53,2026-01-04 02:52:53,Merged,12,118,13,2.0
PR-C01-P04-002483,C01-P04,C01-E0018,2026-01-04 12:41:52,2026-01-06 09:41:52,Merged,2,39,46,2.0
PR-C01-P04-002484,C01-P04,C01-E0355,2026-01-18 16:55:36,2026-01-19 02:55:36,Merged,12,284,0,2.0
PR-C01-P04-002485,C01-P04,C01-E0016,2026-01-25 11:33:01,2026-01-29 06:33:01,Merged,3,25,40,2.0
PR-C01-P04-002486,C01-P04,C01-E0355,2026-01-31 13:11:31,,Aberto,8,194,10,1.0
PR-C01-P04-002487,C01-P04,C01-E0082,2026-01-20 17:59:36,2026-01-23 19:59:36,Merged,4,157,2,2.0
PR-C01-P04-002488,C01-P04,C01-E0329,2026-01-08 08:16:22,,Aberto,1,35,26,1.0
PR-C01-P04-002489,C01-P04,C01-E0016,2026-01-03 13:38:34,2026-01-06 17:38:34,Merged,6,115,12,3.0
PR-C01-P04-002490,C01-P04,C01-E0167,2026-01-01 14:09:13,2026-01-05 14:09:13,Merged,2,94,53,3.0
PR-C01-P04-002491,C01-P04,C01-E0150,2026-01-06 17:47:35,2026-01-08 22:47:35,Merged,8,66,11,2.0
PR-C01-P04-002492,C01-P04,C01-E0328,2026-01-04 13:17:53,2026-01-04 20:17:53,Merged,1,140,7,2.0
PR-C01-P04-002493,C01-P04,C01-E0030,2026-01-30 07:50:46,2026-02-02 01:50:46,Merged,2,156,35,3.0
PR-C01-P04-002494,C01-P04,C01-E0041,2026-01-15 19:53:30,2026-01-19 12:53:30,Merged,2,34,137,2.0
PR-C01-P04-002495,C01-P04,C01-E0191,2026-01-27 08:29:20,,Fechado sem merge,4,87,72,2.0
PR-C01-P04-002496,C01-P04,C01-E0203,2026-01-04 12:54:40,,Aberto,3,31,53,0.0
PR-C01-P04-002497,C01-P04,C01-E0307,2026-01-08 13:10:27,2026-01-11 05:10:27,Merged,4,23,75,
PR-C01-P04-002498,C01-P04,C01-E0154,2026-01-09 18:39:13,2026-01-11 04:39:13,Merged,9,37,32,1.0
PR-C01-P04-002499,C01-P04,C01-E0172,2026-01-23 09:14:13,,Fechado sem merge,6,27,32,3.0
PR-C01-P04-002500,C01-P04,C01-E0283,2026-01-22 14:12:11,2026-01-22 15:12:11,Merged,6,63,17,2.0
PR-C01-P04-002501,C01-P04,C01-E0082,2026-01-26 16:18:18,2026-01-27 05:18:18,Merged,13,17,22,2.0
PR-C01-P04-002502,C01-P04,C01-E0062,2026-01-15 10:53:55,2026-01-19 01:53:55,Merged,1,60,39,0.0
PR-C01-P04-002503,C01-P04,C01-E0288,2026-01-22 12:56:56,2026-01-23 20:56:56,Merged,8,61,41,0.0
PR-C01-P04-002504,C01-P04,C01-E0097,2026-01-21 17:01:37,2026-01-23 09:01:37,Merged,1,12,48,2.0
PR-C01-P04-002505,C01-P04,C01-E0004,2026-01-17 10:30:09,2026-01-21 05:30:09,Merged,8,39,73,0.0
PR-C01-P04-002506,C01-P04,C01-E0030,2026-01-07 15:28:53,,Fechado sem merge,9,10,12,2.0
PR-C01-P04-002507,C01-P04,C01-E0247,2026-01-20 16:54:51,2026-01-21 04:54:51,Merged,4,71,4,0.0
PR-C01-P04-002508,C01-P04,C01-E0302,2026-01-26 19:48:54,2026-01-28 16:48:54,Merged,11,35,31,2.0
PR-C01-P04-002509,C01-P04,C01-E0232,2026-01-01 21:44:09,2026-01-04 08:44:09,Merged,3,107,42,2.0
PR-C01-P04-002510,C01-P04,C01-E0143,2026-01-22 10:26:21,,Fechado sem merge,16,306,20,2.0
PR-C01-P04-002511,C01-P04,C01-E0086,2026-01-20 11:48:48,2026-01-22 04:48:48,Merged,12,123,41,1.0
PR-C01-P04-002512,C01-P04,C01-E0090,2026-01-01 17:22:28,2026-01-03 16:22:28,Merged,2,82,78,3.0
PR-C01-P04-002513,C01-P04,C01-E0225,2026-01-13 21:24:45,2026-01-15 06:24:45,Merged,4,23,16,0.0
PR-C01-P04-002514,C01-P04,C01-E0176,2026-01-12 08:19:32,2026-01-13 15:19:32,Merged,10,46,20,2.0
PR-C01-P04-002515,C01-P04,C01-E0344,2026-01-13 15:55:25,2026-01-17 08:55:25,Merged,4,106,95,1.0
PR-C01-P04-002516,C01-P04,C01-E0206,2026-01-05 20:58:14,2026-01-05 22:58:14,Merged,5,63,30,0.0
PR-C01-P04-002517,C01-P04,C01-E0245,2026-01-09 11:10:55,2026-01-12 15:10:55,Merged,1,61,10,1.0
PR-C01-P04-002518,C01-P04,C01-E0289,2026-01-28 07:33:19,2026-02-01 04:33:19,Merged,5,90,56,2.0
PR-C01-P04-002519,C01-P04,C01-E0292,2026-01-03 21:43:24,2026-01-06 15:43:24,Merged,14,38,28,3.0
PR-C01-P04-002520,C01-P04,C01-E0161,2026-01-14 08:28:19,2026-01-15 13:28:19,Merged,9,99,2,0.0
PR-C01-P04-002521,C01-P04,C01-E0251,2026-01-25 08:42:06,2026-01-28 01:42:06,Merged,1,54,40,0.0
PR-C01-P04-002522,C01-P04,C01-E0168,2026-01-31 16:12:00,2026-02-03 08:12:00,Merged,15,163,73,2.0
PR-C01-P04-002523,C01-P04,C01-E0049,2026-01-11 11:13:51,,Aberto,24,27,7,1.0
PR-C01-P04-002524,C01-P04,C01-E0203,2026-01-16 16:58:00,2026-01-17 05:58:00,Merged,2,34,8,0.0
PR-C01-P04-002525,C01-P04,C01-E0287,2026-01-01 15:13:33,2026-01-01 16:13:33,Merged,3,107,64,0.0
PR-C01-P04-002526,C01-P04,C01-E0136,2026-01-20 07:13:18,2026-01-20 16:13:18,Merged,1,58,2,0.0
PR-C01-P04-002527,C01-P04,C01-E0283,2026-05-28 08:55:48,,Fechado sem merge,10,123,52,
PR-C01-P04-002528,C01-P04,C01-E0240,2026-05-17 18:05:18,,Fechado sem merge,1,18,19,3.0
PR-C01-P04-002529,C01-P04,C01-E0181,2026-05-20 09:56:10,2026-05-22 16:56:10,Merged,9,21,1,3.0
PR-C01-P04-002530,C01-P04,C01-E0142,2026-05-02 11:18:15,2026-05-06 02:18:15,Merged,6,32,65,0.0
PR-C01-P04-002531,C01-P04,C01-E0098,2026-05-31 19:02:08,2026-06-02 19:02:08,Merged,16,104,5,3.0
PR-C01-P04-002532,C01-P04,C01-E0112,2026-05-07 21:47:16,2026-05-11 09:47:16,Merged,17,62,11,1.0
PR-C01-P04-002533,C01-P04,C01-E0018,2026-05-18 13:07:47,2026-05-21 22:07:47,Merged,4,62,28,2.0
PR-C01-P04-002534,C01-P04,C01-E0350,2026-05-19 15:08:28,,Aberto,1,21,52,2.0
PR-C01-P04-002535,C01-P04,C01-E0354,2026-05-14 16:42:42,,Aberto,2,219,21,3.0
PR-C01-P04-002536,C01-P04,C01-E0030,2026-05-31 17:15:04,2026-06-04 02:15:04,Merged,4,115,45,3.0
PR-C01-P04-002537,C01-P04,C01-E0131,2026-05-06 09:14:34,2026-05-09 14:14:34,Merged,7,185,32,0.0
PR-C01-P04-002538,C01-P04,C01-E0276,2026-05-16 21:25:52,2026-05-19 04:25:52,Merged,7,92,14,1.0
PR-C01-P04-002539,C01-P04,C01-E0106,2026-05-13 14:03:29,2026-05-16 16:03:29,Merged,7,130,10,1.0
PR-C01-P04-002540,C01-P04,C01-E0031,2026-05-08 07:29:26,2026-05-12 02:29:26,Merged,8,97,68,3.0
PR-C01-P04-002541,C01-P04,C01-E0287,2026-05-03 15:53:44,2026-05-05 09:53:44,Merged,6,138,39,
PR-C01-P04-002542,C01-P04,C01-E0256,2026-05-05 13:54:00,2026-05-08 03:54:00,Merged,5,108,13,1.0
PR-C01-P04-002543,C01-P04,C01-E0210,2026-05-06 12:08:05,2026-05-08 23:08:05,Merged,6,32,42,1.0
PR-C01-P04-002544,C01-P04,C01-E0339,2026-05-05 12:42:45,,Aberto,11,18,43,1.0
PR-C01-P04-002545,C01-P04,C01-E0165,2026-05-08 13:08:50,2026-05-11 12:08:50,Merged,4,113,12,1.0
PR-C01-P04-002546,C01-P04,C01-E0286,2026-05-21 09:27:46,,Fechado sem merge,5,148,9,2.0
PR-C01-P04-002547,C01-P04,C01-E0161,2026-05-07 15:26:50,2026-05-08 20:26:50,Merged,1,52,27,1.0
PR-C01-P04-002548,C01-P04,C01-E0024,2026-05-24 10:05:41,2026-05-26 02:05:41,Merged,10,51,81,3.0
PR-C01-P04-002549,C01-P04,C01-E0351,2026-05-12 18:51:34,2026-05-14 07:51:34,Merged,11,85,14,0.0
PR-C01-P04-002550,C01-P04,C01-E0203,2026-05-24 07:17:29,2026-05-26 06:17:29,Merged,4,22,19,1.0
PR-C01-P04-002551,C01-P04,C01-E0130,2026-05-25 17:52:30,,Aberto,3,64,26,1.0
PR-C01-P04-002552,C01-P04,C01-E0188,2026-05-11 08:37:38,2026-05-13 13:37:38,Merged,5,63,7,3.0
PR-C01-P04-002553,C01-P04,C01-E0256,2026-05-08 11:56:33,2026-05-09 18:56:33,Merged,1,115,33,0.0
PR-C01-P04-002554,C01-P04,C01-E0144,2026-05-21 15:58:11,2026-05-23 12:58:11,Merged,1,12,45,3.0
PR-C01-P04-002555,C01-P04,C01-E0336,2026-05-06 20:27:03,,Aberto,16,39,32,1.0
PR-C01-P04-002556,C01-P04,C01-E0244,2026-05-03 19:05:54,2026-05-06 14:05:54,Merged,4,81,37,
PR-C01-P04-002557,C01-P04,C01-E0103,2026-05-14 19:21:26,2026-05-17 15:21:26,Merged,4,89,11,0.0
PR-C01-P04-002558,C01-P04,C01-E0096,2026-05-13 19:51:09,2026-05-14 04:51:09,Merged,10,46,10,1.0
PR-C01-P04-002559,C01-P04,C01-E0159,2026-05-11 14:23:44,2026-05-13 23:23:44,Merged,6,100,18,0.0
PR-C01-P04-002560,C01-P04,C01-E0181,2026-05-05 15:45:24,2026-05-07 22:45:24,Merged,4,167,41,3.0
PR-C01-P04-002561,C01-P04,C01-E0004,2026-05-06 13:32:54,2026-05-10 00:32:54,Merged,1,53,5,3.0
PR-C01-P04-002562,C01-P04,C01-E0110,2026-05-11 09:05:15,2026-05-13 18:05:15,Merged,3,86,52,1.0
PR-C01-P04-002563,C01-P04,C01-E0050,2026-05-18 17:44:54,2026-05-20 04:44:54,Merged,7,179,3,0.0
PR-C01-P04-002564,C01-P04,C01-E0269,2026-05-04 18:58:14,2026-05-08 18:58:14,Merged,6,148,56,1.0
PR-C01-P04-002565,C01-P04,C01-E0195,2026-05-21 14:36:38,2026-05-23 18:36:38,Merged,2,35,29,1.0
PR-C01-P04-002566,C01-P04,C01-E0269,2026-05-12 12:47:20,2026-05-14 18:47:20,Merged,1,23,81,1.0
PR-C01-P04-002567,C01-P04,C01-E0106,2026-05-30 09:43:06,2026-05-31 05:43:06,Merged,7,36,23,2.0
PR-C01-P04-002568,C01-P04,C01-E0125,2026-05-14 13:29:37,2026-05-14 21:29:37,Merged,16,48,49,0.0
PR-C01-P04-002569,C01-P04,C01-E0028,2026-05-10 21:48:05,2026-05-14 13:48:05,Merged,13,37,7,0.0
PR-C01-P04-002570,C01-P04,C01-E0264,2026-05-14 16:17:35,2026-05-17 12:17:35,Merged,5,11,22,0.0
PR-C01-P04-002571,C01-P04,C01-E0331,2026-05-05 09:29:40,2026-05-06 12:29:40,Merged,4,43,17,3.0
PR-C01-P04-002572,C01-P04,C01-E0336,2026-05-31 13:02:15,2026-06-03 13:02:15,Merged,8,2,13,0.0
PR-C01-P04-002573,C01-P04,C01-E0043,2026-05-22 10:53:41,2026-05-23 17:53:41,Merged,4,96,9,2.0
PR-C01-P04-002574,C01-P04,C01-E0062,2026-05-12 21:04:54,2026-05-16 07:04:54,Merged,9,71,80,1.0
PR-C01-P04-002575,C01-P04,C01-E0126,2026-05-22 07:21:07,2026-05-23 18:21:07,Merged,1,124,104,0.0
PR-C01-P04-002576,C01-P04,C01-E0098,2026-05-06 11:35:19,2026-05-10 00:35:19,Merged,11,58,28,2.0
PR-C01-P04-002577,C01-P04,C01-E0057,2026-05-21 17:36:53,2026-05-21 22:36:53,Merged,8,76,25,2.0
PR-C01-P04-002578,C01-P04,C01-E0301,2026-05-24 15:58:07,2026-05-26 12:58:07,Merged,6,70,66,1.0
PR-C01-P04-002579,C01-P04,C01-E0020,2026-05-26 18:27:02,2026-05-30 17:27:02,Merged,5,155,14,1.0
PR-C01-P04-002580,C01-P04,C01-E0310,2026-05-04 15:34:35,2026-05-04 23:34:35,Merged,3,9,46,0.0
PR-C01-P04-002581,C01-P04,C01-E0361,2026-05-18 07:24:16,2026-05-19 02:24:16,Merged,7,19,86,1.0
PR-C01-P04-002582,C01-P04,C01-E0167,2026-05-19 19:37:05,2026-05-23 04:37:05,Merged,5,23,5,1.0
PR-C01-P04-002583,C01-P04,C01-E0235,2026-07-31 15:50:52,,Aberto,12,51,31,2.0
PR-C01-P04-002584,C01-P04,C01-E0145,2026-07-09 13:25:19,,Aberto,6,9,127,3.0
PR-C01-P04-002585,C01-P04,C01-E0125,2026-07-12 16:54:16,2026-07-14 08:54:16,Merged,6,39,19,1.0
PR-C01-P04-002586,C01-P04,C01-E0182,2026-07-23 12:20:06,2026-07-25 15:20:06,Merged,1,59,10,0.0
PR-C01-P04-002587,C01-P04,C01-E0032,2026-07-18 15:34:07,2026-07-20 11:34:07,Merged,5,109,28,2.0
PR-C01-P04-002588,C01-P04,C01-E0182,2026-07-12 10:36:25,2026-07-14 21:36:25,Merged,3,158,75,3.0
PR-C01-P04-002589,C01-P04,C01-E0336,2026-07-07 18:18:23,2026-07-11 04:18:23,Merged,4,50,12,0.0
PR-C01-P04-002590,C01-P04,C01-E0350,2026-07-06 20:57:43,2026-07-09 08:57:43,Merged,1,134,33,1.0
PR-C01-P04-002591,C01-P04,C01-E0080,2026-07-15 18:33:15,2026-07-16 03:33:15,Merged,9,2,3,1.0
PR-C01-P04-002592,C01-P04,C01-E0170,2026-07-24 07:01:34,,Aberto,3,170,11,3.0
PR-C01-P04-002593,C01-P04,C01-E0037,2026-07-19 19:55:48,2026-07-21 17:55:48,Merged,2,63,43,0.0
PR-C01-P04-002594,C01-P04,C01-E0058,2026-07-24 17:08:35,2026-07-28 17:08:35,Merged,2,16,68,3.0
PR-C01-P04-002595,C01-P04,C01-E0106,2026-07-15 08:10:39,,Aberto,1,108,2,0.0
PR-C01-P04-002596,C01-P04,C01-E0111,2026-07-27 15:20:43,2026-07-30 10:20:43,Merged,1,234,3,1.0
PR-C01-P04-002597,C01-P04,C01-E0334,2026-07-05 12:12:03,2026-07-06 23:12:03,Merged,1,145,52,2.0
PR-C01-P04-002598,C01-P04,C01-E0217,2026-07-24 09:16:23,2026-07-27 17:16:23,Merged,15,98,57,1.0
PR-C01-P04-002599,C01-P04,C01-E0336,2026-07-05 18:14:47,2026-07-09 16:14:47,Merged,9,137,33,3.0
PR-C01-P04-002600,C01-P04,C01-E0317,2026-07-13 07:34:36,2026-07-15 08:34:36,Merged,2,62,51,1.0
PR-C01-P04-002601,C01-P04,C01-E0331,2026-07-09 18:53:41,,Aberto,2,110,18,2.0
PR-C01-P04-002602,C01-P04,C01-E0216,2026-07-22 20:31:07,2026-07-25 06:31:07,Merged,2,60,23,2.0
PR-C01-P04-002603,C01-P04,C01-E0327,2026-07-21 08:20:31,,Fechado sem merge,8,58,82,2.0
PR-C01-P04-002604,C01-P04,C01-E0097,2026-07-25 12:54:50,,Aberto,17,94,41,3.0
PR-C01-P04-002605,C01-P04,C01-E0300,2026-07-17 09:25:26,2026-07-18 16:25:26,Merged,2,214,43,2.0
PR-C01-P04-002606,C01-P04,C01-E0336,2026-07-09 09:01:14,,Aberto,1,136,13,2.0
PR-C01-P04-002607,C01-P04,C01-E0327,2026-07-03 21:30:57,2026-07-06 04:30:57,Merged,3,83,44,2.0
PR-C01-P04-002608,C01-P04,C01-E0327,2026-07-30 12:37:55,2026-07-31 20:37:55,Merged,3,214,11,3.0
PR-C01-P04-002609,C01-P04,C01-E0084,2026-07-24 15:50:02,2026-07-25 06:50:02,Merged,3,122,31,3.0
PR-C01-P04-002610,C01-P04,C01-E0354,2026-07-10 17:04:00,2026-07-12 04:04:00,Merged,4,44,17,1.0
PR-C01-P04-002611,C01-P04,C01-E0067,2026-07-27 14:09:27,2026-07-29 08:09:27,Merged,3,56,43,2.0
PR-C01-P04-002612,C01-P04,C01-E0085,2026-07-26 12:34:32,2026-07-28 19:34:32,Merged,1,138,24,2.0
PR-C01-P04-002613,C01-P04,C01-E0134,2026-07-08 20:12:30,2026-07-11 20:12:30,Merged,1,136,84,2.0
PR-C01-P04-002614,C01-P04,C01-E0090,2026-07-13 16:44:02,2026-07-16 07:44:02,Merged,13,153,20,3.0
PR-C01-P04-002615,C01-P04,C01-E0021,2026-07-03 19:29:59,2026-07-06 02:29:59,Merged,4,255,32,0.0
PR-C01-P04-002616,C01-P04,C01-E0288,2026-07-03 16:03:21,2026-07-04 22:03:21,Merged,4,140,6,2.0
PR-C01-P04-002617,C01-P04,C01-E0125,2026-07-25 12:53:53,2026-07-27 03:53:53,Merged,4,128,108,1.0
PR-C01-P04-002618,C01-P04,C01-E0061,2026-07-30 16:09:06,2026-08-01 02:09:06,Merged,3,10,59,2.0
PR-C01-P04-002619,C01-P04,C01-E0094,2026-07-03 18:47:40,2026-07-04 00:47:40,Merged,6,12,33,2.0
PR-C01-P04-002620,C01-P04,C01-E0027,2026-07-25 10:53:38,2026-07-28 16:53:38,Merged,4,172,17,2.0
PR-C01-P04-002621,C01-P04,C01-E0085,2026-07-01 15:35:23,2026-07-03 04:35:23,Merged,10,173,48,0.0
PR-C01-P04-002622,C01-P04,C01-E0355,2026-07-14 19:11:08,2026-07-18 04:11:08,Merged,2,54,4,1.0
PR-C01-P04-002623,C01-P04,C01-E0167,2026-07-28 20:33:18,2026-07-31 09:33:18,Merged,5,69,86,1.0
PR-C01-P04-002624,C01-P04,C01-E0064,2026-07-10 13:15:18,,Aberto,7,210,29,1.0
PR-C01-P04-002625,C01-P04,C01-E0017,2026-07-06 07:27:24,,Fechado sem merge,2,45,10,0.0
PR-C01-P04-002626,C01-P04,C01-E0033,2026-07-24 17:43:46,2026-07-28 16:43:46,Merged,12,86,2,0.0
PR-C01-P04-002627,C01-P04,C01-E0040,2026-07-10 13:25:47,2026-07-13 23:25:47,Merged,1,60,60,
PR-C01-P04-002628,C01-P04,C01-E0027,2026-07-31 13:36:06,,Aberto,12,293,55,2.0
PR-C01-P04-002629,C01-P04,C01-E0023,2026-07-21 18:28:34,2026-07-22 22:28:34,Merged,10,62,31,3.0
PR-C01-P04-002630,C01-P04,C01-E0126,2026-07-20 07:56:34,2026-07-21 19:56:34,Merged,16,73,25,3.0
PR-C01-P04-002631,C01-P04,C01-E0150,2026-07-29 18:40:08,2026-08-01 01:40:08,Merged,4,48,33,1.0
PR-C01-P04-002632,C01-P04,C01-E0330,2026-07-02 16:40:32,2026-07-04 09:40:32,Merged,8,175,20,0.0
PR-C01-P04-002633,C01-P04,C01-E0289,2026-07-03 13:48:11,,Fechado sem merge,5,63,45,3.0
PR-C01-P04-002634,C01-P04,C01-E0050,2026-07-26 11:09:54,,Aberto,2,117,59,1.0
PR-C01-P04-002635,C01-P04,C01-E0159,2026-07-06 16:51:14,2026-07-07 03:51:14,Merged,14,59,31,1.0
PR-C01-P04-002636,C01-P04,C01-E0328,2026-07-18 11:04:31,2026-07-18 15:04:31,Merged,4,23,38,0.0
PR-C01-P04-002637,C01-P04,C01-E0285,2026-07-08 09:13:20,2026-07-08 11:13:20,Merged,8,3,60,1.0
PR-C01-P04-002638,C01-P04,C01-E0107,2026-07-15 07:23:01,2026-07-19 01:23:01,Merged,10,108,13,2.0
PR-C01-P04-002639,C01-P04,C01-E0111,2026-07-08 14:29:21,2026-07-09 20:29:21,Merged,1,109,184,0.0
PR-C01-P04-002640,C01-P04,C01-E0150,2026-07-30 20:24:16,,Aberto,2,66,36,
PR-C01-P04-002641,C01-P04,C01-E0062,2026-07-10 09:27:00,2026-07-12 20:27:00,Merged,6,176,10,2.0
PR-C01-P04-002642,C01-P04,C01-E0295,2026-07-25 10:20:51,2026-07-28 09:20:51,Merged,10,30,74,1.0
PR-C01-P04-002643,C01-P04,C01-E0282,2026-07-23 13:55:46,2026-07-24 17:55:46,Merged,2,26,25,0.0
PR-C01-P04-002644,C01-P04,C01-E0091,2026-07-12 19:52:19,2026-07-14 02:52:19,Merged,1,54,2,2.0
PR-C01-P04-002645,C01-P04,C01-E0094,2026-07-26 20:56:00,,Fechado sem merge,1,183,13,2.0
PR-C01-P04-002646,C01-P04,C01-E0232,2026-07-20 20:33:12,2026-07-22 14:33:12,Merged,6,118,58,2.0
PR-C01-P05-002647,C01-P05,C01-E0237,2025-06-25 13:39:13,2025-06-25 19:39:13,Merged,10,58,28,3.0
PR-C01-P05-002648,C01-P05,C01-E0149,2025-06-30 13:48:55,2025-06-30 14:48:55,Merged,6,40,22,2.0
PR-C01-P05-002649,C01-P05,C01-E0259,2025-06-19 21:35:42,2025-06-23 05:35:42,Merged,6,183,49,3.0
PR-C01-P05-002650,C01-P05,C01-E0189,2025-06-05 19:33:03,2025-06-07 09:33:03,Merged,5,93,18,2.0
PR-C01-P05-002651,C01-P05,C01-E0341,2025-06-15 14:58:18,2025-06-19 00:58:18,Merged,8,59,18,
PR-C01-P05-002652,C01-P05,C01-E0284,2025-06-04 18:09:38,2025-06-05 23:09:38,Merged,2,43,31,1.0
PR-C01-P05-002653,C01-P05,C01-E0196,2025-06-02 10:16:53,,Aberto,3,24,33,1.0
PR-C01-P05-002654,C01-P05,C01-E0295,2025-06-01 17:55:30,,Aberto,2,63,31,3.0
PR-C01-P05-002655,C01-P05,C01-E0234,2025-06-04 08:33:20,,Aberto,7,157,9,0.0
PR-C01-P05-002656,C01-P05,C01-E0206,2025-06-09 11:03:30,2025-06-11 04:03:30,Merged,3,105,11,2.0
PR-C01-P05-002657,C01-P05,C01-E0245,2025-06-13 18:39:00,,Aberto,23,57,86,2.0
PR-C01-P05-002658,C01-P05,C01-E0125,2025-06-27 17:14:04,,Aberto,2,14,36,3.0
PR-C01-P05-002659,C01-P05,C01-E0320,2025-06-14 07:14:27,2025-06-17 22:14:27,Merged,5,13,13,1.0
PR-C01-P05-002660,C01-P05,C01-E0057,2025-06-10 08:05:11,2025-06-12 16:05:11,Merged,10,49,29,3.0
PR-C01-P05-002661,C01-P05,C01-E0143,2025-06-04 14:19:21,2025-06-05 21:19:21,Merged,7,25,2,2.0
PR-C01-P05-002662,C01-P05,C01-E0101,2025-06-28 09:58:18,2025-06-28 22:58:18,Merged,1,57,52,
PR-C01-P05-002663,C01-P05,C01-E0072,2025-06-04 21:58:02,2025-06-06 12:58:02,Merged,10,92,85,
PR-C01-P05-002664,C01-P05,C01-E0152,2025-06-08 20:26:21,2025-06-12 15:26:21,Merged,3,138,41,3.0
PR-C01-P05-002665,C01-P05,C01-E0167,2025-06-29 20:47:36,2025-07-02 04:47:36,Merged,6,181,70,
PR-C01-P05-002666,C01-P05,C01-E0291,2025-06-17 17:26:55,2025-06-19 10:26:55,Merged,4,108,22,0.0
PR-C01-P05-002667,C01-P05,C01-E0303,2025-06-18 17:51:23,,Aberto,8,10,18,1.0
PR-C01-P05-002668,C01-P05,C01-E0345,2025-06-21 08:05:16,2025-06-24 09:05:16,Merged,8,35,24,3.0
PR-C01-P05-002669,C01-P05,C01-E0064,2025-06-05 07:13:59,2025-06-06 14:13:59,Merged,9,160,41,3.0
PR-C01-P05-002670,C01-P05,C01-E0275,2025-06-15 11:30:57,2025-06-17 19:30:57,Merged,9,35,15,
PR-C01-P05-002671,C01-P05,C01-E0165,2025-06-28 19:03:43,2025-07-02 02:03:43,Merged,3,45,28,0.0
PR-C01-P05-002672,C01-P05,C01-E0172,2025-06-12 18:37:59,2025-06-15 00:37:59,Merged,3,54,58,3.0
PR-C01-P05-002673,C01-P05,C01-E0094,2025-06-07 08:21:21,2025-06-08 16:21:21,Merged,8,46,22,1.0
PR-C01-P05-002674,C01-P05,C01-E0222,2025-06-17 16:16:44,2025-06-20 04:16:44,Merged,1,63,35,
PR-C01-P05-002675,C01-P05,C01-E0007,2025-06-24 10:16:00,2025-06-25 19:16:00,Merged,3,16,2,2.0
PR-C01-P05-002676,C01-P05,C01-E0245,2025-06-21 19:59:17,,Fechado sem merge,2,68,20,1.0
PR-C01-P05-002677,C01-P05,C01-E0228,2025-06-01 20:34:38,2025-06-04 18:34:38,Merged,4,93,5,2.0
PR-C01-P05-002678,C01-P05,C01-E0261,2025-06-22 18:10:16,2025-06-24 18:10:16,Merged,1,88,12,0.0
PR-C01-P05-002679,C01-P05,C01-E0142,2025-06-11 16:01:12,2025-06-12 19:01:12,Merged,8,46,72,1.0
PR-C01-P05-002680,C01-P05,C01-E0022,2025-06-08 18:16:04,2025-06-11 22:16:04,Merged,3,37,17,1.0
PR-C01-P05-002681,C01-P05,C01-E0159,2025-06-17 12:46:59,2025-06-17 16:46:59,Merged,6,72,17,2.0
PR-C01-P05-002682,C01-P05,C01-E0295,2025-06-06 09:40:05,2025-06-07 02:40:05,Merged,2,25,17,3.0
PR-C01-P05-002683,C01-P05,C01-E0168,2025-06-08 16:45:24,2025-06-11 00:45:24,Merged,6,26,13,1.0
PR-C01-P05-002684,C01-P05,C01-E0065,2025-06-26 14:56:38,2025-06-28 03:56:38,Merged,12,83,12,2.0
PR-C01-P05-002685,C01-P05,C01-E0030,2025-06-25 15:53:56,2025-06-26 10:53:56,Merged,6,98,7,2.0
PR-C01-P05-002686,C01-P05,C01-E0329,2025-06-30 09:53:13,2025-07-01 22:53:13,Merged,8,112,8,2.0
PR-C01-P05-002687,C01-P05,C01-E0228,2025-06-06 10:58:10,2025-06-08 21:58:10,Merged,6,160,14,0.0
PR-C01-P05-002688,C01-P05,C01-E0091,2025-06-10 13:16:35,2025-06-11 09:16:35,Merged,11,24,18,0.0
PR-C01-P05-002689,C01-P05,C01-E0001,2025-06-15 11:07:09,2025-06-18 02:07:09,Merged,3,131,97,0.0
PR-C01-P05-002690,C01-P05,C01-E0083,2025-06-20 14:22:53,2025-06-22 07:22:53,Merged,1,11,41,2.0
PR-C01-P05-002691,C01-P05,C01-E0310,2025-06-26 09:38:26,2025-06-27 11:38:26,Merged,1,18,4,
PR-C01-P05-002692,C01-P05,C01-E0329,2025-06-08 19:24:13,,Aberto,4,16,7,1.0
PR-C01-P05-002693,C01-P05,C01-E0150,2025-06-18 21:17:41,2025-06-22 00:17:41,Merged,5,145,16,
PR-C01-P05-002694,C01-P05,C01-E0148,2025-06-08 16:25:05,2025-06-09 19:25:05,Merged,4,82,8,0.0
PR-C01-P05-002695,C01-P05,C01-E0251,2025-06-22 10:26:10,2025-06-25 14:26:10,Merged,4,39,11,2.0
PR-C01-P05-002696,C01-P05,C01-E0167,2025-06-20 16:54:28,2025-06-23 01:54:28,Merged,2,28,48,2.0
PR-C01-P05-002697,C01-P05,C01-E0124,2025-06-27 07:28:05,2025-06-30 17:28:05,Merged,4,52,95,1.0
PR-C01-P05-002698,C01-P05,C01-E0302,2025-06-04 13:47:14,2025-06-06 22:47:14,Merged,5,42,17,2.0
PR-C01-P05-002699,C01-P05,C01-E0317,2025-07-04 12:53:52,2025-07-07 10:53:52,Merged,12,64,30,1.0
PR-C01-P05-002700,C01-P05,C01-E0110,2025-07-18 20:46:34,2025-07-21 11:46:34,Merged,6,155,58,1.0
PR-C01-P05-002701,C01-P05,C01-E0222,2025-07-07 09:04:58,2025-07-10 06:04:58,Merged,6,205,73,1.0
PR-C01-P05-002702,C01-P05,C01-E0083,2025-07-22 20:04:44,2025-07-25 05:04:44,Merged,2,41,65,1.0
PR-C01-P05-002703,C01-P05,C01-E0286,2025-07-11 21:54:34,2025-07-15 02:54:34,Merged,3,29,24,2.0
PR-C01-P05-002704,C01-P05,C01-E0296,2025-07-22 07:39:35,,Aberto,1,19,93,1.0
PR-C01-P05-002705,C01-P05,C01-E0167,2025-07-06 11:12:25,2025-07-10 06:12:25,Merged,3,23,16,2.0
PR-C01-P05-002706,C01-P05,C01-E0169,2025-07-04 08:02:30,,Aberto,3,18,8,1.0
PR-C01-P05-002707,C01-P05,C01-E0343,2025-07-30 20:51:39,,Aberto,1,14,23,1.0
PR-C01-P05-002708,C01-P05,C01-E0225,2025-07-28 15:34:43,2025-08-01 14:34:43,Merged,1,29,26,2.0
PR-C01-P05-002709,C01-P05,C01-E0101,2025-07-03 07:17:32,2025-07-04 06:17:32,Merged,6,126,53,1.0
PR-C01-P05-002710,C01-P05,C01-E0024,2025-07-19 14:31:14,2025-07-20 13:31:14,Merged,2,11,5,3.0
PR-C01-P05-002711,C01-P05,C01-E0120,2025-07-26 11:26:04,2025-07-26 14:26:04,Merged,2,20,65,2.0
PR-C01-P05-002712,C01-P05,C01-E0286,2025-07-31 18:49:15,2025-08-02 00:49:15,Merged,4,87,19,1.0
PR-C01-P05-002713,C01-P05,C01-E0329,2025-07-01 12:02:01,2025-07-03 17:02:01,Merged,1,55,25,1.0
PR-C01-P05-002714,C01-P05,C01-E0206,2025-07-19 15:34:11,2025-07-21 21:34:11,Merged,6,41,16,2.0
PR-C01-P05-002715,C01-P05,C01-E0210,2025-07-21 07:16:15,2025-07-23 14:16:15,Merged,1,151,17,
PR-C01-P05-002716,C01-P05,C01-E0084,2025-07-19 10:29:21,2025-07-19 14:29:21,Merged,7,240,20,1.0
PR-C01-P05-002717,C01-P05,C01-E0101,2025-07-06 07:25:15,2025-07-09 11:25:15,Merged,1,21,62,0.0
PR-C01-P05-002718,C01-P05,C01-E0181,2025-07-05 07:39:44,2025-07-07 12:39:44,Merged,3,114,6,0.0
PR-C01-P05-002719,C01-P05,C01-E0344,2025-07-19 17:20:05,2025-07-22 10:20:05,Merged,13,187,56,1.0
PR-C01-P05-002720,C01-P05,C01-E0066,2025-07-12 11:51:11,2025-07-16 03:51:11,Merged,1,141,44,
PR-C01-P05-002721,C01-P05,C01-E0234,2025-07-08 13:21:04,2025-07-09 10:21:04,Merged,13,53,93,1.0
PR-C01-P05-002722,C01-P05,C01-E0351,2025-07-16 21:16:39,2025-07-18 15:16:39,Merged,7,25,54,2.0
PR-C01-P05-002723,C01-P05,C01-E0150,2025-07-03 11:00:47,2025-07-04 12:00:47,Merged,9,30,24,2.0
PR-C01-P05-002724,C01-P05,C01-E0059,2025-07-05 12:16:35,2025-07-05 23:16:35,Merged,9,84,46,3.0
PR-C01-P05-002725,C01-P05,C01-E0118,2025-07-19 17:30:31,2025-07-22 03:30:31,Merged,1,154,46,2.0
PR-C01-P05-002726,C01-P05,C01-E0185,2025-07-13 08:03:43,2025-07-16 23:03:43,Merged,2,97,82,1.0
PR-C01-P05-002727,C01-P05,C01-E0346,2025-07-26 08:48:00,2025-07-28 02:48:00,Merged,2,71,18,2.0
PR-C01-P05-002728,C01-P05,C01-E0180,2025-07-12 09:38:22,,Fechado sem merge,2,125,120,1.0
PR-C01-P05-002729,C01-P05,C01-E0275,2025-07-11 12:40:50,,Aberto,5,5,6,2.0
PR-C01-P05-002730,C01-P05,C01-E0069,2025-07-04 09:23:49,2025-07-07 21:23:49,Merged,8,118,84,1.0
PR-C01-P05-002731,C01-P05,C01-E0110,2025-07-08 10:09:50,2025-07-12 02:09:50,Merged,16,79,19,2.0
PR-C01-P05-002732,C01-P05,C01-E0009,2025-07-08 08:24:50,2025-07-11 02:24:50,Merged,8,29,21,0.0
PR-C01-P05-002733,C01-P05,C01-E0090,2025-07-31 08:20:02,,Aberto,6,137,6,2.0
PR-C01-P05-002734,C01-P05,C01-E0269,2025-07-10 09:41:46,2025-07-13 08:41:46,Merged,4,80,35,0.0
PR-C01-P05-002735,C01-P05,C01-E0328,2025-07-10 18:48:08,2025-07-14 01:48:08,Merged,4,64,2,3.0
PR-C01-P05-002736,C01-P05,C01-E0252,2025-07-31 14:54:11,2025-08-03 01:54:11,Merged,4,41,105,2.0
PR-C01-P05-002737,C01-P05,C01-E0225,2025-07-25 13:35:46,,Aberto,8,216,2,1.0
PR-C01-P05-002738,C01-P05,C01-E0017,2025-07-31 21:11:41,2025-08-04 16:11:41,Merged,2,28,1,1.0
PR-C01-P05-002739,C01-P05,C01-E0302,2025-07-14 14:42:21,2025-07-17 08:42:21,Merged,10,37,2,2.0
PR-C01-P05-002740,C01-P05,C01-E0045,2025-07-25 19:54:58,2025-07-26 21:54:58,Merged,6,8,45,1.0
PR-C01-P05-002741,C01-P05,C01-E0261,2025-07-16 16:26:13,,Aberto,1,107,15,0.0
PR-C01-P05-002742,C01-P05,C01-E0320,2025-07-17 12:41:31,2025-07-19 21:41:31,Merged,2,14,21,2.0
PR-C01-P05-002743,C01-P05,C01-E0103,2025-07-26 16:10:49,2025-07-29 08:10:49,Merged,7,225,95,2.0
PR-C01-P05-002744,C01-P05,C01-E0133,2025-07-13 18:03:33,2025-07-14 05:03:33,Merged,3,153,9,2.0
PR-C01-P05-002745,C01-P05,C01-E0260,2025-07-14 11:25:26,2025-07-16 17:25:26,Merged,2,123,52,1.0
PR-C01-P05-002746,C01-P05,C01-E0181,2025-07-15 08:59:59,2025-07-17 02:59:59,Merged,1,111,0,1.0
PR-C01-P05-002747,C01-P05,C01-E0252,2025-07-05 14:33:21,2025-07-06 13:33:21,Merged,12,118,28,3.0
PR-C01-P05-002748,C01-P05,C01-E0363,2025-07-14 19:47:12,,Fechado sem merge,4,169,24,2.0
PR-C01-P05-002749,C01-P05,C01-E0206,2025-07-08 15:36:54,2025-07-09 05:36:54,Merged,5,64,31,1.0
PR-C01-P05-002750,C01-P05,C01-E0334,2025-07-03 15:41:47,2025-07-05 11:41:47,Merged,8,46,9,3.0
PR-C01-P05-002751,C01-P05,C01-E0255,2025-07-01 13:57:40,2025-07-03 17:57:40,Merged,3,55,94,1.0
PR-C01-P05-002752,C01-P05,C01-E0103,2025-07-24 10:33:59,2025-07-28 06:33:59,Merged,7,89,17,2.0
PR-C01-P05-002753,C01-P05,C01-E0232,2025-08-18 20:48:58,2025-08-22 14:48:58,Merged,6,79,20,1.0
PR-C01-P05-002754,C01-P05,C01-E0276,2025-08-06 17:50:29,2025-08-08 05:50:29,Merged,6,2,52,3.0
PR-C01-P05-002755,C01-P05,C01-E0143,2025-08-11 10:15:59,,Fechado sem merge,3,21,62,2.0
PR-C01-P05-002756,C01-P05,C01-E0226,2025-08-09 11:00:09,2025-08-11 11:00:09,Merged,1,13,43,1.0
PR-C01-P05-002757,C01-P05,C01-E0005,2025-08-08 12:04:06,,Aberto,4,75,79,2.0
PR-C01-P05-002758,C01-P05,C01-E0345,2025-08-12 09:52:23,2025-08-14 01:52:23,Merged,13,187,56,2.0
PR-C01-P05-002759,C01-P05,C01-E0276,2025-08-20 11:39:09,2025-08-23 20:39:09,Merged,6,58,104,1.0
PR-C01-P05-002760,C01-P05,C01-E0335,2025-08-18 07:15:07,,Fechado sem merge,4,53,40,1.0
PR-C01-P05-002761,C01-P05,C01-E0042,2025-08-01 12:15:32,2025-08-04 01:15:32,Merged,1,94,36,2.0
PR-C01-P05-002762,C01-P05,C01-E0360,2025-08-30 12:30:21,2025-09-02 17:30:21,Merged,14,46,81,2.0
PR-C01-P05-002763,C01-P05,C01-E0047,2025-08-18 07:45:39,2025-08-22 06:45:39,Merged,5,105,20,0.0
PR-C01-P05-002764,C01-P05,C01-E0185,2025-08-17 08:35:08,,Fechado sem merge,4,11,28,2.0
PR-C01-P05-002765,C01-P05,C01-E0254,2025-08-18 19:27:06,2025-08-22 07:27:06,Merged,5,62,23,3.0
PR-C01-P05-002766,C01-P05,C01-E0133,2025-08-21 07:32:43,2025-08-23 10:32:43,Merged,6,14,46,2.0
PR-C01-P05-002767,C01-P05,C01-E0260,2025-08-11 18:37:57,,Fechado sem merge,11,184,63,
PR-C01-P05-002768,C01-P05,C01-E0330,2025-08-06 17:38:31,2025-08-07 08:38:31,Merged,4,168,16,
PR-C01-P05-002769,C01-P05,C01-E0043,2025-08-03 10:03:28,2025-08-04 15:03:28,Merged,3,141,117,2.0
PR-C01-P05-002770,C01-P05,C01-E0120,2025-08-01 20:36:42,2025-08-01 21:36:42,Merged,7,121,31,0.0
PR-C01-P05-002771,C01-P05,C01-E0334,2025-08-10 18:45:11,2025-08-11 19:45:11,Merged,5,49,17,2.0
PR-C01-P05-002772,C01-P05,C01-E0189,2025-08-29 07:08:03,2025-08-31 05:08:03,Merged,5,115,5,2.0
PR-C01-P05-002773,C01-P05,C01-E0133,2025-08-05 17:17:09,2025-08-06 15:17:09,Merged,4,122,30,2.0
PR-C01-P05-002774,C01-P05,C01-E0336,2025-08-01 11:12:58,,Aberto,14,150,37,3.0
PR-C01-P05-002775,C01-P05,C01-E0264,2025-08-30 17:16:57,2025-09-02 20:16:57,Merged,4,81,54,3.0
PR-C01-P05-002776,C01-P05,C01-E0346,2025-08-10 20:09:53,,Aberto,6,60,30,2.0
PR-C01-P05-002777,C01-P05,C01-E0134,2025-08-20 09:47:31,2025-08-21 10:47:31,Merged,12,50,160,1.0
PR-C01-P05-002778,C01-P05,C01-E0061,2025-08-26 14:55:40,2025-08-28 00:55:40,Merged,11,20,26,1.0
PR-C01-P05-002779,C01-P05,C01-E0202,2025-08-28 08:52:23,,Aberto,4,15,34,
PR-C01-P05-002780,C01-P05,C01-E0103,2025-08-20 09:43:17,2025-08-21 02:43:17,Merged,7,53,25,1.0
PR-C01-P05-002781,C01-P05,C01-E0004,2025-08-07 11:26:05,2025-08-09 21:26:05,Merged,11,116,7,0.0
PR-C01-P05-002782,C01-P05,C01-E0225,2025-08-07 11:48:23,2025-08-08 03:48:23,Merged,11,29,94,2.0
PR-C01-P05-002783,C01-P05,C01-E0066,2025-08-31 07:52:11,2025-09-03 15:52:11,Merged,9,59,41,2.0
PR-C01-P05-002784,C01-P05,C01-E0047,2025-08-26 15:51:45,,Fechado sem merge,10,72,35,0.0
PR-C01-P05-002785,C01-P05,C01-E0131,2025-08-01 21:22:56,2025-08-05 11:22:56,Merged,13,48,46,1.0
PR-C01-P05-002786,C01-P05,C01-E0321,2025-08-21 11:54:26,,Fechado sem merge,2,24,31,0.0
PR-C01-P05-002787,C01-P05,C01-E0260,2025-08-30 16:42:49,2025-09-03 08:42:49,Merged,7,32,30,1.0
PR-C01-P05-002788,C01-P05,C01-E0321,2025-08-27 20:32:22,2025-08-30 12:32:22,Merged,10,43,59,0.0
PR-C01-P05-002789,C01-P05,C01-E0132,2025-08-01 11:55:57,2025-08-03 18:55:57,Merged,3,157,52,0.0
PR-C01-P05-002790,C01-P05,C01-E0357,2025-08-12 07:30:48,,Fechado sem merge,6,122,12,3.0
PR-C01-P05-002791,C01-P05,C01-E0170,2025-08-02 08:51:54,2025-08-03 23:51:54,Merged,1,40,21,1.0
PR-C01-P05-002792,C01-P05,C01-E0310,2025-08-22 09:19:53,2025-08-25 22:19:53,Merged,9,75,32,0.0
PR-C01-P05-002793,C01-P05,C01-E0235,2025-08-19 18:57:46,,Aberto,2,161,31,3.0
PR-C01-P05-002794,C01-P05,C01-E0069,2025-08-16 18:21:52,2025-08-19 16:21:52,Merged,3,19,63,1.0
PR-C01-P05-002795,C01-P05,C01-E0247,2025-08-26 16:53:01,2025-08-30 13:53:01,Merged,1,114,28,1.0
PR-C01-P05-002796,C01-P05,C01-E0148,2025-08-25 15:23:52,,Aberto,5,71,94,1.0
PR-C01-P05-002797,C01-P05,C01-E0170,2025-08-21 07:18:08,2025-08-22 08:18:08,Merged,17,115,24,2.0
PR-C01-P05-002798,C01-P05,C01-E0324,2025-08-23 10:43:35,2025-08-25 13:43:35,Merged,5,40,29,2.0
PR-C01-P05-002799,C01-P05,C01-E0264,2025-08-22 15:20:50,,Fechado sem merge,1,45,69,0.0
PR-C01-P05-002800,C01-P05,C01-E0066,2025-08-06 07:47:56,2025-08-08 23:47:56,Merged,7,87,46,1.0
PR-C01-P05-002801,C01-P05,C01-E0161,2025-08-04 08:58:39,2025-08-06 00:58:39,Merged,7,86,94,3.0
PR-C01-P05-002802,C01-P05,C01-E0009,2025-08-18 14:03:49,2025-08-19 22:03:49,Merged,8,47,50,2.0
PR-C01-P05-002803,C01-P05,C01-E0027,2025-08-15 20:19:12,2025-08-19 02:19:12,Merged,7,53,57,2.0
PR-C01-P05-002804,C01-P05,C01-E0031,2025-08-22 14:18:54,,Fechado sem merge,11,31,51,1.0
PR-C01-P05-002805,C01-P05,C01-E0345,2025-08-16 11:26:53,,Aberto,2,211,147,2.0
PR-C01-P05-002806,C01-P05,C01-E0001,2025-08-28 18:51:23,2025-09-01 03:51:23,Merged,17,50,62,2.0
PR-C01-P05-002807,C01-P05,C01-E0137,2025-08-24 16:33:47,,Fechado sem merge,7,37,42,2.0
PR-C01-P05-002808,C01-P05,C01-E0319,2025-08-08 15:51:22,,Aberto,6,99,17,1.0
PR-C01-P05-002809,C01-P05,C01-E0017,2025-08-10 11:21:28,2025-08-14 08:21:28,Merged,1,109,94,3.0
PR-C01-P05-002810,C01-P05,C01-E0233,2025-08-06 10:34:47,2025-08-07 12:34:47,Merged,1,102,83,3.0
PR-C01-P05-002811,C01-P05,C01-E0283,2025-08-21 21:26:07,2025-08-24 06:26:07,Merged,3,55,4,2.0
PR-C01-P05-002812,C01-P05,C01-E0085,2025-08-22 10:58:11,2025-08-22 15:58:11,Merged,16,233,20,
PR-C01-P05-002813,C01-P05,C01-E0252,2025-09-23 17:22:52,2025-09-26 08:22:52,Merged,3,51,92,0.0
PR-C01-P05-002814,C01-P05,C01-E0072,2025-09-13 08:12:03,2025-09-16 03:12:03,Merged,7,17,19,0.0
PR-C01-P05-002815,C01-P05,C01-E0132,2025-09-09 19:42:16,2025-09-12 20:42:16,Merged,12,40,51,1.0
PR-C01-P05-002816,C01-P05,C01-E0067,2025-09-17 09:14:11,,Aberto,4,70,10,2.0
PR-C01-P05-002817,C01-P05,C01-E0298,2025-09-27 16:09:30,2025-09-30 10:09:30,Merged,2,145,62,1.0
PR-C01-P05-002818,C01-P05,C01-E0126,2025-09-17 09:57:12,2025-09-17 10:57:12,Merged,8,60,39,0.0
PR-C01-P05-002819,C01-P05,C01-E0154,2025-09-01 21:29:35,2025-09-02 12:29:35,Merged,7,17,115,
PR-C01-P05-002820,C01-P05,C01-E0288,2025-09-03 12:03:30,2025-09-05 16:03:30,Merged,11,55,1,0.0
PR-C01-P05-002821,C01-P05,C01-E0209,2025-09-04 18:56:53,2025-09-07 20:56:53,Merged,3,43,55,
PR-C01-P05-002822,C01-P05,C01-E0303,2025-09-15 16:44:12,2025-09-17 21:44:12,Merged,5,72,33,0.0
PR-C01-P05-002823,C01-P05,C01-E0327,2025-09-08 16:56:02,,Aberto,17,125,11,3.0
PR-C01-P05-002824,C01-P05,C01-E0217,2025-09-01 10:12:49,2025-09-02 05:12:49,Merged,15,101,5,1.0
PR-C01-P05-002825,C01-P05,C01-E0165,2025-09-07 18:12:56,2025-09-11 05:12:56,Merged,18,167,8,1.0
PR-C01-P05-002826,C01-P05,C01-E0176,2025-09-27 11:31:21,2025-09-30 08:31:21,Merged,2,44,30,0.0
PR-C01-P05-002827,C01-P05,C01-E0150,2025-09-07 15:42:38,,Aberto,8,110,47,2.0
PR-C01-P05-002828,C01-P05,C01-E0033,2025-09-10 17:07:55,2025-09-11 10:07:55,Merged,11,30,94,2.0
PR-C01-P05-002829,C01-P05,C01-E0360,2025-09-16 14:16:32,,Fechado sem merge,5,88,40,3.0
PR-C01-P05-002830,C01-P05,C01-E0126,2025-09-24 07:46:29,2025-09-26 05:46:29,Merged,19,59,41,2.0
PR-C01-P05-002831,C01-P05,C01-E0062,2025-09-30 14:29:52,2025-10-04 12:29:52,Merged,3,46,28,3.0
PR-C01-P05-002832,C01-P05,C01-E0006,2025-09-26 08:51:15,,Aberto,4,155,12,2.0
PR-C01-P05-002833,C01-P05,C01-E0228,2025-09-07 19:48:00,2025-09-11 11:48:00,Merged,13,177,16,2.0
PR-C01-P05-002834,C01-P05,C01-E0263,2025-09-09 15:33:21,2025-09-12 09:33:21,Merged,2,50,80,1.0
PR-C01-P05-002835,C01-P05,C01-E0237,2025-09-15 17:46:21,2025-09-16 15:46:21,Merged,11,43,1,1.0
PR-C01-P05-002836,C01-P05,C01-E0270,2025-09-20 10:25:01,2025-09-23 23:25:01,Merged,25,21,29,2.0
PR-C01-P05-002837,C01-P05,C01-E0344,2025-09-28 09:45:22,,Aberto,19,30,4,0.0
PR-C01-P05-002838,C01-P05,C01-E0016,2025-09-10 15:00:11,,Fechado sem merge,8,106,29,1.0
PR-C01-P05-002839,C01-P05,C01-E0286,2025-09-22 10:34:59,2025-09-23 12:34:59,Merged,16,3,29,1.0
PR-C01-P05-002840,C01-P05,C01-E0065,2025-09-12 07:49:58,2025-09-15 03:49:58,Merged,8,36,62,1.0
PR-C01-P05-002841,C01-P05,C01-E0358,2025-09-27 16:14:56,,Aberto,2,188,90,1.0
PR-C01-P05-002842,C01-P05,C01-E0078,2025-09-05 16:50:46,2025-09-07 14:50:46,Merged,5,115,18,3.0
PR-C01-P05-002843,C01-P05,C01-E0329,2025-09-16 20:36:12,2025-09-19 23:36:12,Merged,8,64,74,3.0
PR-C01-P05-002844,C01-P05,C01-E0038,2025-09-13 10:31:19,,Aberto,3,71,77,1.0
PR-C01-P05-002845,C01-P05,C01-E0055,2025-09-09 14:59:47,2025-09-12 13:59:47,Merged,2,59,27,2.0
PR-C01-P05-002846,C01-P05,C01-E0057,2025-09-06 21:58:03,2025-09-08 18:58:03,Merged,2,59,11,2.0
PR-C01-P05-002847,C01-P05,C01-E0206,2025-09-08 08:07:12,2025-09-08 17:07:12,Merged,8,12,19,1.0
PR-C01-P05-002848,C01-P05,C01-E0343,2025-09-01 11:24:34,2025-09-05 00:24:34,Merged,1,210,43,3.0
PR-C01-P05-002849,C01-P05,C01-E0245,2025-09-15 11:16:19,2025-09-16 01:16:19,Merged,13,49,16,3.0
PR-C01-P05-002850,C01-P05,C01-E0288,2025-09-28 21:49:29,2025-10-02 14:49:29,Merged,8,96,11,1.0
PR-C01-P05-002851,C01-P05,C01-E0308,2025-09-03 18:57:57,2025-09-07 15:57:57,Merged,1,98,26,1.0
PR-C01-P05-002852,C01-P05,C01-E0327,2025-09-21 17:07:26,2025-09-22 19:07:26,Merged,13,80,7,1.0
PR-C01-P05-002853,C01-P05,C01-E0287,2025-09-05 13:31:08,2025-09-07 04:31:08,Merged,5,91,54,0.0
PR-C01-P05-002854,C01-P05,C01-E0080,2025-09-26 07:38:53,,Aberto,23,80,29,2.0
PR-C01-P05-002855,C01-P05,C01-E0112,2025-09-30 20:34:12,2025-10-01 15:34:12,Merged,8,46,41,0.0
PR-C01-P05-002856,C01-P05,C01-E0091,2025-09-03 19:42:47,2025-09-04 04:42:47,Merged,4,110,38,1.0
PR-C01-P05-002857,C01-P05,C01-E0238,2025-09-13 13:34:58,,Aberto,2,31,10,2.0
PR-C01-P05-002858,C01-P05,C01-E0067,2025-09-18 09:21:07,2025-09-20 10:21:07,Merged,8,103,3,2.0
PR-C01-P05-002859,C01-P05,C01-E0203,2025-09-18 07:59:03,2025-09-19 12:59:03,Merged,1,94,48,
PR-C01-P05-002860,C01-P05,C01-E0159,2025-09-14 07:21:05,,Aberto,8,47,19,0.0
PR-C01-P05-002861,C01-P05,C01-E0061,2025-09-03 16:26:25,2025-09-06 09:26:25,Merged,6,18,16,1.0
PR-C01-P05-002862,C01-P05,C01-E0336,2025-09-02 11:27:00,2025-09-03 17:27:00,Merged,12,32,4,3.0
PR-C01-P05-002863,C01-P05,C01-E0136,2025-09-23 07:50:57,2025-09-27 06:50:57,Merged,3,85,51,3.0
PR-C01-P05-002864,C01-P05,C01-E0143,2025-09-09 10:37:10,2025-09-11 22:37:10,Merged,6,21,3,2.0
PR-C01-P05-002865,C01-P05,C01-E0168,2025-09-15 13:02:00,,Fechado sem merge,18,158,85,3.0
PR-C01-P05-002866,C01-P05,C01-E0060,2025-09-07 19:56:24,2025-09-11 08:56:24,Merged,7,29,61,1.0
PR-C01-P05-002867,C01-P05,C01-E0290,2025-09-22 19:08:33,,Aberto,11,126,132,3.0
PR-C01-P05-002868,C01-P05,C01-E0164,2025-10-17 20:47:10,2025-10-21 00:47:10,Merged,1,79,36,1.0
PR-C01-P05-002869,C01-P05,C01-E0055,2025-10-31 07:51:15,2025-11-01 01:51:15,Merged,1,62,28,3.0
PR-C01-P05-002870,C01-P05,C01-E0142,2025-10-31 14:14:57,2025-11-02 02:14:57,Merged,4,85,88,2.0
PR-C01-P05-002871,C01-P05,C01-E0043,2025-10-01 20:37:20,2025-10-02 04:37:20,Merged,2,62,8,1.0
PR-C01-P05-002872,C01-P05,C01-E0195,2025-10-08 13:07:12,2025-10-08 23:07:12,Merged,3,91,6,2.0
PR-C01-P05-002873,C01-P05,C01-E0331,2025-10-04 16:43:02,,Aberto,5,12,24,3.0
PR-C01-P05-002874,C01-P05,C01-E0014,2025-10-27 10:39:11,2025-10-30 19:39:11,Merged,1,159,54,3.0
PR-C01-P05-002875,C01-P05,C01-E0298,2025-10-11 21:02:37,,Aberto,6,73,30,1.0
PR-C01-P05-002876,C01-P05,C01-E0354,2025-10-29 11:02:47,2025-10-30 20:02:47,Merged,9,32,25,0.0
PR-C01-P05-002877,C01-P05,C01-E0331,2025-10-19 08:07:46,,Aberto,6,107,27,1.0
PR-C01-P05-002878,C01-P05,C01-E0202,2025-10-21 13:35:35,,Aberto,6,39,27,2.0
PR-C01-P05-002879,C01-P05,C01-E0057,2025-10-21 09:46:35,2025-10-23 08:46:35,Merged,4,43,21,1.0
PR-C01-P05-002880,C01-P05,C01-E0111,2025-10-24 15:48:15,2025-10-25 19:48:15,Merged,3,106,43,2.0
PR-C01-P05-002881,C01-P05,C01-E0261,2025-10-31 10:12:40,,Aberto,1,21,31,1.0
PR-C01-P05-002882,C01-P05,C01-E0004,2025-10-05 20:15:13,,Fechado sem merge,14,26,115,0.0
PR-C01-P05-002883,C01-P05,C01-E0065,2025-10-08 13:17:01,2025-10-08 20:17:01,Merged,13,123,21,2.0
PR-C01-P05-002884,C01-P05,C01-E0078,2025-10-09 11:29:09,2025-10-12 01:29:09,Merged,1,76,28,1.0
PR-C01-P05-002885,C01-P05,C01-E0011,2025-10-17 19:04:37,2025-10-18 03:04:37,Merged,1,104,11,1.0
PR-C01-P05-002886,C01-P05,C01-E0143,2025-10-05 16:58:31,,Aberto,11,131,3,0.0
PR-C01-P05-002887,C01-P05,C01-E0232,2025-10-25 10:59:58,2025-10-28 03:59:58,Merged,11,101,22,0.0
PR-C01-P05-002888,C01-P05,C01-E0214,2025-10-24 19:56:22,2025-10-27 11:56:22,Merged,1,146,34,3.0
PR-C01-P05-002889,C01-P05,C01-E0059,2025-10-03 14:17:46,2025-10-04 08:17:46,Merged,12,106,24,3.0
PR-C01-P05-002890,C01-P05,C01-E0252,2025-10-07 07:28:03,,Aberto,13,91,5,2.0
PR-C01-P05-002891,C01-P05,C01-E0005,2025-10-13 19:43:10,2025-10-14 14:43:10,Merged,3,111,47,1.0
PR-C01-P05-002892,C01-P05,C01-E0185,2025-10-10 11:21:34,2025-10-13 12:21:34,Merged,1,22,21,2.0
PR-C01-P05-002893,C01-P05,C01-E0139,2025-10-06 12:26:33,2025-10-09 15:26:33,Merged,2,20,15,0.0
PR-C01-P05-002894,C01-P05,C01-E0261,2025-10-30 10:19:48,2025-11-03 02:19:48,Merged,4,108,97,1.0
PR-C01-P05-002895,C01-P05,C01-E0223,2025-10-11 20:46:25,2025-10-15 19:46:25,Merged,14,29,41,1.0
PR-C01-P05-002896,C01-P05,C01-E0252,2025-10-08 17:14:31,,Fechado sem merge,5,133,7,2.0
PR-C01-P05-002897,C01-P05,C01-E0284,2025-10-27 20:41:12,,Aberto,3,7,40,0.0
PR-C01-P05-002898,C01-P05,C01-E0282,2025-10-01 14:44:01,2025-10-05 06:44:01,Merged,2,89,15,2.0
PR-C01-P05-002899,C01-P05,C01-E0109,2025-10-25 21:34:10,2025-10-28 04:34:10,Merged,1,101,13,
PR-C01-P05-002900,C01-P05,C01-E0170,2025-10-27 21:58:50,,Aberto,4,60,6,3.0
PR-C01-P05-002901,C01-P05,C01-E0209,2025-10-03 14:57:21,2025-10-06 21:57:21,Merged,8,52,32,2.0
PR-C01-P05-002902,C01-P05,C01-E0090,2025-10-03 19:23:25,2025-10-04 23:23:25,Merged,5,119,30,2.0
PR-C01-P05-002903,C01-P05,C01-E0161,2025-10-09 11:58:06,2025-10-09 12:58:06,Merged,4,63,22,3.0
PR-C01-P05-002904,C01-P05,C01-E0270,2025-10-02 12:41:24,2025-10-03 02:41:24,Merged,8,176,37,3.0
PR-C01-P05-002905,C01-P05,C01-E0021,2025-10-21 07:03:59,2025-10-24 21:03:59,Merged,2,51,92,1.0
PR-C01-P05-002906,C01-P05,C01-E0329,2025-10-09 14:36:58,2025-10-12 06:36:58,Merged,4,17,76,3.0
PR-C01-P05-002907,C01-P05,C01-E0098,2025-10-08 19:00:08,2025-10-11 07:00:08,Merged,7,21,10,
PR-C01-P05-002908,C01-P05,C01-E0084,2025-10-08 14:48:34,2025-10-11 05:48:34,Merged,14,16,92,1.0
PR-C01-P05-002909,C01-P05,C01-E0170,2025-10-11 10:26:36,2025-10-15 01:26:36,Merged,5,121,33,1.0
PR-C01-P05-002910,C01-P05,C01-E0254,2025-10-15 17:05:11,2025-10-17 06:05:11,Merged,3,50,56,0.0
PR-C01-P05-002911,C01-P05,C01-E0361,2025-10-09 21:52:17,,Fechado sem merge,5,48,42,0.0
PR-C01-P05-002912,C01-P05,C01-E0028,2025-10-06 09:34:54,2025-10-09 02:34:54,Merged,4,12,40,2.0
PR-C01-P05-002913,C01-P05,C01-E0235,2025-10-22 20:46:22,2025-10-23 17:46:22,Merged,3,128,6,1.0
PR-C01-P05-002914,C01-P05,C01-E0145,2025-10-06 08:53:10,2025-10-09 20:53:10,Merged,1,39,23,2.0
PR-C01-P05-002915,C01-P05,C01-E0349,2025-10-07 19:58:09,2025-10-10 10:58:09,Merged,6,4,15,3.0
PR-C01-P05-002916,C01-P05,C01-E0349,2025-10-19 19:00:06,2025-10-19 21:00:06,Merged,1,182,60,3.0
PR-C01-P05-002917,C01-P05,C01-E0344,2025-10-23 12:04:31,2025-10-23 23:04:31,Merged,2,73,1,1.0
PR-C01-P05-002918,C01-P05,C01-E0191,2025-10-24 21:50:45,2025-10-27 12:50:45,Merged,2,50,24,2.0
PR-C01-P05-002919,C01-P05,C01-E0354,2025-10-03 21:23:14,2025-10-04 18:23:14,Merged,1,32,40,3.0
PR-C01-P05-002920,C01-P05,C01-E0072,2025-10-26 11:11:17,2025-10-27 02:11:17,Merged,7,24,44,0.0
PR-C01-P05-002921,C01-P05,C01-E0269,2025-10-28 10:46:27,2025-10-29 13:46:27,Merged,1,113,35,1.0
PR-C01-P05-002922,C01-P05,C01-E0264,2025-10-19 12:18:21,2025-10-20 11:18:21,Merged,4,63,13,1.0
PR-C01-P05-002923,C01-P05,C01-E0324,2025-10-01 09:54:34,2025-10-02 10:54:34,Merged,6,14,32,3.0
PR-C01-P05-002924,C01-P05,C01-E0223,2025-10-29 10:12:35,2025-11-01 17:12:35,Merged,1,82,66,3.0
PR-C01-P05-002925,C01-P05,C01-E0340,2025-10-01 18:21:38,2025-10-02 22:21:38,Merged,12,42,31,
PR-C01-P05-002926,C01-P05,C01-E0340,2025-10-18 17:05:51,,Aberto,5,45,55,
PR-C01-P05-002927,C01-P05,C01-E0333,2025-10-25 16:40:29,2025-10-26 10:40:29,Merged,1,143,4,
PR-C01-P05-002928,C01-P05,C01-E0174,2025-10-03 12:58:49,2025-10-06 19:58:49,Merged,14,49,6,0.0
PR-C01-P05-002929,C01-P05,C01-E0206,2025-10-29 10:31:38,2025-10-31 18:31:38,Merged,1,82,11,1.0
PR-C01-P05-002930,C01-P05,C01-E0196,2025-10-05 09:45:30,2025-10-08 05:45:30,Merged,6,55,64,0.0
PR-C01-P05-002931,C01-P05,C01-E0361,2025-11-21 16:25:32,2025-11-22 18:25:32,Merged,8,155,38,0.0
PR-C01-P05-002932,C01-P05,C01-E0082,2025-11-24 09:46:37,2025-11-26 07:46:37,Merged,15,189,56,2.0
PR-C01-P05-002933,C01-P05,C01-E0228,2025-11-01 07:50:01,,Fechado sem merge,17,79,9,2.0
PR-C01-P05-002934,C01-P05,C01-E0328,2025-11-26 13:04:30,2025-11-29 20:04:30,Merged,1,86,16,1.0
PR-C01-P05-002935,C01-P05,C01-E0017,2025-11-12 12:04:34,2025-11-14 11:04:34,Merged,3,51,28,1.0
PR-C01-P05-002936,C01-P05,C01-E0321,2025-11-25 20:41:36,2025-11-28 16:41:36,Merged,9,127,7,0.0
PR-C01-P05-002937,C01-P05,C01-E0096,2025-11-29 17:57:10,2025-12-01 03:57:10,Merged,3,184,25,0.0
PR-C01-P05-002938,C01-P05,C01-E0269,2025-11-18 20:14:11,2025-11-19 15:14:11,Merged,10,87,19,2.0
PR-C01-P05-002939,C01-P05,C01-E0043,2025-11-17 18:33:40,2025-11-18 14:33:40,Merged,3,101,15,2.0
PR-C01-P05-002940,C01-P05,C01-E0214,2025-11-19 17:53:20,2025-11-21 14:53:20,Merged,19,46,31,1.0
PR-C01-P05-002941,C01-P05,C01-E0207,2025-11-14 16:49:05,2025-11-18 16:49:05,Merged,7,83,12,2.0
PR-C01-P05-002942,C01-P05,C01-E0144,2025-11-19 15:51:34,2025-11-23 03:51:34,Merged,8,88,1,1.0
PR-C01-P05-002943,C01-P05,C01-E0298,2025-11-09 12:46:15,2025-11-11 10:46:15,Merged,13,74,1,2.0
PR-C01-P05-002944,C01-P05,C01-E0150,2025-11-05 10:26:11,2025-11-09 09:26:11,Merged,5,24,5,2.0
PR-C01-P05-002945,C01-P05,C01-E0109,2025-11-21 08:39:02,2025-11-22 14:39:02,Merged,5,22,20,1.0
PR-C01-P05-002946,C01-P05,C01-E0019,2025-11-05 16:12:11,2025-11-09 16:12:11,Merged,17,58,19,1.0
PR-C01-P05-002947,C01-P05,C01-E0045,2025-11-09 21:02:38,2025-11-11 04:02:38,Merged,4,140,1,1.0
PR-C01-P05-002948,C01-P05,C01-E0137,2025-11-09 14:53:50,2025-11-10 11:53:50,Merged,3,106,56,2.0
PR-C01-P05-002949,C01-P05,C01-E0169,2025-11-13 17:11:55,2025-11-16 00:11:55,Merged,1,67,19,3.0
PR-C01-P05-002950,C01-P05,C01-E0153,2025-11-14 20:25:59,2025-11-18 02:25:59,Merged,12,42,33,0.0
PR-C01-P05-002951,C01-P05,C01-E0126,2025-11-11 11:48:34,2025-11-13 07:48:34,Merged,8,47,3,0.0
PR-C01-P05-002952,C01-P05,C01-E0143,2025-11-13 17:09:30,2025-11-15 01:09:30,Merged,3,29,27,1.0
PR-C01-P05-002953,C01-P05,C01-E0302,2025-11-03 07:51:44,2025-11-06 06:51:44,Merged,4,99,27,1.0
PR-C01-P05-002954,C01-P05,C01-E0106,2025-11-15 19:12:52,,Aberto,4,86,27,
PR-C01-P05-002955,C01-P05,C01-E0245,2025-11-24 20:28:49,2025-11-28 06:28:49,Merged,4,119,17,1.0
PR-C01-P05-002956,C01-P05,C01-E0319,2025-11-04 19:49:41,2025-11-07 08:49:41,Merged,1,152,73,1.0
PR-C01-P05-002957,C01-P05,C01-E0348,2025-11-02 07:53:29,2025-11-02 23:53:29,Merged,1,60,44,2.0
PR-C01-P05-002958,C01-P05,C01-E0182,2025-11-15 20:08:27,2025-11-16 03:08:27,Merged,5,42,72,2.0
PR-C01-P05-002959,C01-P05,C01-E0004,2025-11-27 16:32:24,2025-12-01 05:32:24,Merged,8,225,9,1.0
PR-C01-P05-002960,C01-P05,C01-E0264,2025-11-24 12:47:15,2025-11-26 12:47:15,Merged,5,124,24,0.0
PR-C01-P05-002961,C01-P05,C01-E0261,2025-11-07 07:31:55,2025-11-08 07:31:55,Merged,10,93,38,1.0
PR-C01-P05-002962,C01-P05,C01-E0185,2025-11-26 12:22:39,2025-11-28 01:22:39,Merged,2,42,21,3.0
PR-C01-P05-002963,C01-P05,C01-E0307,2025-11-21 11:37:08,2025-11-25 01:37:08,Merged,2,75,82,0.0
PR-C01-P05-002964,C01-P05,C01-E0298,2025-11-06 15:03:20,2025-11-08 06:03:20,Merged,10,119,51,2.0
PR-C01-P05-002965,C01-P05,C01-E0048,2025-11-03 15:34:24,,Fechado sem merge,9,68,16,3.0
PR-C01-P05-002966,C01-P05,C01-E0100,2025-11-30 14:24:25,,Aberto,2,127,123,1.0
PR-C01-P05-002967,C01-P05,C01-E0132,2025-11-05 09:03:20,2025-11-07 06:03:20,Merged,5,122,32,2.0
PR-C01-P05-002968,C01-P05,C01-E0344,2025-11-13 10:32:04,2025-11-15 07:32:04,Merged,1,30,17,2.0
PR-C01-P05-002969,C01-P05,C01-E0153,2025-11-27 10:57:21,2025-11-27 12:57:21,Merged,2,37,42,0.0
PR-C01-P05-002970,C01-P05,C01-E0287,2025-11-25 18:27:13,2025-11-29 05:27:13,Merged,6,152,21,1.0
PR-C01-P05-002971,C01-P05,C01-E0014,2025-11-07 18:53:46,2025-11-10 03:53:46,Merged,4,32,60,1.0
PR-C01-P05-002972,C01-P05,C01-E0361,2025-11-24 15:30:14,2025-11-27 14:30:14,Merged,4,243,64,1.0
PR-C01-P05-002973,C01-P05,C01-E0196,2025-11-11 19:58:06,2025-11-14 19:58:06,Merged,3,64,68,2.0
PR-C01-P05-002974,C01-P05,C01-E0307,2025-11-15 16:28:45,2025-11-16 23:28:45,Merged,3,70,50,1.0
PR-C01-P05-002975,C01-P05,C01-E0016,2025-11-21 16:07:22,2025-11-23 02:07:22,Merged,7,77,7,2.0
PR-C01-P05-002976,C01-P05,C01-E0082,2025-11-07 16:24:36,2025-11-11 10:24:36,Merged,4,28,35,2.0
PR-C01-P05-002977,C01-P05,C01-E0188,2025-11-20 07:43:09,,Aberto,1,50,1,2.0
PR-C01-P05-002978,C01-P05,C01-E0245,2025-12-14 10:34:46,2025-12-15 10:34:46,Merged,28,122,48,2.0
PR-C01-P05-002979,C01-P05,C01-E0106,2025-12-16 14:09:40,,Aberto,12,66,28,0.0
PR-C01-P05-002980,C01-P05,C01-E0224,2025-12-31 19:53:04,2026-01-01 16:53:04,Merged,8,108,54,
PR-C01-P05-002981,C01-P05,C01-E0178,2025-12-18 18:57:55,2025-12-22 06:57:55,Merged,10,68,69,0.0
PR-C01-P05-002982,C01-P05,C01-E0320,2025-12-21 08:32:06,2025-12-23 10:32:06,Merged,10,90,8,0.0
PR-C01-P05-002983,C01-P05,C01-E0137,2025-12-01 11:19:03,2025-12-02 13:19:03,Merged,2,106,16,0.0
PR-C01-P05-002984,C01-P05,C01-E0031,2025-12-06 11:10:18,2025-12-06 19:10:18,Merged,11,34,75,2.0
PR-C01-P05-002985,C01-P05,C01-E0042,2025-12-13 18:24:45,2025-12-17 06:24:45,Merged,1,141,14,2.0
PR-C01-P05-002986,C01-P05,C01-E0176,2025-12-21 16:17:18,2025-12-24 14:17:18,Merged,3,211,83,1.0
PR-C01-P05-002987,C01-P05,C01-E0283,2025-12-07 17:01:16,,Aberto,3,60,77,1.0
PR-C01-P05-002988,C01-P05,C01-E0098,2025-12-16 13:00:47,,Fechado sem merge,9,75,20,2.0
PR-C01-P05-002989,C01-P05,C01-E0078,2025-12-14 07:19:06,2025-12-16 15:19:06,Merged,1,130,15,1.0
PR-C01-P05-002990,C01-P05,C01-E0287,2025-12-18 17:23:01,2025-12-22 09:23:01,Merged,9,80,63,2.0
PR-C01-P05-002991,C01-P05,C01-E0167,2025-12-18 09:19:00,2025-12-19 05:19:00,Merged,5,40,101,0.0
PR-C01-P05-002992,C01-P05,C01-E0336,2025-12-24 08:47:31,2025-12-27 19:47:31,Merged,2,8,30,1.0
PR-C01-P05-002993,C01-P05,C01-E0142,2025-12-24 11:03:15,,Fechado sem merge,1,78,8,1.0
PR-C01-P05-002994,C01-P05,C01-E0360,2025-12-24 19:57:32,2025-12-28 05:57:32,Merged,2,182,49,3.0
PR-C01-P05-002995,C01-P05,C01-E0256,2025-12-11 21:54:10,2025-12-14 06:54:10,Merged,1,121,8,
PR-C01-P05-002996,C01-P05,C01-E0319,2025-12-09 08:50:43,2025-12-09 21:50:43,Merged,7,82,137,0.0
PR-C01-P05-002997,C01-P05,C01-E0086,2025-12-12 15:16:25,2025-12-15 08:16:25,Merged,9,110,18,2.0
PR-C01-P05-002998,C01-P05,C01-E0136,2025-12-29 18:05:40,2026-01-01 16:05:40,Merged,5,200,24,
PR-C01-P05-002999,C01-P05,C01-E0058,2025-12-30 20:36:09,2026-01-03 03:36:09,Merged,1,35,100,0.0
PR-C01-P05-003000,C01-P05,C01-E0090,2025-12-30 16:22:36,2025-12-31 16:22:36,Merged,1,156,28,2.0
PR-C01-P05-003001,C01-P05,C01-E0123,2025-12-23 08:00:56,2025-12-26 15:00:56,Merged,10,94,15,3.0
PR-C01-P05-003002,C01-P05,C01-E0025,2025-12-16 08:19:39,2025-12-18 00:19:39,Merged,6,32,33,2.0
PR-C01-P05-003003,C01-P05,C01-E0028,2025-12-19 19:13:58,2025-12-21 06:13:58,Merged,5,175,17,2.0
PR-C01-P05-003004,C01-P05,C01-E0191,2025-12-06 14:36:36,,Fechado sem merge,3,53,28,0.0
PR-C01-P05-003005,C01-P05,C01-E0167,2025-12-19 08:43:34,,Aberto,8,33,18,2.0
PR-C01-P05-003006,C01-P05,C01-E0331,2025-12-28 15:04:59,2025-12-30 10:04:59,Merged,8,95,29,
PR-C01-P05-003007,C01-P05,C01-E0134,2025-12-22 11:58:32,2025-12-22 22:58:32,Merged,5,18,60,2.0
PR-C01-P05-003008,C01-P05,C01-E0150,2025-12-12 21:29:30,2025-12-14 15:29:30,Merged,18,146,26,1.0
PR-C01-P05-003009,C01-P05,C01-E0126,2025-12-31 21:51:03,2026-01-03 04:51:03,Merged,5,36,109,0.0
PR-C01-P05-003010,C01-P05,C01-E0040,2025-12-03 19:19:45,2025-12-05 12:19:45,Merged,10,154,11,1.0
PR-C01-P05-003011,C01-P05,C01-E0363,2025-12-06 19:45:53,,Fechado sem merge,3,38,25,3.0
PR-C01-P05-003012,C01-P05,C01-E0027,2025-12-27 16:47:28,2025-12-28 07:47:28,Merged,1,148,9,1.0
PR-C01-P05-003013,C01-P05,C01-E0132,2025-12-01 12:36:58,2025-12-03 11:36:58,Merged,1,32,57,2.0
PR-C01-P05-003014,C01-P05,C01-E0334,2025-12-03 20:00:54,2025-12-05 23:00:54,Merged,2,182,66,2.0
PR-C01-P05-003015,C01-P05,C01-E0238,2025-12-02 07:07:40,2025-12-03 11:07:40,Merged,10,18,65,3.0
PR-C01-P05-003016,C01-P05,C01-E0009,2025-12-28 17:52:37,2026-01-01 06:52:37,Merged,15,12,57,
PR-C01-P05-003017,C01-P05,C01-E0169,2025-12-17 13:41:50,2025-12-18 04:41:50,Merged,15,9,69,1.0
PR-C01-P05-003018,C01-P05,C01-E0016,2025-12-30 07:40:49,2026-01-03 02:40:49,Merged,9,59,5,3.0
PR-C01-P05-003019,C01-P05,C01-E0168,2025-12-06 18:05:07,,Aberto,3,21,30,1.0
PR-C01-P05-003020,C01-P05,C01-E0329,2025-12-17 19:43:50,,Fechado sem merge,7,53,52,3.0
PR-C01-P05-003021,C01-P05,C01-E0207,2025-12-24 21:34:12,2025-12-24 22:34:12,Merged,2,118,29,1.0
PR-C01-P05-003022,C01-P05,C01-E0329,2025-12-20 13:54:58,,Fechado sem merge,2,73,5,3.0
PR-C01-P05-003023,C01-P05,C01-E0182,2025-12-06 15:03:22,,Fechado sem merge,2,183,4,1.0
PR-C01-P05-003024,C01-P05,C01-E0130,2025-12-30 11:17:42,2026-01-03 09:17:42,Merged,8,241,31,
PR-C01-P05-003025,C01-P05,C01-E0038,2025-12-15 14:19:32,2025-12-19 03:19:32,Merged,7,38,18,2.0
PR-C01-P05-003026,C01-P05,C01-E0066,2025-12-29 16:39:08,,Aberto,2,5,10,1.0
PR-C01-P05-003027,C01-P05,C01-E0180,2025-12-14 10:30:03,,Fechado sem merge,6,77,58,2.0
PR-C01-P05-003028,C01-P05,C01-E0341,2025-12-17 19:31:44,,Aberto,5,107,15,2.0
PR-C01-P05-003029,C01-P05,C01-E0174,2025-12-10 12:13:03,,Fechado sem merge,7,41,212,2.0
PR-C01-P05-003030,C01-P05,C01-E0327,2025-12-19 18:31:45,2025-12-21 08:31:45,Merged,4,78,81,0.0
PR-C01-P05-003031,C01-P05,C01-E0189,2025-12-25 18:32:57,,Aberto,2,96,28,1.0
PR-C01-P05-003032,C01-P05,C01-E0126,2026-01-02 20:46:40,2026-01-04 10:46:40,Merged,9,16,27,2.0
PR-C01-P05-003033,C01-P05,C01-E0216,2026-01-31 15:54:06,2026-02-01 16:54:06,Merged,7,64,18,2.0
PR-C01-P05-003034,C01-P05,C01-E0363,2026-01-13 11:56:21,2026-01-13 15:56:21,Merged,4,29,23,3.0
PR-C01-P05-003035,C01-P05,C01-E0080,2026-01-26 08:28:14,2026-01-27 02:28:14,Merged,10,261,11,
PR-C01-P05-003036,C01-P05,C01-E0029,2026-01-24 07:04:47,,Fechado sem merge,4,113,7,1.0
PR-C01-P05-003037,C01-P05,C01-E0057,2026-01-14 16:13:09,2026-01-16 10:13:09,Merged,2,61,8,2.0
PR-C01-P05-003038,C01-P05,C01-E0069,2026-01-12 12:55:50,2026-01-15 13:55:50,Merged,1,155,14,2.0
PR-C01-P05-003039,C01-P05,C01-E0147,2026-01-23 13:35:46,2026-01-23 15:35:46,Merged,8,241,34,3.0
PR-C01-P05-003040,C01-P05,C01-E0167,2026-01-14 21:06:43,2026-01-17 11:06:43,Merged,7,143,41,3.0
PR-C01-P05-003041,C01-P05,C01-E0354,2026-01-11 08:10:38,2026-01-14 13:10:38,Merged,4,108,28,1.0
PR-C01-P05-003042,C01-P05,C01-E0055,2026-01-19 07:27:04,,Fechado sem merge,9,66,12,2.0
PR-C01-P05-003043,C01-P05,C01-E0014,2026-01-19 17:54:19,2026-01-21 19:54:19,Merged,14,16,21,1.0
PR-C01-P05-003044,C01-P05,C01-E0240,2026-01-06 15:16:06,2026-01-09 01:16:06,Merged,3,94,24,2.0
PR-C01-P05-003045,C01-P05,C01-E0329,2026-01-12 19:57:57,2026-01-13 06:57:57,Merged,4,80,37,0.0
PR-C01-P05-003046,C01-P05,C01-E0335,2026-01-25 14:47:57,2026-01-26 04:47:57,Merged,11,95,13,3.0
PR-C01-P05-003047,C01-P05,C01-E0320,2026-01-27 16:22:17,2026-01-28 03:22:17,Merged,1,73,26,1.0
PR-C01-P05-003048,C01-P05,C01-E0211,2026-01-21 08:04:14,,Aberto,6,47,123,1.0
PR-C01-P05-003049,C01-P05,C01-E0126,2026-01-30 13:23:31,2026-02-01 22:23:31,Merged,6,89,23,3.0
PR-C01-P05-003050,C01-P05,C01-E0355,2026-01-23 09:12:20,2026-01-26 22:12:20,Merged,4,137,3,3.0
PR-C01-P05-003051,C01-P05,C01-E0190,2026-01-21 21:40:43,2026-01-24 23:40:43,Merged,3,82,7,2.0
PR-C01-P05-003052,C01-P05,C01-E0153,2026-01-28 16:55:46,,Aberto,2,66,32,0.0
PR-C01-P05-003053,C01-P05,C01-E0301,2026-01-14 12:03:37,2026-01-18 11:03:37,Merged,2,119,79,2.0
PR-C01-P05-003054,C01-P05,C01-E0312,2026-01-11 19:49:24,2026-01-14 22:49:24,Merged,4,156,33,2.0
PR-C01-P05-003055,C01-P05,C01-E0301,2026-01-29 12:47:38,2026-01-30 16:47:38,Merged,9,31,74,1.0
PR-C01-P05-003056,C01-P05,C01-E0149,2026-01-25 21:44:56,,Aberto,3,52,3,3.0
PR-C01-P05-003057,C01-P05,C01-E0348,2026-01-15 07:02:17,2026-01-17 08:02:17,Merged,4,86,42,1.0
PR-C01-P05-003058,C01-P05,C01-E0216,2026-01-20 15:19:32,2026-01-21 19:19:32,Merged,7,102,77,3.0
PR-C01-P05-003059,C01-P05,C01-E0195,2026-01-05 12:32:23,2026-01-07 14:32:23,Merged,12,36,8,2.0
PR-C01-P05-003060,C01-P05,C01-E0079,2026-01-26 21:30:03,,Aberto,1,8,60,3.0
PR-C01-P05-003061,C01-P05,C01-E0086,2026-01-31 11:54:19,2026-02-01 10:54:19,Merged,4,1,37,1.0
PR-C01-P05-003062,C01-P05,C01-E0247,2026-01-26 08:44:38,2026-01-26 22:44:38,Merged,4,46,8,0.0
PR-C01-P05-003063,C01-P05,C01-E0321,2026-01-24 21:10:07,2026-01-25 09:10:07,Merged,15,154,7,1.0
PR-C01-P05-003064,C01-P05,C01-E0287,2026-01-25 19:29:37,2026-01-26 09:29:37,Merged,1,23,3,1.0
PR-C01-P05-003065,C01-P05,C01-E0296,2026-01-03 08:11:30,,Fechado sem merge,4,65,9,2.0
PR-C01-P05-003066,C01-P05,C01-E0298,2026-01-09 15:11:17,2026-01-11 01:11:17,Merged,7,135,44,1.0
PR-C01-P05-003067,C01-P05,C01-E0043,2026-01-14 10:02:54,2026-01-18 04:02:54,Merged,1,162,33,1.0
PR-C01-P05-003068,C01-P05,C01-E0066,2026-01-09 18:01:59,,Aberto,14,82,5,1.0
PR-C01-P05-003069,C01-P05,C01-E0342,2026-01-18 21:45:47,2026-01-21 07:45:47,Merged,2,324,4,
PR-C01-P05-003070,C01-P05,C01-E0055,2026-01-20 15:36:03,2026-01-21 19:36:03,Merged,5,117,18,3.0
PR-C01-P05-003071,C01-P05,C01-E0283,2026-01-31 16:42:27,2026-02-01 23:42:27,Merged,8,142,41,1.0
PR-C01-P05-003072,C01-P05,C01-E0168,2026-01-02 11:50:55,2026-01-04 04:50:55,Merged,2,161,1,2.0
PR-C01-P05-003073,C01-P05,C01-E0319,2026-01-31 17:14:44,,Aberto,6,155,37,2.0
PR-C01-P05-003074,C01-P05,C01-E0042,2026-01-25 09:02:36,,Aberto,20,20,57,0.0
PR-C01-P05-003075,C01-P05,C01-E0022,2026-01-29 19:15:26,2026-01-30 04:15:26,Merged,5,17,56,1.0
PR-C01-P05-003076,C01-P05,C01-E0176,2026-01-05 17:02:59,,Aberto,5,94,1,2.0
PR-C01-P05-003077,C01-P05,C01-E0283,2026-01-28 21:02:04,,Fechado sem merge,1,192,74,1.0
PR-C01-P05-003078,C01-P05,C01-E0329,2026-01-18 20:39:24,,Fechado sem merge,5,94,6,1.0
PR-C01-P05-003079,C01-P05,C01-E0331,2026-01-03 07:20:04,2026-01-06 09:20:04,Merged,1,105,31,1.0
PR-C01-P05-003080,C01-P05,C01-E0149,2026-01-02 13:21:43,2026-01-04 12:21:43,Merged,10,156,10,2.0
PR-C01-P05-003081,C01-P05,C01-E0005,2026-01-16 09:26:18,2026-01-19 17:26:18,Merged,1,37,16,1.0
PR-C01-P05-003082,C01-P05,C01-E0292,2026-01-05 18:08:50,2026-01-09 15:08:50,Merged,2,54,38,2.0
PR-C01-P05-003083,C01-P05,C01-E0032,2026-01-14 16:44:36,,Aberto,3,58,87,2.0
PR-C01-P05-003084,C01-P05,C01-E0333,2026-01-22 15:59:52,,Aberto,5,71,67,2.0
PR-C01-P05-003085,C01-P05,C01-E0294,2026-01-31 08:58:47,2026-02-04 02:58:47,Merged,7,105,10,3.0
PR-C01-P05-003086,C01-P05,C01-E0209,2026-01-27 13:17:28,2026-01-30 00:17:28,Merged,3,193,20,0.0
PR-C01-P05-003087,C01-P05,C01-E0334,2026-01-02 14:29:18,2026-01-05 06:29:18,Merged,4,101,49,1.0
PR-C01-P05-003088,C01-P05,C01-E0318,2026-02-01 11:17:40,2026-02-02 08:17:40,Merged,7,111,33,1.0
PR-C01-P05-003089,C01-P05,C01-E0120,2026-02-02 11:17:43,2026-02-04 19:17:43,Merged,3,86,22,0.0
PR-C01-P05-003090,C01-P05,C01-E0285,2026-02-06 18:46:20,2026-02-08 12:46:20,Merged,2,47,112,1.0
PR-C01-P05-003091,C01-P05,C01-E0301,2026-02-24 13:53:06,,Aberto,10,13,47,2.0
PR-C01-P05-003092,C01-P05,C01-E0350,2026-02-28 12:27:55,2026-03-02 19:27:55,Merged,12,17,21,2.0
PR-C01-P05-003093,C01-P05,C01-E0300,2026-02-22 09:37:22,2026-02-23 02:37:22,Merged,3,10,6,1.0
PR-C01-P05-003094,C01-P05,C01-E0355,2026-02-07 19:58:27,2026-02-09 23:58:27,Merged,7,123,18,2.0
PR-C01-P05-003095,C01-P05,C01-E0042,2026-02-20 10:57:38,2026-02-20 22:57:38,Merged,10,108,108,3.0
PR-C01-P05-003096,C01-P05,C01-E0299,2026-02-28 11:09:10,,Aberto,3,65,9,2.0
PR-C01-P05-003097,C01-P05,C01-E0216,2026-02-19 10:33:38,2026-02-20 11:33:38,Merged,3,47,38,2.0
PR-C01-P05-003098,C01-P05,C01-E0189,2026-02-26 18:35:00,2026-02-28 10:35:00,Merged,11,78,87,1.0
PR-C01-P05-003099,C01-P05,C01-E0145,2026-02-11 21:45:23,2026-02-15 10:45:23,Merged,2,15,158,1.0
PR-C01-P05-003100,C01-P05,C01-E0028,2026-02-07 07:08:23,2026-02-07 11:08:23,Merged,8,131,32,1.0
PR-C01-P05-003101,C01-P05,C01-E0020,2026-02-16 18:55:38,2026-02-19 19:55:38,Merged,5,95,66,0.0
PR-C01-P05-003102,C01-P05,C01-E0045,2026-02-28 17:28:48,2026-03-03 17:28:48,Merged,7,70,108,3.0
PR-C01-P05-003103,C01-P05,C01-E0059,2026-02-15 12:18:58,2026-02-17 16:18:58,Merged,1,15,80,2.0
PR-C01-P05-003104,C01-P05,C01-E0159,2026-02-04 10:45:32,2026-02-04 18:45:32,Merged,18,99,83,2.0
PR-C01-P05-003105,C01-P05,C01-E0233,2026-02-20 16:53:12,2026-02-23 00:53:12,Merged,3,126,96,1.0
PR-C01-P05-003106,C01-P05,C01-E0207,2026-02-17 14:36:17,2026-02-19 07:36:17,Merged,7,37,50,
PR-C01-P05-003107,C01-P05,C01-E0317,2026-02-28 07:51:50,2026-03-03 04:51:50,Merged,5,120,72,1.0
PR-C01-P05-003108,C01-P05,C01-E0016,2026-02-12 16:20:16,2026-02-12 18:20:16,Merged,3,34,38,1.0
PR-C01-P05-003109,C01-P05,C01-E0120,2026-02-19 17:12:00,2026-02-22 01:12:00,Merged,1,138,8,1.0
PR-C01-P05-003110,C01-P05,C01-E0207,2026-02-23 15:54:33,,Aberto,4,128,11,1.0
PR-C01-P05-003111,C01-P05,C01-E0321,2026-02-18 12:11:53,,Fechado sem merge,1,72,47,1.0
PR-C01-P05-003112,C01-P05,C01-E0191,2026-02-21 12:55:59,2026-02-23 17:55:59,Merged,5,30,11,1.0
PR-C01-P05-003113,C01-P05,C01-E0351,2026-02-12 14:49:04,2026-02-16 04:49:04,Merged,8,96,5,0.0
PR-C01-P05-003114,C01-P05,C01-E0085,2026-02-03 07:04:45,,Fechado sem merge,4,76,56,2.0
PR-C01-P05-003115,C01-P05,C01-E0100,2026-02-15 15:55:32,2026-02-17 21:55:32,Merged,6,242,22,
PR-C01-P05-003116,C01-P05,C01-E0203,2026-02-27 17:02:24,2026-03-02 21:02:24,Merged,9,34,4,2.0
PR-C01-P05-003117,C01-P05,C01-E0136,2026-02-07 16:17:47,2026-02-10 08:17:47,Merged,1,176,15,2.0
PR-C01-P05-003118,C01-P05,C01-E0196,2026-02-12 09:35:24,,Aberto,7,41,56,3.0
PR-C01-P05-003119,C01-P05,C01-E0059,2026-02-23 09:56:27,2026-02-25 10:56:27,Merged,3,42,30,3.0
PR-C01-P05-003120,C01-P05,C01-E0146,2026-02-10 14:46:35,2026-02-14 05:46:35,Merged,5,57,5,1.0
PR-C01-P05-003121,C01-P05,C01-E0321,2026-02-15 15:58:39,2026-02-16 16:58:39,Merged,11,51,37,
PR-C01-P05-003122,C01-P05,C01-E0078,2026-02-11 20:38:13,2026-02-15 20:38:13,Merged,1,46,72,2.0
PR-C01-P05-003123,C01-P05,C01-E0001,2026-02-04 11:42:19,,Aberto,12,104,32,0.0
PR-C01-P05-003124,C01-P05,C01-E0120,2026-02-14 10:15:10,2026-02-17 15:15:10,Merged,15,91,25,1.0
PR-C01-P05-003125,C01-P05,C01-E0066,2026-02-22 07:19:30,2026-02-26 07:19:30,Merged,2,86,74,2.0
PR-C01-P05-003126,C01-P05,C01-E0098,2026-02-03 15:11:55,2026-02-05 12:11:55,Merged,8,22,61,1.0
PR-C01-P05-003127,C01-P05,C01-E0206,2026-02-16 11:03:25,2026-02-16 19:03:25,Merged,12,97,44,0.0
PR-C01-P05-003128,C01-P05,C01-E0222,2026-02-21 15:14:57,,Aberto,9,55,50,3.0
PR-C01-P05-003129,C01-P05,C01-E0027,2026-02-27 15:42:04,2026-02-28 16:42:04,Merged,4,14,26,2.0
PR-C01-P05-003130,C01-P05,C01-E0133,2026-02-15 16:34:47,,Aberto,1,117,7,0.0
PR-C01-P05-003131,C01-P05,C01-E0033,2026-02-09 08:00:38,2026-02-09 17:00:38,Merged,12,147,37,2.0
PR-C01-P05-003132,C01-P05,C01-E0031,2026-02-23 15:05:12,,Aberto,5,62,151,0.0
PR-C01-P05-003133,C01-P05,C01-E0022,2026-02-01 09:51:08,2026-02-02 03:51:08,Merged,13,90,38,
PR-C01-P05-003134,C01-P05,C01-E0254,2026-02-14 13:18:33,,Aberto,8,102,26,3.0
PR-C01-P05-003135,C01-P05,C01-E0276,2026-02-16 18:10:42,2026-02-19 17:10:42,Merged,3,19,4,
PR-C01-P05-003136,C01-P05,C01-E0182,2026-02-07 21:51:54,2026-02-09 06:51:54,Merged,9,115,24,1.0
PR-C01-P05-003137,C01-P05,C01-E0131,2026-02-14 08:23:01,2026-02-15 20:23:01,Merged,7,63,108,1.0
PR-C01-P05-003138,C01-P05,C01-E0107,2026-02-21 17:38:02,2026-02-23 08:38:02,Merged,6,94,25,2.0
PR-C01-P05-003139,C01-P05,C01-E0061,2026-02-09 14:41:50,2026-02-11 08:41:50,Merged,9,67,59,1.0
PR-C01-P05-003140,C01-P05,C01-E0355,2026-02-07 17:07:43,2026-02-09 16:07:43,Merged,1,109,62,0.0
PR-C01-P05-003141,C01-P05,C01-E0029,2026-02-17 08:02:05,2026-02-20 09:02:05,Merged,6,51,43,1.0
PR-C01-P05-003142,C01-P05,C01-E0006,2026-02-20 20:08:45,,Aberto,6,130,74,
PR-C01-P05-003143,C01-P05,C01-E0261,2026-02-19 17:53:23,2026-02-22 12:53:23,Merged,2,131,32,2.0
PR-C01-P05-003144,C01-P05,C01-E0041,2026-02-02 09:44:40,2026-02-04 18:44:40,Merged,2,164,47,2.0
PR-C01-P05-003145,C01-P05,C01-E0112,2026-02-14 18:00:25,,Aberto,8,49,13,2.0
PR-C01-P05-003146,C01-P05,C01-E0112,2026-02-16 14:26:46,,Aberto,1,73,52,1.0
PR-C01-P05-003147,C01-P05,C01-E0188,2026-02-07 07:56:57,2026-02-10 00:56:57,Merged,2,87,6,1.0
PR-C01-P05-003148,C01-P05,C01-E0256,2026-02-07 19:49:34,2026-02-08 14:49:34,Merged,11,213,29,2.0
PR-C01-P05-003149,C01-P05,C01-E0344,2026-02-13 20:51:46,2026-02-17 03:51:46,Merged,5,35,56,2.0
PR-C01-P05-003150,C01-P05,C01-E0156,2026-02-22 21:49:31,2026-02-23 07:49:31,Merged,1,20,100,2.0
PR-C01-P05-003151,C01-P05,C01-E0148,2026-02-22 15:01:21,,Aberto,4,139,41,2.0
PR-C01-P05-003152,C01-P05,C01-E0099,2026-02-28 15:22:33,2026-02-28 22:22:33,Merged,2,293,18,2.0
PR-C01-P05-003153,C01-P05,C01-E0107,2026-02-23 17:23:55,2026-02-27 00:23:55,Merged,6,84,24,1.0
PR-C01-P05-003154,C01-P05,C01-E0004,2026-03-13 12:09:40,2026-03-13 22:09:40,Merged,2,20,10,2.0
PR-C01-P05-003155,C01-P05,C01-E0130,2026-03-22 09:29:10,2026-03-22 13:29:10,Merged,1,77,20,
PR-C01-P05-003156,C01-P05,C01-E0101,2026-03-17 10:56:27,2026-03-17 21:56:27,Merged,9,48,56,2.0
PR-C01-P05-003157,C01-P05,C01-E0094,2026-03-25 11:12:27,,Fechado sem merge,3,49,55,0.0
PR-C01-P05-003158,C01-P05,C01-E0300,2026-03-05 13:28:33,,Aberto,9,108,9,0.0
PR-C01-P05-003159,C01-P05,C01-E0348,2026-03-28 09:02:36,2026-03-29 11:02:36,Merged,3,19,17,2.0
PR-C01-P05-003160,C01-P05,C01-E0086,2026-03-07 18:39:48,2026-03-10 10:39:48,Merged,8,93,57,1.0
PR-C01-P05-003161,C01-P05,C01-E0317,2026-03-10 12:38:38,2026-03-14 02:38:38,Merged,2,43,13,0.0
PR-C01-P05-003162,C01-P05,C01-E0354,2026-03-03 21:56:48,2026-03-05 10:56:48,Merged,4,11,22,1.0
PR-C01-P05-003163,C01-P05,C01-E0142,2026-03-18 16:52:37,2026-03-20 15:52:37,Merged,3,16,11,1.0
PR-C01-P05-003164,C01-P05,C01-E0311,2026-03-30 20:53:54,2026-04-03 20:53:54,Merged,1,47,35,2.0
PR-C01-P05-003165,C01-P05,C01-E0289,2026-03-19 09:57:24,2026-03-20 15:57:24,Merged,14,81,42,1.0
PR-C01-P05-003166,C01-P05,C01-E0207,2026-03-31 20:28:58,,Aberto,1,77,44,3.0
PR-C01-P05-003167,C01-P05,C01-E0137,2026-03-27 08:36:31,2026-03-29 06:36:31,Merged,9,172,20,2.0
PR-C01-P05-003168,C01-P05,C01-E0069,2026-03-31 18:39:26,,Aberto,6,29,36,3.0
PR-C01-P05-003169,C01-P05,C01-E0029,2026-03-18 08:31:30,,Fechado sem merge,2,95,85,1.0
PR-C01-P05-003170,C01-P05,C01-E0211,2026-03-24 10:23:21,2026-03-24 21:23:21,Merged,1,321,1,2.0
PR-C01-P05-003171,C01-P05,C01-E0275,2026-03-13 14:18:33,2026-03-13 22:18:33,Merged,4,74,4,1.0
PR-C01-P05-003172,C01-P05,C01-E0341,2026-03-13 08:24:25,2026-03-14 20:24:25,Merged,3,85,54,1.0
PR-C01-P05-003173,C01-P05,C01-E0350,2026-03-21 18:47:56,2026-03-22 17:47:56,Merged,12,26,54,2.0
PR-C01-P05-003174,C01-P05,C01-E0282,2026-03-15 20:10:53,2026-03-16 06:10:53,Merged,2,60,39,2.0
PR-C01-P05-003175,C01-P05,C01-E0261,2026-03-27 13:44:11,2026-03-30 11:44:11,Merged,4,18,10,3.0
PR-C01-P05-003176,C01-P05,C01-E0098,2026-03-16 08:37:45,2026-03-17 15:37:45,Merged,5,222,24,3.0
PR-C01-P05-003177,C01-P05,C01-E0107,2026-03-04 20:24:56,2026-03-05 02:24:56,Merged,7,36,109,2.0
PR-C01-P05-003178,C01-P05,C01-E0015,2026-03-17 12:51:44,2026-03-18 00:51:44,Merged,8,35,9,2.0
PR-C01-P05-003179,C01-P05,C01-E0084,2026-03-16 07:49:44,,Fechado sem merge,5,94,10,2.0
PR-C01-P05-003180,C01-P05,C01-E0101,2026-03-15 08:57:02,2026-03-16 01:57:02,Merged,3,62,47,1.0
PR-C01-P05-003181,C01-P05,C01-E0032,2026-03-26 17:18:42,,Fechado sem merge,7,260,121,2.0
PR-C01-P05-003182,C01-P05,C01-E0210,2026-03-22 16:20:36,2026-03-24 00:20:36,Merged,1,67,13,0.0
PR-C01-P05-003183,C01-P05,C01-E0251,2026-03-08 12:49:21,2026-03-10 08:49:21,Merged,12,47,88,2.0
PR-C01-P05-003184,C01-P05,C01-E0033,2026-03-01 18:22:07,2026-03-02 16:22:07,Merged,9,85,4,0.0
PR-C01-P05-003185,C01-P05,C01-E0120,2026-03-11 20:04:50,2026-03-14 10:04:50,Merged,6,204,36,2.0
PR-C01-P05-003186,C01-P05,C01-E0083,2026-03-13 18:02:20,2026-03-14 17:02:20,Merged,1,187,86,3.0
PR-C01-P05-003187,C01-P05,C01-E0318,2026-03-27 16:42:49,,Fechado sem merge,10,135,43,2.0
PR-C01-P05-003188,C01-P05,C01-E0196,2026-03-05 07:20:58,2026-03-06 15:20:58,Merged,1,36,20,3.0
PR-C01-P05-003189,C01-P05,C01-E0300,2026-03-06 08:01:35,2026-03-08 16:01:35,Merged,11,42,86,3.0
PR-C01-P05-003190,C01-P05,C01-E0302,2026-03-24 11:49:39,2026-03-27 10:49:39,Merged,6,49,10,2.0
PR-C01-P05-003191,C01-P05,C01-E0355,2026-03-26 09:34:25,,Aberto,5,69,12,1.0
PR-C01-P05-003192,C01-P05,C01-E0033,2026-03-31 19:30:24,2026-04-03 01:30:24,Merged,4,99,28,1.0
PR-C01-P05-003193,C01-P05,C01-E0037,2026-03-09 10:43:09,2026-03-09 19:43:09,Merged,2,275,12,1.0
PR-C01-P05-003194,C01-P05,C01-E0059,2026-03-10 18:51:14,,Aberto,2,74,28,1.0
PR-C01-P05-003195,C01-P05,C01-E0060,2026-03-05 19:08:30,,Aberto,10,224,3,2.0
PR-C01-P05-003196,C01-P05,C01-E0019,2026-03-05 09:56:01,2026-03-07 00:56:01,Merged,11,67,101,0.0
PR-C01-P05-003197,C01-P05,C01-E0090,2026-03-04 19:21:27,2026-03-06 06:21:27,Merged,16,160,10,1.0
PR-C01-P05-003198,C01-P05,C01-E0006,2026-03-23 07:29:15,2026-03-24 00:29:15,Merged,9,140,19,0.0
PR-C01-P05-003199,C01-P05,C01-E0355,2026-03-30 20:23:43,,Aberto,11,42,14,0.0
PR-C01-P05-003200,C01-P05,C01-E0329,2026-03-07 09:43:02,2026-03-07 10:43:02,Merged,1,52,28,1.0
PR-C01-P05-003201,C01-P05,C01-E0288,2026-03-26 21:19:20,2026-03-28 20:19:20,Merged,2,22,2,3.0
PR-C01-P05-003202,C01-P05,C01-E0275,2026-03-17 09:54:34,2026-03-17 10:54:34,Merged,1,34,13,2.0
PR-C01-P05-003203,C01-P05,C01-E0050,2026-03-07 08:02:40,2026-03-11 05:02:40,Merged,12,160,26,0.0
PR-C01-P05-003204,C01-P05,C01-E0022,2026-03-16 16:42:16,2026-03-20 06:42:16,Merged,7,150,52,2.0
PR-C01-P05-003205,C01-P05,C01-E0098,2026-04-24 11:20:27,2026-04-25 18:20:27,Merged,7,22,23,1.0
PR-C01-P05-003206,C01-P05,C01-E0285,2026-04-02 12:32:15,2026-04-06 06:32:15,Merged,4,102,82,3.0
PR-C01-P05-003207,C01-P05,C01-E0255,2026-04-07 19:18:19,2026-04-11 00:18:19,Merged,5,104,30,2.0
PR-C01-P05-003208,C01-P05,C01-E0099,2026-04-29 16:19:34,2026-04-30 14:19:34,Merged,5,189,27,1.0
PR-C01-P05-003209,C01-P05,C01-E0067,2026-04-16 08:29:39,2026-04-16 21:29:39,Merged,4,20,5,1.0
PR-C01-P05-003210,C01-P05,C01-E0318,2026-04-11 21:14:17,2026-04-15 07:14:17,Merged,2,49,48,2.0
PR-C01-P05-003211,C01-P05,C01-E0060,2026-04-20 14:34:09,2026-04-20 22:34:09,Merged,4,29,20,2.0
PR-C01-P05-003212,C01-P05,C01-E0196,2026-04-30 13:44:48,2026-05-01 20:44:48,Merged,3,97,18,2.0
PR-C01-P05-003213,C01-P05,C01-E0120,2026-04-09 07:34:01,,Aberto,3,22,12,2.0
PR-C01-P05-003214,C01-P05,C01-E0048,2026-04-19 14:29:35,2026-04-22 11:29:35,Merged,2,67,46,1.0
PR-C01-P05-003215,C01-P05,C01-E0133,2026-04-15 16:10:18,2026-04-15 22:10:18,Merged,3,125,22,1.0
PR-C01-P05-003216,C01-P05,C01-E0287,2026-04-06 11:29:02,2026-04-10 01:29:02,Merged,20,45,172,1.0
PR-C01-P05-003217,C01-P05,C01-E0191,2026-04-27 20:33:02,2026-04-28 23:33:02,Merged,4,125,22,2.0
PR-C01-P05-003218,C01-P05,C01-E0055,2026-04-28 19:00:23,,Aberto,7,43,36,2.0
PR-C01-P05-003219,C01-P05,C01-E0291,2026-04-24 10:57:18,2026-04-26 18:57:18,Merged,1,161,26,1.0
PR-C01-P05-003220,C01-P05,C01-E0024,2026-04-24 12:11:49,2026-04-24 19:11:49,Merged,2,59,81,2.0
PR-C01-P05-003221,C01-P05,C01-E0275,2026-04-11 08:55:38,,Fechado sem merge,5,34,30,2.0
PR-C01-P05-003222,C01-P05,C01-E0137,2026-04-09 10:51:07,2026-04-12 00:51:07,Merged,2,52,121,1.0
PR-C01-P05-003223,C01-P05,C01-E0203,2026-04-30 07:53:34,,Aberto,7,185,30,0.0
PR-C01-P05-003224,C01-P05,C01-E0302,2026-04-22 13:19:28,2026-04-22 18:19:28,Merged,1,46,163,1.0
PR-C01-P05-003225,C01-P05,C01-E0330,2026-04-16 21:02:29,2026-04-20 05:02:29,Merged,11,42,15,3.0
PR-C01-P05-003226,C01-P05,C01-E0132,2026-04-06 08:16:25,2026-04-08 05:16:25,Merged,11,156,36,1.0
PR-C01-P05-003227,C01-P05,C01-E0043,2026-04-23 12:09:54,2026-04-23 21:09:54,Merged,5,52,2,2.0
PR-C01-P05-003228,C01-P05,C01-E0340,2026-04-17 10:43:19,2026-04-21 02:43:19,Merged,4,211,11,1.0
PR-C01-P05-003229,C01-P05,C01-E0030,2026-04-17 14:23:42,2026-04-20 07:23:42,Merged,1,173,1,0.0
PR-C01-P05-003230,C01-P05,C01-E0019,2026-04-15 16:02:54,2026-04-18 11:02:54,Merged,9,130,6,3.0
PR-C01-P05-003231,C01-P05,C01-E0132,2026-04-16 17:56:45,2026-04-16 19:56:45,Merged,9,136,23,1.0
PR-C01-P05-003232,C01-P05,C01-E0336,2026-04-21 15:28:52,2026-04-23 10:28:52,Merged,1,46,37,2.0
PR-C01-P05-003233,C01-P05,C01-E0022,2026-04-25 13:05:37,2026-04-28 17:05:37,Merged,1,35,32,1.0
PR-C01-P05-003234,C01-P05,C01-E0234,2026-04-08 09:02:42,2026-04-11 21:02:42,Merged,6,35,19,1.0
PR-C01-P05-003235,C01-P05,C01-E0019,2026-04-17 11:38:26,2026-04-17 12:38:26,Merged,13,51,88,2.0
PR-C01-P05-003236,C01-P05,C01-E0029,2026-04-01 17:05:47,2026-04-03 09:05:47,Merged,1,62,24,1.0
PR-C01-P05-003237,C01-P05,C01-E0064,2026-04-03 13:34:07,2026-04-06 01:34:07,Merged,7,171,15,2.0
PR-C01-P05-003238,C01-P05,C01-E0047,2026-04-20 21:29:43,2026-04-23 03:29:43,Merged,6,37,8,3.0
PR-C01-P05-003239,C01-P05,C01-E0134,2026-04-02 09:46:59,2026-04-05 21:46:59,Merged,11,135,12,2.0
PR-C01-P05-003240,C01-P05,C01-E0109,2026-04-28 16:06:52,,Fechado sem merge,1,169,30,2.0
PR-C01-P05-003241,C01-P05,C01-E0097,2026-04-09 19:12:00,2026-04-11 11:12:00,Merged,7,42,170,2.0
PR-C01-P05-003242,C01-P05,C01-E0080,2026-04-23 15:31:17,2026-04-26 03:31:17,Merged,4,187,99,2.0
PR-C01-P05-003243,C01-P05,C01-E0320,2026-04-23 14:08:50,2026-04-26 07:08:50,Merged,3,7,87,3.0
PR-C01-P05-003244,C01-P05,C01-E0252,2026-04-24 08:43:19,,Aberto,17,83,9,2.0
PR-C01-P05-003245,C01-P05,C01-E0143,2026-04-04 07:38:58,2026-04-06 16:38:58,Merged,10,17,89,0.0
PR-C01-P05-003246,C01-P05,C01-E0210,2026-04-26 15:41:23,2026-04-28 19:41:23,Merged,5,10,39,1.0
PR-C01-P05-003247,C01-P05,C01-E0355,2026-04-27 21:57:10,2026-04-30 01:57:10,Merged,4,240,110,3.0
PR-C01-P05-003248,C01-P05,C01-E0023,2026-04-21 17:46:44,2026-04-21 18:46:44,Merged,10,9,21,1.0
PR-C01-P05-003249,C01-P05,C01-E0042,2026-04-16 08:15:57,2026-04-19 21:15:57,Merged,1,151,25,1.0
PR-C01-P05-003250,C01-P05,C01-E0182,2026-04-15 16:56:44,2026-04-18 19:56:44,Merged,1,24,5,3.0
PR-C01-P05-003251,C01-P05,C01-E0343,2026-04-18 15:02:33,2026-04-20 12:02:33,Merged,8,85,4,3.0
PR-C01-P05-003252,C01-P05,C01-E0072,2026-04-02 16:31:16,2026-04-03 15:31:16,Merged,3,58,27,1.0
PR-C01-P05-003253,C01-P05,C01-E0106,2026-04-29 17:38:51,2026-05-03 04:38:51,Merged,5,29,29,2.0
PR-C01-P05-003254,C01-P05,C01-E0148,2026-04-06 10:49:41,2026-04-09 06:49:41,Merged,7,82,8,3.0
PR-C01-P05-003255,C01-P05,C01-E0050,2026-04-01 21:43:38,,Aberto,5,49,80,0.0
PR-C01-P05-003256,C01-P05,C01-E0202,2026-04-03 19:11:06,2026-04-06 11:11:06,Merged,9,96,11,1.0
PR-C01-P05-003257,C01-P05,C01-E0167,2026-04-13 16:20:34,2026-04-17 08:20:34,Merged,7,46,9,2.0
PR-C01-P05-003258,C01-P05,C01-E0015,2026-04-09 21:43:07,,Fechado sem merge,1,37,46,1.0
PR-C01-P05-003259,C01-P05,C01-E0027,2026-04-17 09:26:27,2026-04-19 02:26:27,Merged,1,178,32,1.0
PR-C01-P05-003260,C01-P05,C01-E0021,2026-05-05 15:40:17,,Fechado sem merge,7,13,2,3.0
PR-C01-P05-003261,C01-P05,C01-E0118,2026-05-16 15:09:23,2026-05-18 09:09:23,Merged,1,74,16,1.0
PR-C01-P05-003262,C01-P05,C01-E0104,2026-05-17 20:09:12,2026-05-20 23:09:12,Merged,9,105,36,0.0
PR-C01-P05-003263,C01-P05,C01-E0028,2026-05-31 18:32:41,2026-06-02 00:32:41,Merged,4,74,11,1.0
PR-C01-P05-003264,C01-P05,C01-E0203,2026-05-16 11:26:21,,Aberto,5,147,25,3.0
PR-C01-P05-003265,C01-P05,C01-E0244,2026-05-08 20:01:30,,Aberto,4,56,35,3.0
PR-C01-P05-003266,C01-P05,C01-E0308,2026-05-07 17:00:26,2026-05-09 13:00:26,Merged,1,34,55,2.0
PR-C01-P05-003267,C01-P05,C01-E0251,2026-05-15 13:39:51,2026-05-18 16:39:51,Merged,5,46,22,2.0
PR-C01-P05-003268,C01-P05,C01-E0024,2026-05-28 17:07:41,2026-05-28 21:07:41,Merged,9,145,117,3.0
PR-C01-P05-003269,C01-P05,C01-E0299,2026-05-18 10:50:56,,Aberto,7,172,29,2.0
PR-C01-P05-003270,C01-P05,C01-E0173,2026-05-30 09:58:01,2026-06-01 10:58:01,Merged,1,115,42,0.0
PR-C01-P05-003271,C01-P05,C01-E0302,2026-05-12 15:04:09,2026-05-15 00:04:09,Merged,5,275,53,1.0
PR-C01-P05-003272,C01-P05,C01-E0260,2026-05-04 11:20:01,2026-05-06 15:20:01,Merged,7,75,17,3.0
PR-C01-P05-003273,C01-P05,C01-E0181,2026-05-17 12:25:42,2026-05-17 17:25:42,Merged,5,48,27,1.0
PR-C01-P05-003274,C01-P05,C01-E0209,2026-05-02 15:56:55,2026-05-06 01:56:55,Merged,6,217,34,1.0
PR-C01-P05-003275,C01-P05,C01-E0028,2026-05-07 16:29:42,2026-05-10 00:29:42,Merged,4,26,32,2.0
PR-C01-P05-003276,C01-P05,C01-E0169,2026-05-01 20:23:25,2026-05-03 02:23:25,Merged,2,63,23,0.0
PR-C01-P05-003277,C01-P05,C01-E0154,2026-05-30 15:52:39,2026-06-02 05:52:39,Merged,2,2,30,2.0
PR-C01-P05-003278,C01-P05,C01-E0327,2026-05-19 17:53:58,2026-05-22 22:53:58,Merged,5,71,42,3.0
PR-C01-P05-003279,C01-P05,C01-E0328,2026-05-25 11:27:53,,Fechado sem merge,2,29,25,1.0
PR-C01-P05-003280,C01-P05,C01-E0346,2026-05-20 10:41:25,2026-05-22 07:41:25,Merged,2,33,35,
PR-C01-P05-003281,C01-P05,C01-E0142,2026-05-09 13:31:48,2026-05-11 19:31:48,Merged,3,108,48,1.0
PR-C01-P05-003282,C01-P05,C01-E0096,2026-05-19 15:29:57,2026-05-23 06:29:57,Merged,19,50,19,2.0
PR-C01-P05-003283,C01-P05,C01-E0244,2026-05-23 14:35:04,2026-05-25 11:35:04,Merged,12,123,44,
PR-C01-P05-003284,C01-P05,C01-E0073,2026-05-05 09:30:16,,Aberto,3,104,43,2.0
PR-C01-P05-003285,C01-P05,C01-E0333,2026-05-10 16:05:45,,Fechado sem merge,1,30,8,2.0
PR-C01-P05-003286,C01-P05,C01-E0165,2026-05-30 17:11:07,2026-06-02 06:11:07,Merged,3,98,19,1.0
PR-C01-P05-003287,C01-P05,C01-E0033,2026-05-21 08:55:30,2026-05-23 03:55:30,Merged,1,109,90,1.0
PR-C01-P05-003288,C01-P05,C01-E0343,2026-05-23 10:33:15,2026-05-23 15:33:15,Merged,16,184,5,0.0
PR-C01-P05-003289,C01-P05,C01-E0189,2026-05-20 10:42:35,2026-05-23 20:42:35,Merged,3,17,29,1.0
PR-C01-P05-003290,C01-P05,C01-E0111,2026-05-13 18:09:29,,Fechado sem merge,1,99,15,
PR-C01-P05-003291,C01-P05,C01-E0207,2026-05-07 20:01:22,,Fechado sem merge,6,188,35,1.0
PR-C01-P05-003292,C01-P05,C01-E0090,2026-05-11 14:39:29,,Fechado sem merge,7,38,37,1.0
PR-C01-P05-003293,C01-P05,C01-E0101,2026-05-17 07:42:50,,Fechado sem merge,1,121,192,3.0
PR-C01-P05-003294,C01-P05,C01-E0355,2026-05-31 10:43:46,2026-05-31 18:43:46,Merged,6,82,45,2.0
PR-C01-P05-003295,C01-P05,C01-E0072,2026-05-24 21:29:58,,Aberto,5,115,38,0.0
PR-C01-P05-003296,C01-P05,C01-E0161,2026-05-30 14:13:26,2026-06-02 02:13:26,Merged,2,82,113,3.0
PR-C01-P05-003297,C01-P05,C01-E0123,2026-05-09 13:49:18,2026-05-10 10:49:18,Merged,2,17,37,0.0
PR-C01-P05-003298,C01-P05,C01-E0031,2026-05-25 20:31:40,2026-05-26 02:31:40,Merged,9,169,31,0.0
PR-C01-P05-003299,C01-P05,C01-E0295,2026-05-24 19:43:39,2026-05-28 04:43:39,Merged,1,167,28,2.0
PR-C01-P05-003300,C01-P05,C01-E0330,2026-05-18 10:24:18,2026-05-20 12:24:18,Merged,4,49,51,3.0
PR-C01-P05-003301,C01-P05,C01-E0024,2026-05-02 19:48:51,,Fechado sem merge,9,137,85,2.0
PR-C01-P05-003302,C01-P05,C01-E0331,2026-05-07 17:16:09,2026-05-10 07:16:09,Merged,7,79,8,0.0
PR-C01-P05-003303,C01-P05,C01-E0168,2026-05-14 14:30:42,2026-05-16 05:30:42,Merged,8,112,57,2.0
PR-C01-P05-003304,C01-P05,C01-E0255,2026-05-11 21:21:15,,Fechado sem merge,4,373,30,2.0
PR-C01-P05-003305,C01-P05,C01-E0101,2026-06-26 17:01:41,2026-06-27 16:01:41,Merged,8,93,23,3.0
PR-C01-P05-003306,C01-P05,C01-E0111,2026-06-28 21:27:59,,Aberto,1,1,13,2.0
PR-C01-P05-003307,C01-P05,C01-E0143,2026-06-10 21:18:22,2026-06-12 09:18:22,Merged,5,16,85,0.0
PR-C01-P05-003308,C01-P05,C01-E0118,2026-06-09 16:07:35,,Aberto,1,103,54,3.0
PR-C01-P05-003309,C01-P05,C01-E0153,2026-06-23 11:21:51,,Fechado sem merge,12,33,12,1.0
PR-C01-P05-003310,C01-P05,C01-E0086,2026-06-17 13:45:47,2026-06-17 23:45:47,Merged,3,119,15,1.0
PR-C01-P05-003311,C01-P05,C01-E0031,2026-06-21 20:40:16,2026-06-22 19:40:16,Merged,2,78,137,2.0
PR-C01-P05-003312,C01-P05,C01-E0182,2026-06-22 10:53:29,2026-06-26 03:53:29,Merged,7,69,39,
PR-C01-P05-003313,C01-P05,C01-E0073,2026-06-02 08:46:52,2026-06-03 02:46:52,Merged,4,77,90,1.0
PR-C01-P05-003314,C01-P05,C01-E0302,2026-06-12 17:04:50,2026-06-15 18:04:50,Merged,10,25,37,1.0
PR-C01-P05-003315,C01-P05,C01-E0350,2026-06-08 07:51:51,2026-06-12 03:51:51,Merged,9,46,20,1.0
PR-C01-P05-003316,C01-P05,C01-E0296,2026-06-12 11:35:54,2026-06-15 18:35:54,Merged,1,52,6,1.0
PR-C01-P05-003317,C01-P05,C01-E0292,2026-06-25 07:17:32,,Aberto,12,31,28,1.0
PR-C01-P05-003318,C01-P05,C01-E0073,2026-06-01 12:36:57,2026-06-02 05:36:57,Merged,4,10,27,1.0
PR-C01-P05-003319,C01-P05,C01-E0289,2026-06-07 12:08:51,2026-06-07 17:08:51,Merged,3,70,32,1.0
PR-C01-P05-003320,C01-P05,C01-E0049,2026-06-26 12:42:09,2026-06-28 14:42:09,Merged,1,62,65,2.0
PR-C01-P05-003321,C01-P05,C01-E0256,2026-06-20 21:14:37,,Aberto,10,61,63,3.0
PR-C01-P05-003322,C01-P05,C01-E0104,2026-06-27 15:01:55,2026-06-29 17:01:55,Merged,1,128,166,3.0
PR-C01-P05-003323,C01-P05,C01-E0150,2026-06-26 09:28:20,,Aberto,4,39,84,
PR-C01-P05-003324,C01-P05,C01-E0195,2026-06-03 07:03:07,2026-06-06 17:03:07,Merged,5,33,102,1.0
PR-C01-P05-003325,C01-P05,C01-E0028,2026-06-14 14:15:31,2026-06-15 03:15:31,Merged,4,109,26,0.0
PR-C01-P05-003326,C01-P05,C01-E0079,2026-06-03 07:23:18,2026-06-04 17:23:18,Merged,11,57,19,2.0
PR-C01-P05-003327,C01-P05,C01-E0124,2026-06-19 20:09:50,2026-06-22 03:09:50,Merged,7,72,112,1.0
PR-C01-P05-003328,C01-P05,C01-E0292,2026-07-26 15:34:29,,Aberto,7,74,18,2.0
PR-C01-P05-003329,C01-P05,C01-E0255,2026-07-03 14:34:51,2026-07-06 08:34:51,Merged,22,256,2,2.0
PR-C01-P05-003330,C01-P05,C01-E0050,2026-07-02 15:34:11,2026-07-04 23:34:11,Merged,2,30,18,2.0
PR-C01-P05-003331,C01-P05,C01-E0210,2026-07-16 14:34:56,,Fechado sem merge,8,41,30,0.0
PR-C01-P05-003332,C01-P05,C01-E0124,2026-07-22 21:01:30,2026-07-26 11:01:30,Merged,1,111,24,2.0
PR-C01-P05-003333,C01-P05,C01-E0275,2026-07-28 12:15:58,,Aberto,2,38,60,2.0
PR-C01-P05-003334,C01-P05,C01-E0312,2026-07-05 12:31:55,2026-07-05 18:31:55,Merged,8,52,43,2.0
PR-C01-P05-003335,C01-P05,C01-E0191,2026-07-24 19:51:09,,Aberto,4,48,9,2.0
PR-C01-P05-003336,C01-P05,C01-E0178,2026-07-05 10:49:10,2026-07-06 00:49:10,Merged,6,121,45,0.0
PR-C01-P05-003337,C01-P05,C01-E0288,2026-07-21 16:27:27,2026-07-22 00:27:27,Merged,6,30,28,0.0
PR-C01-P05-003338,C01-P05,C01-E0049,2026-07-05 10:26:02,2026-07-07 06:26:02,Merged,7,16,30,2.0
PR-C01-P05-003339,C01-P05,C01-E0247,2026-07-05 19:05:47,2026-07-08 20:05:47,Merged,10,170,65,
PR-C01-P05-003340,C01-P05,C01-E0320,2026-07-16 20:43:39,2026-07-18 09:43:39,Merged,3,25,24,1.0
PR-C01-P05-003341,C01-P05,C01-E0350,2026-07-06 13:17:30,,Fechado sem merge,10,145,51,2.0
PR-C01-P05-003342,C01-P05,C01-E0032,2026-07-09 19:19:27,2026-07-10 16:19:27,Merged,3,116,22,1.0
PR-C01-P05-003343,C01-P05,C01-E0329,2026-07-14 19:52:50,2026-07-15 19:52:50,Merged,3,57,13,3.0
PR-C02-P01-003344,C02-P01,C02-E0063,2025-08-11 12:13:28,2025-08-12 22:13:28,Merged,5,68,6,2.0
PR-C02-P01-003345,C02-P01,C02-E0060,2025-08-27 13:11:36,,Aberto,4,24,41,2.0
PR-C02-P01-003346,C02-P01,C02-E0082,2025-08-01 10:08:51,2025-08-03 21:08:51,Merged,9,104,96,2.0
PR-C02-P01-003347,C02-P01,C02-E0063,2025-08-28 13:37:14,2025-08-30 08:37:14,Merged,4,8,35,
PR-C02-P01-003348,C02-P01,C02-E0001,2025-08-04 17:46:52,2025-08-06 20:46:52,Merged,6,30,2,0.0
PR-C02-P01-003349,C02-P01,C02-E0113,2025-08-29 14:55:15,2025-08-29 22:55:15,Merged,12,69,17,1.0
PR-C02-P01-003350,C02-P01,C02-E0059,2025-08-27 15:57:22,2025-08-31 08:57:22,Merged,1,57,2,3.0
PR-C02-P01-003351,C02-P01,C02-E0053,2025-08-17 17:31:14,2025-08-20 10:31:14,Merged,2,37,6,1.0
PR-C02-P01-003352,C02-P01,C02-E0091,2025-08-19 20:05:29,,Aberto,6,138,6,2.0
PR-C02-P01-003353,C02-P01,C02-E0071,2025-08-22 16:40:32,2025-08-25 09:40:32,Merged,3,30,9,2.0
PR-C02-P01-003354,C02-P01,C02-E0047,2025-08-28 08:28:40,,Fechado sem merge,2,76,19,1.0
PR-C02-P01-003355,C02-P01,C02-E0118,2025-08-28 08:09:50,,Aberto,4,61,47,3.0
PR-C02-P01-003356,C02-P01,C02-E0074,2025-08-29 07:43:38,2025-09-02 00:43:38,Merged,7,141,9,1.0
PR-C02-P01-003357,C02-P01,C02-E0016,2025-08-22 14:39:53,2025-08-24 23:39:53,Merged,10,88,3,2.0
PR-C02-P01-003358,C02-P01,C02-E0068,2025-08-25 08:39:53,2025-08-28 01:39:53,Merged,6,33,44,3.0
PR-C02-P01-003359,C02-P01,C02-E0093,2025-08-05 14:27:56,2025-08-08 10:27:56,Merged,3,109,3,1.0
PR-C02-P01-003360,C02-P01,C02-E0108,2025-08-15 13:44:40,2025-08-18 21:44:40,Merged,2,48,8,1.0
PR-C02-P01-003361,C02-P01,C02-E0114,2025-08-12 14:10:35,2025-08-14 17:10:35,Merged,10,39,36,2.0
PR-C02-P01-003362,C02-P01,C02-E0117,2025-08-05 15:10:01,2025-08-08 22:10:01,Merged,5,48,12,2.0
PR-C02-P01-003363,C02-P01,C02-E0070,2025-08-24 13:44:28,2025-08-27 15:44:28,Merged,3,32,22,2.0
PR-C02-P01-003364,C02-P01,C02-E0056,2025-09-26 12:29:10,2025-09-26 21:29:10,Merged,8,22,46,1.0
PR-C02-P01-003365,C02-P01,C02-E0086,2025-09-29 16:49:19,2025-10-01 22:49:19,Merged,7,81,26,1.0
PR-C02-P01-003366,C02-P01,C02-E0032,2025-09-02 09:43:46,,Fechado sem merge,7,80,11,3.0
PR-C02-P01-003367,C02-P01,C02-E0047,2025-09-06 21:39:21,2025-09-08 18:39:21,Merged,6,32,72,2.0
PR-C02-P01-003368,C02-P01,C02-E0114,2025-09-30 18:36:46,2025-10-01 05:36:46,Merged,15,40,25,3.0
PR-C02-P01-003369,C02-P01,C02-E0004,2025-09-03 15:49:16,2025-09-05 08:49:16,Merged,3,114,0,2.0
PR-C02-P01-003370,C02-P01,C02-E0067,2025-09-18 08:27:37,2025-09-20 18:27:37,Merged,8,17,65,0.0
PR-C02-P01-003371,C02-P01,C02-E0113,2025-09-27 10:35:23,2025-09-30 09:35:23,Merged,6,22,10,2.0
PR-C02-P01-003372,C02-P01,C02-E0057,2025-09-23 12:21:53,,Aberto,9,109,14,1.0
PR-C02-P01-003373,C02-P01,C02-E0034,2025-09-29 13:31:24,2025-10-02 03:31:24,Merged,15,85,14,2.0
PR-C02-P01-003374,C02-P01,C02-E0097,2025-09-14 12:46:05,,Aberto,6,17,16,0.0
PR-C02-P01-003375,C02-P01,C02-E0031,2025-09-15 11:33:31,2025-09-15 21:33:31,Merged,3,6,43,3.0
PR-C02-P01-003376,C02-P01,C02-E0066,2025-09-25 16:58:37,2025-09-28 17:58:37,Merged,16,69,49,3.0
PR-C02-P01-003377,C02-P01,C02-E0093,2025-09-18 15:39:17,2025-09-19 10:39:17,Merged,5,118,6,3.0
PR-C02-P01-003378,C02-P01,C02-E0115,2025-09-15 12:58:46,,Fechado sem merge,5,73,17,
PR-C02-P01-003379,C02-P01,C02-E0083,2025-09-13 09:37:27,2025-09-15 01:37:27,Merged,6,5,47,2.0
PR-C02-P01-003380,C02-P01,C02-E0086,2025-09-08 09:26:33,2025-09-10 07:26:33,Merged,3,184,7,0.0
PR-C02-P01-003381,C02-P01,C02-E0093,2025-09-23 07:22:46,2025-09-27 03:22:46,Merged,1,15,2,2.0
PR-C02-P01-003382,C02-P01,C02-E0113,2025-09-14 15:20:59,2025-09-15 08:20:59,Merged,8,33,20,0.0
PR-C02-P01-003383,C02-P01,C02-E0067,2025-09-02 20:42:12,2025-09-05 00:42:12,Merged,1,37,17,3.0
PR-C02-P01-003384,C02-P01,C02-E0117,2025-09-18 17:33:31,2025-09-21 02:33:31,Merged,4,122,34,0.0
PR-C02-P01-003385,C02-P01,C02-E0101,2025-09-27 16:53:54,2025-09-30 09:53:54,Merged,8,76,32,1.0
PR-C02-P01-003386,C02-P01,C02-E0083,2025-09-26 15:09:22,2025-09-30 10:09:22,Merged,7,25,70,0.0
PR-C02-P01-003387,C02-P01,C02-E0093,2025-09-02 10:36:56,2025-09-03 00:36:56,Merged,7,45,22,0.0
PR-C02-P01-003388,C02-P01,C02-E0010,2025-09-18 10:00:53,2025-09-19 21:00:53,Merged,2,69,56,1.0
PR-C02-P01-003389,C02-P01,C02-E0001,2025-09-16 16:59:27,2025-09-19 14:59:27,Merged,4,57,9,2.0
PR-C02-P01-003390,C02-P01,C02-E0040,2025-09-22 09:21:42,2025-09-25 11:21:42,Merged,7,54,95,1.0
PR-C02-P01-003391,C02-P01,C02-E0016,2025-09-10 10:29:38,,Fechado sem merge,8,70,7,0.0
PR-C02-P01-003392,C02-P01,C02-E0013,2025-09-02 18:33:46,2025-09-06 18:33:46,Merged,1,107,54,1.0
PR-C02-P01-003393,C02-P01,C02-E0012,2025-10-15 09:19:07,2025-10-19 05:19:07,Merged,1,127,68,2.0
PR-C02-P01-003394,C02-P01,C02-E0043,2025-10-12 18:40:45,2025-10-13 15:40:45,Merged,3,172,121,3.0
PR-C02-P01-003395,C02-P01,C02-E0021,2025-10-02 11:40:26,2025-10-03 11:40:26,Merged,7,51,23,2.0
PR-C02-P01-003396,C02-P01,C02-E0019,2025-10-13 21:44:52,2025-10-14 04:44:52,Merged,3,56,58,0.0
PR-C02-P01-003397,C02-P01,C02-E0117,2025-10-14 21:36:34,2025-10-17 03:36:34,Merged,5,32,51,3.0
PR-C02-P01-003398,C02-P01,C02-E0030,2025-10-16 07:48:11,2025-10-19 13:48:11,Merged,2,144,30,1.0
PR-C02-P01-003399,C02-P01,C02-E0051,2025-10-22 08:05:39,2025-10-22 18:05:39,Merged,1,27,38,0.0
PR-C02-P01-003400,C02-P01,C02-E0013,2025-10-26 07:32:15,2025-10-28 09:32:15,Merged,5,152,34,1.0
PR-C02-P01-003401,C02-P01,C02-E0057,2025-10-30 20:38:29,2025-11-02 03:38:29,Merged,5,184,10,0.0
PR-C02-P01-003402,C02-P01,C02-E0052,2025-10-12 21:52:58,2025-10-16 19:52:58,Merged,3,23,30,1.0
PR-C02-P01-003403,C02-P01,C02-E0043,2025-10-22 12:48:30,2025-10-24 07:48:30,Merged,1,86,58,1.0
PR-C02-P01-003404,C02-P01,C02-E0008,2025-10-02 21:10:54,2025-10-03 13:10:54,Merged,3,91,17,2.0
PR-C02-P01-003405,C02-P01,C02-E0093,2025-10-02 20:51:16,,Aberto,15,151,16,2.0
PR-C02-P01-003406,C02-P01,C02-E0028,2025-10-13 17:07:37,2025-10-15 14:07:37,Merged,4,176,19,1.0
PR-C02-P01-003407,C02-P01,C02-E0082,2025-10-25 17:44:06,2025-10-29 02:44:06,Merged,2,104,20,2.0
PR-C02-P01-003408,C02-P01,C02-E0115,2025-10-12 09:23:37,2025-10-16 05:23:37,Merged,6,104,28,3.0
PR-C02-P01-003409,C02-P01,C02-E0032,2025-10-12 21:27:39,,Fechado sem merge,3,42,3,3.0
PR-C02-P01-003410,C02-P01,C02-E0071,2025-10-26 18:12:15,2025-10-27 12:12:15,Merged,6,26,71,0.0
PR-C02-P01-003411,C02-P01,C02-E0068,2025-10-22 10:01:48,2025-10-24 12:01:48,Merged,6,61,1,2.0
PR-C02-P01-003412,C02-P01,C02-E0113,2025-10-02 17:03:15,2025-10-06 01:03:15,Merged,19,141,50,3.0
PR-C02-P01-003413,C02-P01,C02-E0063,2025-10-14 11:23:46,2025-10-15 18:23:46,Merged,14,97,70,2.0
PR-C02-P01-003414,C02-P01,C02-E0106,2025-10-10 19:04:55,,Fechado sem merge,3,12,4,1.0
PR-C02-P01-003415,C02-P01,C02-E0065,2025-10-17 11:31:55,2025-10-18 08:31:55,Merged,5,92,57,1.0
PR-C02-P01-003416,C02-P01,C02-E0016,2025-10-13 13:21:00,2025-10-15 20:21:00,Merged,4,48,24,2.0
PR-C02-P01-003417,C02-P01,C02-E0023,2025-10-31 15:04:32,2025-10-31 22:04:32,Merged,3,146,30,2.0
PR-C02-P01-003418,C02-P01,C02-E0046,2025-10-14 19:03:43,2025-10-15 12:03:43,Merged,3,86,51,1.0
PR-C02-P01-003419,C02-P01,C02-E0004,2025-10-03 15:07:51,2025-10-05 15:07:51,Merged,5,98,54,3.0
PR-C02-P01-003420,C02-P01,C02-E0081,2025-10-05 21:40:34,2025-10-08 06:40:34,Merged,2,110,6,1.0
PR-C02-P01-003421,C02-P01,C02-E0046,2025-10-18 19:37:21,2025-10-22 00:37:21,Merged,4,57,4,0.0
PR-C02-P01-003422,C02-P01,C02-E0092,2025-10-09 21:16:52,2025-10-12 08:16:52,Merged,7,26,64,3.0
PR-C02-P01-003423,C02-P01,C02-E0024,2025-10-27 10:54:00,2025-10-27 21:54:00,Merged,11,84,28,1.0
PR-C02-P01-003424,C02-P01,C02-E0014,2025-10-28 17:51:41,2025-10-31 09:51:41,Merged,4,7,6,1.0
PR-C02-P01-003425,C02-P01,C02-E0055,2025-10-10 10:53:12,2025-10-11 17:53:12,Merged,12,21,35,3.0
PR-C02-P01-003426,C02-P01,C02-E0068,2025-10-09 21:40:58,,Aberto,2,85,28,1.0
PR-C02-P01-003427,C02-P01,C02-E0089,2025-10-09 15:50:11,2025-10-13 09:50:11,Merged,5,114,76,0.0
PR-C02-P01-003428,C02-P01,C02-E0087,2025-10-01 09:34:50,,Fechado sem merge,3,38,53,1.0
PR-C02-P01-003429,C02-P01,C02-E0057,2025-10-18 10:16:01,2025-10-22 10:16:01,Merged,8,116,22,2.0
PR-C02-P01-003430,C02-P01,C02-E0009,2025-10-14 12:27:37,2025-10-15 15:27:37,Merged,2,37,3,2.0
PR-C02-P01-003431,C02-P01,C02-E0040,2025-10-02 21:52:53,2025-10-04 20:52:53,Merged,6,93,38,1.0
PR-C02-P01-003432,C02-P01,C02-E0013,2025-10-25 12:56:31,2025-10-25 16:56:31,Merged,15,107,46,1.0
PR-C02-P01-003433,C02-P01,C02-E0005,2025-10-21 14:21:38,2025-10-22 23:21:38,Merged,4,28,18,2.0
PR-C02-P01-003434,C02-P01,C02-E0119,2025-10-20 10:40:53,,Aberto,11,56,29,1.0
PR-C02-P01-003435,C02-P01,C02-E0008,2025-10-21 16:15:26,,Fechado sem merge,10,275,62,1.0
PR-C02-P01-003436,C02-P01,C02-E0115,2025-10-19 08:17:50,2025-10-23 07:17:50,Merged,4,18,8,2.0
PR-C02-P01-003437,C02-P01,C02-E0040,2025-10-25 10:08:34,,Fechado sem merge,8,73,4,3.0
PR-C02-P01-003438,C02-P01,C02-E0040,2025-10-17 14:56:43,,Fechado sem merge,3,45,28,1.0
PR-C02-P01-003439,C02-P01,C02-E0113,2025-10-26 21:31:44,2025-10-27 18:31:44,Merged,3,70,26,2.0
PR-C02-P01-003440,C02-P01,C02-E0046,2025-10-03 13:37:30,2025-10-06 19:37:30,Merged,9,99,34,2.0
PR-C02-P01-003441,C02-P01,C02-E0083,2025-10-03 15:27:05,2025-10-06 08:27:05,Merged,1,29,80,0.0
PR-C02-P01-003442,C02-P01,C02-E0030,2025-10-30 16:57:27,,Fechado sem merge,2,19,28,3.0
PR-C02-P01-003443,C02-P01,C02-E0052,2025-10-01 14:07:43,2025-10-05 02:07:43,Merged,3,58,40,0.0
PR-C02-P01-003444,C02-P01,C02-E0120,2026-07-11 11:20:54,2026-07-12 17:20:54,Merged,5,44,156,0.0
PR-C02-P01-003445,C02-P01,C02-E0052,2026-07-01 11:15:45,2026-07-05 06:15:45,Merged,2,123,28,2.0
PR-C02-P01-003446,C02-P01,C02-E0119,2026-07-01 11:44:50,2026-07-02 11:44:50,Merged,5,51,126,1.0
PR-C02-P01-003447,C02-P01,C02-E0089,2026-07-09 16:01:02,2026-07-12 02:01:02,Merged,7,38,104,3.0
PR-C02-P01-003448,C02-P01,C02-E0005,2026-07-26 11:43:47,2026-07-28 18:43:47,Merged,1,92,22,1.0
PR-C02-P01-003449,C02-P01,C02-E0002,2026-07-21 12:10:12,2026-07-25 03:10:12,Merged,8,64,20,1.0
PR-C02-P01-003450,C02-P01,C02-E0012,2026-07-28 17:19:19,2026-07-29 17:19:19,Merged,11,42,142,1.0
PR-C02-P01-003451,C02-P01,C02-E0087,2026-07-26 19:55:51,,Aberto,6,186,29,2.0
PR-C02-P01-003452,C02-P01,C02-E0030,2026-07-12 08:54:16,2026-07-15 07:54:16,Merged,3,37,48,1.0
PR-C02-P01-003453,C02-P01,C02-E0056,2026-07-16 13:12:17,2026-07-19 17:12:17,Merged,2,77,104,0.0
PR-C02-P01-003454,C02-P01,C02-E0080,2026-07-19 15:06:54,,Fechado sem merge,10,77,52,0.0
PR-C02-P01-003455,C02-P01,C02-E0089,2026-07-03 07:33:56,2026-07-04 05:33:56,Merged,4,41,57,1.0
PR-C02-P01-003456,C02-P01,C02-E0087,2026-07-30 16:50:49,2026-08-02 08:50:49,Merged,7,18,14,3.0
PR-C02-P01-003457,C02-P01,C02-E0044,2026-07-14 17:11:56,2026-07-17 20:11:56,Merged,1,158,21,3.0
PR-C02-P01-003458,C02-P01,C02-E0096,2026-07-28 21:57:46,2026-07-30 22:57:46,Merged,4,63,2,1.0
PR-C02-P01-003459,C02-P01,C02-E0063,2026-07-30 12:38:39,2026-07-31 16:38:39,Merged,2,104,19,2.0
PR-C02-P01-003460,C02-P01,C02-E0009,2026-07-31 20:22:06,2026-08-02 00:22:06,Merged,6,89,35,
PR-C02-P01-003461,C02-P01,C02-E0091,2026-07-07 21:49:51,,Aberto,4,101,34,3.0
PR-C02-P01-003462,C02-P01,C02-E0002,2026-07-18 11:49:10,,Aberto,7,33,22,3.0
PR-C02-P01-003463,C02-P01,C02-E0107,2026-07-16 07:44:57,2026-07-19 12:44:57,Merged,1,115,15,1.0
PR-C02-P01-003464,C02-P01,C02-E0087,2026-07-31 17:05:59,2026-08-03 18:05:59,Merged,1,89,12,1.0
PR-C02-P01-003465,C02-P01,C02-E0107,2026-07-13 11:59:37,2026-07-17 08:59:37,Merged,2,70,60,2.0
PR-C02-P01-003466,C02-P01,C02-E0010,2026-07-22 08:29:24,2026-07-25 16:29:24,Merged,3,43,44,3.0
PR-C02-P01-003467,C02-P01,C02-E0060,2026-07-28 08:46:00,2026-07-31 05:46:00,Merged,4,51,33,
PR-C02-P01-003468,C02-P01,C02-E0059,2026-07-14 17:17:49,2026-07-14 19:17:49,Merged,1,55,25,2.0
PR-C02-P01-003469,C02-P01,C02-E0099,2026-07-18 18:41:40,2026-07-20 05:41:40,Merged,12,73,78,0.0
PR-C02-P01-003470,C02-P01,C02-E0065,2026-07-09 16:32:30,2026-07-11 16:32:30,Merged,4,40,41,1.0
PR-C02-P01-003471,C02-P01,C02-E0049,2026-07-23 18:25:13,2026-07-25 04:25:13,Merged,3,48,19,0.0
PR-C02-P01-003472,C02-P01,C02-E0076,2026-07-06 16:33:12,,Fechado sem merge,2,86,20,
PR-C02-P01-003473,C02-P01,C02-E0082,2026-07-09 10:51:18,,Aberto,4,94,32,2.0
PR-C02-P01-003474,C02-P01,C02-E0063,2026-07-22 07:06:07,,Aberto,3,71,16,1.0
PR-C02-P01-003475,C02-P01,C02-E0094,2026-07-21 10:59:12,2026-07-23 16:59:12,Merged,2,84,51,0.0
PR-C02-P01-003476,C02-P01,C02-E0093,2026-07-06 21:37:33,,Fechado sem merge,9,49,28,1.0
PR-C02-P01-003477,C02-P01,C02-E0084,2026-07-24 16:01:53,,Fechado sem merge,17,38,29,1.0
PR-C02-P01-003478,C02-P01,C02-E0107,2026-07-03 15:34:40,,Aberto,2,3,50,1.0
PR-C02-P01-003479,C02-P01,C02-E0019,2026-07-16 08:04:36,2026-07-17 15:04:36,Merged,11,31,20,1.0
PR-C02-P01-003480,C02-P01,C02-E0114,2026-07-14 13:19:12,2026-07-15 05:19:12,Merged,8,45,16,0.0
PR-C02-P01-003481,C02-P01,C02-E0014,2026-07-20 18:12:09,,Fechado sem merge,3,103,21,0.0
PR-C02-P02-003482,C02-P02,C02-E0086,2025-06-16 10:18:27,2025-06-19 12:18:27,Merged,6,53,15,0.0
PR-C02-P02-003483,C02-P02,C02-E0022,2025-06-01 08:52:29,2025-06-05 06:52:29,Merged,12,52,88,1.0
PR-C02-P02-003484,C02-P02,C02-E0114,2025-06-12 16:19:44,2025-06-14 02:19:44,Merged,4,42,22,3.0
PR-C02-P02-003485,C02-P02,C02-E0002,2025-06-12 09:53:43,2025-06-14 16:53:43,Merged,2,76,58,2.0
PR-C02-P02-003486,C02-P02,C02-E0098,2025-06-08 09:26:25,,Fechado sem merge,6,173,2,2.0
PR-C02-P02-003487,C02-P02,C02-E0063,2025-06-24 11:08:53,2025-06-27 05:08:53,Merged,17,13,127,0.0
PR-C02-P02-003488,C02-P02,C02-E0033,2025-06-21 19:21:50,2025-06-22 07:21:50,Merged,2,8,37,2.0
PR-C02-P02-003489,C02-P02,C02-E0034,2025-06-14 12:58:27,,Aberto,13,242,9,1.0
PR-C02-P02-003490,C02-P02,C02-E0004,2025-06-21 08:20:49,2025-06-21 18:20:49,Merged,7,54,34,0.0
PR-C02-P02-003491,C02-P02,C02-E0117,2025-06-11 17:50:06,,Aberto,1,27,166,0.0
PR-C02-P02-003492,C02-P02,C02-E0104,2025-06-01 11:39:55,2025-06-01 13:39:55,Merged,4,130,12,2.0
PR-C02-P02-003493,C02-P02,C02-E0015,2025-06-05 17:23:17,2025-06-06 23:23:17,Merged,8,40,15,0.0
PR-C02-P02-003494,C02-P02,C02-E0120,2025-06-11 10:46:24,2025-06-13 12:46:24,Merged,3,38,9,2.0
PR-C02-P02-003495,C02-P02,C02-E0047,2025-06-10 07:28:30,2025-06-10 19:28:30,Merged,1,52,20,0.0
PR-C02-P02-003496,C02-P02,C02-E0028,2025-06-06 21:42:50,,Aberto,9,24,57,1.0
PR-C02-P02-003497,C02-P02,C02-E0012,2025-06-18 13:42:43,2025-06-19 04:42:43,Merged,6,30,68,1.0
PR-C02-P02-003498,C02-P02,C02-E0040,2025-06-24 11:09:20,2025-06-27 14:09:20,Merged,7,17,34,3.0
PR-C02-P02-003499,C02-P02,C02-E0071,2025-06-20 08:54:15,2025-06-24 08:54:15,Merged,13,117,18,0.0
PR-C02-P02-003500,C02-P02,C02-E0031,2025-06-27 16:46:08,2025-06-30 14:46:08,Merged,15,55,46,2.0
PR-C02-P02-003501,C02-P02,C02-E0086,2025-06-29 10:10:35,2025-07-01 01:10:35,Merged,10,82,40,1.0
PR-C02-P02-003502,C02-P02,C02-E0057,2025-06-23 14:37:55,2025-06-25 23:37:55,Merged,12,49,68,3.0
PR-C02-P02-003503,C02-P02,C02-E0006,2025-06-08 07:23:11,2025-06-10 11:23:11,Merged,1,83,38,3.0
PR-C02-P02-003504,C02-P02,C02-E0096,2025-06-20 13:05:59,,Aberto,5,36,9,1.0
PR-C02-P02-003505,C02-P02,C02-E0034,2025-06-29 21:55:26,2025-07-02 11:55:26,Merged,10,47,19,1.0
PR-C02-P02-003506,C02-P02,C02-E0093,2025-07-22 08:36:04,2025-07-22 19:36:04,Merged,1,112,31,1.0
PR-C02-P02-003507,C02-P02,C02-E0120,2025-07-04 19:50:12,2025-07-05 10:50:12,Merged,2,153,11,1.0
PR-C02-P02-003508,C02-P02,C02-E0115,2025-07-14 11:18:26,,Aberto,17,1,31,0.0
PR-C02-P02-003509,C02-P02,C02-E0014,2025-07-17 15:33:31,2025-07-18 05:33:31,Merged,12,235,10,0.0
PR-C02-P02-003510,C02-P02,C02-E0048,2025-07-24 21:00:45,2025-07-27 11:00:45,Merged,1,48,74,2.0
PR-C02-P02-003511,C02-P02,C02-E0070,2025-07-17 18:00:24,2025-07-19 03:00:24,Merged,3,51,17,2.0
PR-C02-P02-003512,C02-P02,C02-E0050,2025-07-12 09:44:50,2025-07-16 09:44:50,Merged,6,91,33,2.0
PR-C02-P02-003513,C02-P02,C02-E0070,2025-07-16 21:53:42,2025-07-17 05:53:42,Merged,9,60,73,0.0
PR-C02-P02-003514,C02-P02,C02-E0052,2025-07-19 17:39:27,2025-07-21 06:39:27,Merged,1,18,9,1.0
PR-C02-P02-003515,C02-P02,C02-E0046,2025-07-20 12:15:41,2025-07-24 02:15:41,Merged,6,16,32,2.0
PR-C02-P02-003516,C02-P02,C02-E0097,2025-07-09 13:28:18,2025-07-09 14:28:18,Merged,13,92,25,2.0
PR-C02-P02-003517,C02-P02,C02-E0051,2025-07-14 12:13:37,,Fechado sem merge,6,110,18,2.0
PR-C02-P02-003518,C02-P02,C02-E0004,2025-07-18 08:14:12,2025-07-19 20:14:12,Merged,5,62,56,1.0
PR-C02-P02-003519,C02-P02,C02-E0119,2025-07-09 18:02:06,,Fechado sem merge,11,351,9,1.0
PR-C02-P02-003520,C02-P02,C02-E0010,2025-07-06 07:36:30,2025-07-08 17:36:30,Merged,1,161,11,1.0
PR-C02-P02-003521,C02-P02,C02-E0005,2025-07-04 12:53:59,2025-07-05 10:53:59,Merged,10,159,36,
PR-C02-P02-003522,C02-P02,C02-E0076,2025-07-24 08:35:59,2025-07-28 06:35:59,Merged,4,78,15,3.0
PR-C02-P02-003523,C02-P02,C02-E0096,2025-07-07 12:50:14,2025-07-10 22:50:14,Merged,2,41,33,1.0
PR-C02-P02-003524,C02-P02,C02-E0021,2025-07-05 18:24:25,2025-07-06 08:24:25,Merged,2,75,2,3.0
PR-C02-P02-003525,C02-P02,C02-E0031,2025-08-11 12:55:06,2025-08-13 05:55:06,Merged,6,72,56,2.0
PR-C02-P02-003526,C02-P02,C02-E0049,2025-08-28 15:39:25,,Fechado sem merge,3,118,22,1.0
PR-C02-P02-003527,C02-P02,C02-E0080,2025-08-13 14:00:31,,Aberto,1,187,15,0.0
PR-C02-P02-003528,C02-P02,C02-E0035,2025-08-14 21:26:25,2025-08-15 12:26:25,Merged,6,75,102,0.0
PR-C02-P02-003529,C02-P02,C02-E0092,2025-08-02 10:47:00,2025-08-03 13:47:00,Merged,2,30,22,1.0
PR-C02-P02-003530,C02-P02,C02-E0076,2025-08-15 12:13:19,,Aberto,9,72,48,3.0
PR-C02-P02-003531,C02-P02,C02-E0031,2025-08-01 17:44:19,2025-08-03 02:44:19,Merged,2,137,27,0.0
PR-C02-P02-003532,C02-P02,C02-E0021,2025-08-29 09:43:54,2025-09-01 12:43:54,Merged,7,56,12,1.0
PR-C02-P02-003533,C02-P02,C02-E0117,2025-08-09 14:37:13,2025-08-12 19:37:13,Merged,3,36,19,3.0
PR-C02-P02-003534,C02-P02,C02-E0050,2025-08-14 17:08:21,2025-08-18 11:08:21,Merged,4,46,71,2.0
PR-C02-P02-003535,C02-P02,C02-E0094,2025-08-04 12:25:52,2025-08-05 09:25:52,Merged,4,13,84,1.0
PR-C02-P02-003536,C02-P02,C02-E0067,2025-08-25 17:39:24,2025-08-27 08:39:24,Merged,10,28,10,2.0
PR-C02-P02-003537,C02-P02,C02-E0051,2025-08-21 21:15:58,2025-08-25 13:15:58,Merged,3,46,3,1.0
PR-C02-P02-003538,C02-P02,C02-E0117,2025-08-09 15:28:34,2025-08-10 13:28:34,Merged,5,40,29,1.0
PR-C02-P02-003539,C02-P02,C02-E0093,2025-08-01 10:01:47,2025-08-05 10:01:47,Merged,5,55,20,1.0
PR-C02-P02-003540,C02-P02,C02-E0096,2025-08-14 16:40:18,2025-08-16 06:40:18,Merged,11,79,56,0.0
PR-C02-P02-003541,C02-P02,C02-E0098,2025-08-19 14:58:36,2025-08-21 00:58:36,Merged,1,84,54,1.0
PR-C02-P02-003542,C02-P02,C02-E0004,2025-08-21 20:49:31,2025-08-25 02:49:31,Merged,7,38,33,1.0
PR-C02-P02-003543,C02-P02,C02-E0056,2025-08-17 20:58:54,2025-08-18 23:58:54,Merged,3,129,24,0.0
PR-C02-P02-003544,C02-P02,C02-E0120,2025-09-05 15:55:34,2025-09-07 06:55:34,Merged,1,39,13,2.0
PR-C02-P02-003545,C02-P02,C02-E0004,2025-09-23 07:14:23,2025-09-24 16:14:23,Merged,6,13,82,3.0
PR-C02-P02-003546,C02-P02,C02-E0051,2025-09-08 09:24:17,,Fechado sem merge,7,235,43,0.0
PR-C02-P02-003547,C02-P02,C02-E0108,2025-09-13 11:00:30,2025-09-14 11:00:30,Merged,16,27,7,2.0
PR-C02-P02-003548,C02-P02,C02-E0099,2025-09-11 19:27:10,2025-09-14 10:27:10,Merged,2,83,71,1.0
PR-C02-P02-003549,C02-P02,C02-E0012,2025-09-09 17:39:54,2025-09-11 14:39:54,Merged,12,227,102,3.0
PR-C02-P02-003550,C02-P02,C02-E0063,2025-09-02 16:40:26,2025-09-06 16:40:26,Merged,3,80,28,2.0
PR-C02-P02-003551,C02-P02,C02-E0074,2025-09-27 08:56:12,,Fechado sem merge,1,75,17,
PR-C02-P02-003552,C02-P02,C02-E0059,2025-09-30 14:59:10,2025-10-03 10:59:10,Merged,2,53,94,0.0
PR-C02-P02-003553,C02-P02,C02-E0009,2025-09-19 11:37:12,,Fechado sem merge,3,6,14,1.0
PR-C02-P02-003554,C02-P02,C02-E0001,2025-09-22 16:54:30,2025-09-26 11:54:30,Merged,4,62,6,
PR-C02-P02-003555,C02-P02,C02-E0086,2025-09-02 17:01:51,,Aberto,2,86,19,2.0
PR-C02-P02-003556,C02-P02,C02-E0111,2025-09-09 20:27:00,2025-09-10 15:27:00,Merged,11,110,62,2.0
PR-C02-P02-003557,C02-P02,C02-E0119,2025-09-06 14:24:36,2025-09-09 14:24:36,Merged,14,22,0,2.0
PR-C02-P02-003558,C02-P02,C02-E0094,2025-09-11 19:20:58,2025-09-15 09:20:58,Merged,8,94,15,1.0
PR-C02-P02-003559,C02-P02,C02-E0009,2025-09-22 20:11:43,2025-09-23 03:11:43,Merged,20,46,36,0.0
PR-C02-P02-003560,C02-P02,C02-E0117,2025-09-28 20:00:59,2025-10-02 16:00:59,Merged,1,26,29,2.0
PR-C02-P02-003561,C02-P02,C02-E0043,2025-09-13 09:01:20,2025-09-13 15:01:20,Merged,8,30,28,2.0
PR-C02-P02-003562,C02-P02,C02-E0033,2025-09-11 15:32:14,2025-09-12 02:32:14,Merged,6,206,19,1.0
PR-C02-P02-003563,C02-P02,C02-E0048,2025-09-24 10:48:29,2025-09-24 18:48:29,Merged,1,76,115,2.0
PR-C02-P02-003564,C02-P02,C02-E0008,2025-09-08 10:28:47,2025-09-09 04:28:47,Merged,28,15,25,0.0
PR-C02-P02-003565,C02-P02,C02-E0087,2025-09-07 14:49:19,,Fechado sem merge,1,66,61,0.0
PR-C02-P02-003566,C02-P02,C02-E0101,2025-09-20 14:09:09,2025-09-21 12:09:09,Merged,1,30,39,1.0
PR-C02-P02-003567,C02-P02,C02-E0040,2025-09-23 07:48:09,2025-09-24 04:48:09,Merged,4,20,136,0.0
PR-C02-P02-003568,C02-P02,C02-E0119,2025-09-24 15:44:31,,Fechado sem merge,11,103,4,2.0
PR-C02-P02-003569,C02-P02,C02-E0117,2025-09-18 16:56:26,,Aberto,22,43,159,2.0
PR-C02-P02-003570,C02-P02,C02-E0120,2025-09-02 20:09:29,2025-09-06 19:09:29,Merged,5,27,82,
PR-C02-P02-003571,C02-P02,C02-E0119,2025-09-12 17:46:37,2025-09-16 08:46:37,Merged,5,94,21,3.0
PR-C02-P02-003572,C02-P02,C02-E0056,2025-09-03 10:48:13,2025-09-04 13:48:13,Merged,5,106,2,0.0
PR-C02-P02-003573,C02-P02,C02-E0021,2025-09-17 09:42:17,2025-09-19 18:42:17,Merged,2,40,79,1.0
PR-C02-P02-003574,C02-P02,C02-E0048,2025-09-06 10:04:27,2025-09-08 13:04:27,Merged,3,74,13,2.0
PR-C02-P02-003575,C02-P02,C02-E0031,2025-09-19 14:22:42,2025-09-21 15:22:42,Merged,4,35,15,0.0
PR-C02-P02-003576,C02-P02,C02-E0087,2025-09-19 11:25:35,,Aberto,1,23,41,0.0
PR-C02-P02-003577,C02-P02,C02-E0049,2025-09-15 10:23:43,2025-09-18 02:23:43,Merged,2,111,50,2.0
PR-C02-P02-003578,C02-P02,C02-E0107,2025-09-16 11:40:56,,Aberto,9,62,51,2.0
PR-C02-P02-003579,C02-P02,C02-E0083,2025-09-26 07:00:27,,Fechado sem merge,4,88,35,1.0
PR-C02-P02-003580,C02-P02,C02-E0001,2025-10-29 12:41:47,,Aberto,7,163,43,2.0
PR-C02-P02-003581,C02-P02,C02-E0001,2025-10-05 15:38:52,2025-10-07 14:38:52,Merged,4,44,20,1.0
PR-C02-P02-003582,C02-P02,C02-E0053,2025-10-12 07:46:56,2025-10-13 10:46:56,Merged,7,14,12,1.0
PR-C02-P02-003583,C02-P02,C02-E0029,2025-10-21 15:47:06,2025-10-23 04:47:06,Merged,14,87,44,1.0
PR-C02-P02-003584,C02-P02,C02-E0091,2025-10-07 15:43:03,,Fechado sem merge,6,108,1,1.0
PR-C02-P02-003585,C02-P02,C02-E0047,2025-10-08 13:33:03,2025-10-12 06:33:03,Merged,9,68,31,1.0
PR-C02-P02-003586,C02-P02,C02-E0057,2025-10-30 13:09:32,2025-11-02 20:09:32,Merged,1,119,13,0.0
PR-C02-P02-003587,C02-P02,C02-E0044,2025-10-20 17:06:25,,Fechado sem merge,9,184,17,1.0
PR-C02-P02-003588,C02-P02,C02-E0084,2025-10-27 10:43:07,2025-10-30 20:43:07,Merged,6,20,123,3.0
PR-C02-P02-003589,C02-P02,C02-E0115,2025-10-25 11:51:43,2025-10-27 15:51:43,Merged,4,158,29,0.0
PR-C02-P02-003590,C02-P02,C02-E0104,2025-10-26 08:43:00,2025-10-29 10:43:00,Merged,3,45,9,1.0
PR-C02-P02-003591,C02-P02,C02-E0092,2025-11-16 19:24:54,,Aberto,11,40,38,1.0
PR-C02-P02-003592,C02-P02,C02-E0049,2025-11-16 14:41:10,,Fechado sem merge,3,87,121,1.0
PR-C02-P02-003593,C02-P02,C02-E0091,2025-11-03 20:25:56,2025-11-05 12:25:56,Merged,2,210,27,1.0
PR-C02-P02-003594,C02-P02,C02-E0084,2025-11-02 07:06:20,2025-11-05 11:06:20,Merged,2,18,64,1.0
PR-C02-P02-003595,C02-P02,C02-E0087,2025-11-03 16:07:23,,Aberto,2,56,17,1.0
PR-C02-P02-003596,C02-P02,C02-E0001,2025-11-13 21:09:16,2025-11-14 21:09:16,Merged,10,121,10,0.0
PR-C02-P02-003597,C02-P02,C02-E0086,2025-11-29 21:01:15,,Fechado sem merge,2,37,61,1.0
PR-C02-P02-003598,C02-P02,C02-E0048,2025-11-15 08:23:05,,Fechado sem merge,5,76,9,3.0
PR-C02-P02-003599,C02-P02,C02-E0022,2025-11-04 07:05:52,2025-11-05 01:05:52,Merged,3,52,9,1.0
PR-C02-P02-003600,C02-P02,C02-E0056,2025-11-09 15:19:44,2025-11-10 18:19:44,Merged,5,62,95,0.0
PR-C02-P02-003601,C02-P02,C02-E0117,2025-11-27 14:41:41,2025-11-30 22:41:41,Merged,8,30,110,3.0
PR-C02-P02-003602,C02-P02,C02-E0118,2025-11-18 14:54:09,2025-11-19 15:54:09,Merged,13,41,29,2.0
PR-C02-P02-003603,C02-P02,C02-E0051,2025-11-14 11:06:54,2025-11-15 19:06:54,Merged,3,72,50,2.0
PR-C02-P02-003604,C02-P02,C02-E0031,2025-11-01 19:20:23,2025-11-02 10:20:23,Merged,6,111,109,2.0
PR-C02-P02-003605,C02-P02,C02-E0006,2025-11-07 12:42:17,2025-11-09 08:42:17,Merged,3,78,139,0.0
PR-C02-P02-003606,C02-P02,C02-E0032,2025-11-01 09:30:08,,Aberto,3,45,40,2.0
PR-C02-P02-003607,C02-P02,C02-E0068,2025-12-05 10:48:14,2025-12-07 17:48:14,Merged,3,62,72,0.0
PR-C02-P02-003608,C02-P02,C02-E0006,2025-12-16 13:15:28,2025-12-17 04:15:28,Merged,6,67,46,2.0
PR-C02-P02-003609,C02-P02,C02-E0119,2025-12-18 21:03:06,2025-12-19 01:03:06,Merged,6,158,46,3.0
PR-C02-P02-003610,C02-P02,C02-E0032,2025-12-13 20:06:29,2025-12-16 10:06:29,Merged,11,20,36,1.0
PR-C02-P02-003611,C02-P02,C02-E0057,2025-12-04 20:48:15,,Fechado sem merge,22,256,19,
PR-C02-P02-003612,C02-P02,C02-E0059,2025-12-31 14:29:23,2026-01-01 13:29:23,Merged,8,38,12,
PR-C02-P02-003613,C02-P02,C02-E0107,2025-12-02 18:06:35,2025-12-06 06:06:35,Merged,7,121,7,1.0
PR-C02-P02-003614,C02-P02,C02-E0111,2025-12-07 21:58:16,2025-12-10 03:58:16,Merged,4,124,21,1.0
PR-C02-P02-003615,C02-P02,C02-E0106,2025-12-14 12:30:58,2025-12-17 08:30:58,Merged,7,9,25,0.0
PR-C02-P02-003616,C02-P02,C02-E0086,2025-12-15 12:13:46,2025-12-19 07:13:46,Merged,4,132,59,1.0
PR-C02-P02-003617,C02-P02,C02-E0081,2025-12-23 14:12:38,2025-12-24 16:12:38,Merged,4,154,19,2.0
PR-C02-P02-003618,C02-P02,C02-E0098,2025-12-15 21:00:23,2025-12-17 06:00:23,Merged,2,43,6,2.0
PR-C02-P02-003619,C02-P02,C02-E0067,2025-12-15 18:31:49,2025-12-19 08:31:49,Merged,3,94,12,1.0
PR-C02-P02-003620,C02-P02,C02-E0091,2025-12-09 11:40:07,2025-12-09 14:40:07,Merged,11,10,46,2.0
PR-C02-P02-003621,C02-P02,C02-E0021,2025-12-31 16:24:43,2026-01-02 22:24:43,Merged,1,92,73,1.0
PR-C02-P02-003622,C02-P02,C02-E0047,2025-12-05 09:46:01,2025-12-06 20:46:01,Merged,6,21,46,2.0
PR-C02-P02-003623,C02-P02,C02-E0033,2025-12-14 07:42:51,2025-12-16 13:42:51,Merged,1,58,14,3.0
PR-C02-P02-003624,C02-P02,C02-E0055,2026-01-26 13:35:20,2026-01-28 16:35:20,Merged,4,21,41,2.0
PR-C02-P02-003625,C02-P02,C02-E0006,2026-01-14 21:14:14,2026-01-16 01:14:14,Merged,3,123,27,3.0
PR-C02-P02-003626,C02-P02,C02-E0006,2026-01-06 20:11:33,2026-01-09 22:11:33,Merged,8,13,16,1.0
PR-C02-P02-003627,C02-P02,C02-E0076,2026-01-31 08:01:07,,Aberto,2,11,16,2.0
PR-C02-P02-003628,C02-P02,C02-E0043,2026-01-05 08:35:58,2026-01-08 02:35:58,Merged,3,83,112,3.0
PR-C02-P02-003629,C02-P02,C02-E0006,2026-01-27 18:30:11,2026-01-30 10:30:11,Merged,7,63,100,2.0
PR-C02-P02-003630,C02-P02,C02-E0004,2026-01-13 11:51:57,,Aberto,3,122,24,1.0
PR-C02-P02-003631,C02-P02,C02-E0117,2026-01-22 15:19:25,,Aberto,5,35,6,1.0
PR-C02-P02-003632,C02-P02,C02-E0057,2026-01-23 17:22:39,,Aberto,3,12,14,2.0
PR-C02-P02-003633,C02-P02,C02-E0113,2026-01-29 14:02:11,2026-02-01 09:02:11,Merged,1,36,92,
PR-C02-P02-003634,C02-P02,C02-E0052,2026-01-14 08:01:16,2026-01-14 21:01:16,Merged,8,64,94,1.0
PR-C02-P02-003635,C02-P02,C02-E0014,2026-01-07 20:05:54,,Fechado sem merge,7,264,34,1.0
PR-C02-P02-003636,C02-P02,C02-E0022,2026-01-04 13:54:45,2026-01-05 03:54:45,Merged,10,75,104,0.0
PR-C02-P02-003637,C02-P02,C02-E0035,2026-02-21 07:01:40,,Fechado sem merge,16,192,12,1.0
PR-C02-P02-003638,C02-P02,C02-E0076,2026-02-25 21:22:56,2026-02-28 12:22:56,Merged,12,104,12,1.0
PR-C02-P02-003639,C02-P02,C02-E0091,2026-02-09 12:09:09,2026-02-12 21:09:09,Merged,4,201,63,0.0
PR-C02-P02-003640,C02-P02,C02-E0005,2026-02-01 19:42:37,,Fechado sem merge,5,69,6,0.0
PR-C02-P02-003641,C02-P02,C02-E0023,2026-02-18 13:32:49,2026-02-20 05:32:49,Merged,8,54,15,1.0
PR-C02-P02-003642,C02-P02,C02-E0117,2026-02-08 20:53:10,2026-02-10 20:53:10,Merged,1,74,42,3.0
PR-C02-P02-003643,C02-P02,C02-E0097,2026-02-17 18:33:02,2026-02-18 20:33:02,Merged,2,173,14,3.0
PR-C02-P02-003644,C02-P02,C02-E0115,2026-02-04 19:08:56,,Aberto,2,14,57,1.0
PR-C02-P02-003645,C02-P02,C02-E0063,2026-02-16 13:44:05,2026-02-20 06:44:05,Merged,9,46,39,3.0
PR-C02-P02-003646,C02-P02,C02-E0043,2026-02-26 12:41:42,,Fechado sem merge,6,32,9,1.0
PR-C02-P02-003647,C02-P02,C02-E0107,2026-02-01 17:51:41,2026-02-03 21:51:41,Merged,7,67,42,2.0
PR-C02-P02-003648,C02-P02,C02-E0063,2026-02-26 18:08:59,2026-03-02 02:08:59,Merged,5,27,18,0.0
PR-C02-P02-003649,C02-P02,C02-E0080,2026-02-04 12:44:03,2026-02-07 17:44:03,Merged,5,24,24,1.0
PR-C02-P02-003650,C02-P02,C02-E0089,2026-03-23 13:00:16,,Aberto,11,105,44,1.0
PR-C02-P02-003651,C02-P02,C02-E0076,2026-03-27 21:05:03,,Fechado sem merge,5,189,27,0.0
PR-C02-P02-003652,C02-P02,C02-E0066,2026-03-27 18:13:01,,Aberto,5,111,20,3.0
PR-C02-P02-003653,C02-P02,C02-E0005,2026-03-02 08:17:37,2026-03-03 10:17:37,Merged,3,41,9,3.0
PR-C02-P02-003654,C02-P02,C02-E0099,2026-04-06 17:06:49,,Aberto,1,125,56,1.0
PR-C02-P02-003655,C02-P02,C02-E0083,2026-04-08 18:39:00,2026-04-12 06:39:00,Merged,4,25,11,0.0
PR-C02-P02-003656,C02-P02,C02-E0028,2026-04-28 17:08:50,,Fechado sem merge,1,171,34,
PR-C02-P02-003657,C02-P02,C02-E0067,2026-04-23 07:30:17,2026-04-27 03:30:17,Merged,1,132,42,1.0
PR-C02-P02-003658,C02-P02,C02-E0114,2026-04-03 15:41:47,2026-04-06 10:41:47,Merged,5,68,67,3.0
PR-C02-P02-003659,C02-P02,C02-E0074,2026-04-13 14:05:00,2026-04-17 11:05:00,Merged,9,27,2,1.0
PR-C02-P02-003660,C02-P02,C02-E0015,2026-04-22 08:00:32,,Fechado sem merge,2,20,5,0.0
PR-C02-P02-003661,C02-P02,C02-E0055,2026-04-26 16:31:51,2026-04-28 01:31:51,Merged,3,66,49,3.0
PR-C02-P02-003662,C02-P02,C02-E0015,2026-04-26 08:31:27,2026-04-29 13:31:27,Merged,1,86,49,2.0
PR-C02-P02-003663,C02-P02,C02-E0066,2026-05-06 16:14:52,2026-05-07 15:14:52,Merged,3,45,5,1.0
PR-C02-P02-003664,C02-P02,C02-E0023,2026-05-29 11:55:44,2026-05-31 11:55:44,Merged,1,50,48,2.0
PR-C02-P02-003665,C02-P02,C02-E0065,2026-05-29 12:51:55,2026-05-31 16:51:55,Merged,7,58,61,2.0
PR-C02-P02-003666,C02-P02,C02-E0005,2026-05-06 07:06:25,2026-05-07 00:06:25,Merged,3,80,0,2.0
PR-C02-P02-003667,C02-P02,C02-E0029,2026-05-18 21:27:36,,Fechado sem merge,4,85,41,2.0
PR-C02-P02-003668,C02-P02,C02-E0010,2026-06-20 12:21:55,2026-06-21 02:21:55,Merged,1,50,68,2.0
PR-C02-P02-003669,C02-P02,C02-E0028,2026-06-06 07:24:46,,Aberto,1,148,53,1.0
PR-C02-P02-003670,C02-P02,C02-E0021,2026-06-05 16:44:24,2026-06-07 10:44:24,Merged,3,69,42,1.0
PR-C02-P02-003671,C02-P02,C02-E0055,2026-06-25 10:50:25,2026-06-26 18:50:25,Merged,1,59,28,0.0
PR-C02-P02-003672,C02-P02,C02-E0049,2026-06-04 21:49:00,,Fechado sem merge,4,146,43,
PR-C02-P02-003673,C02-P02,C02-E0047,2026-06-28 11:50:40,2026-06-28 19:50:40,Merged,14,117,93,1.0
PR-C02-P02-003674,C02-P02,C02-E0031,2026-06-04 15:23:23,,Aberto,5,33,4,1.0
PR-C02-P02-003675,C02-P02,C02-E0063,2026-06-09 21:56:26,2026-06-13 12:56:26,Merged,2,64,11,0.0
PR-C02-P02-003676,C02-P02,C02-E0035,2026-06-02 08:03:40,2026-06-06 05:03:40,Merged,11,58,44,2.0
PR-C02-P02-003677,C02-P02,C02-E0016,2026-06-01 14:53:36,,Fechado sem merge,8,21,18,2.0
PR-C02-P02-003678,C02-P02,C02-E0010,2026-06-09 18:21:16,2026-06-10 03:21:16,Merged,18,74,22,
PR-C02-P02-003679,C02-P02,C02-E0051,2026-06-23 13:26:22,,Aberto,4,30,53,1.0
PR-C02-P02-003680,C02-P02,C02-E0013,2026-07-04 14:35:22,2026-07-06 10:35:22,Merged,1,8,127,1.0
PR-C02-P02-003681,C02-P02,C02-E0031,2026-07-08 19:04:24,2026-07-09 02:04:24,Merged,5,29,26,3.0
PR-C02-P02-003682,C02-P02,C02-E0056,2026-07-23 19:04:06,2026-07-25 11:04:06,Merged,5,83,7,0.0
PR-C02-P02-003683,C02-P02,C02-E0012,2026-07-07 09:53:00,2026-07-11 05:53:00,Merged,10,26,11,
PR-C02-P02-003684,C02-P02,C02-E0016,2026-07-24 09:40:32,2026-07-27 18:40:32,Merged,6,118,18,2.0
PR-C02-P02-003685,C02-P02,C02-E0033,2026-07-09 07:12:54,2026-07-10 05:12:54,Merged,1,74,11,1.0
PR-C02-P02-003686,C02-P02,C02-E0046,2026-07-17 07:46:32,2026-07-18 17:46:32,Merged,2,57,65,2.0
PR-C02-P02-003687,C02-P02,C02-E0111,2026-07-16 20:50:34,2026-07-20 15:50:34,Merged,12,48,72,0.0
PR-C02-P02-003688,C02-P02,C02-E0001,2026-07-14 17:04:50,2026-07-18 15:04:50,Merged,8,76,87,0.0
PR-C02-P02-003689,C02-P02,C02-E0055,2026-07-08 18:18:07,2026-07-11 18:18:07,Merged,8,76,61,2.0
PR-C02-P02-003690,C02-P02,C02-E0052,2026-07-30 12:10:10,2026-07-30 15:10:10,Merged,13,78,37,3.0
PR-C02-P02-003691,C02-P02,C02-E0035,2026-07-09 16:04:39,2026-07-13 02:04:39,Merged,2,99,21,1.0
PR-C02-P02-003692,C02-P02,C02-E0030,2026-07-30 20:36:30,2026-08-02 10:36:30,Merged,1,128,11,2.0
PR-C02-P02-003693,C02-P02,C02-E0028,2026-07-16 14:35:28,2026-07-19 14:35:28,Merged,4,30,24,1.0
PR-C02-P02-003694,C02-P02,C02-E0013,2026-07-13 21:53:03,2026-07-15 23:53:03,Merged,8,94,65,3.0
PR-C02-P03-003695,C02-P03,C02-E0009,2026-01-25 17:58:54,2026-01-28 03:58:54,Merged,3,68,10,2.0
PR-C02-P03-003696,C02-P03,C02-E0002,2026-01-15 08:01:58,,Fechado sem merge,3,69,43,0.0
PR-C02-P03-003697,C02-P03,C02-E0044,2026-01-16 12:49:08,2026-01-18 01:49:08,Merged,7,81,5,3.0
PR-C02-P03-003698,C02-P03,C02-E0022,2026-01-23 08:36:46,2026-01-23 23:36:46,Merged,4,34,7,1.0
PR-C02-P03-003699,C02-P03,C02-E0107,2026-01-01 13:39:29,2026-01-03 12:39:29,Merged,1,57,34,1.0
PR-C02-P03-003700,C02-P03,C02-E0021,2026-01-24 18:28:38,2026-01-25 14:28:38,Merged,3,112,28,1.0
PR-C02-P03-003701,C02-P03,C02-E0006,2026-01-21 08:37:52,2026-01-23 14:37:52,Merged,2,74,34,1.0
PR-C02-P03-003702,C02-P03,C02-E0083,2026-01-09 19:08:25,2026-01-10 00:08:25,Merged,2,43,20,2.0
PR-C02-P03-003703,C02-P03,C02-E0006,2026-01-31 09:36:35,2026-02-02 14:36:35,Merged,5,116,16,2.0
PR-C02-P03-003704,C02-P03,C02-E0001,2026-01-25 18:45:27,,Aberto,10,25,21,3.0
PR-C02-P03-003705,C02-P03,C02-E0120,2026-01-21 09:40:21,,Aberto,5,221,22,1.0
PR-C02-P03-003706,C02-P03,C02-E0059,2026-01-13 17:15:23,2026-01-15 08:15:23,Merged,9,9,22,1.0
PR-C02-P03-003707,C02-P03,C02-E0096,2026-01-26 11:11:25,2026-01-27 22:11:25,Merged,2,180,48,1.0
PR-C02-P03-003708,C02-P03,C02-E0019,2026-01-16 19:07:56,,Fechado sem merge,1,81,6,2.0
PR-C02-P03-003709,C02-P03,C02-E0080,2026-01-15 17:27:56,,Aberto,6,14,71,1.0
PR-C02-P03-003710,C02-P03,C02-E0091,2026-01-11 16:21:59,2026-01-12 01:21:59,Merged,2,157,39,1.0
PR-C02-P03-003711,C02-P03,C02-E0059,2026-01-20 20:56:07,2026-01-23 03:56:07,Merged,11,126,53,3.0
PR-C02-P03-003712,C02-P03,C02-E0050,2026-01-10 12:11:52,2026-01-12 06:11:52,Merged,7,62,37,2.0
PR-C02-P03-003713,C02-P03,C02-E0084,2026-01-05 10:07:52,2026-01-06 03:07:52,Merged,1,52,82,0.0
PR-C02-P03-003714,C02-P03,C02-E0057,2026-01-02 18:04:51,2026-01-03 23:04:51,Merged,5,208,23,1.0
PR-C02-P03-003715,C02-P03,C02-E0029,2026-01-09 10:36:40,2026-01-11 08:36:40,Merged,3,105,36,2.0
PR-C02-P03-003716,C02-P03,C02-E0070,2026-01-22 12:17:07,2026-01-26 02:17:07,Merged,4,70,11,2.0
PR-C02-P03-003717,C02-P03,C02-E0086,2026-01-28 18:05:09,2026-01-30 19:05:09,Merged,3,37,17,2.0
PR-C02-P03-003718,C02-P03,C02-E0115,2026-01-27 21:05:30,2026-01-28 21:05:30,Merged,9,326,2,1.0
PR-C02-P03-003719,C02-P03,C02-E0052,2026-01-19 11:14:11,2026-01-20 07:14:11,Merged,21,127,63,3.0
PR-C02-P03-003720,C02-P03,C02-E0019,2026-01-10 17:03:53,2026-01-12 21:03:53,Merged,5,145,152,0.0
PR-C02-P03-003721,C02-P03,C02-E0016,2026-01-20 09:53:41,2026-01-22 18:53:41,Merged,14,117,47,0.0
PR-C02-P03-003722,C02-P03,C02-E0076,2026-01-17 20:53:24,2026-01-18 20:53:24,Merged,2,145,20,2.0
PR-C02-P03-003723,C02-P03,C02-E0014,2026-01-16 18:17:20,2026-01-16 21:17:20,Merged,8,76,32,1.0
PR-C02-P03-003724,C02-P03,C02-E0009,2026-01-14 16:26:25,2026-01-14 23:26:25,Merged,2,44,47,0.0
PR-C02-P03-003725,C02-P03,C02-E0048,2026-01-20 20:24:35,,Fechado sem merge,4,161,90,1.0
PR-C02-P03-003726,C02-P03,C02-E0066,2026-01-25 13:02:00,2026-01-29 04:02:00,Merged,6,17,29,1.0
PR-C02-P03-003727,C02-P03,C02-E0104,2026-01-04 10:22:07,2026-01-08 02:22:07,Merged,11,146,42,2.0
PR-C02-P03-003728,C02-P03,C02-E0101,2026-01-24 19:11:22,2026-01-27 05:11:22,Merged,1,52,7,1.0
PR-C02-P03-003729,C02-P03,C02-E0030,2026-01-28 19:27:47,2026-01-31 05:27:47,Merged,6,21,41,3.0
PR-C02-P03-003730,C02-P03,C02-E0035,2026-01-23 21:50:56,2026-01-26 21:50:56,Merged,13,114,24,2.0
PR-C02-P03-003731,C02-P03,C02-E0087,2026-01-07 14:19:07,2026-01-10 20:19:07,Merged,6,11,17,2.0
PR-C02-P03-003732,C02-P03,C02-E0050,2026-01-12 10:41:59,,Fechado sem merge,2,4,38,2.0
PR-C02-P03-003733,C02-P03,C02-E0065,2026-01-18 07:05:45,,Fechado sem merge,2,51,29,2.0
PR-C02-P03-003734,C02-P03,C02-E0005,2026-01-03 19:20:41,2026-01-06 07:20:41,Merged,11,2,24,1.0
PR-C02-P03-003735,C02-P03,C02-E0035,2026-01-04 21:44:30,2026-01-07 16:44:30,Merged,2,57,144,3.0
PR-C02-P03-003736,C02-P03,C02-E0120,2026-01-12 16:22:42,,Aberto,1,74,26,2.0
PR-C02-P03-003737,C02-P03,C02-E0053,2026-01-24 12:11:23,,Fechado sem merge,4,28,5,0.0
PR-C02-P03-003738,C02-P03,C02-E0033,2026-01-16 14:53:17,2026-01-19 13:53:17,Merged,1,83,8,3.0
PR-C02-P03-003739,C02-P03,C02-E0087,2026-01-28 14:49:59,2026-01-30 16:49:59,Merged,5,96,38,1.0
PR-C02-P03-003740,C02-P03,C02-E0005,2026-01-29 09:13:53,2026-01-29 17:13:53,Merged,7,78,63,2.0
PR-C02-P03-003741,C02-P03,C02-E0021,2026-01-10 16:23:55,2026-01-14 01:23:55,Merged,6,174,28,2.0
PR-C02-P03-003742,C02-P03,C02-E0051,2026-01-01 21:40:35,2026-01-04 16:40:35,Merged,7,48,13,0.0
PR-C02-P03-003743,C02-P03,C02-E0092,2026-01-23 18:53:37,2026-01-26 03:53:37,Merged,3,219,3,1.0
PR-C02-P03-003744,C02-P03,C02-E0098,2026-01-29 10:02:02,2026-02-02 02:02:02,Merged,5,147,1,2.0
PR-C02-P03-003745,C02-P03,C02-E0104,2026-01-22 11:19:43,,Fechado sem merge,11,98,27,
PR-C02-P03-003746,C02-P03,C02-E0065,2026-01-02 10:26:50,2026-01-06 10:26:50,Merged,10,130,33,2.0
PR-C02-P03-003747,C02-P03,C02-E0023,2026-01-15 19:49:40,2026-01-16 10:49:40,Merged,4,84,9,0.0
PR-C02-P03-003748,C02-P03,C02-E0083,2026-01-26 19:28:58,,Aberto,6,46,41,2.0
PR-C02-P03-003749,C02-P03,C02-E0120,2026-02-04 14:21:20,2026-02-07 20:21:20,Merged,4,20,92,0.0
PR-C02-P03-003750,C02-P03,C02-E0001,2026-02-25 12:29:58,2026-02-27 21:29:58,Merged,4,76,2,1.0
PR-C02-P03-003751,C02-P03,C02-E0060,2026-02-23 07:16:17,2026-02-26 00:16:17,Merged,1,21,50,1.0
PR-C02-P03-003752,C02-P03,C02-E0012,2026-02-26 09:33:47,2026-03-02 00:33:47,Merged,9,101,24,1.0
PR-C02-P03-003753,C02-P03,C02-E0043,2026-02-25 11:43:34,2026-02-27 20:43:34,Merged,10,8,49,3.0
PR-C02-P03-003754,C02-P03,C02-E0002,2026-02-23 13:06:05,2026-02-27 04:06:05,Merged,1,67,8,2.0
PR-C02-P03-003755,C02-P03,C02-E0002,2026-02-12 08:06:37,2026-02-16 04:06:37,Merged,2,72,41,2.0
PR-C02-P03-003756,C02-P03,C02-E0013,2026-02-26 08:49:23,2026-03-01 05:49:23,Merged,2,165,2,1.0
PR-C02-P03-003757,C02-P03,C02-E0024,2026-02-12 13:46:16,2026-02-14 23:46:16,Merged,8,61,32,2.0
PR-C02-P03-003758,C02-P03,C02-E0083,2026-02-01 10:14:43,2026-02-04 14:14:43,Merged,3,95,5,1.0
PR-C02-P03-003759,C02-P03,C02-E0080,2026-02-16 14:00:58,2026-02-17 09:00:58,Merged,4,2,9,1.0
PR-C02-P03-003760,C02-P03,C02-E0120,2026-02-27 07:16:07,2026-03-01 08:16:07,Merged,9,51,44,3.0
PR-C02-P03-003761,C02-P03,C02-E0005,2026-02-17 12:52:32,2026-02-21 09:52:32,Merged,1,122,49,1.0
PR-C02-P03-003762,C02-P03,C02-E0083,2026-02-01 11:30:55,2026-02-03 10:30:55,Merged,1,173,10,1.0
PR-C02-P03-003763,C02-P03,C02-E0030,2026-02-06 15:14:50,,Aberto,7,136,53,2.0
PR-C02-P03-003764,C02-P03,C02-E0060,2026-02-27 13:46:23,2026-03-02 10:46:23,Merged,2,61,17,2.0
PR-C02-P03-003765,C02-P03,C02-E0059,2026-02-15 12:07:42,,Aberto,2,41,55,2.0
PR-C02-P03-003766,C02-P03,C02-E0096,2026-02-19 16:54:39,2026-02-22 18:54:39,Merged,4,127,32,1.0
PR-C02-P03-003767,C02-P03,C02-E0093,2026-02-02 20:53:55,2026-02-06 11:53:55,Merged,3,90,28,1.0
PR-C02-P03-003768,C02-P03,C02-E0093,2026-02-10 21:28:04,,Fechado sem merge,2,180,30,3.0
PR-C02-P03-003769,C02-P03,C02-E0067,2026-02-19 21:01:14,2026-02-23 17:01:14,Merged,3,22,31,0.0
PR-C02-P03-003770,C02-P03,C02-E0034,2026-02-01 18:49:20,2026-02-03 17:49:20,Merged,8,90,30,0.0
PR-C02-P03-003771,C02-P03,C02-E0028,2026-02-10 21:02:11,,Fechado sem merge,4,39,32,
PR-C02-P03-003772,C02-P03,C02-E0071,2026-02-25 21:36:24,2026-02-26 11:36:24,Merged,11,63,47,1.0
PR-C02-P03-003773,C02-P03,C02-E0048,2026-02-26 18:52:12,,Fechado sem merge,2,34,28,2.0
PR-C02-P03-003774,C02-P03,C02-E0028,2026-02-28 20:38:47,2026-03-03 08:38:47,Merged,5,63,15,3.0
PR-C02-P03-003775,C02-P03,C02-E0118,2026-02-22 14:22:38,2026-02-23 20:22:38,Merged,1,109,7,1.0
PR-C02-P03-003776,C02-P03,C02-E0046,2026-02-27 10:35:34,,Fechado sem merge,3,30,84,1.0
PR-C02-P03-003777,C02-P03,C02-E0028,2026-02-20 20:32:38,2026-02-21 17:32:38,Merged,1,15,50,1.0
PR-C02-P03-003778,C02-P03,C02-E0008,2026-02-28 13:32:04,,Aberto,5,68,80,2.0
PR-C02-P03-003779,C02-P03,C02-E0119,2026-02-27 16:52:14,2026-03-01 04:52:14,Merged,7,131,34,3.0
PR-C02-P03-003780,C02-P03,C02-E0099,2026-02-12 17:08:49,2026-02-13 05:08:49,Merged,11,132,58,2.0
PR-C02-P03-003781,C02-P03,C02-E0063,2026-02-28 11:28:37,2026-03-02 21:28:37,Merged,13,121,57,2.0
PR-C02-P03-003782,C02-P03,C02-E0044,2026-02-08 09:34:29,2026-02-11 14:34:29,Merged,5,47,49,3.0
PR-C02-P03-003783,C02-P03,C02-E0006,2026-02-27 08:05:58,2026-02-28 00:05:58,Merged,5,100,113,2.0
PR-C02-P03-003784,C02-P03,C02-E0082,2026-02-28 17:37:17,2026-03-02 22:37:17,Merged,4,84,57,2.0
PR-C02-P03-003785,C02-P03,C02-E0006,2026-02-04 12:59:21,2026-02-06 05:59:21,Merged,14,44,111,2.0
PR-C02-P03-003786,C02-P03,C02-E0046,2026-02-26 08:38:32,,Aberto,13,45,36,
PR-C02-P03-003787,C02-P03,C02-E0056,2026-02-22 09:59:37,,Aberto,2,11,26,2.0
PR-C02-P03-003788,C02-P03,C02-E0091,2026-02-17 11:29:11,2026-02-18 18:29:11,Merged,13,52,19,0.0
PR-C02-P03-003789,C02-P03,C02-E0096,2026-02-16 12:12:04,,Fechado sem merge,1,75,17,2.0
PR-C02-P03-003790,C02-P03,C02-E0097,2026-03-25 19:22:02,2026-03-28 17:22:02,Merged,7,7,6,2.0
PR-C02-P03-003791,C02-P03,C02-E0056,2026-03-24 08:06:10,2026-03-24 09:06:10,Merged,3,166,24,3.0
PR-C02-P03-003792,C02-P03,C02-E0048,2026-03-11 18:26:34,2026-03-15 01:26:34,Merged,22,23,103,1.0
PR-C02-P03-003793,C02-P03,C02-E0082,2026-03-22 14:19:18,2026-03-23 13:19:18,Merged,9,13,80,3.0
PR-C02-P03-003794,C02-P03,C02-E0031,2026-03-29 16:41:38,2026-04-02 11:41:38,Merged,14,179,22,0.0
PR-C02-P03-003795,C02-P03,C02-E0043,2026-03-05 13:44:56,2026-03-08 19:44:56,Merged,4,56,51,1.0
PR-C02-P03-003796,C02-P03,C02-E0083,2026-03-27 15:12:02,2026-03-28 03:12:02,Merged,9,23,19,3.0
PR-C02-P03-003797,C02-P03,C02-E0049,2026-03-08 18:11:24,2026-03-09 23:11:24,Merged,4,100,77,0.0
PR-C02-P03-003798,C02-P03,C02-E0074,2026-03-25 12:31:37,2026-03-29 00:31:37,Merged,1,42,22,1.0
PR-C02-P03-003799,C02-P03,C02-E0005,2026-03-05 08:52:36,2026-03-05 16:52:36,Merged,1,43,41,3.0
PR-C02-P03-003800,C02-P03,C02-E0080,2026-03-31 12:10:40,2026-04-03 01:10:40,Merged,2,18,34,2.0
PR-C02-P03-003801,C02-P03,C02-E0049,2026-03-05 10:47:40,2026-03-08 11:47:40,Merged,7,37,2,1.0
PR-C02-P03-003802,C02-P03,C02-E0035,2026-03-27 20:15:55,2026-03-30 19:15:55,Merged,4,94,20,2.0
PR-C02-P03-003803,C02-P03,C02-E0030,2026-03-21 20:21:01,2026-03-21 23:21:01,Merged,9,25,61,3.0
PR-C02-P03-003804,C02-P03,C02-E0086,2026-03-12 20:32:45,2026-03-15 18:32:45,Merged,3,76,25,2.0
PR-C02-P03-003805,C02-P03,C02-E0084,2026-03-10 14:59:53,,Fechado sem merge,2,149,28,1.0
PR-C02-P03-003806,C02-P03,C02-E0066,2026-03-11 14:11:39,,Aberto,6,12,27,2.0
PR-C02-P03-003807,C02-P03,C02-E0089,2026-03-24 21:44:56,,Fechado sem merge,3,48,126,2.0
PR-C02-P03-003808,C02-P03,C02-E0074,2026-03-19 13:00:58,2026-03-22 20:00:58,Merged,7,155,14,2.0
PR-C02-P03-003809,C02-P03,C02-E0060,2026-03-26 17:14:52,2026-03-27 20:14:52,Merged,5,93,30,0.0
PR-C02-P03-003810,C02-P03,C02-E0002,2026-03-30 08:55:56,2026-03-30 14:55:56,Merged,7,55,29,2.0
PR-C02-P03-003811,C02-P03,C02-E0096,2026-03-22 15:04:29,2026-03-26 02:04:29,Merged,13,28,50,1.0
PR-C02-P03-003812,C02-P03,C02-E0059,2026-03-15 15:38:21,2026-03-19 09:38:21,Merged,2,160,28,0.0
PR-C02-P03-003813,C02-P03,C02-E0015,2026-03-06 13:28:47,2026-03-09 19:28:47,Merged,2,22,6,0.0
PR-C02-P03-003814,C02-P03,C02-E0005,2026-03-03 12:00:36,2026-03-06 01:00:36,Merged,10,28,23,
PR-C02-P03-003815,C02-P03,C02-E0084,2026-03-23 20:20:22,2026-03-25 05:20:22,Merged,4,32,20,2.0
PR-C02-P03-003816,C02-P03,C02-E0074,2026-03-13 18:36:42,2026-03-16 05:36:42,Merged,1,63,42,1.0
PR-C02-P03-003817,C02-P03,C02-E0012,2026-03-23 15:33:18,2026-03-26 06:33:18,Merged,7,85,59,3.0
PR-C02-P03-003818,C02-P03,C02-E0068,2026-03-13 09:40:55,2026-03-14 20:40:55,Merged,2,51,32,1.0
PR-C02-P03-003819,C02-P03,C02-E0111,2026-03-22 15:35:52,2026-03-25 01:35:52,Merged,1,60,1,1.0
PR-C02-P03-003820,C02-P03,C02-E0013,2026-03-27 09:42:20,2026-03-27 19:42:20,Merged,3,145,1,1.0
PR-C02-P03-003821,C02-P03,C02-E0106,2026-03-28 12:39:40,2026-03-31 19:39:40,Merged,7,69,9,3.0
PR-C02-P03-003822,C02-P03,C02-E0010,2026-03-16 17:32:39,2026-03-20 10:32:39,Merged,5,73,46,2.0
PR-C02-P03-003823,C02-P03,C02-E0015,2026-03-23 18:56:43,2026-03-27 00:56:43,Merged,3,36,29,3.0
PR-C02-P03-003824,C02-P03,C02-E0050,2026-03-24 17:30:04,2026-03-27 11:30:04,Merged,5,25,25,2.0
PR-C02-P03-003825,C02-P03,C02-E0120,2026-03-22 19:11:30,2026-03-24 15:11:30,Merged,13,45,49,1.0
PR-C02-P03-003826,C02-P03,C02-E0098,2026-03-03 09:00:24,2026-03-03 16:00:24,Merged,8,48,68,3.0
PR-C02-P03-003827,C02-P03,C02-E0120,2026-03-12 10:38:21,2026-03-13 01:38:21,Merged,12,20,18,
PR-C02-P03-003828,C02-P03,C02-E0008,2026-03-21 10:45:07,2026-03-23 19:45:07,Merged,5,44,90,2.0
PR-C02-P03-003829,C02-P03,C02-E0083,2026-03-07 21:33:29,2026-03-09 00:33:29,Merged,2,87,16,2.0
PR-C02-P03-003830,C02-P03,C02-E0015,2026-03-07 07:29:01,2026-03-07 23:29:01,Merged,10,59,5,1.0
PR-C02-P03-003831,C02-P03,C02-E0057,2026-03-04 17:45:37,2026-03-08 07:45:37,Merged,7,12,34,3.0
PR-C02-P03-003832,C02-P03,C02-E0008,2026-03-10 20:43:51,2026-03-12 11:43:51,Merged,7,75,7,2.0
PR-C02-P03-003833,C02-P03,C02-E0052,2026-03-28 17:16:24,2026-03-29 02:16:24,Merged,4,89,40,3.0
PR-C02-P03-003834,C02-P03,C02-E0094,2026-03-26 13:40:16,2026-03-28 06:40:16,Merged,1,48,14,1.0
PR-C02-P03-003835,C02-P03,C02-E0040,2026-03-20 07:12:23,,Aberto,20,59,6,1.0
PR-C02-P03-003836,C02-P03,C02-E0010,2026-03-11 15:34:03,,Aberto,10,72,41,2.0
PR-C02-P03-003837,C02-P03,C02-E0030,2026-03-17 17:06:28,2026-03-21 11:06:28,Merged,5,39,32,2.0
PR-C02-P03-003838,C02-P03,C02-E0108,2026-03-10 07:49:05,,Aberto,12,146,19,1.0
PR-C02-P03-003839,C02-P03,C02-E0111,2026-03-19 11:27:54,2026-03-19 16:27:54,Merged,11,70,31,0.0
PR-C02-P03-003840,C02-P03,C02-E0051,2026-03-14 09:13:06,,Aberto,2,129,57,2.0
PR-C02-P03-003841,C02-P03,C02-E0034,2026-04-08 07:17:18,2026-04-09 18:17:18,Merged,3,7,37,2.0
PR-C02-P03-003842,C02-P03,C02-E0052,2026-04-27 21:22:20,2026-04-29 22:22:20,Merged,3,115,12,1.0
PR-C02-P03-003843,C02-P03,C02-E0047,2026-04-21 14:11:07,2026-04-22 04:11:07,Merged,5,73,79,2.0
PR-C02-P03-003844,C02-P03,C02-E0048,2026-04-30 14:17:28,,Aberto,8,33,14,3.0
PR-C02-P03-003845,C02-P03,C02-E0009,2026-04-26 11:41:42,,Aberto,4,42,36,2.0
PR-C02-P03-003846,C02-P03,C02-E0055,2026-04-09 16:56:57,2026-04-10 05:56:57,Merged,3,70,31,1.0
PR-C02-P03-003847,C02-P03,C02-E0051,2026-04-13 14:18:03,,Fechado sem merge,6,158,48,
PR-C02-P03-003848,C02-P03,C02-E0057,2026-04-02 08:32:31,,Aberto,1,52,66,2.0
PR-C02-P03-003849,C02-P03,C02-E0092,2026-04-18 08:42:15,,Fechado sem merge,1,178,16,1.0
PR-C02-P03-003850,C02-P03,C02-E0023,2026-04-21 16:11:28,2026-04-22 11:11:28,Merged,17,82,17,3.0
PR-C02-P03-003851,C02-P03,C02-E0013,2026-04-24 19:50:34,2026-04-26 21:50:34,Merged,7,9,32,1.0
PR-C02-P03-003852,C02-P03,C02-E0030,2026-04-20 15:42:53,2026-04-23 04:42:53,Merged,5,113,34,0.0
PR-C02-P03-003853,C02-P03,C02-E0001,2026-04-24 10:15:52,2026-04-27 13:15:52,Merged,4,78,29,2.0
PR-C02-P03-003854,C02-P03,C02-E0063,2026-04-13 20:48:06,,Fechado sem merge,2,31,6,
PR-C02-P03-003855,C02-P03,C02-E0104,2026-04-23 13:02:33,,Aberto,5,141,33,0.0
PR-C02-P03-003856,C02-P03,C02-E0033,2026-04-20 15:25:57,2026-04-22 17:25:57,Merged,5,38,12,1.0
PR-C02-P03-003857,C02-P03,C02-E0057,2026-04-21 11:04:49,2026-04-24 13:04:49,Merged,1,52,11,1.0
PR-C02-P03-003858,C02-P03,C02-E0071,2026-04-19 08:38:30,2026-04-22 18:38:30,Merged,10,144,25,1.0
PR-C02-P03-003859,C02-P03,C02-E0050,2026-04-27 10:57:03,2026-04-29 16:57:03,Merged,4,142,4,1.0
PR-C02-P03-003860,C02-P03,C02-E0084,2026-04-14 07:24:18,,Aberto,1,25,12,0.0
PR-C02-P03-003861,C02-P03,C02-E0080,2026-04-04 15:46:22,2026-04-07 11:46:22,Merged,9,34,34,0.0
PR-C02-P03-003862,C02-P03,C02-E0096,2026-04-06 15:47:26,2026-04-10 05:47:26,Merged,11,6,25,1.0
PR-C02-P03-003863,C02-P03,C02-E0067,2026-04-11 17:38:12,,Aberto,5,86,159,0.0
PR-C02-P03-003864,C02-P03,C02-E0059,2026-04-11 16:08:43,2026-04-12 13:08:43,Merged,17,134,8,1.0
PR-C02-P03-003865,C02-P03,C02-E0015,2026-04-18 15:03:50,2026-04-18 18:03:50,Merged,7,112,8,2.0
PR-C02-P03-003866,C02-P03,C02-E0083,2026-04-27 08:50:12,2026-05-01 04:50:12,Merged,4,41,26,1.0
PR-C02-P03-003867,C02-P03,C02-E0033,2026-04-29 17:11:41,2026-05-01 00:11:41,Merged,6,25,45,2.0
PR-C02-P03-003868,C02-P03,C02-E0013,2026-04-16 07:54:50,2026-04-18 15:54:50,Merged,10,160,19,1.0
PR-C02-P03-003869,C02-P03,C02-E0067,2026-04-15 18:17:44,2026-04-17 18:17:44,Merged,18,24,0,0.0
PR-C02-P03-003870,C02-P03,C02-E0031,2026-04-16 18:45:45,2026-04-18 18:45:45,Merged,1,70,28,0.0
PR-C02-P03-003871,C02-P03,C02-E0070,2026-04-09 21:08:36,2026-04-12 01:08:36,Merged,7,79,13,2.0
PR-C02-P03-003872,C02-P03,C02-E0047,2026-04-17 14:03:58,2026-04-21 09:03:58,Merged,2,104,41,2.0
PR-C02-P03-003873,C02-P03,C02-E0035,2026-04-18 14:58:27,2026-04-19 04:58:27,Merged,7,126,44,0.0
PR-C02-P03-003874,C02-P03,C02-E0081,2026-04-29 11:51:12,2026-04-30 21:51:12,Merged,4,103,66,3.0
PR-C02-P03-003875,C02-P03,C02-E0115,2026-04-22 17:53:55,2026-04-24 09:53:55,Merged,8,43,33,2.0
PR-C02-P03-003876,C02-P03,C02-E0066,2026-04-11 19:12:49,2026-04-14 13:12:49,Merged,4,222,5,0.0
PR-C02-P03-003877,C02-P03,C02-E0111,2026-04-15 14:31:26,2026-04-18 22:31:26,Merged,13,49,25,1.0
PR-C02-P03-003878,C02-P03,C02-E0051,2026-04-27 08:15:07,2026-04-27 12:15:07,Merged,14,93,43,0.0
PR-C02-P03-003879,C02-P03,C02-E0057,2026-04-18 15:02:58,,Aberto,7,9,41,2.0
PR-C02-P03-003880,C02-P03,C02-E0046,2026-04-28 15:44:48,,Aberto,16,163,46,1.0
PR-C02-P03-003881,C02-P03,C02-E0009,2026-04-19 20:37:15,2026-04-20 22:37:15,Merged,4,76,11,2.0
PR-C02-P03-003882,C02-P03,C02-E0032,2026-04-06 20:37:40,2026-04-08 10:37:40,Merged,3,65,7,0.0
PR-C02-P03-003883,C02-P03,C02-E0070,2026-04-18 16:46:34,,Fechado sem merge,5,125,47,2.0
PR-C02-P03-003884,C02-P03,C02-E0005,2026-05-16 08:46:23,,Aberto,1,28,28,3.0
PR-C02-P03-003885,C02-P03,C02-E0056,2026-05-02 17:02:34,,Aberto,5,19,43,0.0
PR-C02-P03-003886,C02-P03,C02-E0019,2026-05-19 09:16:02,2026-05-21 00:16:02,Merged,8,77,47,0.0
PR-C02-P03-003887,C02-P03,C02-E0047,2026-05-04 19:23:29,2026-05-06 15:23:29,Merged,4,98,10,1.0
PR-C02-P03-003888,C02-P03,C02-E0091,2026-05-04 08:49:03,2026-05-05 00:49:03,Merged,20,79,16,2.0
PR-C02-P03-003889,C02-P03,C02-E0070,2026-05-03 19:07:27,2026-05-04 11:07:27,Merged,5,142,29,0.0
PR-C02-P03-003890,C02-P03,C02-E0101,2026-05-21 09:10:03,2026-05-25 05:10:03,Merged,6,219,23,1.0
PR-C02-P03-003891,C02-P03,C02-E0053,2026-05-19 18:45:43,,Fechado sem merge,6,185,25,2.0
PR-C02-P03-003892,C02-P03,C02-E0080,2026-05-20 21:10:25,2026-05-23 07:10:25,Merged,8,43,13,1.0
PR-C02-P03-003893,C02-P03,C02-E0029,2026-05-13 11:33:41,2026-05-15 05:33:41,Merged,2,158,37,1.0
PR-C02-P03-003894,C02-P03,C02-E0096,2026-05-16 20:16:52,2026-05-18 21:16:52,Merged,11,121,49,1.0
PR-C02-P03-003895,C02-P03,C02-E0065,2026-05-10 20:31:53,2026-05-13 23:31:53,Merged,1,19,20,2.0
PR-C02-P03-003896,C02-P03,C02-E0004,2026-05-11 13:11:34,2026-05-15 07:11:34,Merged,1,23,46,3.0
PR-C02-P03-003897,C02-P03,C02-E0066,2026-05-14 19:32:19,2026-05-15 03:32:19,Merged,6,25,100,2.0
PR-C02-P03-003898,C02-P03,C02-E0063,2026-05-02 21:10:30,,Aberto,4,65,39,1.0
PR-C02-P03-003899,C02-P03,C02-E0114,2026-05-21 10:37:36,,Fechado sem merge,4,57,4,0.0
PR-C02-P03-003900,C02-P03,C02-E0031,2026-05-22 11:29:39,,Aberto,3,84,2,1.0
PR-C02-P03-003901,C02-P03,C02-E0023,2026-05-07 19:20:51,2026-05-10 18:20:51,Merged,6,90,40,0.0
PR-C02-P03-003902,C02-P03,C02-E0120,2026-05-10 11:19:29,2026-05-12 09:19:29,Merged,11,43,18,1.0
PR-C02-P03-003903,C02-P03,C02-E0106,2026-05-27 19:18:52,2026-05-28 05:18:52,Merged,5,72,14,
PR-C02-P03-003904,C02-P03,C02-E0035,2026-05-14 11:20:08,2026-05-16 22:20:08,Merged,1,80,33,2.0
PR-C02-P03-003905,C02-P03,C02-E0022,2026-05-20 10:37:15,2026-05-21 13:37:15,Merged,11,96,9,0.0
PR-C02-P03-003906,C02-P03,C02-E0106,2026-05-03 13:22:10,,Fechado sem merge,16,146,50,0.0
PR-C02-P03-003907,C02-P03,C02-E0008,2026-05-26 15:50:29,,Aberto,2,51,18,1.0
PR-C02-P03-003908,C02-P03,C02-E0056,2026-05-24 10:49:42,2026-05-25 14:49:42,Merged,1,72,64,2.0
PR-C02-P03-003909,C02-P03,C02-E0104,2026-05-21 18:59:27,,Aberto,23,219,19,1.0
PR-C02-P03-003910,C02-P03,C02-E0084,2026-05-01 08:24:39,2026-05-02 07:24:39,Merged,5,125,16,1.0
PR-C02-P03-003911,C02-P03,C02-E0008,2026-05-01 16:50:38,2026-05-02 05:50:38,Merged,5,20,41,3.0
PR-C02-P03-003912,C02-P03,C02-E0021,2026-05-06 17:05:43,2026-05-07 06:05:43,Merged,9,187,8,1.0
PR-C02-P03-003913,C02-P03,C02-E0094,2026-05-03 12:48:15,2026-05-05 05:48:15,Merged,5,39,20,2.0
PR-C02-P03-003914,C02-P03,C02-E0009,2026-05-14 10:46:41,,Aberto,2,43,13,1.0
PR-C02-P03-003915,C02-P03,C02-E0044,2026-05-05 07:27:42,2026-05-09 05:27:42,Merged,8,122,33,0.0
PR-C02-P03-003916,C02-P03,C02-E0097,2026-05-20 14:05:32,2026-05-24 04:05:32,Merged,2,162,92,2.0
PR-C02-P03-003917,C02-P03,C02-E0023,2026-05-29 20:30:03,2026-05-31 20:30:03,Merged,1,78,43,1.0
PR-C02-P03-003918,C02-P03,C02-E0052,2026-05-05 21:33:41,2026-05-06 21:33:41,Merged,3,47,137,3.0
PR-C02-P03-003919,C02-P03,C02-E0024,2026-05-23 11:40:52,2026-05-24 03:40:52,Merged,10,88,22,0.0
PR-C02-P03-003920,C02-P03,C02-E0119,2026-05-08 12:53:29,2026-05-11 03:53:29,Merged,6,78,51,1.0
PR-C02-P03-003921,C02-P03,C02-E0028,2026-05-25 17:11:02,2026-05-25 21:11:02,Merged,3,96,56,1.0
PR-C02-P03-003922,C02-P03,C02-E0051,2026-05-21 12:43:00,,Fechado sem merge,3,149,41,2.0
PR-C02-P03-003923,C02-P03,C02-E0053,2026-05-20 11:10:58,2026-05-21 23:10:58,Merged,7,92,38,0.0
PR-C02-P03-003924,C02-P03,C02-E0068,2026-05-13 12:19:11,2026-05-16 20:19:11,Merged,9,18,61,0.0
PR-C02-P03-003925,C02-P03,C02-E0048,2026-05-19 13:38:08,2026-05-20 07:38:08,Merged,4,71,5,0.0
PR-C02-P03-003926,C02-P03,C02-E0120,2026-05-25 16:27:34,,Aberto,1,15,0,1.0
PR-C02-P03-003927,C02-P03,C02-E0111,2026-05-05 07:51:38,2026-05-07 23:51:38,Merged,9,57,20,1.0
PR-C02-P03-003928,C02-P03,C02-E0023,2026-05-17 21:28:53,2026-05-21 21:28:53,Merged,1,62,59,0.0
PR-C02-P03-003929,C02-P03,C02-E0006,2026-05-31 12:49:28,,Aberto,2,58,45,3.0
PR-C02-P03-003930,C02-P03,C02-E0089,2026-05-18 17:13:57,2026-05-18 21:13:57,Merged,2,16,21,1.0
PR-C02-P03-003931,C02-P03,C02-E0111,2026-05-26 13:23:42,,Fechado sem merge,6,94,13,1.0
PR-C02-P03-003932,C02-P03,C02-E0030,2026-05-10 07:43:52,2026-05-13 23:43:52,Merged,6,109,81,2.0
PR-C02-P03-003933,C02-P03,C02-E0070,2026-05-06 09:48:51,2026-05-08 17:48:51,Merged,1,65,12,0.0
PR-C02-P03-003934,C02-P03,C02-E0113,2026-05-30 08:48:02,2026-06-01 13:48:02,Merged,6,42,26,2.0
PR-C02-P03-003935,C02-P03,C02-E0048,2026-05-02 07:03:42,2026-05-05 23:03:42,Merged,10,12,29,2.0
PR-C02-P03-003936,C02-P03,C02-E0030,2026-05-30 16:52:18,2026-06-01 16:52:18,Merged,1,55,53,
PR-C02-P03-003937,C02-P03,C02-E0089,2026-05-17 07:26:46,2026-05-17 22:26:46,Merged,6,136,16,1.0
PR-C02-P03-003938,C02-P03,C02-E0005,2026-05-15 20:19:46,2026-05-18 15:19:46,Merged,3,43,49,1.0
PR-C02-P03-003939,C02-P03,C02-E0030,2026-05-13 08:19:29,2026-05-14 02:19:29,Merged,1,62,8,1.0
PR-C02-P03-003940,C02-P03,C02-E0083,2026-05-11 18:47:41,2026-05-15 13:47:41,Merged,3,10,134,2.0
PR-C02-P03-003941,C02-P03,C02-E0030,2026-05-26 07:14:30,2026-05-28 21:14:30,Merged,8,154,7,1.0
PR-C02-P03-003942,C02-P03,C02-E0050,2026-05-22 07:16:41,2026-05-23 21:16:41,Merged,9,49,24,1.0
PR-C02-P03-003943,C02-P03,C02-E0081,2026-05-01 14:19:25,2026-05-03 16:19:25,Merged,11,72,92,3.0
PR-C02-P03-003944,C02-P03,C02-E0108,2026-05-04 11:55:26,2026-05-06 12:55:26,Merged,5,82,40,2.0
PR-C02-P03-003945,C02-P03,C02-E0002,2026-05-16 09:45:47,2026-05-19 14:45:47,Merged,1,18,16,2.0
PR-C02-P03-003946,C02-P03,C02-E0056,2026-05-18 15:34:01,2026-05-19 09:34:01,Merged,11,43,37,2.0
PR-C02-P03-003947,C02-P03,C02-E0015,2026-05-30 15:29:13,2026-06-03 14:29:13,Merged,10,21,50,2.0
PR-C02-P03-003948,C02-P03,C02-E0019,2026-06-14 14:44:38,2026-06-15 07:44:38,Merged,18,20,33,0.0
PR-C02-P03-003949,C02-P03,C02-E0096,2026-06-28 17:15:25,2026-06-30 08:15:25,Merged,19,42,35,0.0
PR-C02-P03-003950,C02-P03,C02-E0067,2026-06-13 21:08:21,2026-06-17 08:08:21,Merged,5,81,41,0.0
PR-C02-P03-003951,C02-P03,C02-E0108,2026-06-17 17:57:17,,Fechado sem merge,15,130,44,0.0
PR-C02-P03-003952,C02-P03,C02-E0031,2026-06-23 10:07:28,2026-06-23 12:07:28,Merged,7,71,7,1.0
PR-C02-P03-003953,C02-P03,C02-E0002,2026-06-09 12:24:22,2026-06-10 20:24:22,Merged,3,13,11,0.0
PR-C02-P03-003954,C02-P03,C02-E0104,2026-06-08 17:30:43,2026-06-10 11:30:43,Merged,4,140,114,0.0
PR-C02-P03-003955,C02-P03,C02-E0016,2026-06-15 18:09:21,,Aberto,2,62,97,2.0
PR-C02-P03-003956,C02-P03,C02-E0057,2026-06-17 21:38:45,2026-06-21 18:38:45,Merged,2,38,18,1.0
PR-C02-P03-003957,C02-P03,C02-E0052,2026-06-30 17:54:07,2026-07-03 19:54:07,Merged,5,103,8,2.0
PR-C02-P03-003958,C02-P03,C02-E0075,2026-06-05 10:53:46,2026-06-09 10:53:46,Merged,4,62,11,3.0
PR-C02-P03-003959,C02-P03,C02-E0006,2026-06-21 20:42:56,2026-06-23 06:42:56,Merged,6,40,32,1.0
PR-C02-P03-003960,C02-P03,C02-E0016,2026-06-06 09:29:57,2026-06-06 22:29:57,Merged,6,62,42,2.0
PR-C02-P03-003961,C02-P03,C02-E0047,2026-06-09 07:17:58,,Aberto,2,114,48,0.0
PR-C02-P03-003962,C02-P03,C02-E0099,2026-06-03 18:30:29,2026-06-05 08:30:29,Merged,3,78,28,1.0
PR-C02-P03-003963,C02-P03,C02-E0051,2026-06-03 14:14:22,2026-06-04 19:14:22,Merged,12,54,27,3.0
PR-C02-P03-003964,C02-P03,C02-E0047,2026-06-26 14:51:46,2026-06-29 09:51:46,Merged,7,115,20,0.0
PR-C02-P03-003965,C02-P03,C02-E0099,2026-06-30 19:26:11,2026-07-03 00:26:11,Merged,8,58,18,1.0
PR-C02-P03-003966,C02-P03,C02-E0106,2026-06-17 20:18:12,2026-06-21 07:18:12,Merged,2,26,64,0.0
PR-C02-P03-003967,C02-P03,C02-E0034,2026-06-21 19:15:26,,Fechado sem merge,3,36,28,2.0
PR-C02-P03-003968,C02-P03,C02-E0120,2026-06-23 12:04:23,2026-06-25 23:04:23,Merged,8,50,31,1.0
PR-C02-P03-003969,C02-P03,C02-E0120,2026-06-18 11:31:43,,Aberto,12,111,16,0.0
PR-C02-P03-003970,C02-P03,C02-E0001,2026-06-11 10:15:35,,Aberto,8,92,5,
PR-C02-P03-003971,C02-P03,C02-E0087,2026-06-27 09:10:49,2026-06-29 06:10:49,Merged,7,35,50,2.0
PR-C02-P03-003972,C02-P03,C02-E0047,2026-07-16 09:44:50,2026-07-20 03:44:50,Merged,5,47,85,2.0
PR-C02-P03-003973,C02-P03,C02-E0068,2026-07-27 07:22:41,2026-07-28 08:22:41,Merged,8,40,49,2.0
PR-C02-P03-003974,C02-P03,C02-E0014,2026-07-30 18:50:31,2026-08-03 04:50:31,Merged,2,60,72,1.0
PR-C02-P03-003975,C02-P03,C02-E0084,2026-07-24 08:06:59,,Fechado sem merge,5,97,60,2.0
PR-C02-P03-003976,C02-P03,C02-E0115,2026-07-27 21:12:44,2026-07-27 22:12:44,Merged,4,104,82,1.0
PR-C02-P03-003977,C02-P03,C02-E0005,2026-07-25 11:27:35,2026-07-26 10:27:35,Merged,8,69,38,2.0
PR-C02-P03-003978,C02-P03,C02-E0012,2026-07-22 17:10:19,,Fechado sem merge,3,138,31,3.0
PR-C02-P03-003979,C02-P03,C02-E0008,2026-07-07 19:46:47,2026-07-09 05:46:47,Merged,5,63,3,0.0
PR-C02-P03-003980,C02-P03,C02-E0016,2026-07-24 10:22:01,2026-07-28 05:22:01,Merged,8,39,20,0.0
PR-C02-P03-003981,C02-P03,C02-E0040,2026-07-23 20:51:31,2026-07-24 04:51:31,Merged,11,142,1,0.0
PR-C02-P03-003982,C02-P03,C02-E0015,2026-07-09 10:04:44,2026-07-12 22:04:44,Merged,7,14,29,1.0
PR-C02-P03-003983,C02-P03,C02-E0019,2026-07-27 19:38:07,,Fechado sem merge,1,17,93,1.0
PR-C02-P03-003984,C02-P03,C02-E0070,2026-07-18 19:57:50,2026-07-19 09:57:50,Merged,1,123,8,2.0
PR-C02-P03-003985,C02-P03,C02-E0014,2026-07-30 21:04:43,2026-07-31 00:04:43,Merged,3,264,137,2.0
PR-C02-P03-003986,C02-P03,C02-E0071,2026-07-29 14:08:56,2026-08-02 04:08:56,Merged,2,196,28,2.0
PR-C02-P03-003987,C02-P03,C02-E0052,2026-07-08 12:02:07,2026-07-11 07:02:07,Merged,3,67,26,0.0
PR-C02-P03-003988,C02-P03,C02-E0043,2026-07-17 13:38:13,,Aberto,2,87,18,2.0
PR-C02-P03-003989,C02-P03,C02-E0107,2026-07-27 07:36:15,2026-07-30 03:36:15,Merged,1,26,11,3.0
PR-C02-P03-003990,C02-P03,C02-E0115,2026-07-16 16:55:59,2026-07-18 10:55:59,Merged,5,56,83,1.0
PR-C02-P03-003991,C02-P03,C02-E0012,2026-07-26 20:14:24,2026-07-29 10:14:24,Merged,3,156,15,2.0
PR-C02-P03-003992,C02-P03,C02-E0057,2026-07-25 14:24:36,2026-07-27 19:24:36,Merged,8,21,52,2.0
PR-C02-P03-003993,C02-P03,C02-E0082,2026-07-14 07:49:57,,Aberto,6,39,6,2.0
PR-C02-P03-003994,C02-P03,C02-E0004,2026-07-16 18:17:46,2026-07-18 11:17:46,Merged,8,89,29,3.0
PR-C02-P03-003995,C02-P03,C02-E0114,2026-07-10 12:48:49,,Aberto,2,175,101,2.0
PR-C02-P03-003996,C02-P03,C02-E0082,2026-07-28 12:45:47,2026-07-29 23:45:47,Merged,7,29,42,0.0
PR-C02-P03-003997,C02-P03,C02-E0019,2026-07-06 20:15:55,2026-07-08 06:15:55,Merged,1,64,3,2.0
PR-C02-P03-003998,C02-P03,C02-E0012,2026-07-25 15:08:10,,Fechado sem merge,3,56,66,2.0
PR-C02-P03-003999,C02-P03,C02-E0111,2026-07-23 19:58:40,2026-07-25 01:58:40,Merged,1,100,65,2.0
PR-C02-P03-004000,C02-P03,C02-E0032,2026-07-01 08:50:44,,Aberto,2,76,3,1.0
PR-C02-P03-004001,C02-P03,C02-E0097,2026-07-22 21:13:21,,Aberto,3,427,26,3.0
PR-C02-P03-004002,C02-P03,C02-E0024,2026-07-12 20:52:21,2026-07-14 03:52:21,Merged,6,30,28,2.0
PR-C02-P03-004003,C02-P03,C02-E0089,2026-07-11 21:15:24,2026-07-14 08:15:24,Merged,5,65,180,2.0
PR-C02-P03-004004,C02-P03,C02-E0047,2026-07-08 20:47:19,2026-07-12 15:47:19,Merged,14,26,28,2.0
PR-C02-P03-004005,C02-P03,C02-E0092,2026-07-20 17:30:17,2026-07-23 23:30:17,Merged,20,58,66,3.0
PR-C02-P03-004006,C02-P03,C02-E0108,2026-07-01 08:36:37,2026-07-04 12:36:37,Merged,1,94,15,3.0
PR-C02-P04-004007,C02-P04,C02-E0052,2025-06-14 20:08:58,,Fechado sem merge,1,168,13,3.0
PR-C02-P04-004008,C02-P04,C02-E0071,2025-06-17 20:06:42,2025-06-18 06:06:42,Merged,3,94,45,2.0
PR-C02-P04-004009,C02-P04,C02-E0043,2025-06-11 12:17:23,2025-06-13 13:17:23,Merged,2,5,57,2.0
PR-C02-P04-004010,C02-P04,C02-E0008,2025-06-03 15:27:45,2025-06-06 08:27:45,Merged,3,34,32,1.0
PR-C02-P04-004011,C02-P04,C02-E0076,2025-06-19 11:04:48,2025-06-21 09:04:48,Merged,12,27,176,2.0
PR-C02-P04-004012,C02-P04,C02-E0087,2025-06-26 11:41:49,2025-06-28 02:41:49,Merged,3,167,73,1.0
PR-C02-P04-004013,C02-P04,C02-E0057,2025-06-11 08:18:41,2025-06-14 05:18:41,Merged,4,156,13,2.0
PR-C02-P04-004014,C02-P04,C02-E0019,2025-06-19 18:26:19,2025-06-22 08:26:19,Merged,11,47,30,1.0
PR-C02-P04-004015,C02-P04,C02-E0084,2025-06-02 09:30:46,2025-06-04 22:30:46,Merged,3,33,41,2.0
PR-C02-P04-004016,C02-P04,C02-E0092,2025-06-16 14:38:57,2025-06-17 01:38:57,Merged,2,6,34,1.0
PR-C02-P04-004017,C02-P04,C02-E0016,2025-06-22 16:16:04,2025-06-25 03:16:04,Merged,6,48,15,2.0
PR-C02-P04-004018,C02-P04,C02-E0010,2025-06-25 09:39:02,2025-06-26 21:39:02,Merged,5,254,45,2.0
PR-C02-P04-004019,C02-P04,C02-E0075,2025-06-11 13:06:00,2025-06-14 03:06:00,Merged,3,64,91,2.0
PR-C02-P04-004020,C02-P04,C02-E0065,2025-06-08 08:41:06,2025-06-09 14:41:06,Merged,8,113,101,1.0
PR-C02-P04-004021,C02-P04,C02-E0008,2025-06-17 13:56:43,2025-06-17 23:56:43,Merged,5,195,6,2.0
PR-C02-P04-004022,C02-P04,C02-E0015,2025-06-14 09:26:05,2025-06-15 10:26:05,Merged,6,86,41,0.0
PR-C02-P04-004023,C02-P04,C02-E0117,2025-06-26 16:09:32,,Aberto,3,42,29,1.0
PR-C02-P04-004024,C02-P04,C02-E0119,2025-06-05 12:36:37,,Aberto,8,15,26,1.0
PR-C02-P04-004025,C02-P04,C02-E0086,2025-06-27 17:29:47,2025-07-01 17:29:47,Merged,6,63,54,0.0
PR-C02-P04-004026,C02-P04,C02-E0019,2025-06-15 15:16:27,2025-06-19 07:16:27,Merged,7,73,16,1.0
PR-C02-P04-004027,C02-P04,C02-E0008,2025-06-25 16:14:09,2025-06-28 21:14:09,Merged,3,62,21,0.0
PR-C02-P04-004028,C02-P04,C02-E0076,2025-06-29 08:39:33,2025-07-01 17:39:33,Merged,1,24,37,
PR-C02-P04-004029,C02-P04,C02-E0021,2025-06-13 08:13:36,2025-06-16 17:13:36,Merged,10,35,30,2.0
PR-C02-P04-004030,C02-P04,C02-E0074,2025-06-02 20:35:17,2025-06-05 06:35:17,Merged,1,4,47,1.0
PR-C02-P04-004031,C02-P04,C02-E0057,2025-06-28 10:07:54,2025-06-29 15:07:54,Merged,4,181,45,2.0
PR-C02-P04-004032,C02-P04,C02-E0111,2025-06-11 14:33:22,2025-06-13 20:33:22,Merged,6,54,75,1.0
PR-C02-P04-004033,C02-P04,C02-E0023,2025-06-12 10:39:51,2025-06-15 13:39:51,Merged,2,23,17,3.0
PR-C02-P04-004034,C02-P04,C02-E0107,2025-06-27 16:21:34,2025-06-30 19:21:34,Merged,16,108,51,
PR-C02-P04-004035,C02-P04,C02-E0053,2025-06-15 21:16:24,2025-06-16 21:16:24,Merged,33,52,8,3.0
PR-C02-P04-004036,C02-P04,C02-E0065,2025-06-15 12:55:42,2025-06-16 17:55:42,Merged,4,22,74,2.0
PR-C02-P04-004037,C02-P04,C02-E0057,2025-06-16 16:20:05,2025-06-20 03:20:05,Merged,3,166,144,1.0
PR-C02-P04-004038,C02-P04,C02-E0040,2025-06-28 07:11:47,2025-07-01 21:11:47,Merged,10,150,20,2.0
PR-C02-P04-004039,C02-P04,C02-E0106,2025-06-17 15:20:45,2025-06-20 10:20:45,Merged,9,88,7,3.0
PR-C02-P04-004040,C02-P04,C02-E0030,2025-06-08 07:20:57,2025-06-09 14:20:57,Merged,6,61,21,1.0
PR-C02-P04-004041,C02-P04,C02-E0030,2025-06-24 17:43:44,2025-06-28 08:43:44,Merged,2,48,5,1.0
PR-C02-P04-004042,C02-P04,C02-E0006,2025-06-25 17:00:25,,Fechado sem merge,8,243,16,0.0
PR-C02-P04-004043,C02-P04,C02-E0115,2025-06-29 11:44:17,,Aberto,12,54,28,1.0
PR-C02-P04-004044,C02-P04,C02-E0087,2025-06-26 14:05:33,2025-06-28 20:05:33,Merged,9,66,32,1.0
PR-C02-P04-004045,C02-P04,C02-E0060,2025-06-21 18:54:28,2025-06-22 22:54:28,Merged,2,32,88,0.0
PR-C02-P04-004046,C02-P04,C02-E0082,2025-06-22 17:07:03,2025-06-25 14:07:03,Merged,1,46,44,2.0
PR-C02-P04-004047,C02-P04,C02-E0070,2025-06-26 14:35:51,2025-06-27 03:35:51,Merged,12,85,99,2.0
PR-C02-P04-004048,C02-P04,C02-E0035,2025-06-11 18:05:34,2025-06-15 06:05:34,Merged,21,49,67,2.0
PR-C02-P04-004049,C02-P04,C02-E0055,2025-07-16 10:55:53,2025-07-16 16:55:53,Merged,5,98,42,2.0
PR-C02-P04-004050,C02-P04,C02-E0010,2025-07-10 14:25:01,2025-07-12 06:25:01,Merged,12,136,17,3.0
PR-C02-P04-004051,C02-P04,C02-E0104,2025-07-17 08:53:23,,Aberto,7,60,77,3.0
PR-C02-P04-004052,C02-P04,C02-E0033,2025-07-16 14:45:09,2025-07-19 10:45:09,Merged,5,20,23,2.0
PR-C02-P04-004053,C02-P04,C02-E0082,2025-07-08 19:49:16,2025-07-11 00:49:16,Merged,4,51,11,2.0
PR-C02-P04-004054,C02-P04,C02-E0055,2025-07-08 16:56:29,2025-07-10 13:56:29,Merged,2,134,6,0.0
PR-C02-P04-004055,C02-P04,C02-E0016,2025-07-28 14:10:15,2025-07-30 09:10:15,Merged,3,22,99,0.0
PR-C02-P04-004056,C02-P04,C02-E0051,2025-07-13 21:18:19,2025-07-15 17:18:19,Merged,6,92,25,1.0
PR-C02-P04-004057,C02-P04,C02-E0002,2025-07-12 16:11:51,2025-07-13 16:11:51,Merged,7,18,8,1.0
PR-C02-P04-004058,C02-P04,C02-E0120,2025-07-27 13:26:27,,Aberto,4,122,47,2.0
PR-C02-P04-004059,C02-P04,C02-E0089,2025-07-08 08:59:59,2025-07-10 08:59:59,Merged,9,25,34,1.0
PR-C02-P04-004060,C02-P04,C02-E0044,2025-07-28 09:28:39,2025-07-30 21:28:39,Merged,13,75,58,1.0
PR-C02-P04-004061,C02-P04,C02-E0049,2025-07-19 14:10:58,2025-07-20 17:10:58,Merged,11,90,14,3.0
PR-C02-P04-004062,C02-P04,C02-E0056,2025-07-21 10:22:08,2025-07-25 04:22:08,Merged,4,36,31,
PR-C02-P04-004063,C02-P04,C02-E0023,2025-07-30 15:28:29,2025-07-31 21:28:29,Merged,9,20,9,2.0
PR-C02-P04-004064,C02-P04,C02-E0035,2025-07-10 16:24:10,2025-07-13 01:24:10,Merged,14,70,23,1.0
PR-C02-P04-004065,C02-P04,C02-E0030,2025-07-03 15:14:54,2025-07-04 19:14:54,Merged,2,95,53,2.0
PR-C02-P04-004066,C02-P04,C02-E0084,2025-07-13 14:00:16,2025-07-16 22:00:16,Merged,5,79,136,2.0
PR-C02-P04-004067,C02-P04,C02-E0047,2025-07-25 15:14:22,2025-07-26 05:14:22,Merged,10,32,47,3.0
PR-C02-P04-004068,C02-P04,C02-E0118,2025-07-09 18:57:11,,Aberto,4,193,8,1.0
PR-C02-P04-004069,C02-P04,C02-E0111,2025-07-28 10:16:16,2025-07-31 15:16:16,Merged,11,77,35,2.0
PR-C02-P04-004070,C02-P04,C02-E0002,2025-07-28 19:47:05,2025-08-01 16:47:05,Merged,5,44,7,1.0
PR-C02-P04-004071,C02-P04,C02-E0010,2025-07-01 18:17:42,2025-07-03 17:17:42,Merged,3,289,22,2.0
PR-C02-P04-004072,C02-P04,C02-E0048,2025-07-23 10:16:19,2025-07-23 21:16:19,Merged,8,24,8,3.0
PR-C02-P04-004073,C02-P04,C02-E0024,2025-07-01 13:14:04,2025-07-01 22:14:04,Merged,7,65,14,2.0
PR-C02-P04-004074,C02-P04,C02-E0035,2025-07-13 15:27:20,2025-07-14 18:27:20,Merged,10,229,69,1.0
PR-C02-P04-004075,C02-P04,C02-E0097,2025-07-31 17:43:49,2025-08-01 00:43:49,Merged,11,80,82,1.0
PR-C02-P04-004076,C02-P04,C02-E0097,2025-07-30 12:35:30,2025-07-31 04:35:30,Merged,3,8,63,3.0
PR-C02-P04-004077,C02-P04,C02-E0060,2025-07-28 13:39:38,2025-07-29 00:39:38,Merged,7,41,20,3.0
PR-C02-P04-004078,C02-P04,C02-E0024,2025-07-16 19:05:34,2025-07-17 08:05:34,Merged,1,26,19,3.0
PR-C02-P04-004079,C02-P04,C02-E0044,2025-07-18 07:44:40,2025-07-19 07:44:40,Merged,8,175,68,3.0
PR-C02-P04-004080,C02-P04,C02-E0081,2025-07-22 18:55:34,2025-07-24 21:55:34,Merged,3,68,3,0.0
PR-C02-P04-004081,C02-P04,C02-E0067,2025-08-17 09:17:44,2025-08-20 17:17:44,Merged,12,15,12,1.0
PR-C02-P04-004082,C02-P04,C02-E0024,2025-08-14 11:39:17,2025-08-16 18:39:17,Merged,9,18,20,2.0
PR-C02-P04-004083,C02-P04,C02-E0083,2025-08-15 08:38:26,2025-08-19 02:38:26,Merged,10,6,38,3.0
PR-C02-P04-004084,C02-P04,C02-E0022,2025-08-15 13:38:19,2025-08-19 02:38:19,Merged,8,67,65,1.0
PR-C02-P04-004085,C02-P04,C02-E0091,2025-08-13 09:07:41,2025-08-14 17:07:41,Merged,2,46,55,0.0
PR-C02-P04-004086,C02-P04,C02-E0096,2025-08-05 21:37:55,2025-08-09 04:37:55,Merged,5,114,24,1.0
PR-C02-P04-004087,C02-P04,C02-E0066,2025-08-24 20:00:13,2025-08-28 02:00:13,Merged,1,18,85,1.0
PR-C02-P04-004088,C02-P04,C02-E0060,2025-08-01 08:23:43,,Aberto,15,51,55,0.0
PR-C02-P04-004089,C02-P04,C02-E0031,2025-08-31 19:43:34,2025-09-03 20:43:34,Merged,1,111,18,3.0
PR-C02-P04-004090,C02-P04,C02-E0056,2025-08-12 16:34:30,,Fechado sem merge,5,37,14,1.0
PR-C02-P04-004091,C02-P04,C02-E0119,2025-08-19 15:06:08,,Aberto,3,138,20,0.0
PR-C02-P04-004092,C02-P04,C02-E0033,2025-08-11 16:46:43,2025-08-15 12:46:43,Merged,1,49,40,1.0
PR-C02-P04-004093,C02-P04,C02-E0099,2025-08-26 19:58:41,2025-08-29 23:58:41,Merged,8,116,2,
PR-C02-P04-004094,C02-P04,C02-E0034,2025-08-06 12:42:46,2025-08-10 11:42:46,Merged,4,82,64,3.0
PR-C02-P04-004095,C02-P04,C02-E0086,2025-08-15 08:25:20,2025-08-17 01:25:20,Merged,7,158,101,2.0
PR-C02-P04-004096,C02-P04,C02-E0044,2025-08-10 11:16:22,2025-08-11 10:16:22,Merged,13,103,12,1.0
PR-C02-P04-004097,C02-P04,C02-E0114,2025-08-26 16:12:40,,Aberto,7,96,16,3.0
PR-C02-P04-004098,C02-P04,C02-E0111,2025-08-19 12:29:57,2025-08-20 20:29:57,Merged,1,54,55,3.0
PR-C02-P04-004099,C02-P04,C02-E0006,2025-08-28 10:20:13,,Aberto,6,76,18,2.0
PR-C02-P04-004100,C02-P04,C02-E0055,2025-08-13 14:40:52,2025-08-14 21:40:52,Merged,18,63,15,2.0
PR-C02-P04-004101,C02-P04,C02-E0051,2025-08-21 17:03:52,2025-08-25 17:03:52,Merged,11,77,15,2.0
PR-C02-P04-004102,C02-P04,C02-E0080,2025-08-02 07:21:05,,Aberto,4,65,63,1.0
PR-C02-P04-004103,C02-P04,C02-E0051,2025-08-17 09:20:38,2025-08-18 05:20:38,Merged,4,26,79,2.0
PR-C02-P04-004104,C02-P04,C02-E0089,2025-08-16 09:57:48,2025-08-16 15:57:48,Merged,6,35,11,1.0
PR-C02-P04-004105,C02-P04,C02-E0047,2025-08-10 10:00:42,2025-08-11 12:00:42,Merged,3,61,39,1.0
PR-C02-P04-004106,C02-P04,C02-E0111,2025-08-08 11:53:29,2025-08-10 05:53:29,Merged,1,169,27,3.0
PR-C02-P04-004107,C02-P04,C02-E0120,2025-08-23 09:36:47,,Fechado sem merge,3,22,15,2.0
PR-C02-P04-004108,C02-P04,C02-E0021,2025-08-27 09:03:21,,Aberto,5,67,37,0.0
PR-C02-P04-004109,C02-P04,C02-E0111,2025-08-02 18:26:50,,Fechado sem merge,8,106,15,2.0
PR-C02-P04-004110,C02-P04,C02-E0118,2025-08-23 11:03:06,2025-08-27 01:03:06,Merged,3,44,33,1.0
PR-C02-P04-004111,C02-P04,C02-E0082,2025-08-15 20:23:43,2025-08-16 17:23:43,Merged,6,80,50,1.0
PR-C02-P04-004112,C02-P04,C02-E0021,2025-08-05 17:38:21,,Aberto,6,49,15,3.0
PR-C02-P04-004113,C02-P04,C02-E0097,2025-08-15 21:57:10,2025-08-17 15:57:10,Merged,3,172,10,1.0
PR-C02-P04-004114,C02-P04,C02-E0002,2025-08-15 13:41:40,2025-08-19 08:41:40,Merged,4,92,43,1.0
PR-C02-P04-004115,C02-P04,C02-E0066,2025-08-05 20:09:03,2025-08-06 16:09:03,Merged,3,15,37,2.0
PR-C02-P04-004116,C02-P04,C02-E0015,2025-08-15 07:51:10,2025-08-17 21:51:10,Merged,14,81,25,2.0
PR-C02-P04-004117,C02-P04,C02-E0029,2025-08-25 17:31:47,2025-08-29 11:31:47,Merged,3,63,40,1.0
PR-C02-P04-004118,C02-P04,C02-E0107,2025-08-14 07:28:27,,Aberto,6,87,16,
PR-C02-P04-004119,C02-P04,C02-E0008,2025-08-20 20:31:10,2025-08-23 18:31:10,Merged,2,93,22,3.0
PR-C02-P04-004120,C02-P04,C02-E0059,2025-08-05 13:49:15,,Fechado sem merge,1,9,65,2.0
PR-C02-P04-004121,C02-P04,C02-E0046,2025-08-19 18:36:59,,Fechado sem merge,12,62,33,1.0
PR-C02-P04-004122,C02-P04,C02-E0030,2025-08-22 19:50:02,,Fechado sem merge,3,89,53,3.0
PR-C02-P04-004123,C02-P04,C02-E0021,2025-08-07 19:07:50,2025-08-10 20:07:50,Merged,6,37,39,3.0
PR-C02-P04-004124,C02-P04,C02-E0092,2025-08-22 07:39:52,,Aberto,5,74,85,2.0
PR-C02-P04-004125,C02-P04,C02-E0019,2025-08-27 16:42:04,2025-08-30 13:42:04,Merged,7,42,66,2.0
PR-C02-P04-004126,C02-P04,C02-E0044,2025-08-30 19:28:14,,Fechado sem merge,1,188,16,3.0
PR-C02-P04-004127,C02-P04,C02-E0010,2025-08-31 07:31:55,,Fechado sem merge,3,138,1,0.0
PR-C02-P04-004128,C02-P04,C02-E0008,2025-08-04 07:04:45,2025-08-06 18:04:45,Merged,9,94,42,1.0
PR-C02-P04-004129,C02-P04,C02-E0057,2025-09-17 10:11:57,2025-09-21 10:11:57,Merged,3,40,38,3.0
PR-C02-P04-004130,C02-P04,C02-E0004,2025-09-10 12:19:36,2025-09-13 19:19:36,Merged,8,111,0,
PR-C02-P04-004131,C02-P04,C02-E0049,2025-09-22 11:06:44,2025-09-24 05:06:44,Merged,4,153,19,2.0
PR-C02-P04-004132,C02-P04,C02-E0008,2025-09-29 15:00:00,2025-09-30 19:00:00,Merged,4,26,25,2.0
PR-C02-P04-004133,C02-P04,C02-E0106,2025-09-02 16:15:48,2025-09-06 02:15:48,Merged,7,104,34,2.0
PR-C02-P04-004134,C02-P04,C02-E0063,2025-09-02 11:17:06,,Aberto,2,40,22,
PR-C02-P04-004135,C02-P04,C02-E0087,2025-09-01 07:21:08,2025-09-02 07:21:08,Merged,4,72,73,0.0
PR-C02-P04-004136,C02-P04,C02-E0119,2025-09-17 19:03:44,,Fechado sem merge,5,69,44,0.0
PR-C02-P04-004137,C02-P04,C02-E0033,2025-09-02 07:37:00,2025-09-03 00:37:00,Merged,1,90,47,
PR-C02-P04-004138,C02-P04,C02-E0001,2025-09-21 15:16:11,2025-09-22 10:16:11,Merged,8,120,11,2.0
PR-C02-P04-004139,C02-P04,C02-E0089,2025-09-04 10:00:12,2025-09-06 05:00:12,Merged,2,62,36,
PR-C02-P04-004140,C02-P04,C02-E0117,2025-09-04 07:26:50,,Fechado sem merge,4,97,36,1.0
PR-C02-P04-004141,C02-P04,C02-E0035,2025-09-10 19:26:52,2025-09-13 07:26:52,Merged,3,179,2,1.0
PR-C02-P04-004142,C02-P04,C02-E0089,2025-09-24 14:37:10,,Fechado sem merge,1,12,30,2.0
PR-C02-P04-004143,C02-P04,C02-E0002,2025-09-17 12:43:46,2025-09-20 18:43:46,Merged,4,50,11,2.0
PR-C02-P04-004144,C02-P04,C02-E0023,2025-09-13 19:13:08,2025-09-13 22:13:08,Merged,4,110,24,2.0
PR-C02-P04-004145,C02-P04,C02-E0093,2025-09-13 13:03:43,,Aberto,24,8,67,0.0
PR-C02-P04-004146,C02-P04,C02-E0015,2025-09-12 15:35:50,2025-09-15 21:35:50,Merged,6,12,91,1.0
PR-C02-P04-004147,C02-P04,C02-E0106,2025-09-17 21:39:36,2025-09-20 19:39:36,Merged,9,32,29,2.0
PR-C02-P04-004148,C02-P04,C02-E0016,2025-09-01 20:36:39,2025-09-04 14:36:39,Merged,6,222,160,1.0
PR-C02-P04-004149,C02-P04,C02-E0120,2025-09-04 21:59:34,,Aberto,8,98,60,
PR-C02-P04-004150,C02-P04,C02-E0101,2025-09-30 17:16:41,,Fechado sem merge,1,46,32,2.0
PR-C02-P04-004151,C02-P04,C02-E0119,2025-09-02 09:43:28,2025-09-02 12:43:28,Merged,2,86,35,1.0
PR-C02-P04-004152,C02-P04,C02-E0021,2025-09-17 10:52:10,2025-09-20 12:52:10,Merged,1,144,38,2.0
PR-C02-P04-004153,C02-P04,C02-E0106,2025-09-15 18:41:15,2025-09-17 21:41:15,Merged,3,27,95,1.0
PR-C02-P04-004154,C02-P04,C02-E0030,2025-09-12 11:33:25,,Aberto,1,43,21,1.0
PR-C02-P04-004155,C02-P04,C02-E0031,2025-09-19 13:49:50,2025-09-21 05:49:50,Merged,4,31,147,1.0
PR-C02-P04-004156,C02-P04,C02-E0048,2025-09-20 21:07:24,,Aberto,2,92,11,2.0
PR-C02-P04-004157,C02-P04,C02-E0012,2025-09-03 21:52:13,2025-09-05 09:52:13,Merged,7,141,126,2.0
PR-C02-P04-004158,C02-P04,C02-E0023,2025-09-25 10:21:16,,Aberto,1,83,5,2.0
PR-C02-P04-004159,C02-P04,C02-E0059,2025-10-18 07:03:38,2025-10-21 01:03:38,Merged,8,134,40,1.0
PR-C02-P04-004160,C02-P04,C02-E0022,2025-10-31 09:38:00,2025-11-03 02:38:00,Merged,1,12,14,2.0
PR-C02-P04-004161,C02-P04,C02-E0086,2025-10-05 09:58:40,,Fechado sem merge,8,151,37,2.0
PR-C02-P04-004162,C02-P04,C02-E0024,2025-10-24 19:17:16,2025-10-25 13:17:16,Merged,2,33,28,
PR-C02-P04-004163,C02-P04,C02-E0068,2025-10-23 07:08:22,2025-10-23 22:08:22,Merged,3,59,44,2.0
PR-C02-P04-004164,C02-P04,C02-E0053,2025-10-29 15:00:40,,Aberto,3,129,98,0.0
PR-C02-P04-004165,C02-P04,C02-E0114,2025-10-17 19:15:56,2025-10-20 11:15:56,Merged,3,228,58,2.0
PR-C02-P04-004166,C02-P04,C02-E0065,2025-10-16 19:49:56,2025-10-19 05:49:56,Merged,17,140,38,2.0
PR-C02-P04-004167,C02-P04,C02-E0060,2025-10-18 17:14:36,2025-10-22 17:14:36,Merged,6,166,111,0.0
PR-C02-P04-004168,C02-P04,C02-E0006,2025-10-08 21:41:20,,Aberto,7,107,23,3.0
PR-C02-P04-004169,C02-P04,C02-E0120,2025-10-07 15:59:11,2025-10-09 00:59:11,Merged,5,152,36,2.0
PR-C02-P04-004170,C02-P04,C02-E0043,2025-10-12 09:22:04,2025-10-13 23:22:04,Merged,1,20,30,2.0
PR-C02-P04-004171,C02-P04,C02-E0012,2025-10-08 21:54:27,2025-10-11 21:54:27,Merged,6,93,42,1.0
PR-C02-P04-004172,C02-P04,C02-E0004,2025-10-04 16:55:53,,Aberto,4,47,48,1.0
PR-C02-P04-004173,C02-P04,C02-E0002,2025-10-06 09:29:40,2025-10-08 01:29:40,Merged,10,160,3,2.0
PR-C02-P04-004174,C02-P04,C02-E0056,2025-10-02 09:34:08,2025-10-02 17:34:08,Merged,9,56,96,3.0
PR-C02-P04-004175,C02-P04,C02-E0031,2025-10-07 19:52:26,2025-10-09 04:52:26,Merged,6,72,5,0.0
PR-C02-P04-004176,C02-P04,C02-E0043,2025-10-14 10:47:21,,Aberto,3,20,40,1.0
PR-C02-P04-004177,C02-P04,C02-E0050,2025-10-03 08:03:31,,Aberto,1,203,88,1.0
PR-C02-P04-004178,C02-P04,C02-E0009,2025-10-20 11:35:28,2025-10-23 23:35:28,Merged,8,35,46,2.0
PR-C02-P04-004179,C02-P04,C02-E0075,2025-10-09 13:28:18,2025-10-11 11:28:18,Merged,8,58,25,1.0
PR-C02-P04-004180,C02-P04,C02-E0098,2025-10-17 17:10:46,2025-10-21 08:10:46,Merged,1,48,4,3.0
PR-C02-P04-004181,C02-P04,C02-E0108,2025-10-09 21:48:18,2025-10-10 18:48:18,Merged,6,40,50,2.0
PR-C02-P04-004182,C02-P04,C02-E0120,2025-10-27 09:51:27,2025-10-29 01:51:27,Merged,5,126,109,2.0
PR-C02-P04-004183,C02-P04,C02-E0075,2025-10-13 21:11:23,2025-10-17 10:11:23,Merged,4,87,39,0.0
PR-C02-P04-004184,C02-P04,C02-E0060,2025-10-22 08:29:19,,Aberto,3,150,21,2.0
PR-C02-P04-004185,C02-P04,C02-E0033,2025-10-23 14:31:13,2025-10-27 12:31:13,Merged,8,32,18,0.0
PR-C02-P04-004186,C02-P04,C02-E0029,2025-10-30 14:22:34,2025-10-31 12:22:34,Merged,4,238,34,2.0
PR-C02-P04-004187,C02-P04,C02-E0070,2025-10-31 19:50:55,,Fechado sem merge,3,36,45,3.0
PR-C02-P04-004188,C02-P04,C02-E0081,2025-10-30 21:55:46,2025-11-02 10:55:46,Merged,1,52,33,2.0
PR-C02-P04-004189,C02-P04,C02-E0009,2025-10-05 11:04:15,2025-10-08 12:04:15,Merged,10,11,1,0.0
PR-C02-P04-004190,C02-P04,C02-E0120,2025-10-13 17:35:07,2025-10-17 00:35:07,Merged,1,129,73,2.0
PR-C02-P04-004191,C02-P04,C02-E0080,2025-10-23 21:59:16,2025-10-27 01:59:16,Merged,13,101,6,1.0
PR-C02-P04-004192,C02-P04,C02-E0055,2025-10-21 15:06:42,2025-10-22 14:06:42,Merged,3,25,85,3.0
PR-C02-P04-004193,C02-P04,C02-E0096,2025-10-20 09:56:53,2025-10-23 07:56:53,Merged,4,134,19,
PR-C02-P04-004194,C02-P04,C02-E0082,2025-10-10 16:07:30,2025-10-12 07:07:30,Merged,3,265,72,1.0
PR-C02-P04-004195,C02-P04,C02-E0030,2025-10-09 21:23:29,2025-10-12 03:23:29,Merged,4,306,27,2.0
PR-C02-P04-004196,C02-P04,C02-E0094,2025-10-01 16:33:52,,Fechado sem merge,6,88,3,2.0
PR-C02-P04-004197,C02-P04,C02-E0113,2025-10-07 07:44:52,2025-10-11 07:44:52,Merged,9,24,36,2.0
PR-C02-P04-004198,C02-P04,C02-E0119,2025-10-26 10:32:04,2025-10-29 05:32:04,Merged,1,87,54,0.0
PR-C02-P04-004199,C02-P04,C02-E0115,2025-10-18 18:47:08,2025-10-20 16:47:08,Merged,9,11,12,1.0
PR-C02-P04-004200,C02-P04,C02-E0111,2025-10-07 15:54:31,2025-10-08 10:54:31,Merged,3,70,40,3.0
PR-C02-P04-004201,C02-P04,C02-E0075,2025-10-27 16:28:42,2025-10-30 12:28:42,Merged,5,56,13,2.0
PR-C02-P04-004202,C02-P04,C02-E0099,2025-10-04 09:54:38,2025-10-07 05:54:38,Merged,17,178,24,1.0
PR-C02-P04-004203,C02-P04,C02-E0032,2025-10-26 19:24:47,2025-10-27 17:24:47,Merged,5,18,28,2.0
PR-C02-P04-004204,C02-P04,C02-E0063,2025-11-01 11:55:54,2025-11-03 14:55:54,Merged,2,60,49,1.0
PR-C02-P04-004205,C02-P04,C02-E0035,2025-11-30 19:55:14,2025-12-01 07:55:14,Merged,6,69,9,2.0
PR-C02-P04-004206,C02-P04,C02-E0115,2025-11-21 10:56:16,2025-11-23 04:56:16,Merged,7,102,56,1.0
PR-C02-P04-004207,C02-P04,C02-E0067,2025-11-20 10:48:26,,Aberto,1,92,4,2.0
PR-C02-P04-004208,C02-P04,C02-E0057,2025-11-08 21:37:53,2025-11-11 06:37:53,Merged,6,31,67,2.0
PR-C02-P04-004209,C02-P04,C02-E0080,2025-11-19 21:34:36,2025-11-19 23:34:36,Merged,1,97,7,1.0
PR-C02-P04-004210,C02-P04,C02-E0107,2025-11-14 20:52:19,2025-11-18 04:52:19,Merged,5,211,41,1.0
PR-C02-P04-004211,C02-P04,C02-E0081,2025-11-24 13:12:14,,Aberto,1,118,82,0.0
PR-C02-P04-004212,C02-P04,C02-E0044,2025-11-15 21:17:01,,Fechado sem merge,1,42,79,2.0
PR-C02-P04-004213,C02-P04,C02-E0115,2025-11-02 11:25:52,2025-11-03 07:25:52,Merged,2,269,6,1.0
PR-C02-P04-004214,C02-P04,C02-E0022,2025-11-10 11:48:30,2025-11-11 21:48:30,Merged,8,122,90,0.0
PR-C02-P04-004215,C02-P04,C02-E0047,2025-11-24 16:59:19,,Aberto,8,60,11,2.0
PR-C02-P04-004216,C02-P04,C02-E0023,2025-11-21 18:56:28,2025-11-24 13:56:28,Merged,3,86,9,0.0
PR-C02-P04-004217,C02-P04,C02-E0047,2025-11-19 11:10:19,,Aberto,7,34,7,2.0
PR-C02-P04-004218,C02-P04,C02-E0113,2025-11-03 09:23:44,2025-11-04 02:23:44,Merged,4,70,17,0.0
PR-C02-P04-004219,C02-P04,C02-E0114,2025-11-13 10:36:00,2025-11-17 00:36:00,Merged,1,182,17,3.0
PR-C02-P04-004220,C02-P04,C02-E0080,2025-11-25 11:15:47,2025-11-29 00:15:47,Merged,3,70,59,2.0
PR-C02-P04-004221,C02-P04,C02-E0115,2025-11-17 17:33:24,2025-11-19 04:33:24,Merged,4,57,26,1.0
PR-C02-P04-004222,C02-P04,C02-E0093,2025-11-19 07:07:20,2025-11-23 07:07:20,Merged,8,42,128,2.0
PR-C02-P04-004223,C02-P04,C02-E0034,2025-11-10 21:08:30,2025-11-12 16:08:30,Merged,9,81,23,2.0
PR-C02-P04-004224,C02-P04,C02-E0066,2025-12-18 15:10:39,2025-12-18 19:10:39,Merged,2,19,36,1.0
PR-C02-P04-004225,C02-P04,C02-E0015,2025-12-16 17:18:28,2025-12-17 09:18:28,Merged,11,13,2,1.0
PR-C02-P04-004226,C02-P04,C02-E0055,2025-12-24 10:57:25,2025-12-27 19:57:25,Merged,4,151,31,3.0
PR-C02-P04-004227,C02-P04,C02-E0086,2025-12-27 19:21:24,2025-12-30 10:21:24,Merged,11,99,40,0.0
PR-C02-P04-004228,C02-P04,C02-E0024,2025-12-23 10:31:10,2025-12-26 22:31:10,Merged,7,85,1,2.0
PR-C02-P04-004229,C02-P04,C02-E0075,2025-12-19 08:52:48,2025-12-22 12:52:48,Merged,5,41,74,2.0
PR-C02-P04-004230,C02-P04,C02-E0015,2025-12-14 19:05:39,2025-12-16 15:05:39,Merged,9,47,16,2.0
PR-C02-P04-004231,C02-P04,C02-E0016,2025-12-11 08:11:16,2025-12-12 02:11:16,Merged,4,165,37,1.0
PR-C02-P04-004232,C02-P04,C02-E0076,2025-12-18 18:08:17,2025-12-18 21:08:17,Merged,2,102,53,0.0
PR-C02-P04-004233,C02-P04,C02-E0016,2025-12-30 19:02:26,,Aberto,5,53,10,0.0
PR-C02-P04-004234,C02-P04,C02-E0075,2025-12-10 15:51:30,2025-12-14 11:51:30,Merged,3,57,20,3.0
PR-C02-P04-004235,C02-P04,C02-E0015,2025-12-25 21:33:08,,Aberto,11,137,39,1.0
PR-C02-P04-004236,C02-P04,C02-E0004,2025-12-18 17:14:28,,Fechado sem merge,1,56,108,2.0
PR-C02-P04-004237,C02-P04,C02-E0111,2025-12-17 16:47:25,2025-12-18 08:47:25,Merged,6,28,53,3.0
PR-C02-P04-004238,C02-P04,C02-E0066,2025-12-24 13:44:45,2025-12-27 17:44:45,Merged,3,108,3,1.0
PR-C02-P04-004239,C02-P04,C02-E0009,2025-12-11 12:58:31,2025-12-14 21:58:31,Merged,6,154,30,3.0
PR-C02-P04-004240,C02-P04,C02-E0111,2025-12-09 19:36:09,2025-12-11 16:36:09,Merged,12,48,13,0.0
PR-C02-P04-004241,C02-P04,C02-E0066,2025-12-20 08:23:56,2025-12-20 17:23:56,Merged,5,200,15,2.0
PR-C02-P04-004242,C02-P04,C02-E0059,2025-12-09 14:09:18,,Aberto,9,16,34,3.0
PR-C02-P04-004243,C02-P04,C02-E0040,2025-12-22 14:38:43,2025-12-24 13:38:43,Merged,3,33,41,2.0
PR-C02-P04-004244,C02-P04,C02-E0049,2025-12-25 07:39:05,2025-12-25 08:39:05,Merged,17,84,44,1.0
PR-C02-P04-004245,C02-P04,C02-E0066,2025-12-29 20:19:40,2026-01-01 14:19:40,Merged,10,127,18,2.0
PR-C02-P04-004246,C02-P04,C02-E0106,2025-12-07 11:19:45,,Aberto,16,76,19,1.0
PR-C02-P04-004247,C02-P04,C02-E0101,2025-12-26 20:56:30,2025-12-27 17:56:30,Merged,8,157,12,
PR-C02-P04-004248,C02-P04,C02-E0053,2025-12-15 18:29:51,2025-12-18 07:29:51,Merged,12,48,30,1.0
PR-C02-P04-004249,C02-P04,C02-E0035,2025-12-17 10:11:42,2025-12-18 08:11:42,Merged,5,52,47,2.0
PR-C02-P04-004250,C02-P04,C02-E0101,2025-12-25 08:08:32,,Aberto,3,22,108,0.0
PR-C02-P04-004251,C02-P04,C02-E0108,2025-12-14 18:01:57,2025-12-17 04:01:57,Merged,2,127,65,3.0
PR-C02-P04-004252,C02-P04,C02-E0107,2025-12-31 15:51:13,,Aberto,3,143,6,3.0
PR-C02-P04-004253,C02-P04,C02-E0024,2025-12-12 08:58:20,2025-12-14 16:58:20,Merged,1,57,26,1.0
PR-C02-P04-004254,C02-P04,C02-E0056,2025-12-04 07:06:45,,Fechado sem merge,21,49,26,0.0
PR-C02-P04-004255,C02-P04,C02-E0010,2025-12-17 09:49:32,2025-12-20 03:49:32,Merged,11,45,37,1.0
PR-C02-P04-004256,C02-P04,C02-E0098,2025-12-29 16:04:58,,Fechado sem merge,8,17,48,3.0
PR-C02-P04-004257,C02-P04,C02-E0046,2025-12-23 12:56:54,2025-12-24 09:56:54,Merged,4,78,81,0.0
PR-C02-P04-004258,C02-P04,C02-E0040,2025-12-09 19:09:00,2025-12-09 21:09:00,Merged,2,8,52,1.0
PR-C02-P04-004259,C02-P04,C02-E0101,2025-12-17 21:51:10,2025-12-19 13:51:10,Merged,1,115,5,2.0
PR-C02-P04-004260,C02-P04,C02-E0115,2025-12-23 19:16:16,2025-12-27 07:16:16,Merged,8,128,86,0.0
PR-C02-P04-004261,C02-P04,C02-E0097,2025-12-25 08:45:42,2025-12-26 16:45:42,Merged,16,78,68,2.0
PR-C02-P04-004262,C02-P04,C02-E0117,2025-12-31 17:17:51,2026-01-04 05:17:51,Merged,12,61,10,2.0
PR-C02-P04-004263,C02-P04,C02-E0060,2026-01-19 18:25:17,,Fechado sem merge,6,18,17,2.0
PR-C02-P04-004264,C02-P04,C02-E0067,2026-01-10 11:04:23,2026-01-11 05:04:23,Merged,1,94,59,1.0
PR-C02-P04-004265,C02-P04,C02-E0101,2026-01-24 09:29:21,,Fechado sem merge,1,92,51,2.0
PR-C02-P04-004266,C02-P04,C02-E0059,2026-01-22 18:18:58,2026-01-26 01:18:58,Merged,1,27,30,0.0
PR-C02-P04-004267,C02-P04,C02-E0111,2026-01-30 10:36:34,2026-02-01 19:36:34,Merged,1,60,32,2.0
PR-C02-P04-004268,C02-P04,C02-E0083,2026-01-14 20:05:12,2026-01-15 15:05:12,Merged,3,30,46,1.0
PR-C02-P04-004269,C02-P04,C02-E0044,2026-01-15 20:34:07,,Aberto,7,85,32,2.0
PR-C02-P04-004270,C02-P04,C02-E0046,2026-01-31 13:17:21,2026-02-02 22:17:21,Merged,6,153,71,2.0
PR-C02-P04-004271,C02-P04,C02-E0010,2026-01-25 09:09:55,2026-01-26 09:09:55,Merged,9,108,4,0.0
PR-C02-P04-004272,C02-P04,C02-E0031,2026-01-17 10:40:09,2026-01-18 21:40:09,Merged,1,52,9,
PR-C02-P04-004273,C02-P04,C02-E0066,2026-01-23 21:41:07,2026-01-25 22:41:07,Merged,2,84,29,1.0
PR-C02-P04-004274,C02-P04,C02-E0030,2026-01-27 16:01:31,,Fechado sem merge,1,63,59,3.0
PR-C02-P04-004275,C02-P04,C02-E0119,2026-01-09 16:18:35,2026-01-10 15:18:35,Merged,1,16,37,2.0
PR-C02-P04-004276,C02-P04,C02-E0104,2026-01-11 12:49:03,2026-01-12 04:49:03,Merged,2,125,20,2.0
PR-C02-P04-004277,C02-P04,C02-E0009,2026-01-09 19:43:24,2026-01-12 18:43:24,Merged,1,20,16,0.0
PR-C02-P04-004278,C02-P04,C02-E0016,2026-01-19 13:40:50,2026-01-22 17:40:50,Merged,1,32,61,3.0
PR-C02-P04-004279,C02-P04,C02-E0114,2026-01-23 16:42:25,,Aberto,1,19,186,2.0
PR-C02-P04-004280,C02-P04,C02-E0071,2026-01-01 18:42:12,,Aberto,2,90,17,2.0
PR-C02-P04-004281,C02-P04,C02-E0002,2026-01-30 11:47:17,2026-02-01 10:47:17,Merged,3,35,6,3.0
PR-C02-P04-004282,C02-P04,C02-E0029,2026-01-15 10:02:55,2026-01-18 16:02:55,Merged,4,65,17,2.0
PR-C02-P04-004283,C02-P04,C02-E0048,2026-01-26 16:55:02,,Aberto,1,29,31,2.0
PR-C02-P04-004284,C02-P04,C02-E0086,2026-01-17 07:21:28,2026-01-18 03:21:28,Merged,2,29,16,1.0
PR-C02-P04-004285,C02-P04,C02-E0057,2026-01-20 08:28:33,2026-01-22 08:28:33,Merged,7,16,33,
PR-C02-P04-004286,C02-P04,C02-E0084,2026-01-03 17:55:06,2026-01-04 00:55:06,Merged,5,46,4,1.0
PR-C02-P04-004287,C02-P04,C02-E0115,2026-01-30 20:12:02,2026-02-02 15:12:02,Merged,8,47,39,3.0
PR-C02-P04-004288,C02-P04,C02-E0014,2026-01-10 18:39:06,2026-01-11 10:39:06,Merged,1,18,27,1.0
PR-C02-P04-004289,C02-P04,C02-E0033,2026-01-18 21:11:49,,Aberto,1,96,13,1.0
PR-C02-P04-004290,C02-P04,C02-E0119,2026-01-09 16:12:12,2026-01-10 22:12:12,Merged,4,24,29,1.0
PR-C02-P04-004291,C02-P04,C02-E0104,2026-01-15 12:44:43,2026-01-19 06:44:43,Merged,4,43,56,2.0
PR-C02-P04-004292,C02-P04,C02-E0033,2026-01-01 18:23:19,2026-01-04 13:23:19,Merged,4,62,20,2.0
PR-C02-P04-004293,C02-P04,C02-E0099,2026-01-13 10:53:50,2026-01-14 16:53:50,Merged,4,32,16,0.0
PR-C02-P04-004294,C02-P04,C02-E0117,2026-01-09 13:22:38,,Fechado sem merge,24,76,73,1.0
PR-C02-P04-004295,C02-P04,C02-E0031,2026-01-30 10:23:19,2026-01-31 23:23:19,Merged,4,46,55,2.0
PR-C02-P04-004296,C02-P04,C02-E0035,2026-01-11 18:59:35,,Aberto,2,84,106,0.0
PR-C02-P04-004297,C02-P04,C02-E0080,2026-01-21 08:55:47,2026-01-24 09:55:47,Merged,1,28,18,2.0
PR-C02-P04-004298,C02-P04,C02-E0053,2026-01-17 21:08:28,2026-01-18 14:08:28,Merged,3,111,68,1.0
PR-C02-P04-004299,C02-P04,C02-E0013,2026-01-16 16:10:21,2026-01-19 19:10:21,Merged,8,111,37,3.0
PR-C02-P04-004300,C02-P04,C02-E0067,2026-01-14 09:28:20,2026-01-18 05:28:20,Merged,4,35,52,0.0
PR-C02-P04-004301,C02-P04,C02-E0063,2026-02-21 08:23:51,2026-02-22 07:23:51,Merged,23,117,59,0.0
PR-C02-P04-004302,C02-P04,C02-E0014,2026-02-19 15:22:37,2026-02-20 03:22:37,Merged,10,67,20,1.0
PR-C02-P04-004303,C02-P04,C02-E0115,2026-02-10 08:13:56,2026-02-13 08:13:56,Merged,4,73,74,2.0
PR-C02-P04-004304,C02-P04,C02-E0006,2026-02-01 16:06:24,,Aberto,1,133,51,1.0
PR-C02-P04-004305,C02-P04,C02-E0071,2026-02-11 15:22:30,2026-02-14 15:22:30,Merged,5,36,19,2.0
PR-C02-P04-004306,C02-P04,C02-E0053,2026-02-19 15:18:19,2026-02-22 09:18:19,Merged,8,130,50,0.0
PR-C02-P04-004307,C02-P04,C02-E0051,2026-02-15 10:09:48,2026-02-19 10:09:48,Merged,9,41,96,2.0
PR-C02-P04-004308,C02-P04,C02-E0108,2026-02-03 14:50:39,,Aberto,6,109,46,3.0
PR-C02-P04-004309,C02-P04,C02-E0050,2026-02-13 07:55:26,,Aberto,14,69,1,3.0
PR-C02-P04-004310,C02-P04,C02-E0101,2026-02-18 16:16:25,,Fechado sem merge,7,99,7,2.0
PR-C02-P04-004311,C02-P04,C02-E0015,2026-02-03 13:50:23,2026-02-07 08:50:23,Merged,4,39,38,1.0
PR-C02-P04-004312,C02-P04,C02-E0084,2026-02-02 18:05:54,2026-02-05 15:05:54,Merged,3,139,4,
PR-C02-P04-004313,C02-P04,C02-E0009,2026-02-16 14:36:51,,Aberto,23,3,78,0.0
PR-C02-P04-004314,C02-P04,C02-E0046,2026-02-05 08:27:19,2026-02-06 07:27:19,Merged,3,14,6,1.0
PR-C02-P04-004315,C02-P04,C02-E0048,2026-02-19 14:54:04,2026-02-21 01:54:04,Merged,1,89,14,2.0
PR-C02-P04-004316,C02-P04,C02-E0046,2026-02-08 14:15:14,2026-02-12 14:15:14,Merged,2,138,67,2.0
PR-C02-P04-004317,C02-P04,C02-E0082,2026-02-05 19:38:11,2026-02-06 23:38:11,Merged,7,31,56,1.0
PR-C02-P04-004318,C02-P04,C02-E0089,2026-02-04 09:27:19,2026-02-08 00:27:19,Merged,5,116,4,3.0
PR-C02-P04-004319,C02-P04,C02-E0107,2026-02-09 12:03:39,2026-02-12 05:03:39,Merged,11,41,15,1.0
PR-C02-P04-004320,C02-P04,C02-E0083,2026-02-03 21:24:00,2026-02-06 15:24:00,Merged,5,95,30,2.0
PR-C02-P04-004321,C02-P04,C02-E0040,2026-02-17 10:15:34,2026-02-17 16:15:34,Merged,9,38,66,2.0
PR-C02-P04-004322,C02-P04,C02-E0012,2026-02-02 14:54:27,2026-02-05 23:54:27,Merged,4,75,31,0.0
PR-C02-P04-004323,C02-P04,C02-E0002,2026-02-28 12:56:42,2026-02-28 15:56:42,Merged,1,46,21,2.0
PR-C02-P04-004324,C02-P04,C02-E0035,2026-02-20 16:47:49,2026-02-20 18:47:49,Merged,3,18,5,
PR-C02-P04-004325,C02-P04,C02-E0050,2026-02-28 09:11:13,2026-03-04 03:11:13,Merged,4,63,5,0.0
PR-C02-P04-004326,C02-P04,C02-E0046,2026-02-17 18:32:20,,Aberto,5,41,69,1.0
PR-C02-P04-004327,C02-P04,C02-E0050,2026-02-16 20:34:42,2026-02-17 20:34:42,Merged,2,41,2,1.0
PR-C02-P04-004328,C02-P04,C02-E0014,2026-02-13 17:56:39,,Fechado sem merge,7,46,12,1.0
PR-C02-P04-004329,C02-P04,C02-E0034,2026-02-02 16:46:48,2026-02-05 10:46:48,Merged,7,72,89,1.0
PR-C02-P04-004330,C02-P04,C02-E0080,2026-02-06 21:09:18,,Aberto,1,105,19,1.0
PR-C02-P04-004331,C02-P04,C02-E0023,2026-02-20 12:30:44,2026-02-23 15:30:44,Merged,8,91,7,1.0
PR-C02-P04-004332,C02-P04,C02-E0118,2026-02-06 13:10:34,,Aberto,5,39,11,2.0
PR-C02-P04-004333,C02-P04,C02-E0081,2026-02-10 20:47:17,2026-02-11 16:47:17,Merged,1,74,35,2.0
PR-C02-P04-004334,C02-P04,C02-E0005,2026-02-14 20:18:04,2026-02-16 05:18:04,Merged,13,8,26,0.0
PR-C02-P04-004335,C02-P04,C02-E0031,2026-02-14 21:16:46,2026-02-17 14:16:46,Merged,7,71,85,2.0
PR-C02-P04-004336,C02-P04,C02-E0004,2026-02-13 12:34:59,2026-02-17 02:34:59,Merged,8,33,57,0.0
PR-C02-P04-004337,C02-P04,C02-E0024,2026-02-18 15:32:44,2026-02-20 07:32:44,Merged,2,96,24,0.0
PR-C02-P04-004338,C02-P04,C02-E0014,2026-02-04 13:51:27,2026-02-07 13:51:27,Merged,2,79,10,2.0
PR-C02-P04-004339,C02-P04,C02-E0075,2026-02-21 20:39:04,,Aberto,5,50,17,0.0
PR-C02-P04-004340,C02-P04,C02-E0065,2026-02-12 17:35:15,,Fechado sem merge,8,48,5,1.0
PR-C02-P04-004341,C02-P04,C02-E0083,2026-02-02 17:40:25,2026-02-04 06:40:25,Merged,3,53,5,2.0
PR-C02-P04-004342,C02-P04,C02-E0005,2026-02-19 08:49:06,,Fechado sem merge,11,221,3,0.0
PR-C02-P04-004343,C02-P04,C02-E0066,2026-02-21 09:20:09,2026-02-21 20:20:09,Merged,5,136,10,1.0
PR-C02-P04-004344,C02-P04,C02-E0005,2026-02-06 12:09:51,2026-02-07 08:09:51,Merged,12,99,1,2.0
PR-C02-P04-004345,C02-P04,C02-E0094,2026-02-22 07:54:02,2026-02-25 10:54:02,Merged,4,57,1,2.0
PR-C02-P04-004346,C02-P04,C02-E0047,2026-02-20 11:28:48,2026-02-20 13:28:48,Merged,12,121,88,2.0
PR-C02-P04-004347,C02-P04,C02-E0055,2026-02-09 11:25:54,2026-02-13 05:25:54,Merged,7,54,30,1.0
PR-C02-P04-004348,C02-P04,C02-E0065,2026-02-02 15:23:34,,Fechado sem merge,4,17,55,1.0
PR-C02-P04-004349,C02-P04,C02-E0070,2026-02-02 15:41:35,,Aberto,1,70,3,3.0
PR-C02-P04-004350,C02-P04,C02-E0031,2026-02-05 18:36:37,,Aberto,5,54,4,2.0
PR-C02-P04-004351,C02-P04,C02-E0070,2026-02-10 08:02:31,,Aberto,3,64,8,2.0
PR-C02-P04-004352,C02-P04,C02-E0098,2026-02-25 19:28:18,2026-03-01 09:28:18,Merged,4,45,9,2.0
PR-C02-P04-004353,C02-P04,C02-E0096,2026-02-08 19:59:56,2026-02-09 05:59:56,Merged,13,89,6,1.0
PR-C02-P04-004354,C02-P04,C02-E0040,2026-02-16 07:12:06,2026-02-20 04:12:06,Merged,2,88,24,0.0
PR-C02-P04-004355,C02-P04,C02-E0049,2026-02-11 16:21:02,2026-02-12 18:21:02,Merged,6,59,24,1.0
PR-C02-P04-004356,C02-P04,C02-E0086,2026-02-22 10:14:21,2026-02-24 22:14:21,Merged,3,97,5,0.0
PR-C02-P04-004357,C02-P04,C02-E0012,2026-02-08 09:47:02,,Fechado sem merge,5,17,54,0.0
PR-C02-P04-004358,C02-P04,C02-E0115,2026-02-15 17:23:00,,Aberto,11,32,47,3.0
PR-C02-P04-004359,C02-P04,C02-E0012,2026-03-11 10:59:37,2026-03-12 23:59:37,Merged,7,40,27,3.0
PR-C02-P04-004360,C02-P04,C02-E0044,2026-03-03 08:39:14,2026-03-05 08:39:14,Merged,1,66,30,2.0
PR-C02-P04-004361,C02-P04,C02-E0032,2026-03-26 13:56:07,,Aberto,1,92,44,0.0
PR-C02-P04-004362,C02-P04,C02-E0070,2026-03-03 10:53:48,2026-03-05 12:53:48,Merged,3,78,20,
PR-C02-P04-004363,C02-P04,C02-E0099,2026-03-19 14:16:08,2026-03-22 08:16:08,Merged,10,162,43,0.0
PR-C02-P04-004364,C02-P04,C02-E0055,2026-03-26 18:23:16,2026-03-28 06:23:16,Merged,10,42,58,1.0
PR-C02-P04-004365,C02-P04,C02-E0094,2026-03-05 07:13:11,2026-03-07 01:13:11,Merged,1,117,25,2.0
PR-C02-P04-004366,C02-P04,C02-E0074,2026-04-24 10:19:40,,Fechado sem merge,9,15,83,1.0
PR-C02-P04-004367,C02-P04,C02-E0081,2026-04-16 15:21:58,2026-04-18 02:21:58,Merged,22,284,29,0.0
PR-C02-P04-004368,C02-P04,C02-E0052,2026-04-14 16:04:22,2026-04-18 07:04:22,Merged,6,63,11,3.0
PR-C02-P04-004369,C02-P04,C02-E0084,2026-04-25 16:44:38,2026-04-28 12:44:38,Merged,15,80,60,1.0
PR-C02-P04-004370,C02-P04,C02-E0111,2026-04-04 16:04:57,2026-04-07 02:04:57,Merged,4,28,26,2.0
PR-C02-P04-004371,C02-P04,C02-E0034,2026-04-03 07:53:06,2026-04-05 00:53:06,Merged,4,80,11,0.0
PR-C02-P04-004372,C02-P04,C02-E0029,2026-04-19 16:54:31,2026-04-19 17:54:31,Merged,7,71,23,1.0
PR-C02-P04-004373,C02-P04,C02-E0101,2026-04-10 18:41:12,,Aberto,5,150,24,2.0
PR-C02-P04-004374,C02-P04,C02-E0082,2026-04-03 20:07:47,2026-04-06 08:07:47,Merged,1,97,8,2.0
PR-C02-P04-004375,C02-P04,C02-E0108,2026-04-13 16:06:07,,Aberto,3,75,35,1.0
PR-C02-P04-004376,C02-P04,C02-E0051,2026-04-26 15:15:21,2026-04-27 18:15:21,Merged,2,70,12,3.0
PR-C02-P04-004377,C02-P04,C02-E0104,2026-05-12 18:47:41,2026-05-13 18:47:41,Merged,5,137,3,2.0
PR-C02-P04-004378,C02-P04,C02-E0092,2026-05-20 20:52:09,,Aberto,4,21,28,0.0
PR-C02-P04-004379,C02-P04,C02-E0048,2026-05-20 16:25:25,2026-05-21 11:25:25,Merged,5,164,9,0.0
PR-C02-P04-004380,C02-P04,C02-E0055,2026-05-21 07:39:53,2026-05-24 01:39:53,Merged,7,4,14,1.0
PR-C02-P04-004381,C02-P04,C02-E0059,2026-05-04 16:50:18,,Fechado sem merge,14,82,16,3.0
PR-C02-P04-004382,C02-P04,C02-E0046,2026-05-24 18:26:38,2026-05-26 08:26:38,Merged,16,197,0,
PR-C02-P04-004383,C02-P04,C02-E0067,2026-05-05 08:59:59,2026-05-06 05:59:59,Merged,6,29,18,2.0
PR-C02-P04-004384,C02-P04,C02-E0063,2026-05-22 20:13:45,2026-05-23 10:13:45,Merged,8,112,86,0.0
PR-C02-P04-004385,C02-P04,C02-E0106,2026-05-11 07:07:30,,Aberto,6,10,32,1.0
PR-C02-P04-004386,C02-P04,C02-E0055,2026-05-24 13:51:12,2026-05-27 04:51:12,Merged,2,45,0,0.0
PR-C02-P04-004387,C02-P04,C02-E0087,2026-05-18 14:05:36,2026-05-18 23:05:36,Merged,5,15,68,1.0
PR-C02-P04-004388,C02-P04,C02-E0082,2026-05-25 13:30:59,,Aberto,4,56,154,2.0
PR-C02-P04-004389,C02-P04,C02-E0086,2026-05-30 07:35:43,,Aberto,5,275,58,2.0
PR-C02-P04-004390,C02-P04,C02-E0065,2026-05-23 12:11:59,2026-05-25 05:11:59,Merged,9,33,44,2.0
PR-C02-P04-004391,C02-P04,C02-E0032,2026-05-31 17:34:17,2026-06-01 14:34:17,Merged,2,91,12,1.0
PR-C02-P04-004392,C02-P04,C02-E0113,2026-06-10 07:34:27,2026-06-10 17:34:27,Merged,16,93,36,1.0
PR-C02-P04-004393,C02-P04,C02-E0115,2026-06-13 16:15:18,2026-06-14 07:15:18,Merged,3,23,20,0.0
PR-C02-P04-004394,C02-P04,C02-E0043,2026-06-14 09:15:17,,Aberto,7,95,32,1.0
PR-C02-P04-004395,C02-P04,C02-E0104,2026-06-24 08:49:02,2026-06-28 01:49:02,Merged,1,44,38,1.0
PR-C02-P04-004396,C02-P04,C02-E0010,2026-06-20 18:55:40,2026-06-24 10:55:40,Merged,2,119,12,2.0
PR-C02-P04-004397,C02-P04,C02-E0014,2026-06-03 08:50:52,2026-06-04 14:50:52,Merged,9,125,1,
PR-C02-P04-004398,C02-P04,C02-E0008,2026-06-15 09:51:42,2026-06-15 22:51:42,Merged,4,102,85,1.0
PR-C02-P04-004399,C02-P04,C02-E0048,2026-06-22 16:39:29,2026-06-24 15:39:29,Merged,5,51,51,
PR-C02-P04-004400,C02-P04,C02-E0008,2026-06-18 07:01:18,2026-06-21 01:01:18,Merged,2,49,1,1.0
PR-C02-P04-004401,C02-P04,C02-E0089,2026-06-06 12:27:01,2026-06-06 13:27:01,Merged,3,79,27,2.0
PR-C02-P04-004402,C02-P04,C02-E0015,2026-06-03 11:03:59,2026-06-04 00:03:59,Merged,9,94,101,2.0
PR-C02-P04-004403,C02-P04,C02-E0046,2026-06-18 09:52:36,,Aberto,14,158,25,2.0
PR-C02-P04-004404,C02-P04,C02-E0002,2026-07-18 20:58:47,2026-07-22 19:58:47,Merged,1,147,16,3.0
PR-C02-P04-004405,C02-P04,C02-E0031,2026-07-31 11:30:21,2026-08-03 03:30:21,Merged,3,17,108,0.0
PR-C02-P04-004406,C02-P04,C02-E0070,2026-07-04 10:39:57,2026-07-05 14:39:57,Merged,8,126,116,1.0
PR-C02-P04-004407,C02-P04,C02-E0066,2026-07-05 16:07:33,2026-07-08 15:07:33,Merged,8,38,49,1.0
PR-C02-P04-004408,C02-P04,C02-E0028,2026-07-08 08:33:33,,Aberto,6,8,20,1.0
PR-C02-P04-004409,C02-P04,C02-E0081,2026-07-17 18:30:56,,Fechado sem merge,9,96,5,1.0
PR-C02-P04-004410,C02-P04,C02-E0012,2026-07-02 20:25:22,,Fechado sem merge,11,169,58,2.0
PR-C02-P05-004411,C02-P05,C02-E0015,2026-03-30 17:14:27,,Aberto,16,24,58,
PR-C02-P05-004412,C02-P05,C02-E0033,2026-03-02 15:16:58,,Aberto,1,107,31,3.0
PR-C02-P05-004413,C02-P05,C02-E0016,2026-03-30 16:42:53,,Fechado sem merge,1,64,40,1.0
PR-C02-P05-004414,C02-P05,C02-E0029,2026-03-12 10:37:27,2026-03-14 23:37:27,Merged,2,6,47,0.0
PR-C02-P05-004415,C02-P05,C02-E0002,2026-03-09 13:49:32,2026-03-13 04:49:32,Merged,15,112,84,
PR-C02-P05-004416,C02-P05,C02-E0101,2026-03-07 10:39:38,,Fechado sem merge,16,23,40,2.0
PR-C02-P05-004417,C02-P05,C02-E0074,2026-03-12 09:30:48,2026-03-13 22:30:48,Merged,7,39,24,2.0
PR-C02-P05-004418,C02-P05,C02-E0008,2026-03-12 21:20:03,2026-03-15 08:20:03,Merged,3,55,17,1.0
PR-C02-P05-004419,C02-P05,C02-E0051,2026-03-06 07:25:18,,Fechado sem merge,4,129,11,2.0
PR-C02-P05-004420,C02-P05,C02-E0081,2026-03-20 11:30:35,,Aberto,3,29,15,1.0
PR-C02-P05-004421,C02-P05,C02-E0056,2026-03-17 09:51:53,2026-03-17 14:51:53,Merged,5,58,8,2.0
PR-C02-P05-004422,C02-P05,C02-E0009,2026-03-04 10:52:25,2026-03-05 18:52:25,Merged,9,56,56,2.0
PR-C02-P05-004423,C02-P05,C02-E0034,2026-03-25 21:07:22,2026-03-26 22:07:22,Merged,11,37,6,2.0
PR-C02-P05-004424,C02-P05,C02-E0099,2026-03-19 16:32:27,2026-03-20 23:32:27,Merged,4,114,89,2.0
PR-C02-P05-004425,C02-P05,C02-E0040,2026-03-21 13:11:42,2026-03-22 06:11:42,Merged,9,86,16,1.0
PR-C02-P05-004426,C02-P05,C02-E0008,2026-03-31 19:21:50,2026-04-03 01:21:50,Merged,2,76,86,0.0
PR-C02-P05-004427,C02-P05,C02-E0046,2026-03-01 07:46:06,,Aberto,2,38,53,1.0
PR-C02-P05-004428,C02-P05,C02-E0010,2026-03-11 09:25:39,,Aberto,7,133,3,2.0
PR-C02-P05-004429,C02-P05,C02-E0013,2026-03-18 12:40:18,2026-03-20 17:40:18,Merged,6,78,6,3.0
PR-C02-P05-004430,C02-P05,C02-E0030,2026-05-11 16:11:17,2026-05-11 17:11:17,Merged,17,59,61,2.0
PR-C02-P05-004431,C02-P05,C02-E0074,2026-05-01 07:27:06,2026-05-01 18:27:06,Merged,3,33,26,0.0
PR-C02-P05-004432,C02-P05,C02-E0016,2026-05-21 19:31:11,2026-05-24 11:31:11,Merged,1,162,113,0.0
PR-C02-P05-004433,C02-P05,C02-E0076,2026-05-16 13:24:55,2026-05-17 16:24:55,Merged,2,192,35,2.0
PR-C02-P05-004434,C02-P05,C02-E0097,2026-05-11 18:14:23,,Aberto,9,108,34,3.0
PR-C02-P05-004435,C02-P05,C02-E0117,2026-05-12 16:33:23,,Fechado sem merge,2,58,15,0.0
PR-C02-P05-004436,C02-P05,C02-E0117,2026-05-24 19:43:07,,Fechado sem merge,16,20,56,2.0
PR-C02-P05-004437,C02-P05,C02-E0001,2026-05-23 17:38:48,2026-05-24 08:38:48,Merged,5,38,130,2.0
PR-C02-P05-004438,C02-P05,C02-E0098,2026-05-03 13:41:04,2026-05-07 07:41:04,Merged,12,49,73,2.0
PR-C02-P05-004439,C02-P05,C02-E0009,2026-05-01 19:46:30,2026-05-04 08:46:30,Merged,11,109,31,1.0
PR-C02-P05-004440,C02-P05,C02-E0060,2026-05-17 08:30:04,,Aberto,3,104,58,3.0
PR-C02-P05-004441,C02-P05,C02-E0043,2026-05-03 07:11:34,2026-05-04 00:11:34,Merged,5,149,13,0.0
PR-C02-P05-004442,C02-P05,C02-E0028,2026-05-19 13:33:24,2026-05-21 09:33:24,Merged,4,91,75,2.0
PR-C02-P05-004443,C02-P05,C02-E0067,2026-05-04 19:02:47,,Aberto,11,38,38,2.0
PR-C02-P05-004444,C02-P05,C02-E0076,2026-05-11 08:11:04,2026-05-15 04:11:04,Merged,1,67,70,3.0
PR-C02-P05-004445,C02-P05,C02-E0118,2026-05-27 15:49:28,2026-05-30 06:49:28,Merged,7,20,41,0.0
PR-C02-P05-004446,C02-P05,C02-E0065,2026-05-25 13:20:33,,Aberto,6,107,25,3.0
PR-C02-P05-004447,C02-P05,C02-E0063,2026-05-14 16:11:46,2026-05-16 22:11:46,Merged,1,223,69,1.0
PR-C02-P05-004448,C02-P05,C02-E0099,2026-05-13 10:44:33,2026-05-15 01:44:33,Merged,5,13,46,0.0
PR-C02-P05-004449,C02-P05,C02-E0008,2026-05-05 18:08:35,2026-05-08 13:08:35,Merged,7,44,144,3.0
PR-C02-P05-004450,C02-P05,C02-E0067,2026-05-04 13:55:01,2026-05-05 08:55:01,Merged,1,89,27,2.0
PR-C02-P05-004451,C02-P05,C02-E0049,2026-05-10 07:05:39,2026-05-12 19:05:39,Merged,6,58,21,1.0
PR-C02-P05-004452,C02-P05,C02-E0012,2026-05-23 16:34:56,,Fechado sem merge,3,91,4,0.0
PR-C02-P05-004453,C02-P05,C02-E0053,2026-05-03 18:17:54,2026-05-04 11:17:54,Merged,5,36,22,3.0
PR-C02-P05-004454,C02-P05,C02-E0076,2026-05-22 08:10:09,2026-05-23 11:10:09,Merged,3,11,14,2.0
PR-C02-P05-004455,C02-P05,C02-E0028,2026-05-28 11:33:04,2026-05-28 12:33:04,Merged,4,40,25,0.0
PR-C02-P05-004456,C02-P05,C02-E0099,2026-05-05 13:36:26,2026-05-08 06:36:26,Merged,3,88,91,0.0
PR-C02-P05-004457,C02-P05,C02-E0076,2026-05-24 16:04:50,,Aberto,2,121,36,1.0
PR-C02-P05-004458,C02-P05,C02-E0043,2026-05-07 13:27:40,2026-05-10 17:27:40,Merged,2,78,44,2.0
PR-C02-P05-004459,C02-P05,C02-E0013,2026-05-15 07:59:31,2026-05-19 01:59:31,Merged,4,42,35,2.0
PR-C02-P05-004460,C02-P05,C02-E0050,2026-05-19 16:46:41,2026-05-21 02:46:41,Merged,7,55,80,0.0
PR-C02-P05-004461,C02-P05,C02-E0067,2026-05-30 18:02:46,2026-05-31 10:02:46,Merged,4,55,26,
PR-C02-P05-004462,C02-P05,C02-E0012,2026-05-17 16:38:36,,Aberto,4,25,59,2.0
PR-C02-P05-004463,C02-P05,C02-E0019,2026-05-18 10:22:34,,Fechado sem merge,7,40,20,2.0
PR-C02-P05-004464,C02-P05,C02-E0021,2026-05-23 12:50:24,2026-05-25 14:50:24,Merged,6,10,8,
PR-C02-P05-004465,C02-P05,C02-E0048,2026-05-10 17:08:53,2026-05-13 09:08:53,Merged,9,39,40,3.0
PR-C02-P05-004466,C02-P05,C02-E0107,2026-05-27 19:18:03,2026-05-30 23:18:03,Merged,8,115,18,0.0
PR-C02-P05-004467,C02-P05,C02-E0099,2026-05-26 09:51:23,2026-05-29 14:51:23,Merged,4,134,20,2.0
PR-C02-P05-004468,C02-P05,C02-E0047,2026-05-29 10:01:40,2026-05-29 17:01:40,Merged,17,6,32,2.0
PR-C02-P05-004469,C02-P05,C02-E0075,2026-05-14 20:46:37,,Fechado sem merge,6,231,2,0.0
PR-C02-P05-004470,C02-P05,C02-E0002,2026-05-30 12:25:00,2026-05-31 08:25:00,Merged,7,129,11,2.0
PR-C02-P05-004471,C02-P05,C02-E0047,2026-05-26 21:36:54,2026-05-28 21:36:54,Merged,5,128,17,2.0
PR-C02-P05-004472,C02-P05,C02-E0101,2026-05-26 16:32:04,2026-05-27 12:32:04,Merged,7,183,30,2.0
PR-C02-P05-004473,C02-P05,C02-E0063,2026-05-02 15:16:22,2026-05-05 15:16:22,Merged,7,158,66,3.0
PR-C03-P01-004474,C03-P01,C03-E0025,2025-07-07 11:32:33,2025-07-09 16:32:33,Merged,6,74,92,0.0
PR-C03-P01-004475,C03-P01,C03-E0031,2025-07-09 14:10:12,2025-07-10 17:10:12,Merged,1,13,48,3.0
PR-C03-P01-004476,C03-P01,C03-E0007,2025-07-30 12:26:00,2025-07-31 09:26:00,Merged,2,59,22,0.0
PR-C03-P01-004477,C03-P01,C03-E0001,2025-07-18 14:45:23,,Aberto,2,60,16,2.0
PR-C03-P01-004478,C03-P01,C03-E0031,2025-07-26 15:15:56,2025-07-29 13:15:56,Merged,12,23,51,1.0
PR-C03-P01-004479,C03-P01,C03-E0006,2025-07-09 15:02:31,2025-07-11 23:02:31,Merged,4,57,101,2.0
PR-C03-P01-004480,C03-P01,C03-E0015,2025-07-21 18:38:27,,Fechado sem merge,6,107,49,1.0
PR-C03-P01-004481,C03-P01,C03-E0007,2025-07-06 17:12:54,,Aberto,2,81,54,1.0
PR-C03-P01-004482,C03-P01,C03-E0025,2025-07-17 07:39:36,2025-07-19 00:39:36,Merged,1,61,26,3.0
PR-C03-P01-004483,C03-P01,C03-E0020,2025-07-28 19:51:02,,Aberto,6,37,72,1.0
PR-C03-P01-004484,C03-P01,C03-E0013,2025-07-04 18:16:55,2025-07-06 05:16:55,Merged,2,39,227,1.0
PR-C03-P01-004485,C03-P01,C03-E0028,2025-07-02 20:15:12,,Aberto,5,38,41,1.0
PR-C03-P01-004486,C03-P01,C03-E0023,2025-07-19 19:59:12,2025-07-22 17:59:12,Merged,3,28,31,
PR-C03-P01-004487,C03-P01,C03-E0010,2025-07-08 11:33:01,,Aberto,4,37,21,2.0
PR-C03-P01-004488,C03-P01,C03-E0010,2025-07-30 17:28:37,2025-08-02 02:28:37,Merged,3,73,16,0.0
PR-C03-P01-004489,C03-P01,C03-E0025,2025-07-05 13:03:55,,Aberto,7,57,109,1.0
PR-C03-P01-004490,C03-P01,C03-E0029,2025-07-17 17:26:04,2025-07-20 13:26:04,Merged,15,62,7,2.0
PR-C03-P01-004491,C03-P01,C03-E0005,2025-07-29 14:02:07,,Aberto,3,163,105,0.0
PR-C03-P01-004492,C03-P01,C03-E0007,2025-07-11 20:28:21,2025-07-15 14:28:21,Merged,9,17,50,1.0
PR-C03-P01-004493,C03-P01,C03-E0013,2025-12-16 10:07:05,2025-12-18 22:07:05,Merged,7,71,5,0.0
PR-C03-P01-004494,C03-P01,C03-E0010,2025-12-12 16:13:37,,Fechado sem merge,2,40,25,0.0
PR-C03-P01-004495,C03-P01,C03-E0001,2025-12-13 18:16:45,2025-12-16 11:16:45,Merged,7,117,22,3.0
PR-C03-P01-004496,C03-P01,C03-E0005,2025-12-24 13:56:38,2025-12-27 08:56:38,Merged,7,101,42,
PR-C03-P01-004497,C03-P01,C03-E0016,2025-12-12 12:42:28,2025-12-13 08:42:28,Merged,2,39,15,2.0
PR-C03-P01-004498,C03-P01,C03-E0026,2025-12-14 13:26:47,,Fechado sem merge,14,35,6,1.0
PR-C03-P01-004499,C03-P01,C03-E0029,2025-12-08 11:23:49,2025-12-08 12:23:49,Merged,8,82,36,2.0
PR-C03-P01-004500,C03-P01,C03-E0023,2025-12-05 09:36:06,2025-12-06 05:36:06,Merged,4,70,35,2.0
PR-C03-P01-004501,C03-P01,C03-E0008,2025-12-18 13:53:07,,Aberto,9,94,49,0.0
PR-C03-P01-004502,C03-P01,C03-E0008,2025-12-08 15:06:08,2025-12-12 07:06:08,Merged,7,30,31,1.0
PR-C03-P01-004503,C03-P01,C03-E0016,2025-12-17 08:06:07,2025-12-17 14:06:07,Merged,12,27,61,1.0
PR-C03-P01-004504,C03-P01,C03-E0002,2025-12-23 10:07:57,2025-12-26 10:07:57,Merged,7,158,63,1.0
PR-C03-P01-004505,C03-P01,C03-E0023,2026-06-12 08:02:03,2026-06-13 12:02:03,Merged,9,54,1,1.0
PR-C03-P01-004506,C03-P01,C03-E0027,2026-06-13 13:59:14,2026-06-15 04:59:14,Merged,3,110,17,
PR-C03-P01-004507,C03-P01,C03-E0026,2026-06-11 07:27:39,,Fechado sem merge,1,73,23,3.0
PR-C03-P01-004508,C03-P01,C03-E0001,2026-06-25 17:33:51,2026-06-27 08:33:51,Merged,3,175,26,
PR-C03-P01-004509,C03-P01,C03-E0029,2026-06-14 13:55:59,2026-06-17 05:55:59,Merged,5,241,9,1.0
PR-C03-P01-004510,C03-P01,C03-E0010,2026-06-28 12:51:14,2026-07-01 22:51:14,Merged,7,128,144,1.0
PR-C03-P01-004511,C03-P01,C03-E0007,2026-06-24 15:37:50,2026-06-27 02:37:50,Merged,7,99,98,1.0
PR-C03-P02-004512,C03-P02,C03-E0002,2026-04-30 14:43:18,2026-05-01 23:43:18,Merged,1,20,99,3.0
PR-C03-P02-004513,C03-P02,C03-E0029,2026-04-02 17:54:37,,Aberto,9,65,52,1.0
PR-C03-P02-004514,C03-P02,C03-E0015,2026-04-03 07:44:26,2026-04-04 08:44:26,Merged,3,49,23,2.0
PR-C03-P02-004515,C03-P02,C03-E0015,2026-04-25 16:49:27,2026-04-27 23:49:27,Merged,2,85,16,2.0
PR-C03-P02-004516,C03-P02,C03-E0026,2026-04-30 13:06:36,,Aberto,12,21,34,3.0
PR-C03-P02-004517,C03-P02,C03-E0009,2026-04-14 21:46:44,2026-04-17 01:46:44,Merged,1,109,65,3.0
PR-C03-P02-004518,C03-P02,C03-E0007,2026-04-27 16:05:43,2026-04-29 05:05:43,Merged,6,248,3,0.0
PR-C03-P02-004519,C03-P02,C03-E0002,2026-04-19 19:34:20,2026-04-20 15:34:20,Merged,9,24,10,2.0
PR-C03-P02-004520,C03-P02,C03-E0029,2026-04-28 19:32:43,2026-05-01 19:32:43,Merged,7,11,17,2.0
PR-C03-P02-004521,C03-P02,C03-E0002,2026-04-21 10:26:12,2026-04-23 12:26:12,Merged,6,37,91,1.0
PR-C03-P02-004522,C03-P02,C03-E0031,2026-04-04 08:10:31,2026-04-08 05:10:31,Merged,3,95,55,0.0
PR-C03-P02-004523,C03-P02,C03-E0006,2026-04-28 20:25:43,2026-04-30 09:25:43,Merged,5,73,47,2.0
PR-C03-P02-004524,C03-P02,C03-E0008,2026-04-16 12:28:22,2026-04-20 09:28:22,Merged,14,45,10,3.0
PR-C03-P02-004525,C03-P02,C03-E0001,2026-04-02 14:05:08,2026-04-03 10:05:08,Merged,5,51,50,2.0
PR-C03-P02-004526,C03-P02,C03-E0015,2026-04-08 15:55:17,2026-04-12 00:55:17,Merged,7,47,24,1.0
PR-C03-P02-004527,C03-P02,C03-E0001,2026-05-02 11:18:51,2026-05-03 09:18:51,Merged,4,38,74,3.0
PR-C03-P02-004528,C03-P02,C03-E0020,2026-05-24 14:38:30,2026-05-25 07:38:30,Merged,1,75,22,2.0
PR-C03-P02-004529,C03-P02,C03-E0013,2026-05-31 18:33:15,2026-06-02 07:33:15,Merged,8,112,6,2.0
PR-C03-P02-004530,C03-P02,C03-E0017,2026-05-13 21:21:43,2026-05-14 23:21:43,Merged,2,20,36,0.0
PR-C03-P02-004531,C03-P02,C03-E0005,2026-05-04 13:58:18,2026-05-05 07:58:18,Merged,9,90,25,0.0
PR-C03-P02-004532,C03-P02,C03-E0027,2026-05-02 08:11:39,2026-05-04 18:11:39,Merged,1,87,49,0.0
PR-C03-P02-004533,C03-P02,C03-E0035,2026-05-08 15:06:32,2026-05-12 12:06:32,Merged,2,87,7,2.0
PR-C03-P02-004534,C03-P02,C03-E0020,2026-05-18 18:45:45,2026-05-22 07:45:45,Merged,2,180,21,0.0
PR-C03-P02-004535,C03-P02,C03-E0006,2026-05-13 09:08:56,,Fechado sem merge,2,55,41,3.0
PR-C03-P02-004536,C03-P02,C03-E0029,2026-05-09 14:13:08,2026-05-09 18:13:08,Merged,8,67,22,
PR-C03-P02-004537,C03-P02,C03-E0023,2026-05-24 08:55:28,2026-05-28 05:55:28,Merged,3,122,2,
PR-C03-P02-004538,C03-P02,C03-E0021,2026-05-16 11:56:59,2026-05-17 05:56:59,Merged,11,31,24,1.0
PR-C03-P02-004539,C03-P02,C03-E0020,2026-06-22 16:56:58,,Aberto,7,32,14,0.0
PR-C03-P02-004540,C03-P02,C03-E0020,2026-06-20 16:02:03,,Fechado sem merge,7,58,15,2.0
PR-C03-P02-004541,C03-P02,C03-E0005,2026-06-07 14:59:42,2026-06-09 22:59:42,Merged,2,32,20,
PR-C03-P02-004542,C03-P02,C03-E0017,2026-06-29 07:14:40,2026-07-01 02:14:40,Merged,1,81,36,1.0
PR-C03-P02-004543,C03-P02,C03-E0029,2026-06-16 20:04:49,,Fechado sem merge,2,47,84,2.0
PR-C03-P02-004544,C03-P02,C03-E0035,2026-06-12 12:18:30,2026-06-13 23:18:30,Merged,1,112,13,2.0
PR-C03-P02-004545,C03-P02,C03-E0026,2026-06-22 09:56:53,2026-06-23 04:56:53,Merged,5,68,45,3.0
PR-C03-P02-004546,C03-P02,C03-E0023,2026-06-25 09:31:57,2026-06-26 06:31:57,Merged,2,117,5,1.0
PR-C03-P02-004547,C03-P02,C03-E0020,2026-06-09 08:17:24,2026-06-09 13:17:24,Merged,4,66,34,3.0
PR-C03-P02-004548,C03-P02,C03-E0001,2026-07-03 20:33:44,2026-07-07 12:33:44,Merged,7,96,11,2.0
PR-C03-P02-004549,C03-P02,C03-E0007,2026-07-13 20:38:58,2026-07-15 20:38:58,Merged,3,62,34,1.0
PR-C03-P02-004550,C03-P02,C03-E0008,2026-07-26 13:31:29,2026-07-29 10:31:29,Merged,12,59,60,1.0
PR-C03-P02-004551,C03-P02,C03-E0021,2026-07-15 20:14:22,2026-07-18 22:14:22,Merged,3,109,62,3.0
PR-C03-P02-004552,C03-P02,C03-E0025,2026-07-28 07:44:16,,Fechado sem merge,3,72,10,3.0
PR-C04-P01-004553,C04-P01,C04-E0083,2026-02-04 19:03:56,2026-02-08 10:03:56,Merged,1,91,27,2.0
PR-C04-P01-004554,C04-P01,C04-E0096,2026-02-04 07:35:32,2026-02-06 12:35:32,Merged,3,43,86,3.0
PR-C04-P01-004555,C04-P01,C04-E0023,2026-02-17 10:17:22,,Aberto,1,28,41,1.0
PR-C04-P01-004556,C04-P01,C04-E0006,2026-02-25 21:46:08,2026-02-27 13:46:08,Merged,2,91,27,2.0
PR-C04-P01-004557,C04-P01,C04-E0052,2026-02-26 11:27:00,2026-03-01 23:27:00,Merged,5,17,16,3.0
PR-C04-P01-004558,C04-P01,C04-E0106,2026-02-10 07:58:47,,Aberto,1,84,10,
PR-C04-P01-004559,C04-P01,C04-E0011,2026-02-15 10:53:40,2026-02-19 08:53:40,Merged,14,67,117,1.0
PR-C04-P01-004560,C04-P01,C04-E0056,2026-02-01 14:18:26,2026-02-05 06:18:26,Merged,2,120,56,
PR-C04-P01-004561,C04-P01,C04-E0106,2026-02-04 18:45:59,,Fechado sem merge,3,134,7,1.0
PR-C04-P01-004562,C04-P01,C04-E0089,2026-02-02 21:54:03,2026-02-03 11:54:03,Merged,9,102,57,1.0
PR-C04-P01-004563,C04-P01,C04-E0027,2026-02-10 18:03:41,2026-02-13 07:03:41,Merged,9,109,82,1.0
PR-C04-P01-004564,C04-P01,C04-E0099,2026-02-25 07:41:00,2026-02-27 05:41:00,Merged,2,48,21,1.0
PR-C04-P01-004565,C04-P01,C04-E0029,2026-02-22 15:07:14,2026-02-22 17:07:14,Merged,4,23,23,2.0
PR-C04-P01-004566,C04-P01,C04-E0067,2026-02-06 09:24:02,2026-02-07 02:24:02,Merged,11,48,91,0.0
PR-C04-P01-004567,C04-P01,C04-E0096,2026-02-18 14:14:33,2026-02-20 06:14:33,Merged,5,49,59,2.0
PR-C04-P01-004568,C04-P01,C04-E0083,2026-02-04 15:28:24,2026-02-07 19:28:24,Merged,8,140,17,3.0
PR-C04-P01-004569,C04-P01,C04-E0009,2026-02-13 21:46:54,2026-02-17 20:46:54,Merged,2,116,31,3.0
PR-C04-P01-004570,C04-P01,C04-E0106,2026-02-07 18:35:56,2026-02-11 04:35:56,Merged,3,134,6,3.0
PR-C04-P01-004571,C04-P01,C04-E0058,2026-02-12 14:23:30,2026-02-13 19:23:30,Merged,6,46,30,2.0
PR-C04-P01-004572,C04-P01,C04-E0066,2026-02-13 11:25:18,,Fechado sem merge,2,75,12,3.0
PR-C04-P01-004573,C04-P01,C04-E0103,2026-02-22 16:25:20,,Fechado sem merge,4,125,5,2.0
PR-C04-P01-004574,C04-P01,C04-E0038,2026-02-11 18:20:50,2026-02-13 04:20:50,Merged,2,110,38,2.0
PR-C04-P01-004575,C04-P01,C04-E0078,2026-02-27 10:08:56,,Fechado sem merge,6,86,50,3.0
PR-C04-P01-004576,C04-P01,C04-E0073,2026-02-22 15:53:16,2026-02-24 12:53:16,Merged,11,53,40,2.0
PR-C04-P01-004577,C04-P01,C04-E0002,2026-02-01 13:16:52,2026-02-01 22:16:52,Merged,1,102,15,1.0
PR-C04-P01-004578,C04-P01,C04-E0078,2026-02-10 21:04:25,2026-02-10 23:04:25,Merged,9,47,16,2.0
PR-C04-P01-004579,C04-P01,C04-E0020,2026-03-17 16:31:11,2026-03-19 08:31:11,Merged,8,4,21,2.0
PR-C04-P01-004580,C04-P01,C04-E0003,2026-03-27 19:03:42,,Fechado sem merge,5,39,31,3.0
PR-C04-P01-004581,C04-P01,C04-E0001,2026-03-02 13:31:57,2026-03-02 18:31:57,Merged,7,39,45,1.0
PR-C04-P01-004582,C04-P01,C04-E0082,2026-03-23 21:29:47,,Aberto,1,243,40,2.0
PR-C04-P01-004583,C04-P01,C04-E0018,2026-03-20 21:04:56,2026-03-24 14:04:56,Merged,4,46,36,0.0
PR-C04-P01-004584,C04-P01,C04-E0063,2026-03-30 18:00:43,2026-04-03 06:00:43,Merged,1,75,7,3.0
PR-C04-P01-004585,C04-P01,C04-E0078,2026-03-31 10:31:26,2026-04-03 01:31:26,Merged,2,145,31,2.0
PR-C04-P01-004586,C04-P01,C04-E0091,2026-03-19 17:43:14,,Aberto,7,15,40,1.0
PR-C04-P01-004587,C04-P01,C04-E0001,2026-03-18 13:44:49,2026-03-19 14:44:49,Merged,18,53,59,1.0
PR-C04-P01-004588,C04-P01,C04-E0106,2026-03-10 21:52:38,2026-03-14 09:52:38,Merged,7,34,33,0.0
PR-C04-P01-004589,C04-P01,C04-E0051,2026-03-25 14:06:10,,Aberto,6,44,8,2.0
PR-C04-P01-004590,C04-P01,C04-E0058,2026-03-26 18:25:57,2026-03-30 18:25:57,Merged,21,109,74,2.0
PR-C04-P01-004591,C04-P01,C04-E0039,2026-03-02 21:10:19,2026-03-04 16:10:19,Merged,3,225,4,3.0
PR-C04-P01-004592,C04-P01,C04-E0022,2026-03-11 10:04:20,2026-03-11 18:04:20,Merged,6,345,34,1.0
PR-C04-P01-004593,C04-P01,C04-E0080,2026-03-02 10:19:35,2026-03-02 11:19:35,Merged,3,26,8,2.0
PR-C04-P01-004594,C04-P01,C04-E0093,2026-03-16 09:56:49,,Fechado sem merge,1,32,0,1.0
PR-C04-P01-004595,C04-P01,C04-E0077,2026-03-29 19:47:13,2026-04-01 04:47:13,Merged,5,53,32,2.0
PR-C04-P01-004596,C04-P01,C04-E0092,2026-03-15 20:07:29,2026-03-18 14:07:29,Merged,4,104,70,3.0
PR-C04-P01-004597,C04-P01,C04-E0003,2026-03-03 10:09:57,2026-03-04 07:09:57,Merged,1,184,29,1.0
PR-C04-P01-004598,C04-P01,C04-E0015,2026-03-29 21:41:03,2026-03-31 10:41:03,Merged,1,11,78,2.0
PR-C04-P01-004599,C04-P01,C04-E0077,2026-03-31 14:52:28,2026-03-31 15:52:28,Merged,7,206,59,0.0
PR-C04-P01-004600,C04-P01,C04-E0096,2026-03-01 08:26:09,2026-03-02 03:26:09,Merged,2,131,122,1.0
PR-C04-P01-004601,C04-P01,C04-E0036,2026-04-17 13:38:20,2026-04-20 16:38:20,Merged,1,322,21,0.0
PR-C04-P01-004602,C04-P01,C04-E0019,2026-04-14 19:20:40,2026-04-17 21:20:40,Merged,5,187,32,3.0
PR-C04-P01-004603,C04-P01,C04-E0011,2026-04-12 09:16:22,2026-04-15 06:16:22,Merged,1,423,34,1.0
PR-C04-P01-004604,C04-P01,C04-E0106,2026-04-06 14:31:03,2026-04-07 00:31:03,Merged,1,4,7,1.0
PR-C04-P01-004605,C04-P01,C04-E0073,2026-04-04 11:27:43,,Aberto,1,53,10,2.0
PR-C04-P01-004606,C04-P01,C04-E0078,2026-04-04 10:11:16,2026-04-07 16:11:16,Merged,15,36,18,2.0
PR-C04-P01-004607,C04-P01,C04-E0035,2026-04-26 16:10:57,2026-04-27 20:10:57,Merged,3,50,27,2.0
PR-C04-P01-004608,C04-P01,C04-E0026,2026-04-14 16:07:21,2026-04-16 04:07:21,Merged,1,30,151,2.0
PR-C04-P01-004609,C04-P01,C04-E0098,2026-04-02 07:40:28,,Fechado sem merge,1,73,3,
PR-C04-P01-004610,C04-P01,C04-E0033,2026-04-02 07:31:31,2026-04-04 04:31:31,Merged,11,48,6,2.0
PR-C04-P01-004611,C04-P01,C04-E0083,2026-04-19 17:29:57,2026-04-20 07:29:57,Merged,6,158,18,2.0
PR-C04-P01-004612,C04-P01,C04-E0103,2026-04-25 18:33:01,2026-04-26 10:33:01,Merged,16,150,81,1.0
PR-C04-P01-004613,C04-P01,C04-E0078,2026-04-11 15:00:12,,Fechado sem merge,2,19,6,1.0
PR-C04-P01-004614,C04-P01,C04-E0030,2026-05-12 13:54:16,2026-05-14 01:54:16,Merged,6,85,2,1.0
PR-C04-P01-004615,C04-P01,C04-E0078,2026-05-22 15:16:16,2026-05-24 02:16:16,Merged,6,86,41,1.0
PR-C04-P01-004616,C04-P01,C04-E0083,2026-05-10 20:15:59,,Fechado sem merge,9,61,35,2.0
PR-C04-P01-004617,C04-P01,C04-E0038,2026-05-27 12:33:16,2026-05-30 09:33:16,Merged,4,45,27,1.0
PR-C04-P01-004618,C04-P01,C04-E0039,2026-05-24 08:22:45,2026-05-25 10:22:45,Merged,1,26,5,3.0
PR-C04-P01-004619,C04-P01,C04-E0077,2026-05-14 16:51:25,2026-05-16 05:51:25,Merged,7,22,15,1.0
PR-C04-P01-004620,C04-P01,C04-E0019,2026-05-21 12:13:08,2026-05-22 20:13:08,Merged,2,49,65,1.0
PR-C04-P01-004621,C04-P01,C04-E0096,2026-05-18 15:06:39,2026-05-19 16:06:39,Merged,4,13,20,2.0
PR-C04-P01-004622,C04-P01,C04-E0034,2026-05-31 07:25:30,,Aberto,5,32,27,1.0
PR-C04-P01-004623,C04-P01,C04-E0034,2026-05-19 14:29:55,,Aberto,2,188,21,2.0
PR-C04-P01-004624,C04-P01,C04-E0086,2026-05-07 21:28:35,2026-05-10 04:28:35,Merged,10,127,24,1.0
PR-C04-P01-004625,C04-P01,C04-E0037,2026-05-26 20:02:21,,Aberto,8,23,19,3.0
PR-C04-P01-004626,C04-P01,C04-E0005,2026-05-29 09:39:41,2026-06-01 06:39:41,Merged,2,45,8,1.0
PR-C04-P01-004627,C04-P01,C04-E0046,2026-05-28 17:10:02,2026-05-30 13:10:02,Merged,13,40,29,2.0
PR-C04-P01-004628,C04-P01,C04-E0006,2026-05-04 14:01:31,,Aberto,13,104,20,1.0
PR-C04-P01-004629,C04-P01,C04-E0006,2026-05-28 19:52:04,2026-05-31 20:52:04,Merged,1,123,19,2.0
PR-C04-P01-004630,C04-P01,C04-E0078,2026-05-09 18:20:00,2026-05-11 01:20:00,Merged,2,104,14,0.0
PR-C04-P01-004631,C04-P01,C04-E0033,2026-05-27 13:55:42,,Fechado sem merge,5,91,60,2.0
PR-C04-P01-004632,C04-P01,C04-E0072,2026-05-10 10:49:24,2026-05-11 22:49:24,Merged,23,75,49,1.0
PR-C04-P01-004633,C04-P01,C04-E0086,2026-05-10 09:59:53,,Aberto,5,125,16,2.0
PR-C04-P01-004634,C04-P01,C04-E0092,2026-05-10 09:33:32,2026-05-11 18:33:32,Merged,4,84,58,
PR-C04-P01-004635,C04-P01,C04-E0005,2026-05-03 07:31:34,,Aberto,3,13,22,2.0
PR-C04-P01-004636,C04-P01,C04-E0051,2026-05-28 08:02:21,2026-05-28 20:02:21,Merged,3,179,51,2.0
PR-C04-P01-004637,C04-P01,C04-E0012,2026-06-03 15:25:40,2026-06-05 00:25:40,Merged,1,117,11,1.0
PR-C04-P01-004638,C04-P01,C04-E0019,2026-06-05 18:05:15,2026-06-08 06:05:15,Merged,8,39,44,2.0
PR-C04-P01-004639,C04-P01,C04-E0069,2026-06-30 10:34:01,2026-07-04 09:34:01,Merged,18,52,19,1.0
PR-C04-P01-004640,C04-P01,C04-E0044,2026-06-26 17:14:38,,Aberto,11,35,30,2.0
PR-C04-P01-004641,C04-P01,C04-E0058,2026-06-26 16:37:58,2026-06-30 01:37:58,Merged,9,44,72,
PR-C04-P01-004642,C04-P01,C04-E0069,2026-06-03 20:13:51,,Aberto,6,31,13,0.0
PR-C04-P01-004643,C04-P01,C04-E0014,2026-06-06 13:49:21,,Aberto,1,29,53,0.0
PR-C04-P01-004644,C04-P01,C04-E0106,2026-06-09 18:04:31,2026-06-10 01:04:31,Merged,6,15,27,2.0
PR-C04-P01-004645,C04-P01,C04-E0103,2026-06-14 07:39:03,2026-06-17 06:39:03,Merged,17,76,5,1.0
PR-C04-P01-004646,C04-P01,C04-E0011,2026-06-25 13:34:43,,Aberto,1,20,41,1.0
PR-C04-P01-004647,C04-P01,C04-E0011,2026-06-29 13:02:25,2026-07-01 07:02:25,Merged,8,19,68,1.0
PR-C04-P01-004648,C04-P01,C04-E0001,2026-06-14 19:47:03,2026-06-15 10:47:03,Merged,6,94,8,1.0
PR-C04-P01-004649,C04-P01,C04-E0012,2026-06-01 12:29:18,,Fechado sem merge,6,27,67,2.0
PR-C04-P01-004650,C04-P01,C04-E0086,2026-06-30 07:01:41,2026-07-01 01:01:41,Merged,5,26,21,0.0
PR-C04-P01-004651,C04-P01,C04-E0023,2026-06-22 21:00:41,2026-06-23 12:00:41,Merged,1,98,21,1.0
PR-C04-P01-004652,C04-P01,C04-E0002,2026-06-27 18:13:32,,Fechado sem merge,3,130,51,0.0
PR-C04-P01-004653,C04-P01,C04-E0039,2026-06-30 20:25:21,2026-07-01 19:25:21,Merged,10,190,13,3.0
PR-C04-P01-004654,C04-P01,C04-E0058,2026-06-16 14:24:02,2026-06-18 11:24:02,Merged,8,113,51,0.0
PR-C04-P01-004655,C04-P01,C04-E0078,2026-06-07 16:28:01,2026-06-08 21:28:01,Merged,4,77,34,3.0
PR-C04-P01-004656,C04-P01,C04-E0019,2026-06-08 19:06:07,2026-06-11 18:06:07,Merged,7,38,33,2.0
PR-C04-P01-004657,C04-P01,C04-E0076,2026-06-06 15:08:51,2026-06-09 15:08:51,Merged,2,165,8,0.0
PR-C04-P01-004658,C04-P01,C04-E0020,2026-06-24 21:27:34,2026-06-28 11:27:34,Merged,3,28,68,2.0
PR-C04-P01-004659,C04-P01,C04-E0025,2026-06-22 15:45:32,2026-06-26 00:45:32,Merged,20,10,15,1.0
PR-C04-P01-004660,C04-P01,C04-E0015,2026-06-27 10:28:38,2026-06-29 08:28:38,Merged,7,99,49,1.0
PR-C04-P01-004661,C04-P01,C04-E0005,2026-06-19 14:24:48,,Aberto,6,13,20,1.0
PR-C04-P01-004662,C04-P01,C04-E0092,2026-06-01 21:10:42,2026-06-02 16:10:42,Merged,7,62,18,2.0
PR-C04-P01-004663,C04-P01,C04-E0005,2026-06-11 19:45:19,2026-06-13 17:45:19,Merged,14,57,25,1.0
PR-C04-P01-004664,C04-P01,C04-E0104,2026-06-27 09:56:26,2026-06-27 13:56:26,Merged,8,94,126,2.0
PR-C04-P01-004665,C04-P01,C04-E0091,2026-06-09 07:48:05,2026-06-10 19:48:05,Merged,3,118,31,2.0
PR-C04-P01-004666,C04-P01,C04-E0015,2026-06-17 14:00:40,,Aberto,8,42,82,1.0
PR-C04-P01-004667,C04-P01,C04-E0002,2026-06-18 13:25:28,,Aberto,3,12,5,1.0
PR-C04-P01-004668,C04-P01,C04-E0012,2026-06-30 08:01:24,2026-07-03 21:01:24,Merged,5,148,25,1.0
PR-C04-P01-004669,C04-P01,C04-E0029,2026-07-15 08:01:33,,Aberto,3,80,13,1.0
PR-C04-P01-004670,C04-P01,C04-E0078,2026-07-12 18:49:01,2026-07-13 12:49:01,Merged,1,108,3,1.0
PR-C04-P01-004671,C04-P01,C04-E0051,2026-07-26 11:12:43,2026-07-26 19:12:43,Merged,6,133,111,2.0
PR-C04-P01-004672,C04-P01,C04-E0023,2026-07-30 15:10:04,2026-08-03 10:10:04,Merged,2,335,13,1.0
PR-C04-P01-004673,C04-P01,C04-E0015,2026-07-01 20:30:07,2026-07-03 16:30:07,Merged,2,88,21,3.0
PR-C04-P01-004674,C04-P01,C04-E0087,2026-07-26 15:47:39,2026-07-27 19:47:39,Merged,1,40,32,3.0
PR-C04-P01-004675,C04-P01,C04-E0019,2026-07-08 15:46:08,2026-07-11 00:46:08,Merged,12,105,22,2.0
PR-C04-P01-004676,C04-P01,C04-E0054,2026-07-25 09:29:46,,Aberto,3,67,17,1.0
PR-C04-P01-004677,C04-P01,C04-E0046,2026-07-04 15:52:25,2026-07-06 06:52:25,Merged,4,35,17,1.0
PR-C04-P01-004678,C04-P01,C04-E0104,2026-07-03 15:36:01,,Aberto,8,39,100,1.0
PR-C04-P01-004679,C04-P01,C04-E0078,2026-07-11 08:44:20,2026-07-15 07:44:20,Merged,6,69,8,1.0
PR-C04-P01-004680,C04-P01,C04-E0099,2026-07-22 20:07:13,2026-07-23 17:07:13,Merged,6,103,10,1.0
PR-C04-P01-004681,C04-P01,C04-E0069,2026-07-27 10:34:18,,Aberto,12,212,24,2.0
PR-C04-P01-004682,C04-P01,C04-E0080,2026-07-17 16:37:16,,Fechado sem merge,3,212,49,1.0
PR-C04-P01-004683,C04-P01,C04-E0055,2026-07-22 20:00:37,,Fechado sem merge,5,29,52,0.0
PR-C04-P01-004684,C04-P01,C04-E0032,2026-07-10 19:03:03,2026-07-12 22:03:03,Merged,1,115,43,1.0
PR-C04-P01-004685,C04-P01,C04-E0005,2026-07-22 14:29:11,2026-07-26 07:29:11,Merged,7,15,30,1.0
PR-C04-P01-004686,C04-P01,C04-E0046,2026-07-01 17:58:40,2026-07-04 08:58:40,Merged,3,34,28,3.0
PR-C04-P01-004687,C04-P01,C04-E0036,2026-07-02 21:24:27,2026-07-06 08:24:27,Merged,5,62,65,1.0
PR-C04-P01-004688,C04-P01,C04-E0063,2026-07-09 14:30:15,2026-07-13 14:30:15,Merged,8,103,13,1.0
PR-C04-P01-004689,C04-P01,C04-E0036,2026-07-27 16:49:46,,Fechado sem merge,21,115,27,1.0
PR-C04-P01-004690,C04-P01,C04-E0083,2026-07-14 21:59:24,,Aberto,7,40,5,2.0
PR-C04-P01-004691,C04-P01,C04-E0012,2026-07-19 15:28:06,2026-07-20 13:28:06,Merged,3,97,18,3.0
PR-C04-P01-004692,C04-P01,C04-E0005,2026-07-29 14:00:59,2026-08-01 03:00:59,Merged,4,37,51,1.0
PR-C04-P01-004693,C04-P01,C04-E0069,2026-07-06 09:09:28,,Aberto,3,11,11,2.0
PR-C04-P01-004694,C04-P01,C04-E0078,2026-07-19 11:50:23,2026-07-21 06:50:23,Merged,2,57,3,1.0
PR-C04-P01-004695,C04-P01,C04-E0038,2026-07-25 08:31:32,2026-07-27 11:31:32,Merged,8,39,17,2.0
PR-C04-P01-004696,C04-P01,C04-E0014,2026-07-17 18:16:35,2026-07-20 17:16:35,Merged,3,62,33,2.0
PR-C04-P01-004697,C04-P01,C04-E0033,2026-07-19 20:25:50,2026-07-19 22:25:50,Merged,2,57,9,2.0
PR-C04-P01-004698,C04-P01,C04-E0106,2026-07-31 08:20:01,2026-08-03 22:20:01,Merged,3,167,25,0.0
PR-C04-P01-004699,C04-P01,C04-E0098,2026-07-26 21:04:48,2026-07-27 23:04:48,Merged,5,18,2,1.0
PR-C04-P02-004700,C04-P02,C04-E0032,2026-05-21 11:10:37,2026-05-22 18:10:37,Merged,19,71,6,1.0
PR-C04-P02-004701,C04-P02,C04-E0034,2026-05-27 16:03:32,,Aberto,4,16,81,1.0
PR-C04-P02-004702,C04-P02,C04-E0075,2026-05-13 20:09:41,2026-05-16 15:09:41,Merged,13,42,29,1.0
PR-C04-P02-004703,C04-P02,C04-E0089,2026-05-18 14:32:45,2026-05-19 10:32:45,Merged,2,85,141,1.0
PR-C04-P02-004704,C04-P02,C04-E0014,2026-05-08 18:19:14,2026-05-10 03:19:14,Merged,3,120,13,1.0
PR-C04-P02-004705,C04-P02,C04-E0091,2026-05-10 13:27:18,2026-05-11 08:27:18,Merged,1,81,4,2.0
PR-C04-P02-004706,C04-P02,C04-E0026,2026-05-11 13:47:46,2026-05-14 17:47:46,Merged,1,16,35,0.0
PR-C04-P02-004707,C04-P02,C04-E0033,2026-05-23 14:40:28,2026-05-25 13:40:28,Merged,5,119,61,2.0
PR-C04-P02-004708,C04-P02,C04-E0039,2026-05-03 13:16:53,2026-05-04 18:16:53,Merged,6,89,5,2.0
PR-C04-P02-004709,C04-P02,C04-E0098,2026-05-28 18:56:23,2026-05-29 11:56:23,Merged,1,267,35,1.0
PR-C04-P02-004710,C04-P02,C04-E0002,2026-05-31 15:55:36,2026-06-02 01:55:36,Merged,5,135,32,1.0
PR-C04-P02-004711,C04-P02,C04-E0055,2026-05-04 08:40:29,2026-05-05 15:40:29,Merged,5,29,12,3.0
PR-C04-P02-004712,C04-P02,C04-E0019,2026-05-13 07:16:37,2026-05-16 04:16:37,Merged,3,162,65,2.0
PR-C04-P02-004713,C04-P02,C04-E0082,2026-05-15 07:13:00,,Fechado sem merge,2,33,52,2.0
PR-C04-P02-004714,C04-P02,C04-E0089,2026-05-02 19:49:05,2026-05-06 11:49:05,Merged,3,109,39,2.0
PR-C04-P02-004715,C04-P02,C04-E0005,2026-05-09 07:28:36,2026-05-09 15:28:36,Merged,13,76,57,2.0
PR-C04-P02-004716,C04-P02,C04-E0012,2026-05-30 21:42:42,2026-06-01 14:42:42,Merged,8,27,0,1.0
PR-C04-P02-004717,C04-P02,C04-E0104,2026-05-10 12:18:40,2026-05-13 23:18:40,Merged,1,51,10,3.0
PR-C04-P02-004718,C04-P02,C04-E0075,2026-05-13 08:45:57,2026-05-14 18:45:57,Merged,8,77,0,1.0
PR-C04-P02-004719,C04-P02,C04-E0029,2026-05-03 12:14:56,2026-05-06 03:14:56,Merged,9,71,11,0.0
PR-C04-P02-004720,C04-P02,C04-E0003,2026-05-16 13:56:37,,Aberto,12,182,36,0.0
PR-C04-P02-004721,C04-P02,C04-E0018,2026-05-11 10:48:28,2026-05-13 05:48:28,Merged,9,71,40,1.0
PR-C04-P02-004722,C04-P02,C04-E0051,2026-05-01 07:21:22,,Aberto,9,44,15,1.0
PR-C04-P02-004723,C04-P02,C04-E0039,2026-05-30 19:21:35,,Aberto,5,29,85,1.0
PR-C04-P02-004724,C04-P02,C04-E0015,2026-06-19 10:08:54,,Fechado sem merge,7,99,21,0.0
PR-C04-P02-004725,C04-P02,C04-E0001,2026-06-25 11:18:13,2026-06-26 00:18:13,Merged,1,83,34,3.0
PR-C04-P02-004726,C04-P02,C04-E0073,2026-06-26 12:00:00,,Aberto,8,32,39,0.0
PR-C04-P02-004727,C04-P02,C04-E0023,2026-06-25 10:31:42,2026-06-29 07:31:42,Merged,16,93,59,1.0
PR-C04-P02-004728,C04-P02,C04-E0044,2026-06-20 17:58:25,2026-06-22 08:58:25,Merged,11,17,55,2.0
PR-C04-P02-004729,C04-P02,C04-E0026,2026-06-13 08:07:51,2026-06-13 13:07:51,Merged,1,29,39,
PR-C04-P02-004730,C04-P02,C04-E0058,2026-06-25 17:21:32,2026-06-28 19:21:32,Merged,4,39,37,1.0
PR-C04-P02-004731,C04-P02,C04-E0066,2026-06-02 11:03:49,2026-06-06 09:03:49,Merged,1,114,24,3.0
PR-C04-P02-004732,C04-P02,C04-E0029,2026-06-27 20:32:46,2026-06-29 03:32:46,Merged,9,76,96,3.0
PR-C04-P02-004733,C04-P02,C04-E0002,2026-06-05 07:25:47,2026-06-06 01:25:47,Merged,5,169,13,2.0
PR-C04-P02-004734,C04-P02,C04-E0054,2026-06-16 16:45:37,2026-06-19 20:45:37,Merged,2,46,46,3.0
PR-C04-P02-004735,C04-P02,C04-E0058,2026-06-26 18:05:14,,Aberto,2,22,20,2.0
PR-C04-P02-004736,C04-P02,C04-E0087,2026-06-26 19:08:33,2026-06-27 17:08:33,Merged,2,85,1,1.0
PR-C04-P02-004737,C04-P02,C04-E0067,2026-06-24 14:16:52,2026-06-27 06:16:52,Merged,4,13,183,2.0
PR-C04-P02-004738,C04-P02,C04-E0029,2026-06-24 17:12:39,2026-06-26 14:12:39,Merged,3,51,245,2.0
PR-C04-P02-004739,C04-P02,C04-E0063,2026-06-18 12:57:19,2026-06-20 11:57:19,Merged,5,44,1,2.0
PR-C04-P02-004740,C04-P02,C04-E0089,2026-06-02 07:53:15,2026-06-02 18:53:15,Merged,2,55,21,3.0
PR-C04-P02-004741,C04-P02,C04-E0015,2026-06-11 14:47:19,2026-06-13 17:47:19,Merged,1,139,60,1.0
PR-C04-P02-004742,C04-P02,C04-E0067,2026-06-30 13:09:23,2026-07-03 07:09:23,Merged,4,132,28,2.0
PR-C04-P02-004743,C04-P02,C04-E0069,2026-06-26 14:24:26,,Fechado sem merge,2,47,109,2.0
PR-C04-P02-004744,C04-P02,C04-E0036,2026-06-20 16:59:18,2026-06-23 07:59:18,Merged,12,9,32,3.0
PR-C04-P02-004745,C04-P02,C04-E0066,2026-06-16 08:44:54,2026-06-16 22:44:54,Merged,6,50,39,3.0
PR-C04-P02-004746,C04-P02,C04-E0001,2026-06-04 10:38:47,,Aberto,1,83,55,3.0
PR-C04-P02-004747,C04-P02,C04-E0014,2026-06-03 17:46:53,,Aberto,14,47,49,1.0
PR-C04-P02-004748,C04-P02,C04-E0093,2026-06-01 09:16:04,,Aberto,5,84,90,1.0
PR-C04-P02-004749,C04-P02,C04-E0089,2026-06-13 16:08:31,2026-06-16 16:08:31,Merged,7,83,42,1.0
PR-C04-P02-004750,C04-P02,C04-E0005,2026-06-03 10:32:13,2026-06-07 02:32:13,Merged,1,88,90,2.0
PR-C04-P02-004751,C04-P02,C04-E0023,2026-06-01 20:56:14,,Fechado sem merge,7,26,41,1.0
PR-C04-P02-004752,C04-P02,C04-E0011,2026-07-18 19:15:25,,Fechado sem merge,3,51,5,3.0
PR-C04-P02-004753,C04-P02,C04-E0035,2026-07-22 20:10:56,2026-07-25 05:10:56,Merged,1,93,37,1.0
PR-C04-P02-004754,C04-P02,C04-E0035,2026-07-03 09:55:26,2026-07-03 16:55:26,Merged,10,39,14,1.0
PR-C04-P02-004755,C04-P02,C04-E0056,2026-07-26 10:16:47,2026-07-27 09:16:47,Merged,4,227,36,1.0
PR-C04-P02-004756,C04-P02,C04-E0058,2026-07-15 15:18:49,2026-07-16 17:18:49,Merged,6,108,81,3.0
PR-C04-P02-004757,C04-P02,C04-E0001,2026-07-19 17:55:12,,Aberto,8,41,12,3.0
PR-C04-P02-004758,C04-P02,C04-E0006,2026-07-20 13:58:21,2026-07-24 05:58:21,Merged,8,35,7,3.0
PR-C04-P02-004759,C04-P02,C04-E0015,2026-07-30 16:08:13,2026-07-30 17:08:13,Merged,2,172,68,3.0
PR-C04-P02-004760,C04-P02,C04-E0082,2026-07-31 09:50:38,2026-08-03 09:50:38,Merged,1,215,49,1.0
PR-C04-P02-004761,C04-P02,C04-E0001,2026-07-07 17:18:46,2026-07-10 14:18:46,Merged,6,34,15,2.0
PR-C04-P02-004762,C04-P02,C04-E0096,2026-07-14 17:52:38,2026-07-18 13:52:38,Merged,6,94,39,3.0
PR-C04-P02-004763,C04-P02,C04-E0058,2026-07-26 20:17:59,2026-07-29 23:17:59,Merged,4,16,12,2.0
PR-C04-P02-004764,C04-P02,C04-E0012,2026-07-22 10:32:34,2026-07-25 02:32:34,Merged,8,110,101,1.0
PR-C04-P02-004765,C04-P02,C04-E0035,2026-07-21 21:25:03,2026-07-24 07:25:03,Merged,14,55,11,1.0
PR-C04-P02-004766,C04-P02,C04-E0092,2026-07-13 21:23:54,2026-07-16 02:23:54,Merged,2,41,36,3.0
PR-C04-P02-004767,C04-P02,C04-E0011,2026-07-19 11:17:42,2026-07-23 07:17:42,Merged,14,72,6,2.0
PR-C04-P02-004768,C04-P02,C04-E0096,2026-07-16 14:34:08,2026-07-20 02:34:08,Merged,3,12,18,0.0
PR-C04-P02-004769,C04-P02,C04-E0080,2026-07-09 17:51:00,2026-07-13 17:51:00,Merged,1,54,73,1.0
PR-C04-P02-004770,C04-P02,C04-E0022,2026-07-13 20:42:07,2026-07-16 19:42:07,Merged,1,295,27,2.0
PR-C04-P02-004771,C04-P02,C04-E0093,2026-07-25 11:19:12,2026-07-29 06:19:12,Merged,5,154,29,3.0
PR-C04-P02-004772,C04-P02,C04-E0002,2026-07-03 16:45:20,2026-07-06 09:45:20,Merged,1,148,44,2.0
PR-C04-P02-004773,C04-P02,C04-E0073,2026-07-03 19:55:32,2026-07-07 11:55:32,Merged,1,162,49,1.0
PR-C04-P02-004774,C04-P02,C04-E0025,2026-07-29 10:12:56,2026-08-01 00:12:56,Merged,3,27,15,1.0
PR-C04-P02-004775,C04-P02,C04-E0098,2026-07-03 20:01:54,2026-07-04 15:01:54,Merged,4,23,10,1.0
PR-C04-P02-004776,C04-P02,C04-E0033,2026-07-27 18:04:04,2026-07-28 03:04:04,Merged,4,107,65,1.0
PR-C04-P02-004777,C04-P02,C04-E0053,2026-07-31 14:15:01,2026-08-01 15:15:01,Merged,2,194,26,2.0
PR-C04-P02-004778,C04-P02,C04-E0029,2026-07-21 18:39:37,2026-07-22 22:39:37,Merged,4,61,65,1.0
PR-C04-P02-004779,C04-P02,C04-E0076,2026-07-12 11:35:33,2026-07-15 18:35:33,Merged,11,69,10,0.0
PR-C04-P02-004780,C04-P02,C04-E0106,2026-07-04 15:08:12,2026-07-06 12:08:12,Merged,8,308,16,
PR-C04-P02-004781,C04-P02,C04-E0006,2026-07-29 13:32:21,,Fechado sem merge,7,103,22,1.0
PR-C04-P02-004782,C04-P02,C04-E0089,2026-07-01 08:41:45,2026-07-03 16:41:45,Merged,4,56,57,1.0
PR-C04-P02-004783,C04-P02,C04-E0019,2026-07-20 16:00:49,2026-07-22 14:00:49,Merged,1,129,4,1.0
PR-C04-P02-004784,C04-P02,C04-E0051,2026-07-08 13:44:04,2026-07-10 05:44:04,Merged,5,161,41,2.0
PR-C04-P02-004785,C04-P02,C04-E0053,2026-07-22 15:39:17,2026-07-26 07:39:17,Merged,6,74,92,2.0
PR-C04-P02-004786,C04-P02,C04-E0054,2026-07-15 19:50:08,2026-07-18 22:50:08,Merged,10,118,7,2.0
PR-C04-P02-004787,C04-P02,C04-E0025,2026-07-09 08:30:26,2026-07-09 18:30:26,Merged,7,6,19,
PR-C04-P02-004788,C04-P02,C04-E0036,2026-07-18 20:58:24,2026-07-21 15:58:24,Merged,9,33,99,2.0
PR-C04-P02-004789,C04-P02,C04-E0089,2026-07-20 18:09:51,2026-07-23 00:09:51,Merged,14,110,10,2.0
PR-C04-P02-004790,C04-P02,C04-E0018,2026-07-03 18:28:35,2026-07-06 07:28:35,Merged,6,69,56,2.0
PR-C04-P02-004791,C04-P02,C04-E0053,2026-07-24 19:53:42,2026-07-26 09:53:42,Merged,3,82,44,1.0
PR-C04-P02-004792,C04-P02,C04-E0054,2026-07-12 09:06:29,2026-07-15 04:06:29,Merged,1,60,72,0.0
PR-C05-P01-004793,C05-P01,C05-E0024,2025-06-19 11:00:13,2025-06-20 10:00:13,Merged,7,72,15,3.0
PR-C05-P01-004794,C05-P01,C05-E0001,2025-06-17 17:20:42,,Fechado sem merge,2,21,39,2.0
PR-C05-P01-004795,C05-P01,C05-E0005,2025-06-24 07:42:00,2025-06-27 08:42:00,Merged,5,5,9,0.0
PR-C05-P01-004796,C05-P01,C05-E0017,2025-06-28 18:14:09,,Fechado sem merge,3,24,91,1.0
PR-C05-P01-004797,C05-P01,C05-E0003,2025-07-19 19:21:40,2025-07-23 15:21:40,Merged,5,69,70,1.0
PR-C05-P01-004798,C05-P01,C05-E0006,2025-07-12 07:51:03,2025-07-15 03:51:03,Merged,2,59,50,2.0
PR-C05-P01-004799,C05-P01,C05-E0019,2025-07-26 11:17:11,,Aberto,1,39,3,1.0
PR-C05-P01-004800,C05-P01,C05-E0001,2025-07-26 08:04:54,2025-07-27 22:04:54,Merged,10,241,80,2.0
PR-C05-P01-004801,C05-P01,C05-E0008,2025-07-04 16:26:35,2025-07-06 19:26:35,Merged,5,118,2,1.0
PR-C05-P01-004802,C05-P01,C05-E0003,2025-07-04 19:59:49,2025-07-06 07:59:49,Merged,3,274,115,0.0
PR-C05-P01-004803,C05-P01,C05-E0011,2025-07-20 12:57:37,,Fechado sem merge,4,66,35,1.0
PR-C05-P01-004804,C05-P01,C05-E0008,2025-07-01 17:15:48,2025-07-02 21:15:48,Merged,1,107,20,2.0
PR-C05-P01-004805,C05-P01,C05-E0020,2025-07-04 13:10:56,2025-07-06 00:10:56,Merged,8,44,11,3.0
PR-C05-P01-004806,C05-P01,C05-E0007,2025-07-08 13:43:00,2025-07-08 20:43:00,Merged,11,78,50,
PR-C05-P01-004807,C05-P01,C05-E0007,2025-08-04 11:25:52,2025-08-05 00:25:52,Merged,2,65,5,2.0
PR-C05-P01-004808,C05-P01,C05-E0016,2025-09-06 10:14:30,2025-09-09 16:14:30,Merged,2,42,24,1.0
PR-C05-P01-004809,C05-P01,C05-E0007,2025-09-16 10:39:23,2025-09-16 20:39:23,Merged,11,121,30,2.0
PR-C05-P01-004810,C05-P01,C05-E0001,2025-09-04 08:04:41,2025-09-04 18:04:41,Merged,15,22,159,2.0
PR-C05-P01-004811,C05-P01,C05-E0020,2025-09-24 14:23:49,2025-09-24 15:23:49,Merged,9,94,126,1.0
PR-C05-P01-004812,C05-P01,C05-E0024,2025-09-17 21:45:15,2025-09-20 18:45:15,Merged,7,115,1,3.0
PR-C05-P01-004813,C05-P01,C05-E0011,2025-09-27 08:03:35,2025-09-30 06:03:35,Merged,21,92,40,1.0
PR-C05-P01-004814,C05-P01,C05-E0024,2025-09-28 21:39:39,2025-09-29 19:39:39,Merged,6,41,41,2.0
PR-C05-P01-004815,C05-P01,C05-E0005,2025-10-09 18:56:04,,Fechado sem merge,1,60,9,2.0
PR-C05-P01-004816,C05-P01,C05-E0010,2025-10-11 16:28:34,,Fechado sem merge,1,239,29,1.0
PR-C05-P01-004817,C05-P01,C05-E0016,2025-10-28 18:17:04,2025-10-31 22:17:04,Merged,10,41,11,
PR-C05-P01-004818,C05-P01,C05-E0023,2025-10-06 12:37:50,2025-10-08 17:37:50,Merged,3,27,33,0.0
PR-C05-P01-004819,C05-P01,C05-E0020,2025-10-30 17:01:09,,Aberto,5,90,2,3.0
PR-C05-P01-004820,C05-P01,C05-E0001,2025-10-17 17:58:15,,Aberto,3,50,15,1.0
PR-C05-P01-004821,C05-P01,C05-E0012,2025-10-01 21:27:44,2025-10-03 09:27:44,Merged,2,93,44,2.0
PR-C05-P01-004822,C05-P01,C05-E0016,2025-10-08 15:49:22,2025-10-09 19:49:22,Merged,2,189,98,0.0
PR-C05-P01-004823,C05-P01,C05-E0023,2025-10-31 07:54:19,2025-11-01 18:54:19,Merged,2,96,16,1.0
PR-C05-P01-004824,C05-P01,C05-E0019,2025-10-02 14:12:23,,Aberto,2,47,16,2.0
PR-C05-P01-004825,C05-P01,C05-E0017,2025-11-21 12:30:30,2025-11-23 22:30:30,Merged,5,26,17,1.0
PR-C05-P01-004826,C05-P01,C05-E0017,2025-11-27 20:08:43,2025-11-28 02:08:43,Merged,13,164,62,1.0
PR-C05-P01-004827,C05-P01,C05-E0019,2025-11-12 18:38:59,2025-11-16 13:38:59,Merged,2,39,35,2.0
PR-C05-P01-004828,C05-P01,C05-E0003,2025-11-02 20:50:59,2025-11-04 01:50:59,Merged,10,118,74,1.0
PR-C05-P01-004829,C05-P01,C05-E0010,2025-11-28 15:30:04,2025-11-30 10:30:04,Merged,8,53,44,0.0
PR-C05-P01-004830,C05-P01,C05-E0001,2025-11-13 17:56:54,,Fechado sem merge,4,153,35,1.0
PR-C05-P01-004831,C05-P01,C05-E0019,2025-11-15 16:23:53,2025-11-17 20:23:53,Merged,3,16,28,
PR-C05-P01-004832,C05-P01,C05-E0016,2025-12-27 13:00:23,,Aberto,9,75,48,1.0
PR-C05-P01-004833,C05-P01,C05-E0024,2025-12-13 13:22:39,2025-12-13 22:22:39,Merged,6,42,3,2.0
PR-C05-P01-004834,C05-P01,C05-E0006,2025-12-27 07:08:01,2025-12-29 17:08:01,Merged,1,85,20,1.0
PR-C05-P01-004835,C05-P01,C05-E0012,2025-12-07 07:49:44,2025-12-08 17:49:44,Merged,1,17,134,1.0
PR-C05-P01-004836,C05-P01,C05-E0024,2025-12-19 11:46:47,2025-12-21 00:46:47,Merged,20,179,69,
PR-C05-P01-004837,C05-P01,C05-E0008,2025-12-11 21:37:08,,Aberto,7,139,76,0.0
PR-C05-P01-004838,C05-P01,C05-E0009,2025-12-19 13:54:18,,Aberto,5,54,127,3.0
PR-C05-P01-004839,C05-P01,C05-E0011,2025-12-16 10:31:34,2025-12-16 21:31:34,Merged,5,59,6,3.0
PR-C05-P01-004840,C05-P01,C05-E0016,2025-12-16 20:01:06,,Fechado sem merge,3,81,43,2.0
PR-C05-P01-004841,C05-P01,C05-E0007,2025-12-02 16:31:28,2025-12-03 05:31:28,Merged,3,98,38,1.0
PR-C05-P01-004842,C05-P01,C05-E0024,2025-12-24 11:27:57,2025-12-28 03:27:57,Merged,3,126,32,0.0
PR-C05-P01-004843,C05-P01,C05-E0008,2025-12-15 16:04:20,,Aberto,5,148,5,3.0
PR-C05-P01-004844,C05-P01,C05-E0005,2025-12-14 16:25:58,2025-12-15 09:25:58,Merged,5,66,33,2.0
PR-C05-P01-004845,C05-P01,C05-E0010,2025-12-20 19:10:44,2025-12-21 09:10:44,Merged,3,44,20,1.0
PR-C05-P01-004846,C05-P01,C05-E0011,2026-01-10 10:25:41,2026-01-10 23:25:41,Merged,9,29,12,1.0
PR-C05-P01-004847,C05-P01,C05-E0026,2026-01-07 09:36:04,2026-01-08 19:36:04,Merged,1,108,76,
PR-C05-P01-004848,C05-P01,C05-E0005,2026-01-26 08:28:29,2026-01-29 16:28:29,Merged,3,98,16,2.0
PR-C05-P01-004849,C05-P01,C05-E0011,2026-01-09 11:33:12,,Aberto,3,170,43,1.0
PR-C05-P01-004850,C05-P01,C05-E0016,2026-01-18 08:48:14,,Aberto,4,62,41,0.0
PR-C05-P01-004851,C05-P01,C05-E0011,2026-01-23 17:31:52,2026-01-25 19:31:52,Merged,7,176,54,1.0
PR-C05-P01-004852,C05-P01,C05-E0023,2026-02-10 20:44:07,,Fechado sem merge,6,10,42,2.0
PR-C05-P01-004853,C05-P01,C05-E0026,2026-02-07 14:45:08,2026-02-09 03:45:08,Merged,7,84,77,2.0
PR-C05-P01-004854,C05-P01,C05-E0017,2026-02-25 07:17:29,2026-02-27 23:17:29,Merged,9,7,18,0.0
PR-C05-P01-004855,C05-P01,C05-E0023,2026-02-28 14:43:50,,Fechado sem merge,3,59,67,1.0
PR-C05-P01-004856,C05-P01,C05-E0005,2026-02-20 20:32:23,2026-02-21 06:32:23,Merged,9,12,28,0.0
PR-C05-P01-004857,C05-P01,C05-E0009,2026-02-06 13:14:06,2026-02-08 12:14:06,Merged,3,90,45,3.0
PR-C05-P01-004858,C05-P01,C05-E0016,2026-03-25 11:23:19,,Aberto,1,37,26,3.0
PR-C05-P01-004859,C05-P01,C05-E0012,2026-03-24 21:23:30,2026-03-28 19:23:30,Merged,1,35,25,2.0
PR-C05-P01-004860,C05-P01,C05-E0010,2026-03-21 10:45:38,,Fechado sem merge,7,21,28,2.0
PR-C05-P01-004861,C05-P01,C05-E0008,2026-03-12 12:13:35,2026-03-14 00:13:35,Merged,4,141,22,1.0
PR-C05-P01-004862,C05-P01,C05-E0007,2026-03-17 20:23:21,2026-03-19 04:23:21,Merged,5,32,10,1.0
PR-C05-P01-004863,C05-P01,C05-E0017,2026-03-27 18:49:35,,Fechado sem merge,1,78,63,3.0
PR-C05-P01-004864,C05-P01,C05-E0019,2026-04-03 07:59:07,2026-04-04 00:59:07,Merged,3,142,99,3.0
PR-C05-P01-004865,C05-P01,C05-E0011,2026-04-01 21:37:57,2026-04-04 16:37:57,Merged,10,25,68,1.0
PR-C05-P01-004866,C05-P01,C05-E0017,2026-04-01 18:41:14,2026-04-02 22:41:14,Merged,4,38,30,
PR-C05-P01-004867,C05-P01,C05-E0017,2026-04-14 20:42:23,2026-04-15 16:42:23,Merged,7,154,55,1.0
PR-C05-P01-004868,C05-P01,C05-E0016,2026-04-20 14:38:29,2026-04-22 21:38:29,Merged,5,161,90,0.0
PR-C05-P01-004869,C05-P01,C05-E0019,2026-04-28 19:43:09,,Aberto,6,55,50,1.0
PR-C05-P01-004870,C05-P01,C05-E0010,2026-04-12 12:01:40,2026-04-16 01:01:40,Merged,4,64,7,
PR-C05-P01-004871,C05-P01,C05-E0020,2026-04-05 12:20:50,2026-04-09 05:20:50,Merged,5,20,4,0.0
PR-C05-P01-004872,C05-P01,C05-E0019,2026-04-10 11:31:11,2026-04-11 11:31:11,Merged,9,53,17,2.0
PR-C05-P01-004873,C05-P01,C05-E0007,2026-05-03 15:44:12,2026-05-04 06:44:12,Merged,7,23,28,0.0
PR-C05-P01-004874,C05-P01,C05-E0023,2026-05-15 17:37:28,,Aberto,3,87,125,2.0
PR-C05-P01-004875,C05-P01,C05-E0024,2026-05-15 07:39:51,2026-05-17 14:39:51,Merged,4,58,30,2.0
PR-C05-P01-004876,C05-P01,C05-E0007,2026-05-31 12:54:13,2026-06-01 01:54:13,Merged,4,84,7,3.0
PR-C05-P01-004877,C05-P01,C05-E0020,2026-05-09 12:04:09,2026-05-12 00:04:09,Merged,2,41,5,2.0
PR-C05-P01-004878,C05-P01,C05-E0010,2026-05-18 09:42:39,2026-05-21 09:42:39,Merged,3,50,124,1.0
PR-C05-P01-004879,C05-P01,C05-E0020,2026-05-02 20:32:58,,Fechado sem merge,6,39,14,2.0
PR-C05-P01-004880,C05-P01,C05-E0016,2026-05-16 18:37:50,,Fechado sem merge,1,177,9,2.0
PR-C05-P01-004881,C05-P01,C05-E0026,2026-05-24 19:30:06,,Aberto,8,84,4,3.0
PR-C05-P01-004882,C05-P01,C05-E0009,2026-05-01 16:25:42,2026-05-03 22:25:42,Merged,3,62,13,2.0
PR-C05-P01-004883,C05-P01,C05-E0017,2026-06-24 18:01:46,2026-06-25 08:01:46,Merged,9,65,57,3.0
PR-C05-P01-004884,C05-P01,C05-E0008,2026-06-29 07:09:22,2026-06-29 08:09:22,Merged,10,98,24,1.0
PR-C05-P01-004885,C05-P01,C05-E0012,2026-06-29 16:44:37,,Aberto,6,41,7,1.0
PR-C05-P01-004886,C05-P01,C05-E0016,2026-06-01 18:43:40,2026-06-03 01:43:40,Merged,9,21,44,1.0
PR-C05-P01-004887,C05-P01,C05-E0017,2026-06-11 15:54:40,,Aberto,4,69,28,2.0
PR-C05-P01-004888,C05-P01,C05-E0007,2026-06-21 08:40:16,,Fechado sem merge,5,136,17,3.0
PR-C05-P01-004889,C05-P01,C05-E0009,2026-06-03 19:04:47,,Aberto,5,231,46,1.0
PR-C05-P01-004890,C05-P01,C05-E0009,2026-06-18 21:46:09,2026-06-20 05:46:09,Merged,3,39,98,3.0
PR-C05-P01-004891,C05-P01,C05-E0006,2026-06-20 11:48:24,,Aberto,2,72,1,1.0
PR-C05-P01-004892,C05-P01,C05-E0017,2026-06-29 21:53:55,2026-07-03 20:53:55,Merged,6,68,17,2.0
PR-C05-P01-004893,C05-P01,C05-E0005,2026-07-13 08:26:45,,Fechado sem merge,6,124,82,1.0
PR-C05-P01-004894,C05-P01,C05-E0012,2026-07-09 20:23:47,2026-07-11 01:23:47,Merged,5,161,43,2.0
PR-C05-P01-004895,C05-P01,C05-E0026,2026-07-18 10:39:03,2026-07-20 03:39:03,Merged,17,111,37,1.0
PR-C05-P01-004896,C05-P01,C05-E0011,2026-07-18 08:20:52,2026-07-21 14:20:52,Merged,3,129,59,3.0
PR-C05-P01-004897,C05-P01,C05-E0008,2026-07-09 18:10:02,2026-07-11 17:10:02,Merged,4,85,22,1.0
PR-C05-P02-004898,C05-P02,C05-E0003,2026-04-03 10:11:55,2026-04-04 04:11:55,Merged,7,125,81,1.0
PR-C05-P02-004899,C05-P02,C05-E0019,2026-04-27 08:58:50,2026-04-27 09:58:50,Merged,6,39,25,2.0
PR-C05-P02-004900,C05-P02,C05-E0026,2026-04-30 21:47:12,,Aberto,4,12,36,2.0
PR-C05-P02-004901,C05-P02,C05-E0005,2026-04-06 08:28:42,2026-04-06 18:28:42,Merged,4,26,37,3.0
PR-C05-P02-004902,C05-P02,C05-E0017,2026-04-01 07:17:21,2026-04-03 05:17:21,Merged,10,56,18,1.0
PR-C05-P02-004903,C05-P02,C05-E0023,2026-04-17 19:25:10,,Fechado sem merge,2,33,59,1.0
PR-C05-P02-004904,C05-P02,C05-E0006,2026-04-30 08:15:57,2026-05-02 12:15:57,Merged,8,119,66,1.0
PR-C05-P02-004905,C05-P02,C05-E0006,2026-06-07 10:00:41,2026-06-07 22:00:41,Merged,10,118,20,2.0
PR-C05-P02-004906,C05-P02,C05-E0005,2026-06-20 12:20:34,2026-06-22 16:20:34,Merged,3,124,15,3.0
PR-C05-P02-004907,C05-P02,C05-E0007,2026-06-19 19:42:34,2026-06-22 20:42:34,Merged,2,111,49,2.0
PR-C05-P02-004908,C05-P02,C05-E0010,2026-06-20 14:37:29,2026-06-23 23:37:29,Merged,4,46,37,1.0
PR-C05-P02-004909,C05-P02,C05-E0010,2026-06-03 17:47:25,2026-06-04 22:47:25,Merged,9,67,57,3.0
PR-C05-P02-004910,C05-P02,C05-E0006,2026-06-16 18:28:57,,Aberto,3,41,172,1.0
PR-C05-P02-004911,C05-P02,C05-E0003,2026-06-15 17:56:40,,Aberto,1,95,63,0.0
PR-C05-P02-004912,C05-P02,C05-E0005,2026-06-15 14:44:45,,Fechado sem merge,2,88,17,1.0
PR-C05-P02-004913,C05-P02,C05-E0006,2026-06-19 09:44:00,2026-06-21 12:44:00,Merged,17,70,8,2.0
PR-C05-P02-004914,C05-P02,C05-E0020,2026-06-02 12:11:56,2026-06-02 23:11:56,Merged,9,10,33,1.0
PR-C05-P02-004915,C05-P02,C05-E0012,2026-06-17 16:12:13,2026-06-21 04:12:13,Merged,5,63,27,1.0
PR-C05-P02-004916,C05-P02,C05-E0008,2026-07-28 15:58:47,2026-07-28 19:58:47,Merged,1,38,13,1.0
PR-C05-P02-004917,C05-P02,C05-E0009,2026-07-05 20:12:53,2026-07-06 00:12:53,Merged,3,26,114,2.0
PR-C05-P02-004918,C05-P02,C05-E0007,2026-07-13 20:26:37,2026-07-14 11:26:37,Merged,2,14,84,2.0
PR-C05-P02-004919,C05-P02,C05-E0017,2026-07-11 13:19:54,2026-07-15 05:19:54,Merged,6,37,36,1.0
PR-C05-P02-004920,C05-P02,C05-E0009,2026-07-26 08:47:35,2026-07-28 03:47:35,Merged,1,50,43,2.0
PR-C05-P02-004921,C05-P02,C05-E0009,2026-07-11 07:44:36,2026-07-14 06:44:36,Merged,4,102,49,0.0
PR-C05-P02-004922,C05-P02,C05-E0003,2026-07-08 07:19:33,2026-07-10 17:19:33,Merged,9,298,12,
PR-C05-P02-004923,C05-P02,C05-E0006,2026-07-21 17:28:41,2026-07-24 21:28:41,Merged,10,152,2,1.0
PR-C05-P02-004924,C05-P02,C05-E0024,2026-07-20 10:22:31,,Aberto,4,48,36,2.0
PR-C05-P02-004925,C05-P02,C05-E0008,2026-07-31 16:03:13,2026-08-03 08:03:13,Merged,5,94,9,2.0
PR-C05-P02-004926,C05-P02,C05-E0008,2026-07-12 17:06:01,,Fechado sem merge,3,109,29,1.0
PR-C05-P02-004927,C05-P02,C05-E0008,2026-07-14 08:16:41,2026-07-17 23:16:41,Merged,2,101,30,2.0
PR-C05-P02-004928,C05-P02,C05-E0023,2026-07-02 20:15:24,2026-07-04 18:15:24,Merged,11,20,16,2.0
PR-C05-P02-004929,C05-P02,C05-E0007,2026-07-19 18:01:33,2026-07-21 07:01:33,Merged,14,80,24,3.0
PR-C05-P03-004930,C05-P03,C05-E0008,2025-06-18 16:25:58,,Aberto,1,59,123,2.0
PR-C05-P03-004931,C05-P03,C05-E0026,2025-06-30 12:03:29,,Aberto,9,93,8,1.0
PR-C05-P03-004932,C05-P03,C05-E0023,2025-06-27 15:14:56,,Aberto,2,45,6,1.0
PR-C05-P03-004933,C05-P03,C05-E0026,2025-06-07 17:42:09,2025-06-10 06:42:09,Merged,4,44,6,1.0
PR-C05-P03-004934,C05-P03,C05-E0001,2025-07-30 08:13:44,2025-07-30 21:13:44,Merged,5,89,52,3.0
PR-C05-P03-004935,C05-P03,C05-E0020,2025-07-04 12:55:51,2025-07-06 22:55:51,Merged,7,87,4,0.0
PR-C05-P03-004936,C05-P03,C05-E0005,2025-07-05 16:24:22,2025-07-08 05:24:22,Merged,6,74,19,1.0
PR-C05-P03-004937,C05-P03,C05-E0006,2025-07-06 16:36:33,2025-07-08 00:36:33,Merged,4,13,30,2.0
PR-C05-P03-004938,C05-P03,C05-E0023,2025-07-17 13:28:39,2025-07-21 13:28:39,Merged,5,61,5,3.0
PR-C05-P03-004939,C05-P03,C05-E0003,2025-07-26 08:34:24,,Aberto,4,76,61,2.0
PR-C05-P03-004940,C05-P03,C05-E0009,2025-07-27 14:44:58,2025-07-29 13:44:58,Merged,8,44,17,2.0
PR-C05-P03-004941,C05-P03,C05-E0010,2025-07-09 17:33:49,2025-07-13 17:33:49,Merged,2,15,50,3.0
PR-C05-P03-004942,C05-P03,C05-E0020,2025-07-11 18:54:55,2025-07-14 04:54:55,Merged,3,46,9,2.0
PR-C05-P03-004943,C05-P03,C05-E0012,2025-08-27 19:35:42,2025-08-30 21:35:42,Merged,4,81,8,2.0
PR-C05-P03-004944,C05-P03,C05-E0006,2025-08-03 17:35:08,2025-08-05 12:35:08,Merged,4,27,39,3.0
PR-C05-P03-004945,C05-P03,C05-E0001,2025-08-28 13:29:13,2025-08-28 21:29:13,Merged,3,56,48,1.0
PR-C05-P03-004946,C05-P03,C05-E0003,2025-08-30 10:53:58,,Fechado sem merge,3,37,30,2.0
PR-C05-P03-004947,C05-P03,C05-E0010,2025-08-27 17:55:20,,Fechado sem merge,9,15,28,0.0
PR-C05-P03-004948,C05-P03,C05-E0005,2025-08-10 14:30:05,,Fechado sem merge,13,216,26,1.0
PR-C05-P03-004949,C05-P03,C05-E0006,2025-08-26 13:54:41,2025-08-29 01:54:41,Merged,1,37,70,2.0
PR-C05-P03-004950,C05-P03,C05-E0007,2025-08-11 16:30:27,2025-08-11 17:30:27,Merged,2,34,14,0.0
PR-C05-P03-004951,C05-P03,C05-E0020,2025-09-05 10:17:51,2025-09-07 17:17:51,Merged,1,131,102,0.0
PR-C05-P03-004952,C05-P03,C05-E0017,2025-09-26 17:59:39,2025-09-29 04:59:39,Merged,14,95,76,1.0
PR-C05-P03-004953,C05-P03,C05-E0020,2025-09-22 21:41:57,2025-09-24 01:41:57,Merged,2,13,124,3.0
PR-C05-P03-004954,C05-P03,C05-E0009,2025-10-16 13:09:38,2025-10-16 17:09:38,Merged,15,22,48,1.0
PR-C05-P03-004955,C05-P03,C05-E0003,2025-10-25 12:47:26,2025-10-28 22:47:26,Merged,5,45,11,1.0
PR-C05-P03-004956,C05-P03,C05-E0026,2025-10-13 10:36:19,2025-10-14 01:36:19,Merged,11,25,35,0.0
PR-C05-P03-004957,C05-P03,C05-E0019,2025-10-06 14:06:39,2025-10-09 00:06:39,Merged,4,112,26,2.0
PR-C05-P03-004958,C05-P03,C05-E0017,2025-10-25 12:37:54,,Fechado sem merge,3,104,21,1.0
PR-C05-P03-004959,C05-P03,C05-E0008,2025-10-04 12:39:30,2025-10-04 17:39:30,Merged,2,52,69,2.0
PR-C05-P03-004960,C05-P03,C05-E0008,2025-10-28 07:18:47,2025-10-31 02:18:47,Merged,12,91,33,2.0
PR-C05-P03-004961,C05-P03,C05-E0019,2025-10-07 12:19:27,2025-10-08 08:19:27,Merged,2,83,8,1.0
PR-C05-P03-004962,C05-P03,C05-E0001,2025-10-02 18:21:36,2025-10-02 19:21:36,Merged,6,36,59,2.0
PR-C05-P03-004963,C05-P03,C05-E0001,2025-10-13 12:20:44,,Aberto,11,300,41,2.0
PR-C05-P03-004964,C05-P03,C05-E0009,2025-10-26 14:57:49,,Aberto,7,112,62,2.0
PR-C05-P03-004965,C05-P03,C05-E0024,2025-11-21 18:09:22,2025-11-23 16:09:22,Merged,8,63,30,0.0
PR-C05-P03-004966,C05-P03,C05-E0006,2025-11-05 15:54:51,2025-11-08 22:54:51,Merged,2,128,27,0.0
PR-C05-P03-004967,C05-P03,C05-E0008,2025-11-11 08:05:28,2025-11-11 18:05:28,Merged,2,32,30,
PR-C05-P03-004968,C05-P03,C05-E0003,2025-11-08 20:09:22,2025-11-10 06:09:22,Merged,7,74,12,1.0
PR-C05-P03-004969,C05-P03,C05-E0026,2025-11-07 09:41:47,,Aberto,4,62,5,3.0
PR-C05-P03-004970,C05-P03,C05-E0016,2025-11-07 09:54:22,2025-11-08 03:54:22,Merged,14,46,4,3.0
PR-C05-P03-004971,C05-P03,C05-E0026,2025-12-12 07:40:29,2025-12-15 01:40:29,Merged,1,23,46,3.0
PR-C05-P03-004972,C05-P03,C05-E0024,2025-12-04 14:18:55,2025-12-08 11:18:55,Merged,1,31,30,0.0
PR-C05-P03-004973,C05-P03,C05-E0011,2025-12-02 21:45:43,2025-12-05 17:45:43,Merged,16,58,36,0.0
PR-C05-P03-004974,C05-P03,C05-E0009,2025-12-06 08:11:54,2025-12-07 02:11:54,Merged,5,31,22,2.0
PR-C05-P03-004975,C05-P03,C05-E0007,2025-12-27 09:28:44,2025-12-28 23:28:44,Merged,4,162,7,1.0
PR-C05-P03-004976,C05-P03,C05-E0020,2025-12-19 08:57:41,,Aberto,4,102,19,0.0
PR-C05-P03-004977,C05-P03,C05-E0019,2025-12-15 11:03:44,2025-12-16 23:03:44,Merged,3,20,14,3.0
PR-C05-P03-004978,C05-P03,C05-E0017,2025-12-26 20:40:00,2025-12-30 15:40:00,Merged,9,44,20,2.0
PR-C05-P03-004979,C05-P03,C05-E0023,2025-12-13 17:53:20,,Fechado sem merge,14,48,43,1.0
PR-C05-P03-004980,C05-P03,C05-E0009,2026-01-12 11:08:39,2026-01-12 13:08:39,Merged,7,61,2,1.0
PR-C05-P03-004981,C05-P03,C05-E0020,2026-01-01 12:14:59,2026-01-03 16:14:59,Merged,11,67,30,1.0
PR-C05-P03-004982,C05-P03,C05-E0008,2026-01-08 15:05:11,,Fechado sem merge,1,149,108,2.0
PR-C05-P03-004983,C05-P03,C05-E0020,2026-01-23 17:28:03,2026-01-24 14:28:03,Merged,2,123,18,1.0
PR-C05-P03-004984,C05-P03,C05-E0003,2026-01-08 21:15:43,2026-01-10 20:15:43,Merged,10,149,3,1.0
PR-C05-P03-004985,C05-P03,C05-E0003,2026-01-03 12:57:10,2026-01-03 22:57:10,Merged,2,139,24,2.0
PR-C05-P03-004986,C05-P03,C05-E0026,2026-01-01 16:17:35,,Aberto,1,190,30,3.0
PR-C05-P03-004987,C05-P03,C05-E0006,2026-01-17 17:48:06,2026-01-19 18:48:06,Merged,7,33,98,0.0
PR-C05-P03-004988,C05-P03,C05-E0016,2026-01-02 20:57:35,2026-01-03 18:57:35,Merged,8,64,20,1.0
PR-C05-P03-004989,C05-P03,C05-E0007,2026-02-28 10:39:40,,Fechado sem merge,4,8,8,1.0
PR-C05-P03-004990,C05-P03,C05-E0020,2026-02-07 21:41:57,2026-02-09 22:41:57,Merged,2,64,59,3.0
PR-C05-P03-004991,C05-P03,C05-E0020,2026-02-16 20:29:24,2026-02-19 07:29:24,Merged,3,105,74,1.0
PR-C05-P03-004992,C05-P03,C05-E0007,2026-02-19 21:46:05,2026-02-23 20:46:05,Merged,2,58,22,0.0
PR-C05-P03-004993,C05-P03,C05-E0024,2026-02-28 11:32:19,2026-03-01 21:32:19,Merged,1,40,30,1.0
PR-C05-P03-004994,C05-P03,C05-E0006,2026-03-21 18:20:41,2026-03-24 13:20:41,Merged,2,193,2,3.0
PR-C05-P03-004995,C05-P03,C05-E0016,2026-03-03 20:34:52,2026-03-06 17:34:52,Merged,4,40,10,3.0
PR-C05-P03-004996,C05-P03,C05-E0007,2026-03-16 12:44:30,,Fechado sem merge,7,90,61,2.0
PR-C05-P03-004997,C05-P03,C05-E0011,2026-03-09 16:34:08,,Aberto,4,37,137,2.0
PR-C05-P03-004998,C05-P03,C05-E0011,2026-03-16 19:12:54,2026-03-20 11:12:54,Merged,2,124,44,0.0
PR-C05-P03-004999,C05-P03,C05-E0026,2026-04-12 21:20:08,2026-04-15 20:20:08,Merged,14,158,9,2.0
PR-C05-P03-005000,C05-P03,C05-E0009,2026-04-23 16:25:12,,Aberto,1,87,74,2.0
PR-C05-P03-005001,C05-P03,C05-E0016,2026-04-02 07:23:26,2026-04-02 22:23:26,Merged,2,41,40,3.0
PR-C05-P03-005002,C05-P03,C05-E0026,2026-04-06 12:53:47,2026-04-10 01:53:47,Merged,3,132,33,0.0
PR-C05-P03-005003,C05-P03,C05-E0001,2026-04-17 10:38:44,2026-04-19 15:38:44,Merged,3,102,40,2.0
PR-C05-P03-005004,C05-P03,C05-E0001,2026-04-15 20:49:27,,Fechado sem merge,5,89,63,3.0
PR-C05-P03-005005,C05-P03,C05-E0008,2026-04-07 16:44:52,2026-04-09 15:44:52,Merged,20,156,23,3.0
PR-C05-P03-005006,C05-P03,C05-E0006,2026-04-22 16:43:30,,Aberto,7,136,92,2.0
PR-C05-P03-005007,C05-P03,C05-E0012,2026-05-12 10:46:20,2026-05-14 21:46:20,Merged,6,32,31,0.0
PR-C05-P03-005008,C05-P03,C05-E0026,2026-05-03 18:27:54,2026-05-04 08:27:54,Merged,3,15,5,2.0
PR-C05-P03-005009,C05-P03,C05-E0006,2026-05-26 18:13:05,2026-05-29 08:13:05,Merged,1,34,62,2.0
PR-C05-P03-005010,C05-P03,C05-E0016,2026-05-14 21:15:16,2026-05-16 13:15:16,Merged,2,78,15,0.0
PR-C05-P03-005011,C05-P03,C05-E0008,2026-05-29 12:23:12,,Fechado sem merge,4,78,24,0.0
PR-C05-P03-005012,C05-P03,C05-E0010,2026-05-31 20:44:52,2026-06-03 07:44:52,Merged,11,139,9,2.0
PR-C05-P03-005013,C05-P03,C05-E0024,2026-05-30 17:11:59,,Fechado sem merge,1,68,54,2.0
PR-C05-P03-005014,C05-P03,C05-E0012,2026-05-19 18:11:26,2026-05-20 07:11:26,Merged,12,60,8,2.0
PR-C05-P03-005015,C05-P03,C05-E0019,2026-05-02 11:08:59,,Fechado sem merge,14,121,7,0.0
PR-C05-P03-005016,C05-P03,C05-E0024,2026-05-28 20:06:29,,Aberto,2,96,33,3.0
PR-C05-P03-005017,C05-P03,C05-E0011,2026-06-15 10:16:51,2026-06-16 19:16:51,Merged,6,108,108,0.0
PR-C05-P03-005018,C05-P03,C05-E0001,2026-06-13 12:15:03,,Aberto,9,54,154,3.0
PR-C05-P03-005019,C05-P03,C05-E0007,2026-06-05 14:21:27,2026-06-07 10:21:27,Merged,11,117,147,2.0
PR-C05-P03-005020,C05-P03,C05-E0005,2026-06-05 17:52:14,2026-06-05 23:52:14,Merged,4,183,16,3.0
PR-C05-P03-005021,C05-P03,C05-E0020,2026-06-28 12:59:31,2026-06-28 21:59:31,Merged,9,148,15,2.0
PR-C05-P03-005022,C05-P03,C05-E0011,2026-06-17 16:05:45,2026-06-20 19:05:45,Merged,2,60,65,1.0
PR-C05-P03-005023,C05-P03,C05-E0011,2026-06-06 13:42:40,2026-06-07 05:42:40,Merged,7,28,19,1.0
PR-C05-P03-005024,C05-P03,C05-E0012,2026-06-15 08:43:14,2026-06-17 22:43:14,Merged,1,114,34,3.0
PR-C05-P03-005025,C05-P03,C05-E0016,2026-06-23 21:59:03,2026-06-26 01:59:03,Merged,3,65,34,1.0
PR-C05-P03-005026,C05-P03,C05-E0009,2026-07-29 13:57:34,2026-08-02 06:57:34,Merged,10,37,33,1.0
PR-C05-P03-005027,C05-P03,C05-E0012,2026-07-01 10:21:02,2026-07-04 03:21:02,Merged,8,50,43,2.0
PR-C05-P03-005028,C05-P03,C05-E0003,2026-07-10 18:35:23,2026-07-14 09:35:23,Merged,4,9,50,2.0
PR-C05-P03-005029,C05-P03,C05-E0019,2026-07-01 19:29:45,2026-07-02 10:29:45,Merged,2,38,17,3.0
PR-C05-P03-005030,C05-P03,C05-E0023,2026-07-06 11:57:58,2026-07-09 16:57:58,Merged,12,72,56,2.0
PR-C05-P03-005031,C05-P03,C05-E0019,2026-07-19 11:05:11,2026-07-19 20:05:11,Merged,8,55,35,0.0
PR-C05-P03-005032,C05-P03,C05-E0012,2026-07-05 09:16:30,2026-07-07 06:16:30,Merged,6,235,30,2.0
PR-C05-P03-005033,C05-P03,C05-E0009,2026-07-15 11:48:18,,Aberto,4,39,60,2.0
PR-C05-P03-005034,C05-P03,C05-E0006,2026-07-24 11:02:39,,Aberto,4,188,34,2.0
PR-C05-P03-005035,C05-P03,C05-E0026,2026-07-06 12:54:32,2026-07-07 18:54:32,Merged,9,40,1,2.0
PR-C05-P03-005036,C05-P03,C05-E0003,2026-07-01 20:43:28,2026-07-05 05:43:28,Merged,7,37,24,0.0
PR-C05-P03-005037,C05-P03,C05-E0001,2026-07-01 14:47:20,,Fechado sem merge,3,3,95,2.0
PR-C05-P03-005038,C05-P03,C05-E0008,2026-07-30 14:12:22,2026-08-02 21:12:22,Merged,1,25,36,
PR-C05-P03-005039,C05-P03,C05-E0008,2026-07-02 10:25:29,2026-07-04 22:25:29,Merged,9,89,33,1.0
PR-C05-P03-005040,C05-P03,C05-E0026,2026-07-21 11:35:25,2026-07-22 00:35:25,Merged,2,69,61,0.0
PR-C05-P04-005041,C05-P04,C05-E0010,2025-12-05 17:43:32,2025-12-08 03:43:32,Merged,5,52,47,1.0
PR-C05-P04-005042,C05-P04,C05-E0020,2025-12-04 10:43:00,2025-12-08 05:43:00,Merged,6,244,33,2.0
PR-C05-P04-005043,C05-P04,C05-E0012,2025-12-27 16:44:39,2025-12-29 00:44:39,Merged,11,95,13,2.0
PR-C05-P04-005044,C05-P04,C05-E0009,2025-12-24 19:26:58,,Aberto,1,92,9,2.0
PR-C05-P04-005045,C05-P04,C05-E0010,2025-12-30 09:29:46,2026-01-02 17:29:46,Merged,1,108,22,0.0
PR-C05-P04-005046,C05-P04,C05-E0003,2025-12-11 18:38:23,2025-12-14 03:38:23,Merged,4,53,27,
PR-C05-P04-005047,C05-P04,C05-E0003,2025-12-25 20:22:17,2025-12-27 16:22:17,Merged,11,49,145,0.0
PR-C05-P04-005048,C05-P04,C05-E0009,2026-01-29 13:50:45,2026-01-31 09:50:45,Merged,3,62,16,1.0
PR-C05-P04-005049,C05-P04,C05-E0016,2026-01-02 07:35:09,2026-01-04 02:35:09,Merged,1,96,5,0.0
PR-C05-P04-005050,C05-P04,C05-E0019,2026-01-19 10:08:46,2026-01-22 00:08:46,Merged,1,64,21,0.0
PR-C05-P04-005051,C05-P04,C05-E0006,2026-01-21 11:51:31,2026-01-23 02:51:31,Merged,2,31,8,1.0
PR-C05-P04-005052,C05-P04,C05-E0008,2026-01-11 13:51:36,2026-01-15 08:51:36,Merged,9,56,25,3.0
PR-C05-P04-005053,C05-P04,C05-E0026,2026-01-25 18:06:38,2026-01-26 19:06:38,Merged,4,12,74,
PR-C05-P04-005054,C05-P04,C05-E0001,2026-01-09 15:51:18,,Aberto,5,19,71,2.0
PR-C05-P04-005055,C05-P04,C05-E0007,2026-01-05 20:00:55,2026-01-06 09:00:55,Merged,2,115,33,2.0
PR-C05-P04-005056,C05-P04,C05-E0010,2026-01-10 14:35:17,2026-01-10 19:35:17,Merged,5,17,8,0.0
PR-C05-P04-005057,C05-P04,C05-E0026,2026-01-15 19:03:14,2026-01-19 09:03:14,Merged,6,8,8,1.0
PR-C05-P04-005058,C05-P04,C05-E0003,2026-01-23 10:05:54,2026-01-24 09:05:54,Merged,9,64,14,3.0
PR-C05-P04-005059,C05-P04,C05-E0026,2026-01-12 19:37:43,2026-01-15 18:37:43,Merged,11,60,40,2.0
PR-C05-P04-005060,C05-P04,C05-E0023,2026-01-22 13:17:33,2026-01-23 22:17:33,Merged,2,71,50,2.0
PR-C05-P04-005061,C05-P04,C05-E0012,2026-01-16 21:39:17,,Fechado sem merge,6,45,14,2.0
PR-C05-P04-005062,C05-P04,C05-E0019,2026-02-26 17:55:17,,Aberto,3,65,32,0.0
PR-C05-P04-005063,C05-P04,C05-E0006,2026-02-04 08:28:31,2026-02-04 14:28:31,Merged,3,47,45,1.0
PR-C05-P04-005064,C05-P04,C05-E0019,2026-02-12 20:08:48,2026-02-13 13:08:48,Merged,1,68,28,2.0
PR-C05-P04-005065,C05-P04,C05-E0016,2026-02-23 09:30:25,2026-02-26 17:30:25,Merged,2,43,29,2.0
PR-C05-P04-005066,C05-P04,C05-E0019,2026-02-01 10:56:14,2026-02-03 07:56:14,Merged,4,34,26,2.0
PR-C05-P04-005067,C05-P04,C05-E0023,2026-02-13 14:33:04,2026-02-16 16:33:04,Merged,3,68,12,3.0
PR-C05-P04-005068,C05-P04,C05-E0011,2026-02-04 17:12:06,2026-02-06 06:12:06,Merged,1,68,13,0.0
PR-C05-P04-005069,C05-P04,C05-E0019,2026-02-15 12:59:48,,Fechado sem merge,4,28,84,2.0
PR-C05-P04-005070,C05-P04,C05-E0006,2026-02-16 18:51:03,2026-02-20 18:51:03,Merged,2,148,33,0.0
PR-C05-P04-005071,C05-P04,C05-E0007,2026-02-28 13:35:48,2026-03-03 14:35:48,Merged,5,68,50,1.0
PR-C05-P04-005072,C05-P04,C05-E0017,2026-03-05 08:47:59,2026-03-06 11:47:59,Merged,6,26,71,2.0
PR-C05-P04-005073,C05-P04,C05-E0016,2026-03-11 20:03:47,2026-03-13 23:03:47,Merged,12,142,34,2.0
PR-C05-P04-005074,C05-P04,C05-E0006,2026-03-14 08:14:56,,Fechado sem merge,1,96,42,2.0
PR-C05-P04-005075,C05-P04,C05-E0005,2026-03-03 15:01:17,2026-03-07 15:01:17,Merged,1,72,16,1.0
PR-C05-P04-005076,C05-P04,C05-E0023,2026-03-05 15:00:09,2026-03-09 03:00:09,Merged,2,187,34,0.0
PR-C05-P04-005077,C05-P04,C05-E0020,2026-03-27 15:33:19,2026-03-30 18:33:19,Merged,2,61,50,3.0
PR-C05-P04-005078,C05-P04,C05-E0001,2026-03-06 15:50:35,2026-03-09 05:50:35,Merged,1,71,14,1.0
PR-C05-P04-005079,C05-P04,C05-E0010,2026-03-30 11:30:04,2026-04-01 18:30:04,Merged,8,260,3,2.0
PR-C05-P04-005080,C05-P04,C05-E0003,2026-03-16 14:56:41,2026-03-18 14:56:41,Merged,2,104,62,2.0
PR-C05-P04-005081,C05-P04,C05-E0003,2026-04-08 17:56:08,2026-04-10 12:56:08,Merged,13,27,18,1.0
PR-C05-P04-005082,C05-P04,C05-E0023,2026-04-04 07:27:34,2026-04-05 01:27:34,Merged,4,31,42,2.0
PR-C05-P04-005083,C05-P04,C05-E0007,2026-04-22 19:41:56,2026-04-25 23:41:56,Merged,5,106,49,2.0
PR-C05-P04-005084,C05-P04,C05-E0020,2026-04-06 21:52:07,2026-04-08 15:52:07,Merged,11,128,21,3.0
PR-C05-P04-005085,C05-P04,C05-E0019,2026-04-07 21:52:57,2026-04-09 10:52:57,Merged,3,91,40,2.0
PR-C05-P04-005086,C05-P04,C05-E0023,2026-04-30 18:47:50,,Fechado sem merge,1,57,110,1.0
PR-C05-P04-005087,C05-P04,C05-E0023,2026-04-27 14:40:14,2026-04-30 17:40:14,Merged,1,35,31,1.0
PR-C05-P04-005088,C05-P04,C05-E0019,2026-04-24 12:34:39,2026-04-25 07:34:39,Merged,7,192,73,1.0
PR-C05-P04-005089,C05-P04,C05-E0012,2026-04-23 11:04:23,2026-04-27 03:04:23,Merged,3,61,16,0.0
PR-C05-P04-005090,C05-P04,C05-E0001,2026-04-20 16:23:55,2026-04-23 03:23:55,Merged,2,188,16,1.0
PR-C05-P04-005091,C05-P04,C05-E0001,2026-04-25 08:34:08,,Fechado sem merge,7,98,29,0.0
PR-C05-P04-005092,C05-P04,C05-E0009,2026-04-18 16:01:43,2026-04-20 17:01:43,Merged,3,9,13,2.0
PR-C05-P04-005093,C05-P04,C05-E0011,2026-04-04 20:13:42,2026-04-06 03:13:42,Merged,3,112,39,2.0
PR-C05-P04-005094,C05-P04,C05-E0012,2026-04-14 09:32:39,2026-04-17 13:32:39,Merged,4,131,44,0.0
PR-C05-P04-005095,C05-P04,C05-E0008,2026-05-21 17:54:12,,Aberto,5,60,119,0.0
PR-C05-P04-005096,C05-P04,C05-E0012,2026-05-19 09:54:12,2026-05-21 19:54:12,Merged,3,159,61,1.0
PR-C05-P04-005097,C05-P04,C05-E0024,2026-05-23 07:46:40,2026-05-24 13:46:40,Merged,8,103,2,0.0
PR-C05-P04-005098,C05-P04,C05-E0026,2026-05-09 15:08:29,,Fechado sem merge,7,71,25,0.0
PR-C05-P04-005099,C05-P04,C05-E0023,2026-05-22 19:18:14,,Aberto,12,95,13,2.0
PR-C05-P04-005100,C05-P04,C05-E0005,2026-05-06 07:14:53,2026-05-06 11:14:53,Merged,2,14,14,2.0
PR-C05-P04-005101,C05-P04,C05-E0005,2026-05-03 09:28:19,2026-05-06 03:28:19,Merged,2,67,10,1.0
PR-C05-P04-005102,C05-P04,C05-E0007,2026-05-15 15:22:18,,Aberto,11,114,25,2.0
PR-C05-P04-005103,C05-P04,C05-E0011,2026-06-11 21:59:04,,Fechado sem merge,5,85,61,1.0
PR-C05-P04-005104,C05-P04,C05-E0006,2026-06-20 19:41:29,2026-06-22 10:41:29,Merged,7,280,10,3.0
PR-C05-P04-005105,C05-P04,C05-E0010,2026-06-26 14:57:40,2026-06-28 20:57:40,Merged,4,16,120,2.0
PR-C05-P04-005106,C05-P04,C05-E0020,2026-06-22 21:54:50,,Aberto,16,87,93,2.0
PR-C05-P04-005107,C05-P04,C05-E0024,2026-06-19 13:03:46,2026-06-21 00:03:46,Merged,3,198,22,0.0
PR-C05-P04-005108,C05-P04,C05-E0019,2026-06-15 08:18:14,2026-06-17 02:18:14,Merged,2,40,7,1.0
PR-C05-P04-005109,C05-P04,C05-E0017,2026-06-28 10:24:54,2026-06-30 12:24:54,Merged,15,30,14,2.0
PR-C05-P04-005110,C05-P04,C05-E0016,2026-06-09 16:19:54,2026-06-09 18:19:54,Merged,10,33,65,0.0
PR-C05-P04-005111,C05-P04,C05-E0020,2026-06-03 14:41:48,2026-06-03 16:41:48,Merged,5,10,54,
PR-C05-P04-005112,C05-P04,C05-E0020,2026-06-13 12:01:29,2026-06-14 00:01:29,Merged,8,21,52,1.0
PR-C05-P04-005113,C05-P04,C05-E0026,2026-07-11 13:50:44,2026-07-13 02:50:44,Merged,4,51,97,2.0
PR-C05-P04-005114,C05-P04,C05-E0006,2026-07-15 09:40:22,2026-07-16 03:40:22,Merged,2,27,46,1.0
PR-C05-P04-005115,C05-P04,C05-E0017,2026-07-06 17:12:24,2026-07-09 16:12:24,Merged,5,121,16,1.0
PR-C05-P04-005116,C05-P04,C05-E0003,2026-07-15 08:25:29,,Fechado sem merge,2,38,7,0.0
PR-C05-P04-005117,C05-P04,C05-E0010,2026-07-08 07:17:54,2026-07-12 07:17:54,Merged,11,94,33,2.0
PR-C05-P04-005118,C05-P04,C05-E0009,2026-07-11 12:05:44,2026-07-13 09:05:44,Merged,6,55,50,2.0
PR-C05-P04-005119,C05-P04,C05-E0005,2026-07-12 11:54:32,,Aberto,3,69,78,1.0
PR-C05-P04-005120,C05-P04,C05-E0007,2026-07-13 21:23:09,2026-07-15 12:23:09,Merged,3,40,18,0.0
PR-C05-P04-005121,C05-P04,C05-E0012,2026-07-06 21:54:16,2026-07-09 03:54:16,Merged,2,59,39,3.0
PR-C05-P04-005122,C05-P04,C05-E0006,2026-07-17 09:51:07,,Aberto,2,80,52,0.0
PR-C05-P04-005123,C05-P04,C05-E0010,2026-07-17 20:26:30,2026-07-21 07:26:30,Merged,12,110,55,1.0
PR-C05-P04-005124,C05-P04,C05-E0020,2026-07-03 14:39:00,2026-07-05 20:39:00,Merged,8,191,24,3.0
